2025-09-15 22:48:53.307 DEBUG : connect to primary on tcp address: 127.0.0.1:5000
2025-09-15 22:48:53.307 DEBUG : connected to primary on tcp address: 127.0.0.1:5000
2025-09-15 22:48:53.308 DEBUG : use interface 'cardano'
2025-09-15 22:48:53.308 DEBUG : prepare runtime
2025-09-15 22:48:53.309 TRACE : create client 0
2025-09-15 22:48:53.309 TRACE client[0]: new client
2025-09-15 22:48:53.309 TRACE client[0]: using socket path: /tmp/testnet/pool/node.socket
2025-09-15 22:48:53.311 TRACE : decode interaction for time 0.083 on client 0
2025-09-15 22:48:53.311 TRACE : decode interaction for time 0.167 on client 0
2025-09-15 22:48:53.311 TRACE : decode interaction for time 0.250 on client 0
2025-09-15 22:48:53.311 TRACE : decode interaction for time 0.333 on client 0
2025-09-15 22:48:53.311 TRACE : decode interaction for time 0.417 on client 0
2025-09-15 22:48:53.311 TRACE : decode interaction for time 0.500 on client 0
2025-09-15 22:48:53.311 TRACE : decode interaction for time 0.583 on client 0
2025-09-15 22:48:53.311 TRACE : decode interaction for time 0.667 on client 0
2025-09-15 22:48:53.311 TRACE : decode interaction for time 0.750 on client 0
2025-09-15 22:48:53.311 TRACE : decode interaction for time 0.833 on client 0
2025-09-15 22:48:53.311 TRACE : decode interaction for time 0.917 on client 0
2025-09-15 22:48:53.311 TRACE : decode interaction for time 1.000 on client 0
2025-09-15 22:48:53.311 TRACE : decode interaction for time 1.083 on client 0
2025-09-15 22:48:53.311 TRACE : decode interaction for time 1.167 on client 0
2025-09-15 22:48:53.311 TRACE : decode interaction for time 1.250 on client 0
2025-09-15 22:48:53.311 TRACE : decode interaction for time 1.333 on client 0
2025-09-15 22:48:53.311 TRACE : decode interaction for time 1.417 on client 0
2025-09-15 22:48:53.311 TRACE : decode interaction for time 1.500 on client 0
2025-09-15 22:48:53.311 TRACE : decode interaction for time 1.583 on client 0
2025-09-15 22:48:53.311 TRACE : decode interaction for time 1.667 on client 0
2025-09-15 22:48:53.311 TRACE : decode interaction for time 1.750 on client 0
2025-09-15 22:48:53.311 TRACE : decode interaction for time 1.833 on client 0
2025-09-15 22:48:53.311 TRACE : decode interaction for time 1.917 on client 0
2025-09-15 22:48:53.311 TRACE : decode interaction for time 2.000 on client 0
2025-09-15 22:48:53.311 TRACE : decode interaction for time 2.083 on client 0
2025-09-15 22:48:53.311 TRACE : decode interaction for time 2.167 on client 0
2025-09-15 22:48:53.311 TRACE : decode interaction for time 2.250 on client 0
2025-09-15 22:48:53.311 TRACE : decode interaction for time 2.333 on client 0
2025-09-15 22:48:53.311 TRACE : decode interaction for time 2.417 on client 0
2025-09-15 22:48:53.311 TRACE : decode interaction for time 2.500 on client 0
2025-09-15 22:48:53.311 TRACE : decode interaction for time 2.583 on client 0
2025-09-15 22:48:53.311 TRACE : decode interaction for time 2.667 on client 0
2025-09-15 22:48:53.311 TRACE : decode interaction for time 2.750 on client 0
2025-09-15 22:48:53.311 WARN  client[0]: Chain reorganisation detected - rolling back to slot 2268
2025-09-15 22:48:53.312 TRACE : decode interaction for time 2.833 on client 0
2025-09-15 22:48:53.312 TRACE : decode interaction for time 2.917 on client 0
2025-09-15 22:48:53.312 TRACE : decode interaction for time 3.000 on client 0
2025-09-15 22:48:53.312 TRACE : decode interaction for time 3.083 on client 0
2025-09-15 22:48:53.312 TRACE : decode interaction for time 3.167 on client 0
2025-09-15 22:48:53.312 TRACE : decode interaction for time 3.250 on client 0
2025-09-15 22:48:53.312 TRACE : decode interaction for time 3.333 on client 0
2025-09-15 22:48:53.312 TRACE : decode interaction for time 3.417 on client 0
2025-09-15 22:48:53.312 TRACE : decode interaction for time 3.500 on client 0
2025-09-15 22:48:53.313 TRACE : decode interaction for time 3.583 on client 0
2025-09-15 22:48:53.313 TRACE : decode interaction for time 3.667 on client 0
2025-09-15 22:48:53.313 TRACE : decode interaction for time 3.750 on client 0
2025-09-15 22:48:53.313 TRACE : decode interaction for time 3.833 on client 0
2025-09-15 22:48:53.313 TRACE : decode interaction for time 3.917 on client 0
2025-09-15 22:48:53.313 TRACE : decode interaction for time 4.000 on client 0
2025-09-15 22:48:53.313 TRACE : decode interaction for time 4.083 on client 0
2025-09-15 22:48:53.313 TRACE : decode interaction for time 4.167 on client 0
2025-09-15 22:48:53.313 TRACE : decode interaction for time 4.250 on client 0
2025-09-15 22:48:53.313 TRACE : decode interaction for time 4.333 on client 0
2025-09-15 22:48:53.313 TRACE : decode interaction for time 4.417 on client 0
2025-09-15 22:48:53.313 TRACE : decode interaction for time 4.500 on client 0
2025-09-15 22:48:53.313 TRACE : decode interaction for time 4.583 on client 0
2025-09-15 22:48:53.313 TRACE : decode interaction for time 4.667 on client 0
2025-09-15 22:48:53.313 TRACE : decode interaction for time 4.750 on client 0
2025-09-15 22:48:53.313 TRACE : decode interaction for time 4.833 on client 0
2025-09-15 22:48:53.313 TRACE : decode interaction for time 4.917 on client 0
2025-09-15 22:48:53.313 TRACE : decode interaction for time 5.000 on client 0
2025-09-15 22:48:53.313 TRACE : decode interaction for time 5.083 on client 0
2025-09-15 22:48:53.313 TRACE : decode interaction for time 5.167 on client 0
2025-09-15 22:48:53.313 TRACE : decode interaction for time 5.250 on client 0
2025-09-15 22:48:53.313 TRACE : decode interaction for time 5.333 on client 0
2025-09-15 22:48:53.313 TRACE : decode interaction for time 5.417 on client 0
2025-09-15 22:48:53.313 TRACE : decode interaction for time 5.500 on client 0
2025-09-15 22:48:53.314 TRACE : decode interaction for time 5.583 on client 0
2025-09-15 22:48:53.314 TRACE : decode interaction for time 5.667 on client 0
2025-09-15 22:48:53.314 TRACE : decode interaction for time 5.750 on client 0
2025-09-15 22:48:53.314 TRACE : decode interaction for time 5.833 on client 0
2025-09-15 22:48:53.314 TRACE : decode interaction for time 5.917 on client 0
2025-09-15 22:48:53.314 TRACE : decode interaction for time 6.000 on client 0
2025-09-15 22:48:53.314 TRACE : decode interaction for time 6.083 on client 0
2025-09-15 22:48:53.314 TRACE : decode interaction for time 6.167 on client 0
2025-09-15 22:48:53.314 TRACE : decode interaction for time 6.250 on client 0
2025-09-15 22:48:53.314 TRACE : decode interaction for time 6.333 on client 0
2025-09-15 22:48:53.314 TRACE : decode interaction for time 6.417 on client 0
2025-09-15 22:48:53.314 TRACE : decode interaction for time 6.500 on client 0
2025-09-15 22:48:53.314 TRACE : decode interaction for time 6.583 on client 0
2025-09-15 22:48:53.314 TRACE : decode interaction for time 6.667 on client 0
2025-09-15 22:48:53.314 TRACE : decode interaction for time 6.750 on client 0
2025-09-15 22:48:53.314 TRACE : decode interaction for time 6.833 on client 0
2025-09-15 22:48:53.314 TRACE : decode interaction for time 6.917 on client 0
2025-09-15 22:48:53.315 TRACE : decode interaction for time 7.000 on client 0
2025-09-15 22:48:53.315 TRACE : decode interaction for time 7.083 on client 0
2025-09-15 22:48:53.315 TRACE : decode interaction for time 7.167 on client 0
2025-09-15 22:48:53.315 TRACE : decode interaction for time 7.250 on client 0
2025-09-15 22:48:53.315 TRACE : decode interaction for time 7.333 on client 0
2025-09-15 22:48:53.315 TRACE : decode interaction for time 7.417 on client 0
2025-09-15 22:48:53.315 TRACE : decode interaction for time 7.500 on client 0
2025-09-15 22:48:53.315 TRACE : decode interaction for time 7.583 on client 0
2025-09-15 22:48:53.315 TRACE : decode interaction for time 7.667 on client 0
2025-09-15 22:48:53.315 TRACE : decode interaction for time 7.750 on client 0
2025-09-15 22:48:53.315 TRACE : decode interaction for time 7.833 on client 0
2025-09-15 22:48:53.315 TRACE : decode interaction for time 7.917 on client 0
2025-09-15 22:48:53.315 TRACE : decode interaction for time 8.000 on client 0
2025-09-15 22:48:53.315 TRACE : decode interaction for time 8.083 on client 0
2025-09-15 22:48:53.315 TRACE : decode interaction for time 8.167 on client 0
2025-09-15 22:48:53.315 TRACE : decode interaction for time 8.250 on client 0
2025-09-15 22:48:53.315 TRACE : decode interaction for time 8.333 on client 0
2025-09-15 22:48:53.315 TRACE : decode interaction for time 8.417 on client 0
2025-09-15 22:48:53.315 TRACE : decode interaction for time 8.500 on client 0
2025-09-15 22:48:53.315 TRACE : decode interaction for time 8.583 on client 0
2025-09-15 22:48:53.315 TRACE : decode interaction for time 8.667 on client 0
2025-09-15 22:48:53.315 TRACE : decode interaction for time 8.750 on client 0
2025-09-15 22:48:53.315 TRACE : decode interaction for time 8.833 on client 0
2025-09-15 22:48:53.315 TRACE : decode interaction for time 8.917 on client 0
2025-09-15 22:48:53.315 TRACE : decode interaction for time 9.000 on client 0
2025-09-15 22:48:53.315 TRACE : decode interaction for time 9.083 on client 0
2025-09-15 22:48:53.315 TRACE : decode interaction for time 9.167 on client 0
2025-09-15 22:48:53.315 TRACE : decode interaction for time 9.250 on client 0
2025-09-15 22:48:53.315 TRACE : decode interaction for time 9.333 on client 0
2025-09-15 22:48:53.315 TRACE : decode interaction for time 9.417 on client 0
2025-09-15 22:48:53.315 TRACE : decode interaction for time 9.500 on client 0
2025-09-15 22:48:53.316 TRACE : decode interaction for time 9.583 on client 0
2025-09-15 22:48:53.316 TRACE : decode interaction for time 9.667 on client 0
2025-09-15 22:48:53.316 TRACE : decode interaction for time 9.750 on client 0
2025-09-15 22:48:53.316 TRACE : decode interaction for time 9.833 on client 0
2025-09-15 22:48:53.316 TRACE : decode interaction for time 9.917 on client 0
2025-09-15 22:48:53.316 TRACE : decode interaction for time 10.000 on client 0
2025-09-15 22:48:53.316 TRACE : decode interaction for time 10.083 on client 0
2025-09-15 22:48:53.316 TRACE : decode interaction for time 10.167 on client 0
2025-09-15 22:48:53.316 TRACE : decode interaction for time 10.250 on client 0
2025-09-15 22:48:53.316 TRACE : decode interaction for time 10.333 on client 0
2025-09-15 22:48:53.316 TRACE : decode interaction for time 10.417 on client 0
2025-09-15 22:48:53.316 TRACE : decode interaction for time 10.500 on client 0
2025-09-15 22:48:53.316 TRACE : decode interaction for time 10.583 on client 0
2025-09-15 22:48:53.316 TRACE : decode interaction for time 10.667 on client 0
2025-09-15 22:48:53.316 TRACE : decode interaction for time 10.750 on client 0
2025-09-15 22:48:53.316 TRACE : decode interaction for time 10.833 on client 0
2025-09-15 22:48:53.316 TRACE : decode interaction for time 10.917 on client 0
2025-09-15 22:48:53.316 TRACE : decode interaction for time 11.000 on client 0
2025-09-15 22:48:53.316 TRACE : decode interaction for time 11.083 on client 0
2025-09-15 22:48:53.317 TRACE : decode interaction for time 11.167 on client 0
2025-09-15 22:48:53.317 TRACE : decode interaction for time 11.250 on client 0
2025-09-15 22:48:53.317 TRACE : decode interaction for time 11.333 on client 0
2025-09-15 22:48:53.317 TRACE : decode interaction for time 11.417 on client 0
2025-09-15 22:48:53.317 TRACE : decode interaction for time 11.500 on client 0
2025-09-15 22:48:53.317 TRACE : decode interaction for time 11.583 on client 0
2025-09-15 22:48:53.317 TRACE : decode interaction for time 11.667 on client 0
2025-09-15 22:48:53.317 TRACE : decode interaction for time 11.750 on client 0
2025-09-15 22:48:53.317 TRACE : decode interaction for time 11.833 on client 0
2025-09-15 22:48:53.317 TRACE : decode interaction for time 11.917 on client 0
2025-09-15 22:48:53.317 TRACE : decode interaction for time 12.000 on client 0
2025-09-15 22:48:53.317 TRACE : decode interaction for time 12.083 on client 0
2025-09-15 22:48:53.317 TRACE : decode interaction for time 12.167 on client 0
2025-09-15 22:48:53.317 TRACE : decode interaction for time 12.250 on client 0
2025-09-15 22:48:53.317 TRACE : decode interaction for time 12.333 on client 0
2025-09-15 22:48:53.317 TRACE : decode interaction for time 12.417 on client 0
2025-09-15 22:48:53.319 TRACE : decode interaction for time 12.500 on client 0
2025-09-15 22:48:53.319 TRACE : decode interaction for time 12.583 on client 0
2025-09-15 22:48:53.319 TRACE : decode interaction for time 12.667 on client 0
2025-09-15 22:48:53.319 TRACE : decode interaction for time 12.750 on client 0
2025-09-15 22:48:53.319 TRACE : decode interaction for time 12.833 on client 0
2025-09-15 22:48:53.319 TRACE : decode interaction for time 12.917 on client 0
2025-09-15 22:48:53.319 TRACE : decode interaction for time 13.000 on client 0
2025-09-15 22:48:53.319 TRACE : decode interaction for time 13.083 on client 0
2025-09-15 22:48:53.319 TRACE : decode interaction for time 13.167 on client 0
2025-09-15 22:48:53.319 TRACE : decode interaction for time 13.250 on client 0
2025-09-15 22:48:53.319 TRACE : decode interaction for time 13.333 on client 0
2025-09-15 22:48:53.319 TRACE : decode interaction for time 13.417 on client 0
2025-09-15 22:48:53.319 TRACE : decode interaction for time 13.500 on client 0
2025-09-15 22:48:53.319 TRACE : decode interaction for time 13.583 on client 0
2025-09-15 22:48:53.319 TRACE : decode interaction for time 13.667 on client 0
2025-09-15 22:48:53.319 TRACE : decode interaction for time 13.750 on client 0
2025-09-15 22:48:53.319 TRACE : decode interaction for time 13.833 on client 0
2025-09-15 22:48:53.319 TRACE : decode interaction for time 13.917 on client 0
2025-09-15 22:48:53.319 TRACE : decode interaction for time 14.000 on client 0
2025-09-15 22:48:53.319 TRACE : decode interaction for time 14.083 on client 0
2025-09-15 22:48:53.319 TRACE : decode interaction for time 14.167 on client 0
2025-09-15 22:48:53.319 TRACE : decode interaction for time 14.250 on client 0
2025-09-15 22:48:53.319 TRACE : decode interaction for time 14.333 on client 0
2025-09-15 22:48:53.319 TRACE : decode interaction for time 14.417 on client 0
2025-09-15 22:48:53.319 TRACE : decode interaction for time 14.500 on client 0
2025-09-15 22:48:53.320 TRACE : decode interaction for time 14.583 on client 0
2025-09-15 22:48:53.320 TRACE : decode interaction for time 14.667 on client 0
2025-09-15 22:48:53.320 TRACE : decode interaction for time 14.750 on client 0
2025-09-15 22:48:53.320 TRACE : decode interaction for time 14.833 on client 0
2025-09-15 22:48:53.320 TRACE : decode interaction for time 14.917 on client 0
2025-09-15 22:48:53.320 TRACE : decode interaction for time 15.000 on client 0
2025-09-15 22:48:53.320 TRACE : decode interaction for time 15.083 on client 0
2025-09-15 22:48:53.320 TRACE : decode interaction for time 15.167 on client 0
2025-09-15 22:48:53.320 TRACE : decode interaction for time 15.250 on client 0
2025-09-15 22:48:53.320 TRACE : decode interaction for time 15.333 on client 0
2025-09-15 22:48:53.320 TRACE : decode interaction for time 15.417 on client 0
2025-09-15 22:48:53.320 TRACE : decode interaction for time 15.500 on client 0
2025-09-15 22:48:53.320 TRACE : decode interaction for time 15.583 on client 0
2025-09-15 22:48:53.320 TRACE : decode interaction for time 15.667 on client 0
2025-09-15 22:48:53.320 TRACE : decode interaction for time 15.750 on client 0
2025-09-15 22:48:53.320 TRACE : decode interaction for time 15.833 on client 0
2025-09-15 22:48:53.320 TRACE : decode interaction for time 15.917 on client 0
2025-09-15 22:48:53.320 TRACE : decode interaction for time 16.000 on client 0
2025-09-15 22:48:53.320 TRACE : decode interaction for time 16.083 on client 0
2025-09-15 22:48:53.320 TRACE : decode interaction for time 16.167 on client 0
2025-09-15 22:48:53.320 TRACE : decode interaction for time 16.250 on client 0
2025-09-15 22:48:53.320 TRACE : decode interaction for time 16.333 on client 0
2025-09-15 22:48:53.320 TRACE : decode interaction for time 16.417 on client 0
2025-09-15 22:48:53.320 TRACE : decode interaction for time 16.500 on client 0
2025-09-15 22:48:53.320 TRACE : decode interaction for time 16.583 on client 0
2025-09-15 22:48:53.321 TRACE : decode interaction for time 16.667 on client 0
2025-09-15 22:48:53.321 TRACE : decode interaction for time 16.750 on client 0
2025-09-15 22:48:53.321 TRACE : decode interaction for time 16.833 on client 0
2025-09-15 22:48:53.321 TRACE : decode interaction for time 16.917 on client 0
2025-09-15 22:48:53.321 TRACE : decode interaction for time 17.000 on client 0
2025-09-15 22:48:53.321 TRACE : decode interaction for time 17.083 on client 0
2025-09-15 22:48:53.321 TRACE : decode interaction for time 17.167 on client 0
2025-09-15 22:48:53.321 TRACE : decode interaction for time 17.250 on client 0
2025-09-15 22:48:53.321 TRACE : decode interaction for time 17.333 on client 0
2025-09-15 22:48:53.321 TRACE : decode interaction for time 17.417 on client 0
2025-09-15 22:48:53.321 TRACE : decode interaction for time 17.500 on client 0
2025-09-15 22:48:53.321 TRACE : decode interaction for time 17.583 on client 0
2025-09-15 22:48:53.321 TRACE : decode interaction for time 17.667 on client 0
2025-09-15 22:48:53.321 TRACE : decode interaction for time 17.750 on client 0
2025-09-15 22:48:53.321 TRACE : decode interaction for time 17.833 on client 0
2025-09-15 22:48:53.321 TRACE : decode interaction for time 17.917 on client 0
2025-09-15 22:48:53.321 TRACE : decode interaction for time 18.000 on client 0
2025-09-15 22:48:53.322 TRACE : decode interaction for time 18.083 on client 0
2025-09-15 22:48:53.322 TRACE : decode interaction for time 18.167 on client 0
2025-09-15 22:48:53.322 TRACE : decode interaction for time 18.250 on client 0
2025-09-15 22:48:53.322 TRACE : decode interaction for time 18.333 on client 0
2025-09-15 22:48:53.322 TRACE : decode interaction for time 18.417 on client 0
2025-09-15 22:48:53.322 TRACE : decode interaction for time 18.500 on client 0
2025-09-15 22:48:53.322 TRACE : decode interaction for time 18.583 on client 0
2025-09-15 22:48:53.322 TRACE : decode interaction for time 18.667 on client 0
2025-09-15 22:48:53.322 TRACE : decode interaction for time 18.750 on client 0
2025-09-15 22:48:53.322 TRACE : decode interaction for time 18.833 on client 0
2025-09-15 22:48:53.322 TRACE : decode interaction for time 18.917 on client 0
2025-09-15 22:48:53.322 TRACE : decode interaction for time 19.000 on client 0
2025-09-15 22:48:53.322 TRACE : decode interaction for time 19.083 on client 0
2025-09-15 22:48:53.322 TRACE : decode interaction for time 19.167 on client 0
2025-09-15 22:48:53.322 TRACE : decode interaction for time 19.250 on client 0
2025-09-15 22:48:53.322 TRACE : decode interaction for time 19.333 on client 0
2025-09-15 22:48:53.322 TRACE : decode interaction for time 19.417 on client 0
2025-09-15 22:48:53.322 TRACE : decode interaction for time 19.500 on client 0
2025-09-15 22:48:53.322 TRACE : decode interaction for time 19.583 on client 0
2025-09-15 22:48:53.322 TRACE : decode interaction for time 19.667 on client 0
2025-09-15 22:48:53.322 TRACE : decode interaction for time 19.750 on client 0
2025-09-15 22:48:53.322 TRACE : decode interaction for time 19.833 on client 0
2025-09-15 22:48:53.322 TRACE : decode interaction for time 19.917 on client 0
2025-09-15 22:48:53.322 TRACE : decode interaction for time 20.000 on client 0
2025-09-15 22:48:53.322 TRACE : decode interaction for time 20.083 on client 0
2025-09-15 22:48:53.322 TRACE : decode interaction for time 20.167 on client 0
2025-09-15 22:48:53.322 TRACE : decode interaction for time 20.250 on client 0
2025-09-15 22:48:53.322 TRACE : decode interaction for time 20.333 on client 0
2025-09-15 22:48:53.322 TRACE : decode interaction for time 20.417 on client 0
2025-09-15 22:48:53.322 TRACE : decode interaction for time 20.500 on client 0
2025-09-15 22:48:53.322 TRACE : decode interaction for time 20.583 on client 0
2025-09-15 22:48:53.322 TRACE : decode interaction for time 20.667 on client 0
2025-09-15 22:48:53.322 TRACE : decode interaction for time 20.750 on client 0
2025-09-15 22:48:53.323 TRACE : decode interaction for time 20.833 on client 0
2025-09-15 22:48:53.323 TRACE : decode interaction for time 20.917 on client 0
2025-09-15 22:48:53.323 TRACE : decode interaction for time 21.000 on client 0
2025-09-15 22:48:53.323 TRACE : decode interaction for time 21.083 on client 0
2025-09-15 22:48:53.323 TRACE : decode interaction for time 21.167 on client 0
2025-09-15 22:48:53.323 TRACE : decode interaction for time 21.250 on client 0
2025-09-15 22:48:53.323 TRACE : decode interaction for time 21.333 on client 0
2025-09-15 22:48:53.323 TRACE : decode interaction for time 21.417 on client 0
2025-09-15 22:48:53.323 TRACE : decode interaction for time 21.500 on client 0
2025-09-15 22:48:53.323 TRACE : decode interaction for time 21.583 on client 0
2025-09-15 22:48:53.323 TRACE : decode interaction for time 21.667 on client 0
2025-09-15 22:48:53.323 TRACE : decode interaction for time 21.750 on client 0
2025-09-15 22:48:53.323 TRACE : decode interaction for time 21.833 on client 0
2025-09-15 22:48:53.323 TRACE : decode interaction for time 21.917 on client 0
2025-09-15 22:48:53.323 TRACE : decode interaction for time 22.000 on client 0
2025-09-15 22:48:53.323 TRACE : decode interaction for time 22.083 on client 0
2025-09-15 22:48:53.323 TRACE : decode interaction for time 22.167 on client 0
2025-09-15 22:48:53.324 TRACE : decode interaction for time 22.250 on client 0
2025-09-15 22:48:53.324 TRACE : decode interaction for time 22.333 on client 0
2025-09-15 22:48:53.324 TRACE : decode interaction for time 22.417 on client 0
2025-09-15 22:48:53.324 TRACE : decode interaction for time 22.500 on client 0
2025-09-15 22:48:53.324 TRACE : decode interaction for time 22.583 on client 0
2025-09-15 22:48:53.324 TRACE : decode interaction for time 22.667 on client 0
2025-09-15 22:48:53.324 TRACE : decode interaction for time 22.750 on client 0
2025-09-15 22:48:53.324 TRACE : decode interaction for time 22.833 on client 0
2025-09-15 22:48:53.324 TRACE : decode interaction for time 22.917 on client 0
2025-09-15 22:48:53.324 TRACE : decode interaction for time 23.000 on client 0
2025-09-15 22:48:53.324 TRACE : decode interaction for time 23.083 on client 0
2025-09-15 22:48:53.324 TRACE : decode interaction for time 23.167 on client 0
2025-09-15 22:48:53.324 TRACE : decode interaction for time 23.250 on client 0
2025-09-15 22:48:53.324 TRACE : decode interaction for time 23.333 on client 0
2025-09-15 22:48:53.324 TRACE : decode interaction for time 23.417 on client 0
2025-09-15 22:48:53.324 TRACE : decode interaction for time 23.500 on client 0
2025-09-15 22:48:53.324 TRACE : decode interaction for time 23.583 on client 0
2025-09-15 22:48:53.325 TRACE : decode interaction for time 23.667 on client 0
2025-09-15 22:48:53.325 TRACE : decode interaction for time 23.750 on client 0
2025-09-15 22:48:53.325 TRACE : decode interaction for time 23.833 on client 0
2025-09-15 22:48:53.325 TRACE : decode interaction for time 23.917 on client 0
2025-09-15 22:48:53.325 TRACE : decode interaction for time 24.000 on client 0
2025-09-15 22:48:53.325 TRACE : decode interaction for time 24.083 on client 0
2025-09-15 22:48:53.325 TRACE : decode interaction for time 24.167 on client 0
2025-09-15 22:48:53.325 TRACE : decode interaction for time 24.250 on client 0
2025-09-15 22:48:53.325 TRACE : decode interaction for time 24.333 on client 0
2025-09-15 22:48:53.325 TRACE : decode interaction for time 24.417 on client 0
2025-09-15 22:48:53.325 TRACE : decode interaction for time 24.500 on client 0
2025-09-15 22:48:53.325 TRACE : decode interaction for time 24.583 on client 0
2025-09-15 22:48:53.325 TRACE : decode interaction for time 24.667 on client 0
2025-09-15 22:48:53.325 TRACE : decode interaction for time 24.750 on client 0
2025-09-15 22:48:53.325 TRACE : decode interaction for time 24.833 on client 0
2025-09-15 22:48:53.325 TRACE : decode interaction for time 24.917 on client 0
2025-09-15 22:48:53.326 TRACE : decode interaction for time 25.000 on client 0
2025-09-15 22:48:53.326 TRACE : decode interaction for time 25.083 on client 0
2025-09-15 22:48:53.326 TRACE : decode interaction for time 25.167 on client 0
2025-09-15 22:48:53.326 TRACE : decode interaction for time 25.250 on client 0
2025-09-15 22:48:53.326 TRACE : decode interaction for time 25.333 on client 0
2025-09-15 22:48:53.326 TRACE : decode interaction for time 25.417 on client 0
2025-09-15 22:48:53.326 TRACE : decode interaction for time 25.500 on client 0
2025-09-15 22:48:53.326 TRACE : decode interaction for time 25.583 on client 0
2025-09-15 22:48:53.326 TRACE : decode interaction for time 25.667 on client 0
2025-09-15 22:48:53.326 TRACE : decode interaction for time 25.750 on client 0
2025-09-15 22:48:53.326 TRACE : decode interaction for time 25.833 on client 0
2025-09-15 22:48:53.326 TRACE : decode interaction for time 25.917 on client 0
2025-09-15 22:48:53.326 TRACE : decode interaction for time 26.000 on client 0
2025-09-15 22:48:53.326 TRACE : decode interaction for time 26.083 on client 0
2025-09-15 22:48:53.326 TRACE : decode interaction for time 26.167 on client 0
2025-09-15 22:48:53.326 TRACE : decode interaction for time 26.250 on client 0
2025-09-15 22:48:53.326 TRACE : decode interaction for time 26.333 on client 0
2025-09-15 22:48:53.327 TRACE : decode interaction for time 26.417 on client 0
2025-09-15 22:48:53.327 TRACE : decode interaction for time 26.500 on client 0
2025-09-15 22:48:53.327 TRACE : decode interaction for time 26.583 on client 0
2025-09-15 22:48:53.327 TRACE : decode interaction for time 26.667 on client 0
2025-09-15 22:48:53.327 TRACE : decode interaction for time 26.750 on client 0
2025-09-15 22:48:53.327 TRACE : decode interaction for time 26.833 on client 0
2025-09-15 22:48:53.327 TRACE : decode interaction for time 26.917 on client 0
2025-09-15 22:48:53.327 TRACE : decode interaction for time 27.000 on client 0
2025-09-15 22:48:53.327 TRACE : decode interaction for time 27.083 on client 0
2025-09-15 22:48:53.327 TRACE : decode interaction for time 27.167 on client 0
2025-09-15 22:48:53.327 TRACE : decode interaction for time 27.250 on client 0
2025-09-15 22:48:53.327 TRACE : decode interaction for time 27.333 on client 0
2025-09-15 22:48:53.327 TRACE : decode interaction for time 27.417 on client 0
2025-09-15 22:48:53.327 TRACE : decode interaction for time 27.500 on client 0
2025-09-15 22:48:53.327 TRACE : decode interaction for time 27.583 on client 0
2025-09-15 22:48:53.327 TRACE : decode interaction for time 27.667 on client 0
2025-09-15 22:48:53.327 TRACE : decode interaction for time 27.750 on client 0
2025-09-15 22:48:53.327 TRACE : decode interaction for time 27.833 on client 0
2025-09-15 22:48:53.327 TRACE : decode interaction for time 27.917 on client 0
2025-09-15 22:48:53.327 TRACE : decode interaction for time 28.000 on client 0
2025-09-15 22:48:53.327 TRACE : decode interaction for time 28.083 on client 0
2025-09-15 22:48:53.327 TRACE : decode interaction for time 28.167 on client 0
2025-09-15 22:48:53.327 TRACE : decode interaction for time 28.250 on client 0
2025-09-15 22:48:53.327 TRACE : decode interaction for time 28.333 on client 0
2025-09-15 22:48:53.327 TRACE : decode interaction for time 28.417 on client 0
2025-09-15 22:48:53.327 TRACE : decode interaction for time 28.500 on client 0
2025-09-15 22:48:53.327 TRACE : decode interaction for time 28.583 on client 0
2025-09-15 22:48:53.327 TRACE : decode interaction for time 28.667 on client 0
2025-09-15 22:48:53.327 TRACE : decode interaction for time 28.750 on client 0
2025-09-15 22:48:53.327 TRACE : decode interaction for time 28.833 on client 0
2025-09-15 22:48:53.327 TRACE : decode interaction for time 28.917 on client 0
2025-09-15 22:48:53.327 TRACE : decode interaction for time 29.000 on client 0
2025-09-15 22:48:53.327 TRACE : decode interaction for time 29.083 on client 0
2025-09-15 22:48:53.328 TRACE : decode interaction for time 29.167 on client 0
2025-09-15 22:48:53.328 TRACE : decode interaction for time 29.250 on client 0
2025-09-15 22:48:53.328 TRACE : decode interaction for time 29.333 on client 0
2025-09-15 22:48:53.328 TRACE : decode interaction for time 29.417 on client 0
2025-09-15 22:48:53.328 TRACE : decode interaction for time 29.500 on client 0
2025-09-15 22:48:53.328 TRACE : decode interaction for time 29.583 on client 0
2025-09-15 22:48:53.328 TRACE : decode interaction for time 29.667 on client 0
2025-09-15 22:48:53.328 TRACE : decode interaction for time 29.750 on client 0
2025-09-15 22:48:53.328 TRACE : decode interaction for time 29.833 on client 0
2025-09-15 22:48:53.328 TRACE : decode interaction for time 29.917 on client 0
2025-09-15 22:48:53.328 TRACE : decode interaction for time 30.000 on client 0
2025-09-15 22:48:53.328 TRACE : decode interaction for time 30.083 on client 0
2025-09-15 22:48:53.328 TRACE : decode interaction for time 30.167 on client 0
2025-09-15 22:48:53.328 TRACE : decode interaction for time 30.250 on client 0
2025-09-15 22:48:53.328 TRACE : decode interaction for time 30.333 on client 0
2025-09-15 22:48:53.328 TRACE : decode interaction for time 30.417 on client 0
2025-09-15 22:48:53.328 TRACE : decode interaction for time 30.500 on client 0
2025-09-15 22:48:53.329 TRACE : decode interaction for time 30.583 on client 0
2025-09-15 22:48:53.329 TRACE : decode interaction for time 30.667 on client 0
2025-09-15 22:48:53.329 TRACE : decode interaction for time 30.750 on client 0
2025-09-15 22:48:53.329 TRACE : decode interaction for time 30.833 on client 0
2025-09-15 22:48:53.329 TRACE : decode interaction for time 30.917 on client 0
2025-09-15 22:48:53.329 TRACE : decode interaction for time 31.000 on client 0
2025-09-15 22:48:53.329 TRACE : decode interaction for time 31.083 on client 0
2025-09-15 22:48:53.329 TRACE : decode interaction for time 31.167 on client 0
2025-09-15 22:48:53.329 TRACE : decode interaction for time 31.250 on client 0
2025-09-15 22:48:53.329 TRACE : decode interaction for time 31.333 on client 0
2025-09-15 22:48:53.329 TRACE : decode interaction for time 31.417 on client 0
2025-09-15 22:48:53.329 TRACE : decode interaction for time 31.500 on client 0
2025-09-15 22:48:53.329 TRACE : decode interaction for time 31.583 on client 0
2025-09-15 22:48:53.329 TRACE : decode interaction for time 31.667 on client 0
2025-09-15 22:48:53.329 TRACE : decode interaction for time 31.750 on client 0
2025-09-15 22:48:53.329 TRACE : decode interaction for time 31.833 on client 0
2025-09-15 22:48:53.329 TRACE : decode interaction for time 31.917 on client 0
2025-09-15 22:48:53.330 TRACE : decode interaction for time 32.000 on client 0
2025-09-15 22:48:53.330 TRACE : decode interaction for time 32.083 on client 0
2025-09-15 22:48:53.330 TRACE : decode interaction for time 32.167 on client 0
2025-09-15 22:48:53.330 TRACE : decode interaction for time 32.250 on client 0
2025-09-15 22:48:53.330 TRACE : decode interaction for time 32.333 on client 0
2025-09-15 22:48:53.330 TRACE : decode interaction for time 32.417 on client 0
2025-09-15 22:48:53.330 TRACE : decode interaction for time 32.500 on client 0
2025-09-15 22:48:53.330 TRACE : decode interaction for time 32.583 on client 0
2025-09-15 22:48:53.330 TRACE : decode interaction for time 32.667 on client 0
2025-09-15 22:48:53.330 TRACE : decode interaction for time 32.750 on client 0
2025-09-15 22:48:53.330 TRACE : decode interaction for time 32.833 on client 0
2025-09-15 22:48:53.330 TRACE : decode interaction for time 32.917 on client 0
2025-09-15 22:48:53.330 TRACE : decode interaction for time 33.000 on client 0
2025-09-15 22:48:53.330 TRACE : decode interaction for time 33.083 on client 0
2025-09-15 22:48:53.330 TRACE : decode interaction for time 33.167 on client 0
2025-09-15 22:48:53.330 TRACE : decode interaction for time 33.250 on client 0
2025-09-15 22:48:53.330 TRACE : decode interaction for time 33.333 on client 0
2025-09-15 22:48:53.330 TRACE : decode interaction for time 33.417 on client 0
2025-09-15 22:48:53.330 TRACE : decode interaction for time 33.500 on client 0
2025-09-15 22:48:53.330 TRACE : decode interaction for time 33.583 on client 0
2025-09-15 22:48:53.330 TRACE : decode interaction for time 33.667 on client 0
2025-09-15 22:48:53.330 TRACE : decode interaction for time 33.750 on client 0
2025-09-15 22:48:53.330 TRACE : decode interaction for time 33.833 on client 0
2025-09-15 22:48:53.330 TRACE : decode interaction for time 33.917 on client 0
2025-09-15 22:48:53.330 TRACE : decode interaction for time 34.000 on client 0
2025-09-15 22:48:53.330 TRACE : decode interaction for time 34.083 on client 0
2025-09-15 22:48:53.330 TRACE : decode interaction for time 34.167 on client 0
2025-09-15 22:48:53.330 TRACE : decode interaction for time 34.250 on client 0
2025-09-15 22:48:53.330 TRACE : decode interaction for time 34.333 on client 0
2025-09-15 22:48:53.330 TRACE : decode interaction for time 34.417 on client 0
2025-09-15 22:48:53.330 TRACE : decode interaction for time 34.500 on client 0
2025-09-15 22:48:53.330 TRACE : decode interaction for time 34.583 on client 0
2025-09-15 22:48:53.330 TRACE : decode interaction for time 34.667 on client 0
2025-09-15 22:48:53.332 TRACE : decode interaction for time 34.750 on client 0
2025-09-15 22:48:53.332 TRACE : decode interaction for time 34.833 on client 0
2025-09-15 22:48:53.332 TRACE : decode interaction for time 34.917 on client 0
2025-09-15 22:48:53.332 TRACE : decode interaction for time 35.000 on client 0
2025-09-15 22:48:53.332 TRACE : decode interaction for time 35.083 on client 0
2025-09-15 22:48:53.332 TRACE : decode interaction for time 35.167 on client 0
2025-09-15 22:48:53.332 TRACE : decode interaction for time 35.250 on client 0
2025-09-15 22:48:53.332 TRACE : decode interaction for time 35.333 on client 0
2025-09-15 22:48:53.332 TRACE : decode interaction for time 35.417 on client 0
2025-09-15 22:48:53.332 TRACE : decode interaction for time 35.500 on client 0
2025-09-15 22:48:53.332 TRACE : decode interaction for time 35.583 on client 0
2025-09-15 22:48:53.332 TRACE : decode interaction for time 35.667 on client 0
2025-09-15 22:48:53.332 TRACE : decode interaction for time 35.750 on client 0
2025-09-15 22:48:53.332 TRACE : decode interaction for time 35.833 on client 0
2025-09-15 22:48:53.332 TRACE : decode interaction for time 35.917 on client 0
2025-09-15 22:48:53.332 TRACE : decode interaction for time 36.000 on client 0
2025-09-15 22:48:53.332 TRACE : decode interaction for time 36.083 on client 0
2025-09-15 22:48:53.332 TRACE : decode interaction for time 36.167 on client 0
2025-09-15 22:48:53.332 TRACE : decode interaction for time 36.250 on client 0
2025-09-15 22:48:53.332 TRACE : decode interaction for time 36.333 on client 0
2025-09-15 22:48:53.332 TRACE : decode interaction for time 36.417 on client 0
2025-09-15 22:48:53.332 TRACE : decode interaction for time 36.500 on client 0
2025-09-15 22:48:53.332 TRACE : decode interaction for time 36.583 on client 0
2025-09-15 22:48:53.332 TRACE : decode interaction for time 36.667 on client 0
2025-09-15 22:48:53.332 TRACE : decode interaction for time 36.750 on client 0
2025-09-15 22:48:53.332 TRACE : decode interaction for time 36.833 on client 0
2025-09-15 22:48:53.332 TRACE : decode interaction for time 36.917 on client 0
2025-09-15 22:48:53.332 TRACE : decode interaction for time 37.000 on client 0
2025-09-15 22:48:53.332 TRACE : decode interaction for time 37.083 on client 0
2025-09-15 22:48:53.332 TRACE : decode interaction for time 37.167 on client 0
2025-09-15 22:48:53.332 TRACE : decode interaction for time 37.250 on client 0
2025-09-15 22:48:53.332 TRACE : decode interaction for time 37.333 on client 0
2025-09-15 22:48:53.332 TRACE : decode interaction for time 37.417 on client 0
2025-09-15 22:48:53.333 TRACE : decode interaction for time 37.500 on client 0
2025-09-15 22:48:53.333 TRACE : decode interaction for time 37.583 on client 0
2025-09-15 22:48:53.333 TRACE : decode interaction for time 37.667 on client 0
2025-09-15 22:48:53.333 TRACE : decode interaction for time 37.750 on client 0
2025-09-15 22:48:53.333 TRACE : decode interaction for time 37.833 on client 0
2025-09-15 22:48:53.333 TRACE : decode interaction for time 37.917 on client 0
2025-09-15 22:48:53.333 TRACE : decode interaction for time 38.000 on client 0
2025-09-15 22:48:53.333 TRACE : decode interaction for time 38.083 on client 0
2025-09-15 22:48:53.333 TRACE : decode interaction for time 38.167 on client 0
2025-09-15 22:48:53.333 TRACE : decode interaction for time 38.250 on client 0
2025-09-15 22:48:53.333 TRACE : decode interaction for time 38.333 on client 0
2025-09-15 22:48:53.333 TRACE : decode interaction for time 38.417 on client 0
2025-09-15 22:48:53.333 TRACE : decode interaction for time 38.500 on client 0
2025-09-15 22:48:53.333 TRACE : decode interaction for time 38.583 on client 0
2025-09-15 22:48:53.333 TRACE : decode interaction for time 38.667 on client 0
2025-09-15 22:48:53.333 TRACE : decode interaction for time 38.750 on client 0
2025-09-15 22:48:53.333 TRACE : decode interaction for time 38.833 on client 0
2025-09-15 22:48:53.334 TRACE : decode interaction for time 38.917 on client 0
2025-09-15 22:48:53.334 TRACE : decode interaction for time 39.000 on client 0
2025-09-15 22:48:53.334 TRACE : decode interaction for time 39.083 on client 0
2025-09-15 22:48:53.334 TRACE : decode interaction for time 39.167 on client 0
2025-09-15 22:48:53.334 TRACE : decode interaction for time 39.250 on client 0
2025-09-15 22:48:53.334 TRACE : decode interaction for time 39.333 on client 0
2025-09-15 22:48:53.334 TRACE : decode interaction for time 39.417 on client 0
2025-09-15 22:48:53.334 TRACE : decode interaction for time 39.500 on client 0
2025-09-15 22:48:53.334 TRACE : decode interaction for time 39.583 on client 0
2025-09-15 22:48:53.334 TRACE : decode interaction for time 39.667 on client 0
2025-09-15 22:48:53.334 TRACE : decode interaction for time 39.750 on client 0
2025-09-15 22:48:53.334 TRACE : decode interaction for time 39.833 on client 0
2025-09-15 22:48:53.334 TRACE : decode interaction for time 39.917 on client 0
2025-09-15 22:48:53.334 TRACE : decode interaction for time 40.000 on client 0
2025-09-15 22:48:53.334 TRACE : decode interaction for time 40.083 on client 0
2025-09-15 22:48:53.334 TRACE : decode interaction for time 40.167 on client 0
2025-09-15 22:48:53.334 TRACE : decode interaction for time 40.250 on client 0
2025-09-15 22:48:53.334 TRACE : decode interaction for time 40.333 on client 0
2025-09-15 22:48:53.334 TRACE : decode interaction for time 40.417 on client 0
2025-09-15 22:48:53.334 TRACE : decode interaction for time 40.500 on client 0
2025-09-15 22:48:53.334 TRACE : decode interaction for time 40.583 on client 0
2025-09-15 22:48:53.334 TRACE : decode interaction for time 40.667 on client 0
2025-09-15 22:48:53.334 TRACE : decode interaction for time 40.750 on client 0
2025-09-15 22:48:53.334 TRACE : decode interaction for time 40.833 on client 0
2025-09-15 22:48:53.334 TRACE : decode interaction for time 40.917 on client 0
2025-09-15 22:48:53.334 TRACE : decode interaction for time 41.000 on client 0
2025-09-15 22:48:53.334 TRACE : decode interaction for time 41.083 on client 0
2025-09-15 22:48:53.334 TRACE : decode interaction for time 41.167 on client 0
2025-09-15 22:48:53.334 TRACE : decode interaction for time 41.250 on client 0
2025-09-15 22:48:53.334 TRACE : decode interaction for time 41.333 on client 0
2025-09-15 22:48:53.334 TRACE : decode interaction for time 41.417 on client 0
2025-09-15 22:48:53.334 TRACE : decode interaction for time 41.500 on client 0
2025-09-15 22:48:53.334 TRACE : decode interaction for time 41.583 on client 0
2025-09-15 22:48:53.335 TRACE : decode interaction for time 41.667 on client 0
2025-09-15 22:48:53.335 TRACE : decode interaction for time 41.750 on client 0
2025-09-15 22:48:53.335 TRACE : decode interaction for time 41.833 on client 0
2025-09-15 22:48:53.335 TRACE : decode interaction for time 41.917 on client 0
2025-09-15 22:48:53.335 TRACE : decode interaction for time 42.000 on client 0
2025-09-15 22:48:53.335 TRACE : decode interaction for time 42.083 on client 0
2025-09-15 22:48:53.335 TRACE : decode interaction for time 42.167 on client 0
2025-09-15 22:48:53.335 TRACE : decode interaction for time 42.250 on client 0
2025-09-15 22:48:53.335 TRACE : decode interaction for time 42.333 on client 0
2025-09-15 22:48:53.335 TRACE : decode interaction for time 42.417 on client 0
2025-09-15 22:48:53.335 TRACE : decode interaction for time 42.500 on client 0
2025-09-15 22:48:53.335 TRACE : decode interaction for time 42.583 on client 0
2025-09-15 22:48:53.335 TRACE : decode interaction for time 42.667 on client 0
2025-09-15 22:48:53.335 TRACE : decode interaction for time 42.750 on client 0
2025-09-15 22:48:53.335 TRACE : decode interaction for time 42.833 on client 0
2025-09-15 22:48:53.335 TRACE : decode interaction for time 42.917 on client 0
2025-09-15 22:48:53.335 TRACE : decode interaction for time 43.000 on client 0
2025-09-15 22:48:53.337 TRACE : decode interaction for time 43.083 on client 0
2025-09-15 22:48:53.337 TRACE : decode interaction for time 43.167 on client 0
2025-09-15 22:48:53.337 TRACE : decode interaction for time 43.250 on client 0
2025-09-15 22:48:53.337 TRACE : decode interaction for time 43.333 on client 0
2025-09-15 22:48:53.337 TRACE : decode interaction for time 43.417 on client 0
2025-09-15 22:48:53.337 TRACE : decode interaction for time 43.500 on client 0
2025-09-15 22:48:53.337 TRACE : decode interaction for time 43.583 on client 0
2025-09-15 22:48:53.337 TRACE : decode interaction for time 43.667 on client 0
2025-09-15 22:48:53.337 TRACE : decode interaction for time 43.750 on client 0
2025-09-15 22:48:53.337 TRACE : decode interaction for time 43.833 on client 0
2025-09-15 22:48:53.337 TRACE : decode interaction for time 43.917 on client 0
2025-09-15 22:48:53.337 TRACE : decode interaction for time 44.000 on client 0
2025-09-15 22:48:53.337 TRACE : decode interaction for time 44.083 on client 0
2025-09-15 22:48:53.337 TRACE : decode interaction for time 44.167 on client 0
2025-09-15 22:48:53.337 TRACE : decode interaction for time 44.250 on client 0
2025-09-15 22:48:53.337 TRACE : decode interaction for time 44.333 on client 0
2025-09-15 22:48:53.338 TRACE : decode interaction for time 44.417 on client 0
2025-09-15 22:48:53.338 TRACE : decode interaction for time 44.500 on client 0
2025-09-15 22:48:53.338 TRACE : decode interaction for time 44.583 on client 0
2025-09-15 22:48:53.338 TRACE : decode interaction for time 44.667 on client 0
2025-09-15 22:48:53.338 TRACE : decode interaction for time 44.750 on client 0
2025-09-15 22:48:53.338 TRACE : decode interaction for time 44.833 on client 0
2025-09-15 22:48:53.338 TRACE : decode interaction for time 44.917 on client 0
2025-09-15 22:48:53.338 TRACE : decode interaction for time 45.000 on client 0
2025-09-15 22:48:53.338 TRACE : decode interaction for time 45.083 on client 0
2025-09-15 22:48:53.338 TRACE : decode interaction for time 45.167 on client 0
2025-09-15 22:48:53.338 TRACE : decode interaction for time 45.250 on client 0
2025-09-15 22:48:53.338 TRACE : decode interaction for time 45.333 on client 0
2025-09-15 22:48:53.338 TRACE : decode interaction for time 45.417 on client 0
2025-09-15 22:48:53.338 TRACE : decode interaction for time 45.500 on client 0
2025-09-15 22:48:53.338 TRACE : decode interaction for time 45.583 on client 0
2025-09-15 22:48:53.338 TRACE : decode interaction for time 45.667 on client 0
2025-09-15 22:48:53.338 TRACE : decode interaction for time 45.750 on client 0
2025-09-15 22:48:53.339 TRACE : decode interaction for time 45.833 on client 0
2025-09-15 22:48:53.339 TRACE : decode interaction for time 45.917 on client 0
2025-09-15 22:48:53.339 TRACE : decode interaction for time 46.000 on client 0
2025-09-15 22:48:53.339 TRACE : decode interaction for time 46.083 on client 0
2025-09-15 22:48:53.339 TRACE : decode interaction for time 46.167 on client 0
2025-09-15 22:48:53.339 TRACE : decode interaction for time 46.250 on client 0
2025-09-15 22:48:53.339 TRACE : decode interaction for time 46.333 on client 0
2025-09-15 22:48:53.339 TRACE : decode interaction for time 46.417 on client 0
2025-09-15 22:48:53.339 TRACE : decode interaction for time 46.500 on client 0
2025-09-15 22:48:53.339 TRACE : decode interaction for time 46.583 on client 0
2025-09-15 22:48:53.339 TRACE : decode interaction for time 46.667 on client 0
2025-09-15 22:48:53.339 TRACE : decode interaction for time 46.750 on client 0
2025-09-15 22:48:53.339 TRACE : decode interaction for time 46.833 on client 0
2025-09-15 22:48:53.339 TRACE : decode interaction for time 46.917 on client 0
2025-09-15 22:48:53.339 TRACE : decode interaction for time 47.000 on client 0
2025-09-15 22:48:53.339 TRACE : decode interaction for time 47.083 on client 0
2025-09-15 22:48:53.339 TRACE : decode interaction for time 47.167 on client 0
2025-09-15 22:48:53.339 TRACE : decode interaction for time 47.250 on client 0
2025-09-15 22:48:53.339 TRACE : decode interaction for time 47.333 on client 0
2025-09-15 22:48:53.339 TRACE : decode interaction for time 47.417 on client 0
2025-09-15 22:48:53.339 TRACE : decode interaction for time 47.500 on client 0
2025-09-15 22:48:53.339 TRACE : decode interaction for time 47.583 on client 0
2025-09-15 22:48:53.339 TRACE : decode interaction for time 47.667 on client 0
2025-09-15 22:48:53.339 TRACE : decode interaction for time 47.750 on client 0
2025-09-15 22:48:53.339 TRACE : decode interaction for time 47.833 on client 0
2025-09-15 22:48:53.340 TRACE : decode interaction for time 47.917 on client 0
2025-09-15 22:48:53.340 TRACE : decode interaction for time 48.000 on client 0
2025-09-15 22:48:53.340 TRACE : decode interaction for time 48.083 on client 0
2025-09-15 22:48:53.340 TRACE : decode interaction for time 48.167 on client 0
2025-09-15 22:48:53.340 TRACE : decode interaction for time 48.250 on client 0
2025-09-15 22:48:53.340 TRACE : decode interaction for time 48.333 on client 0
2025-09-15 22:48:53.340 TRACE : decode interaction for time 48.417 on client 0
2025-09-15 22:48:53.340 TRACE : decode interaction for time 48.500 on client 0
2025-09-15 22:48:53.340 TRACE : decode interaction for time 48.583 on client 0
2025-09-15 22:48:53.340 TRACE : decode interaction for time 48.667 on client 0
2025-09-15 22:48:53.340 TRACE : decode interaction for time 48.750 on client 0
2025-09-15 22:48:53.340 TRACE : decode interaction for time 48.833 on client 0
2025-09-15 22:48:53.340 TRACE : decode interaction for time 48.917 on client 0
2025-09-15 22:48:53.340 TRACE : decode interaction for time 49.000 on client 0
2025-09-15 22:48:53.340 TRACE : decode interaction for time 49.083 on client 0
2025-09-15 22:48:53.340 TRACE : decode interaction for time 49.167 on client 0
2025-09-15 22:48:53.340 TRACE : decode interaction for time 49.250 on client 0
2025-09-15 22:48:53.340 TRACE : decode interaction for time 49.333 on client 0
2025-09-15 22:48:53.340 TRACE : decode interaction for time 49.417 on client 0
2025-09-15 22:48:53.340 TRACE : decode interaction for time 49.500 on client 0
2025-09-15 22:48:53.340 TRACE : decode interaction for time 49.583 on client 0
2025-09-15 22:48:53.340 TRACE : decode interaction for time 49.667 on client 0
2025-09-15 22:48:53.340 TRACE : decode interaction for time 49.750 on client 0
2025-09-15 22:48:53.340 TRACE : decode interaction for time 49.833 on client 0
2025-09-15 22:48:53.340 TRACE : decode interaction for time 49.917 on client 0
2025-09-15 22:48:53.341 TRACE : decode interaction for time 50.000 on client 0
2025-09-15 22:48:53.341 TRACE : decode interaction for time 50.083 on client 0
2025-09-15 22:48:53.341 TRACE : decode interaction for time 50.167 on client 0
2025-09-15 22:48:53.341 TRACE : decode interaction for time 50.250 on client 0
2025-09-15 22:48:53.341 TRACE : decode interaction for time 50.333 on client 0
2025-09-15 22:48:53.341 TRACE : decode interaction for time 50.417 on client 0
2025-09-15 22:48:53.341 TRACE : decode interaction for time 50.500 on client 0
2025-09-15 22:48:53.341 TRACE : decode interaction for time 50.583 on client 0
2025-09-15 22:48:53.341 TRACE : decode interaction for time 50.667 on client 0
2025-09-15 22:48:53.341 TRACE : decode interaction for time 50.750 on client 0
2025-09-15 22:48:53.341 TRACE : decode interaction for time 50.833 on client 0
2025-09-15 22:48:53.341 TRACE : decode interaction for time 50.917 on client 0
2025-09-15 22:48:53.341 TRACE : decode interaction for time 51.000 on client 0
2025-09-15 22:48:53.341 TRACE : decode interaction for time 51.083 on client 0
2025-09-15 22:48:53.341 TRACE : decode interaction for time 51.167 on client 0
2025-09-15 22:48:53.341 TRACE : decode interaction for time 51.250 on client 0
2025-09-15 22:48:53.341 TRACE : decode interaction for time 51.333 on client 0
2025-09-15 22:48:53.342 TRACE : decode interaction for time 51.417 on client 0
2025-09-15 22:48:53.342 TRACE : decode interaction for time 51.500 on client 0
2025-09-15 22:48:53.342 TRACE : decode interaction for time 51.583 on client 0
2025-09-15 22:48:53.342 TRACE : decode interaction for time 51.667 on client 0
2025-09-15 22:48:53.342 TRACE : decode interaction for time 51.750 on client 0
2025-09-15 22:48:53.342 TRACE : decode interaction for time 51.833 on client 0
2025-09-15 22:48:53.342 TRACE : decode interaction for time 51.917 on client 0
2025-09-15 22:48:53.342 TRACE : decode interaction for time 52.000 on client 0
2025-09-15 22:48:53.342 TRACE : decode interaction for time 52.083 on client 0
2025-09-15 22:48:53.342 TRACE : decode interaction for time 52.167 on client 0
2025-09-15 22:48:53.342 TRACE : decode interaction for time 52.250 on client 0
2025-09-15 22:48:53.342 TRACE : decode interaction for time 52.333 on client 0
2025-09-15 22:48:53.342 TRACE : decode interaction for time 52.417 on client 0
2025-09-15 22:48:53.342 TRACE : decode interaction for time 52.500 on client 0
2025-09-15 22:48:53.342 TRACE : decode interaction for time 52.583 on client 0
2025-09-15 22:48:53.342 TRACE : decode interaction for time 52.667 on client 0
2025-09-15 22:48:53.343 TRACE : decode interaction for time 52.750 on client 0
2025-09-15 22:48:53.343 TRACE : decode interaction for time 52.833 on client 0
2025-09-15 22:48:53.343 TRACE : decode interaction for time 52.917 on client 0
2025-09-15 22:48:53.343 TRACE : decode interaction for time 53.000 on client 0
2025-09-15 22:48:53.343 TRACE : decode interaction for time 53.083 on client 0
2025-09-15 22:48:53.343 TRACE : decode interaction for time 53.167 on client 0
2025-09-15 22:48:53.343 TRACE : decode interaction for time 53.250 on client 0
2025-09-15 22:48:53.343 TRACE : decode interaction for time 53.333 on client 0
2025-09-15 22:48:53.343 TRACE : decode interaction for time 53.417 on client 0
2025-09-15 22:48:53.343 TRACE : decode interaction for time 53.500 on client 0
2025-09-15 22:48:53.343 TRACE : decode interaction for time 53.583 on client 0
2025-09-15 22:48:53.343 TRACE : decode interaction for time 53.667 on client 0
2025-09-15 22:48:53.343 TRACE : decode interaction for time 53.750 on client 0
2025-09-15 22:48:53.343 TRACE : decode interaction for time 53.833 on client 0
2025-09-15 22:48:53.343 TRACE : decode interaction for time 53.917 on client 0
2025-09-15 22:48:53.343 TRACE : decode interaction for time 54.000 on client 0
2025-09-15 22:48:53.343 TRACE : decode interaction for time 54.083 on client 0
2025-09-15 22:48:53.344 TRACE : decode interaction for time 54.167 on client 0
2025-09-15 22:48:53.344 TRACE : decode interaction for time 54.250 on client 0
2025-09-15 22:48:53.344 TRACE : decode interaction for time 54.333 on client 0
2025-09-15 22:48:53.344 TRACE : decode interaction for time 54.417 on client 0
2025-09-15 22:48:53.344 TRACE : decode interaction for time 54.500 on client 0
2025-09-15 22:48:53.344 TRACE : decode interaction for time 54.583 on client 0
2025-09-15 22:48:53.344 TRACE : decode interaction for time 54.667 on client 0
2025-09-15 22:48:53.344 TRACE : decode interaction for time 54.750 on client 0
2025-09-15 22:48:53.344 TRACE : decode interaction for time 54.833 on client 0
2025-09-15 22:48:53.344 TRACE : decode interaction for time 54.917 on client 0
2025-09-15 22:48:53.344 TRACE : decode interaction for time 55.000 on client 0
2025-09-15 22:48:53.344 TRACE : decode interaction for time 55.083 on client 0
2025-09-15 22:48:53.344 TRACE : decode interaction for time 55.167 on client 0
2025-09-15 22:48:53.344 TRACE : decode interaction for time 55.250 on client 0
2025-09-15 22:48:53.344 TRACE : decode interaction for time 55.333 on client 0
2025-09-15 22:48:53.344 TRACE : decode interaction for time 55.417 on client 0
2025-09-15 22:48:53.344 TRACE : decode interaction for time 55.500 on client 0
2025-09-15 22:48:53.344 TRACE : decode interaction for time 55.583 on client 0
2025-09-15 22:48:53.344 TRACE : decode interaction for time 55.667 on client 0
2025-09-15 22:48:53.344 TRACE : decode interaction for time 55.750 on client 0
2025-09-15 22:48:53.344 TRACE : decode interaction for time 55.833 on client 0
2025-09-15 22:48:53.344 TRACE : decode interaction for time 55.917 on client 0
2025-09-15 22:48:53.344 TRACE : decode interaction for time 56.000 on client 0
2025-09-15 22:48:53.344 TRACE : decode interaction for time 56.083 on client 0
2025-09-15 22:48:53.344 TRACE : decode interaction for time 56.167 on client 0
2025-09-15 22:48:53.344 TRACE : decode interaction for time 56.250 on client 0
2025-09-15 22:48:53.344 TRACE : decode interaction for time 56.333 on client 0
2025-09-15 22:48:53.344 TRACE : decode interaction for time 56.417 on client 0
2025-09-15 22:48:53.344 TRACE : decode interaction for time 56.500 on client 0
2025-09-15 22:48:53.344 TRACE : decode interaction for time 56.583 on client 0
2025-09-15 22:48:53.344 TRACE : decode interaction for time 56.667 on client 0
2025-09-15 22:48:53.344 TRACE : decode interaction for time 56.750 on client 0
2025-09-15 22:48:53.344 TRACE : decode interaction for time 56.833 on client 0
2025-09-15 22:48:53.345 TRACE : decode interaction for time 56.917 on client 0
2025-09-15 22:48:53.345 TRACE : decode interaction for time 57.000 on client 0
2025-09-15 22:48:53.345 TRACE : decode interaction for time 57.083 on client 0
2025-09-15 22:48:53.345 TRACE : decode interaction for time 57.167 on client 0
2025-09-15 22:48:53.345 TRACE : decode interaction for time 57.250 on client 0
2025-09-15 22:48:53.345 TRACE : decode interaction for time 57.333 on client 0
2025-09-15 22:48:53.345 TRACE : decode interaction for time 57.417 on client 0
2025-09-15 22:48:53.345 TRACE : decode interaction for time 57.500 on client 0
2025-09-15 22:48:53.345 TRACE : decode interaction for time 57.583 on client 0
2025-09-15 22:48:53.345 TRACE : decode interaction for time 57.667 on client 0
2025-09-15 22:48:53.345 TRACE : decode interaction for time 57.750 on client 0
2025-09-15 22:48:53.345 TRACE : decode interaction for time 57.833 on client 0
2025-09-15 22:48:53.345 TRACE : decode interaction for time 57.917 on client 0
2025-09-15 22:48:53.345 TRACE : decode interaction for time 58.000 on client 0
2025-09-15 22:48:53.345 TRACE : decode interaction for time 58.083 on client 0
2025-09-15 22:48:53.345 TRACE : decode interaction for time 58.167 on client 0
2025-09-15 22:48:53.345 TRACE : decode interaction for time 58.250 on client 0
2025-09-15 22:48:53.346 TRACE : decode interaction for time 58.333 on client 0
2025-09-15 22:48:53.346 TRACE : decode interaction for time 58.417 on client 0
2025-09-15 22:48:53.346 TRACE : decode interaction for time 58.500 on client 0
2025-09-15 22:48:53.346 TRACE : decode interaction for time 58.583 on client 0
2025-09-15 22:48:53.346 TRACE : decode interaction for time 58.667 on client 0
2025-09-15 22:48:53.346 TRACE : decode interaction for time 58.750 on client 0
2025-09-15 22:48:53.346 TRACE : decode interaction for time 58.833 on client 0
2025-09-15 22:48:53.346 TRACE : decode interaction for time 58.917 on client 0
2025-09-15 22:48:53.346 TRACE : decode interaction for time 59.000 on client 0
2025-09-15 22:48:53.346 TRACE : decode interaction for time 59.083 on client 0
2025-09-15 22:48:53.346 TRACE : decode interaction for time 59.167 on client 0
2025-09-15 22:48:53.346 TRACE : decode interaction for time 59.250 on client 0
2025-09-15 22:48:53.346 TRACE : decode interaction for time 59.333 on client 0
2025-09-15 22:48:53.346 TRACE : decode interaction for time 59.417 on client 0
2025-09-15 22:48:53.346 TRACE : decode interaction for time 59.500 on client 0
2025-09-15 22:48:53.346 TRACE : decode interaction for time 59.583 on client 0
2025-09-15 22:48:53.346 TRACE : decode interaction for time 59.667 on client 0
2025-09-15 22:48:53.346 TRACE : decode interaction for time 59.750 on client 0
2025-09-15 22:48:53.346 TRACE : decode interaction for time 59.833 on client 0
2025-09-15 22:48:53.346 TRACE : decode interaction for time 59.917 on client 0
2025-09-15 22:48:53.346 TRACE : decode interaction for time 60.000 on client 0
2025-09-15 22:48:53.346 TRACE : decode interaction for time 60.083 on client 0
2025-09-15 22:48:53.346 TRACE : decode interaction for time 60.167 on client 0
2025-09-15 22:48:53.346 TRACE : decode interaction for time 60.250 on client 0
2025-09-15 22:48:53.346 TRACE : decode interaction for time 60.333 on client 0
2025-09-15 22:48:53.346 TRACE : decode interaction for time 60.417 on client 0
2025-09-15 22:48:53.346 TRACE : decode interaction for time 60.500 on client 0
2025-09-15 22:48:53.346 TRACE : decode interaction for time 60.583 on client 0
2025-09-15 22:48:53.347 TRACE : decode interaction for time 60.667 on client 0
2025-09-15 22:48:53.347 TRACE : decode interaction for time 60.750 on client 0
2025-09-15 22:48:53.347 TRACE : decode interaction for time 60.833 on client 0
2025-09-15 22:48:53.347 TRACE : decode interaction for time 60.917 on client 0
2025-09-15 22:48:53.347 TRACE : decode interaction for time 61.000 on client 0
2025-09-15 22:48:53.347 TRACE : decode interaction for time 61.083 on client 0
2025-09-15 22:48:53.347 TRACE : decode interaction for time 61.167 on client 0
2025-09-15 22:48:53.347 TRACE : decode interaction for time 61.250 on client 0
2025-09-15 22:48:53.347 TRACE : decode interaction for time 61.333 on client 0
2025-09-15 22:48:53.347 TRACE : decode interaction for time 61.417 on client 0
2025-09-15 22:48:53.347 TRACE : decode interaction for time 61.500 on client 0
2025-09-15 22:48:53.347 TRACE : decode interaction for time 61.583 on client 0
2025-09-15 22:48:53.347 TRACE : decode interaction for time 61.667 on client 0
2025-09-15 22:48:53.347 TRACE : decode interaction for time 61.750 on client 0
2025-09-15 22:48:53.347 TRACE : decode interaction for time 61.833 on client 0
2025-09-15 22:48:53.347 TRACE : decode interaction for time 61.917 on client 0
2025-09-15 22:48:53.347 TRACE : decode interaction for time 62.000 on client 0
2025-09-15 22:48:53.347 TRACE : decode interaction for time 62.083 on client 0
2025-09-15 22:48:53.347 TRACE : decode interaction for time 62.167 on client 0
2025-09-15 22:48:53.347 TRACE : decode interaction for time 62.250 on client 0
2025-09-15 22:48:53.347 TRACE : decode interaction for time 62.333 on client 0
2025-09-15 22:48:53.347 TRACE : decode interaction for time 62.417 on client 0
2025-09-15 22:48:53.348 TRACE : decode interaction for time 62.500 on client 0
2025-09-15 22:48:53.348 TRACE : decode interaction for time 62.583 on client 0
2025-09-15 22:48:53.348 TRACE : decode interaction for time 62.667 on client 0
2025-09-15 22:48:53.348 TRACE : decode interaction for time 62.750 on client 0
2025-09-15 22:48:53.348 TRACE : decode interaction for time 62.833 on client 0
2025-09-15 22:48:53.348 TRACE : decode interaction for time 62.917 on client 0
2025-09-15 22:48:53.348 TRACE : decode interaction for time 63.000 on client 0
2025-09-15 22:48:53.348 TRACE : decode interaction for time 63.083 on client 0
2025-09-15 22:48:53.348 TRACE : decode interaction for time 63.167 on client 0
2025-09-15 22:48:53.348 TRACE : decode interaction for time 63.250 on client 0
2025-09-15 22:48:53.348 TRACE : decode interaction for time 63.333 on client 0
2025-09-15 22:48:53.348 TRACE : decode interaction for time 63.417 on client 0
2025-09-15 22:48:53.348 TRACE : decode interaction for time 63.500 on client 0
2025-09-15 22:48:53.348 TRACE : decode interaction for time 63.583 on client 0
2025-09-15 22:48:53.348 TRACE : decode interaction for time 63.667 on client 0
2025-09-15 22:48:53.348 TRACE : decode interaction for time 63.750 on client 0
2025-09-15 22:48:53.348 TRACE : decode interaction for time 63.833 on client 0
2025-09-15 22:48:53.349 TRACE : decode interaction for time 63.917 on client 0
2025-09-15 22:48:53.349 TRACE : decode interaction for time 64.000 on client 0
2025-09-15 22:48:53.349 TRACE : decode interaction for time 64.083 on client 0
2025-09-15 22:48:53.349 TRACE : decode interaction for time 64.167 on client 0
2025-09-15 22:48:53.349 TRACE : decode interaction for time 64.250 on client 0
2025-09-15 22:48:53.349 TRACE : decode interaction for time 64.333 on client 0
2025-09-15 22:48:53.349 TRACE : decode interaction for time 64.417 on client 0
2025-09-15 22:48:53.349 TRACE : decode interaction for time 64.500 on client 0
2025-09-15 22:48:53.349 TRACE : decode interaction for time 64.583 on client 0
2025-09-15 22:48:53.349 TRACE : decode interaction for time 64.667 on client 0
2025-09-15 22:48:53.349 TRACE : decode interaction for time 64.750 on client 0
2025-09-15 22:48:53.349 TRACE : decode interaction for time 64.833 on client 0
2025-09-15 22:48:53.349 TRACE : decode interaction for time 64.917 on client 0
2025-09-15 22:48:53.349 TRACE : decode interaction for time 65.000 on client 0
2025-09-15 22:48:53.349 TRACE : decode interaction for time 65.083 on client 0
2025-09-15 22:48:53.349 TRACE : decode interaction for time 65.167 on client 0
2025-09-15 22:48:53.350 TRACE : decode interaction for time 65.250 on client 0
2025-09-15 22:48:53.350 TRACE : decode interaction for time 65.333 on client 0
2025-09-15 22:48:53.350 TRACE : decode interaction for time 65.417 on client 0
2025-09-15 22:48:53.350 TRACE : decode interaction for time 65.500 on client 0
2025-09-15 22:48:53.350 TRACE : decode interaction for time 65.583 on client 0
2025-09-15 22:48:53.350 TRACE : decode interaction for time 65.667 on client 0
2025-09-15 22:48:53.350 TRACE : decode interaction for time 65.750 on client 0
2025-09-15 22:48:53.350 TRACE : decode interaction for time 65.833 on client 0
2025-09-15 22:48:53.350 TRACE : decode interaction for time 65.917 on client 0
2025-09-15 22:48:53.350 TRACE : decode interaction for time 66.000 on client 0
2025-09-15 22:48:53.350 TRACE : decode interaction for time 66.083 on client 0
2025-09-15 22:48:53.350 TRACE : decode interaction for time 66.167 on client 0
2025-09-15 22:48:53.350 TRACE : decode interaction for time 66.250 on client 0
2025-09-15 22:48:53.350 TRACE : decode interaction for time 66.333 on client 0
2025-09-15 22:48:53.350 TRACE : decode interaction for time 66.417 on client 0
2025-09-15 22:48:53.350 TRACE : decode interaction for time 66.500 on client 0
2025-09-15 22:48:53.350 TRACE : decode interaction for time 66.583 on client 0
2025-09-15 22:48:53.351 TRACE : decode interaction for time 66.667 on client 0
2025-09-15 22:48:53.351 TRACE : decode interaction for time 66.750 on client 0
2025-09-15 22:48:53.351 TRACE : decode interaction for time 66.833 on client 0
2025-09-15 22:48:53.351 TRACE : decode interaction for time 66.917 on client 0
2025-09-15 22:48:53.351 TRACE : decode interaction for time 67.000 on client 0
2025-09-15 22:48:53.351 TRACE : decode interaction for time 67.083 on client 0
2025-09-15 22:48:53.351 TRACE : decode interaction for time 67.167 on client 0
2025-09-15 22:48:53.351 TRACE : decode interaction for time 67.250 on client 0
2025-09-15 22:48:53.351 TRACE : decode interaction for time 67.333 on client 0
2025-09-15 22:48:53.351 TRACE : decode interaction for time 67.417 on client 0
2025-09-15 22:48:53.351 TRACE : decode interaction for time 67.500 on client 0
2025-09-15 22:48:53.351 TRACE : decode interaction for time 67.583 on client 0
2025-09-15 22:48:53.351 TRACE : decode interaction for time 67.667 on client 0
2025-09-15 22:48:53.351 TRACE : decode interaction for time 67.750 on client 0
2025-09-15 22:48:53.351 TRACE : decode interaction for time 67.833 on client 0
2025-09-15 22:48:53.351 TRACE : decode interaction for time 67.917 on client 0
2025-09-15 22:48:53.351 TRACE : decode interaction for time 68.000 on client 0
2025-09-15 22:48:53.351 TRACE : decode interaction for time 68.083 on client 0
2025-09-15 22:48:53.351 TRACE : decode interaction for time 68.167 on client 0
2025-09-15 22:48:53.351 TRACE : decode interaction for time 68.250 on client 0
2025-09-15 22:48:53.351 TRACE : decode interaction for time 68.333 on client 0
2025-09-15 22:48:53.351 TRACE : decode interaction for time 68.417 on client 0
2025-09-15 22:48:53.351 TRACE : decode interaction for time 68.500 on client 0
2025-09-15 22:48:53.351 TRACE : decode interaction for time 68.583 on client 0
2025-09-15 22:48:53.351 TRACE : decode interaction for time 68.667 on client 0
2025-09-15 22:48:53.351 TRACE : decode interaction for time 68.750 on client 0
2025-09-15 22:48:53.351 TRACE : decode interaction for time 68.833 on client 0
2025-09-15 22:48:53.351 TRACE : decode interaction for time 68.917 on client 0
2025-09-15 22:48:53.351 TRACE : decode interaction for time 69.000 on client 0
2025-09-15 22:48:53.351 TRACE : decode interaction for time 69.083 on client 0
2025-09-15 22:48:53.351 TRACE : decode interaction for time 69.167 on client 0
2025-09-15 22:48:53.351 TRACE : decode interaction for time 69.250 on client 0
2025-09-15 22:48:53.351 TRACE : decode interaction for time 69.333 on client 0
2025-09-15 22:48:53.352 TRACE : decode interaction for time 69.417 on client 0
2025-09-15 22:48:53.352 TRACE : decode interaction for time 69.500 on client 0
2025-09-15 22:48:53.352 TRACE : decode interaction for time 69.583 on client 0
2025-09-15 22:48:53.352 TRACE : decode interaction for time 69.667 on client 0
2025-09-15 22:48:53.352 TRACE : decode interaction for time 69.750 on client 0
2025-09-15 22:48:53.352 TRACE : decode interaction for time 69.833 on client 0
2025-09-15 22:48:53.352 TRACE : decode interaction for time 69.917 on client 0
2025-09-15 22:48:53.352 TRACE : decode interaction for time 70.000 on client 0
2025-09-15 22:48:53.352 TRACE : decode interaction for time 70.083 on client 0
2025-09-15 22:48:53.352 TRACE : decode interaction for time 70.167 on client 0
2025-09-15 22:48:53.352 TRACE : decode interaction for time 70.250 on client 0
2025-09-15 22:48:53.352 TRACE : decode interaction for time 70.333 on client 0
2025-09-15 22:48:53.352 TRACE : decode interaction for time 70.417 on client 0
2025-09-15 22:48:53.352 TRACE : decode interaction for time 70.500 on client 0
2025-09-15 22:48:53.352 TRACE : decode interaction for time 70.583 on client 0
2025-09-15 22:48:53.352 TRACE : decode interaction for time 70.667 on client 0
2025-09-15 22:48:53.352 TRACE : decode interaction for time 70.750 on client 0
2025-09-15 22:48:53.353 TRACE : decode interaction for time 70.833 on client 0
2025-09-15 22:48:53.353 TRACE : decode interaction for time 70.917 on client 0
2025-09-15 22:48:53.353 TRACE : decode interaction for time 71.000 on client 0
2025-09-15 22:48:53.353 TRACE : decode interaction for time 71.083 on client 0
2025-09-15 22:48:53.353 TRACE : decode interaction for time 71.167 on client 0
2025-09-15 22:48:53.353 TRACE : decode interaction for time 71.250 on client 0
2025-09-15 22:48:53.353 TRACE : decode interaction for time 71.333 on client 0
2025-09-15 22:48:53.353 TRACE : decode interaction for time 71.417 on client 0
2025-09-15 22:48:53.353 TRACE : decode interaction for time 71.500 on client 0
2025-09-15 22:48:53.353 TRACE : decode interaction for time 71.583 on client 0
2025-09-15 22:48:53.353 TRACE : decode interaction for time 71.667 on client 0
2025-09-15 22:48:53.353 TRACE : decode interaction for time 71.750 on client 0
2025-09-15 22:48:53.353 TRACE : decode interaction for time 71.833 on client 0
2025-09-15 22:48:53.353 TRACE : decode interaction for time 71.917 on client 0
2025-09-15 22:48:53.353 TRACE : decode interaction for time 72.000 on client 0
2025-09-15 22:48:53.353 TRACE : decode interaction for time 72.083 on client 0
2025-09-15 22:48:53.353 TRACE : decode interaction for time 72.167 on client 0
2025-09-15 22:48:53.354 TRACE : decode interaction for time 72.250 on client 0
2025-09-15 22:48:53.354 TRACE : decode interaction for time 72.333 on client 0
2025-09-15 22:48:53.354 TRACE : decode interaction for time 72.417 on client 0
2025-09-15 22:48:53.354 TRACE : decode interaction for time 72.500 on client 0
2025-09-15 22:48:53.354 TRACE : decode interaction for time 72.583 on client 0
2025-09-15 22:48:53.354 TRACE : decode interaction for time 72.667 on client 0
2025-09-15 22:48:53.354 TRACE : decode interaction for time 72.750 on client 0
2025-09-15 22:48:53.354 TRACE : decode interaction for time 72.833 on client 0
2025-09-15 22:48:53.354 TRACE : decode interaction for time 72.917 on client 0
2025-09-15 22:48:53.354 TRACE : decode interaction for time 73.000 on client 0
2025-09-15 22:48:53.354 TRACE : decode interaction for time 73.083 on client 0
2025-09-15 22:48:53.354 TRACE : decode interaction for time 73.167 on client 0
2025-09-15 22:48:53.354 TRACE : decode interaction for time 73.250 on client 0
2025-09-15 22:48:53.354 TRACE : decode interaction for time 73.333 on client 0
2025-09-15 22:48:53.354 TRACE : decode interaction for time 73.417 on client 0
2025-09-15 22:48:53.354 TRACE : decode interaction for time 73.500 on client 0
2025-09-15 22:48:53.355 TRACE : decode interaction for time 73.583 on client 0
2025-09-15 22:48:53.355 TRACE : decode interaction for time 73.667 on client 0
2025-09-15 22:48:53.355 TRACE : decode interaction for time 73.750 on client 0
2025-09-15 22:48:53.355 TRACE : decode interaction for time 73.833 on client 0
2025-09-15 22:48:53.355 TRACE : decode interaction for time 73.917 on client 0
2025-09-15 22:48:53.355 TRACE : decode interaction for time 74.000 on client 0
2025-09-15 22:48:53.355 TRACE : decode interaction for time 74.083 on client 0
2025-09-15 22:48:53.355 TRACE : decode interaction for time 74.167 on client 0
2025-09-15 22:48:53.355 TRACE : decode interaction for time 74.250 on client 0
2025-09-15 22:48:53.355 TRACE : decode interaction for time 74.333 on client 0
2025-09-15 22:48:53.355 TRACE : decode interaction for time 74.417 on client 0
2025-09-15 22:48:53.355 TRACE : decode interaction for time 74.500 on client 0
2025-09-15 22:48:53.355 TRACE : decode interaction for time 74.583 on client 0
2025-09-15 22:48:53.355 TRACE : decode interaction for time 74.667 on client 0
2025-09-15 22:48:53.355 TRACE : decode interaction for time 74.750 on client 0
2025-09-15 22:48:53.355 TRACE : decode interaction for time 74.833 on client 0
2025-09-15 22:48:53.355 TRACE : decode interaction for time 74.917 on client 0
2025-09-15 22:48:53.356 TRACE : decode interaction for time 75.000 on client 0
2025-09-15 22:48:53.356 TRACE : decode interaction for time 75.083 on client 0
2025-09-15 22:48:53.356 TRACE : decode interaction for time 75.167 on client 0
2025-09-15 22:48:53.356 TRACE : decode interaction for time 75.250 on client 0
2025-09-15 22:48:53.356 TRACE : decode interaction for time 75.333 on client 0
2025-09-15 22:48:53.356 TRACE : decode interaction for time 75.417 on client 0
2025-09-15 22:48:53.356 TRACE : decode interaction for time 75.500 on client 0
2025-09-15 22:48:53.356 TRACE : decode interaction for time 75.583 on client 0
2025-09-15 22:48:53.356 TRACE : decode interaction for time 75.667 on client 0
2025-09-15 22:48:53.356 TRACE : decode interaction for time 75.750 on client 0
2025-09-15 22:48:53.356 TRACE : decode interaction for time 75.833 on client 0
2025-09-15 22:48:53.356 TRACE : decode interaction for time 75.917 on client 0
2025-09-15 22:48:53.356 TRACE : decode interaction for time 76.000 on client 0
2025-09-15 22:48:53.356 TRACE : decode interaction for time 76.083 on client 0
2025-09-15 22:48:53.356 TRACE : decode interaction for time 76.167 on client 0
2025-09-15 22:48:53.356 TRACE : decode interaction for time 76.250 on client 0
2025-09-15 22:48:53.356 TRACE : decode interaction for time 76.333 on client 0
2025-09-15 22:48:53.356 TRACE : decode interaction for time 76.417 on client 0
2025-09-15 22:48:53.356 TRACE : decode interaction for time 76.500 on client 0
2025-09-15 22:48:53.356 TRACE : decode interaction for time 76.583 on client 0
2025-09-15 22:48:53.356 TRACE : decode interaction for time 76.667 on client 0
2025-09-15 22:48:53.356 TRACE : decode interaction for time 76.750 on client 0
2025-09-15 22:48:53.356 TRACE : decode interaction for time 76.833 on client 0
2025-09-15 22:48:53.356 TRACE : decode interaction for time 76.917 on client 0
2025-09-15 22:48:53.356 TRACE : decode interaction for time 77.000 on client 0
2025-09-15 22:48:53.356 TRACE : decode interaction for time 77.083 on client 0
2025-09-15 22:48:53.356 TRACE : decode interaction for time 77.167 on client 0
2025-09-15 22:48:53.356 TRACE : decode interaction for time 77.250 on client 0
2025-09-15 22:48:53.356 TRACE : decode interaction for time 77.333 on client 0
2025-09-15 22:48:53.356 TRACE : decode interaction for time 77.417 on client 0
2025-09-15 22:48:53.356 TRACE : decode interaction for time 77.500 on client 0
2025-09-15 22:48:53.356 TRACE : decode interaction for time 77.583 on client 0
2025-09-15 22:48:53.356 TRACE : decode interaction for time 77.667 on client 0
2025-09-15 22:48:53.357 TRACE : decode interaction for time 77.750 on client 0
2025-09-15 22:48:53.357 TRACE : decode interaction for time 77.833 on client 0
2025-09-15 22:48:53.357 TRACE : decode interaction for time 77.917 on client 0
2025-09-15 22:48:53.357 TRACE : decode interaction for time 78.000 on client 0
2025-09-15 22:48:53.357 TRACE : decode interaction for time 78.083 on client 0
2025-09-15 22:48:53.357 TRACE : decode interaction for time 78.167 on client 0
2025-09-15 22:48:53.357 TRACE : decode interaction for time 78.250 on client 0
2025-09-15 22:48:53.357 TRACE : decode interaction for time 78.333 on client 0
2025-09-15 22:48:53.357 TRACE : decode interaction for time 78.417 on client 0
2025-09-15 22:48:53.357 TRACE : decode interaction for time 78.500 on client 0
2025-09-15 22:48:53.357 TRACE : decode interaction for time 78.583 on client 0
2025-09-15 22:48:53.357 TRACE : decode interaction for time 78.667 on client 0
2025-09-15 22:48:53.357 TRACE : decode interaction for time 78.750 on client 0
2025-09-15 22:48:53.357 TRACE : decode interaction for time 78.833 on client 0
2025-09-15 22:48:53.357 TRACE : decode interaction for time 78.917 on client 0
2025-09-15 22:48:53.357 TRACE : decode interaction for time 79.000 on client 0
2025-09-15 22:48:53.357 TRACE : decode interaction for time 79.083 on client 0
2025-09-15 22:48:53.358 TRACE : decode interaction for time 79.167 on client 0
2025-09-15 22:48:53.358 TRACE : decode interaction for time 79.250 on client 0
2025-09-15 22:48:53.358 TRACE : decode interaction for time 79.333 on client 0
2025-09-15 22:48:53.358 TRACE : decode interaction for time 79.417 on client 0
2025-09-15 22:48:53.358 TRACE : decode interaction for time 79.500 on client 0
2025-09-15 22:48:53.358 TRACE : decode interaction for time 79.583 on client 0
2025-09-15 22:48:53.358 TRACE : decode interaction for time 79.667 on client 0
2025-09-15 22:48:53.358 TRACE : decode interaction for time 79.750 on client 0
2025-09-15 22:48:53.358 TRACE : decode interaction for time 79.833 on client 0
2025-09-15 22:48:53.358 TRACE : decode interaction for time 79.917 on client 0
2025-09-15 22:48:53.358 TRACE : decode interaction for time 80.000 on client 0
2025-09-15 22:48:53.358 TRACE : decode interaction for time 80.083 on client 0
2025-09-15 22:48:53.358 TRACE : decode interaction for time 80.167 on client 0
2025-09-15 22:48:53.358 TRACE : decode interaction for time 80.250 on client 0
2025-09-15 22:48:53.358 TRACE : decode interaction for time 80.333 on client 0
2025-09-15 22:48:53.358 TRACE : decode interaction for time 80.417 on client 0
2025-09-15 22:48:53.358 TRACE : decode interaction for time 80.500 on client 0
2025-09-15 22:48:53.359 TRACE : decode interaction for time 80.583 on client 0
2025-09-15 22:48:53.359 TRACE : decode interaction for time 80.667 on client 0
2025-09-15 22:48:53.359 TRACE : decode interaction for time 80.750 on client 0
2025-09-15 22:48:53.359 TRACE : decode interaction for time 80.833 on client 0
2025-09-15 22:48:53.359 TRACE : decode interaction for time 80.917 on client 0
2025-09-15 22:48:53.359 TRACE : decode interaction for time 81.000 on client 0
2025-09-15 22:48:53.359 TRACE : decode interaction for time 81.083 on client 0
2025-09-15 22:48:53.359 TRACE : decode interaction for time 81.167 on client 0
2025-09-15 22:48:53.359 TRACE : decode interaction for time 81.250 on client 0
2025-09-15 22:48:53.359 TRACE : decode interaction for time 81.333 on client 0
2025-09-15 22:48:53.359 TRACE : decode interaction for time 81.417 on client 0
2025-09-15 22:48:53.359 TRACE : decode interaction for time 81.500 on client 0
2025-09-15 22:48:53.359 TRACE : decode interaction for time 81.583 on client 0
2025-09-15 22:48:53.359 TRACE : decode interaction for time 81.667 on client 0
2025-09-15 22:48:53.359 TRACE : decode interaction for time 81.750 on client 0
2025-09-15 22:48:53.359 TRACE : decode interaction for time 81.833 on client 0
2025-09-15 22:48:53.360 TRACE : decode interaction for time 81.917 on client 0
2025-09-15 22:48:53.360 TRACE : decode interaction for time 82.000 on client 0
2025-09-15 22:48:53.360 TRACE : decode interaction for time 82.083 on client 0
2025-09-15 22:48:53.360 TRACE : decode interaction for time 82.167 on client 0
2025-09-15 22:48:53.360 TRACE : decode interaction for time 82.250 on client 0
2025-09-15 22:48:53.360 TRACE : decode interaction for time 82.333 on client 0
2025-09-15 22:48:53.360 TRACE : decode interaction for time 82.417 on client 0
2025-09-15 22:48:53.360 TRACE : decode interaction for time 82.500 on client 0
2025-09-15 22:48:53.360 TRACE : decode interaction for time 82.583 on client 0
2025-09-15 22:48:53.360 TRACE : decode interaction for time 82.667 on client 0
2025-09-15 22:48:53.360 TRACE : decode interaction for time 82.750 on client 0
2025-09-15 22:48:53.360 TRACE : decode interaction for time 82.833 on client 0
2025-09-15 22:48:53.360 TRACE : decode interaction for time 82.917 on client 0
2025-09-15 22:48:53.360 TRACE : decode interaction for time 83.000 on client 0
2025-09-15 22:48:53.360 TRACE : decode interaction for time 83.083 on client 0
2025-09-15 22:48:53.360 TRACE : decode interaction for time 83.167 on client 0
2025-09-15 22:48:53.360 TRACE : decode interaction for time 83.250 on client 0
2025-09-15 22:48:53.361 TRACE : decode interaction for time 83.333 on client 0
2025-09-15 22:48:53.361 TRACE : decode interaction for time 83.417 on client 0
2025-09-15 22:48:53.361 TRACE : decode interaction for time 83.500 on client 0
2025-09-15 22:48:53.361 TRACE : decode interaction for time 83.583 on client 0
2025-09-15 22:48:53.361 TRACE : decode interaction for time 83.667 on client 0
2025-09-15 22:48:53.361 TRACE : decode interaction for time 83.750 on client 0
2025-09-15 22:48:53.361 TRACE : decode interaction for time 83.833 on client 0
2025-09-15 22:48:53.361 TRACE : decode interaction for time 83.917 on client 0
2025-09-15 22:48:53.361 TRACE : decode interaction for time 84.000 on client 0
2025-09-15 22:48:53.361 TRACE : decode interaction for time 84.083 on client 0
2025-09-15 22:48:53.361 TRACE : decode interaction for time 84.167 on client 0
2025-09-15 22:48:53.361 TRACE : decode interaction for time 84.250 on client 0
2025-09-15 22:48:53.361 TRACE : decode interaction for time 84.333 on client 0
2025-09-15 22:48:53.361 TRACE : decode interaction for time 84.417 on client 0
2025-09-15 22:48:53.361 TRACE : decode interaction for time 84.500 on client 0
2025-09-15 22:48:53.361 TRACE : decode interaction for time 84.583 on client 0
2025-09-15 22:48:53.361 TRACE : decode interaction for time 84.667 on client 0
2025-09-15 22:48:53.361 TRACE : decode interaction for time 84.750 on client 0
2025-09-15 22:48:53.361 TRACE : decode interaction for time 84.833 on client 0
2025-09-15 22:48:53.361 TRACE : decode interaction for time 84.917 on client 0
2025-09-15 22:48:53.361 TRACE : decode interaction for time 85.000 on client 0
2025-09-15 22:48:53.361 TRACE : decode interaction for time 85.083 on client 0
2025-09-15 22:48:53.361 TRACE : decode interaction for time 85.167 on client 0
2025-09-15 22:48:53.361 TRACE : decode interaction for time 85.250 on client 0
2025-09-15 22:48:53.361 TRACE : decode interaction for time 85.333 on client 0
2025-09-15 22:48:53.361 TRACE : decode interaction for time 85.417 on client 0
2025-09-15 22:48:53.361 TRACE : decode interaction for time 85.500 on client 0
2025-09-15 22:48:53.361 TRACE : decode interaction for time 85.583 on client 0
2025-09-15 22:48:53.361 TRACE : decode interaction for time 85.667 on client 0
2025-09-15 22:48:53.361 TRACE : decode interaction for time 85.750 on client 0
2025-09-15 22:48:53.361 TRACE : decode interaction for time 85.833 on client 0
2025-09-15 22:48:53.361 TRACE : decode interaction for time 85.917 on client 0
2025-09-15 22:48:53.361 TRACE : decode interaction for time 86.000 on client 0
2025-09-15 22:48:53.362 TRACE : decode interaction for time 86.083 on client 0
2025-09-15 22:48:53.362 TRACE : decode interaction for time 86.167 on client 0
2025-09-15 22:48:53.362 TRACE : decode interaction for time 86.250 on client 0
2025-09-15 22:48:53.362 TRACE : decode interaction for time 86.333 on client 0
2025-09-15 22:48:53.362 TRACE : decode interaction for time 86.417 on client 0
2025-09-15 22:48:53.362 TRACE : decode interaction for time 86.500 on client 0
2025-09-15 22:48:53.362 TRACE : decode interaction for time 86.583 on client 0
2025-09-15 22:48:53.362 TRACE : decode interaction for time 86.667 on client 0
2025-09-15 22:48:53.362 TRACE : decode interaction for time 86.750 on client 0
2025-09-15 22:48:53.362 TRACE : decode interaction for time 86.833 on client 0
2025-09-15 22:48:53.362 TRACE : decode interaction for time 86.917 on client 0
2025-09-15 22:48:53.362 TRACE : decode interaction for time 87.000 on client 0
2025-09-15 22:48:53.362 TRACE : decode interaction for time 87.083 on client 0
2025-09-15 22:48:53.362 TRACE : decode interaction for time 87.167 on client 0
2025-09-15 22:48:53.362 TRACE : decode interaction for time 87.250 on client 0
2025-09-15 22:48:53.362 TRACE : decode interaction for time 87.333 on client 0
2025-09-15 22:48:53.362 TRACE : decode interaction for time 87.417 on client 0
2025-09-15 22:48:53.363 TRACE : decode interaction for time 87.500 on client 0
2025-09-15 22:48:53.363 TRACE : decode interaction for time 87.583 on client 0
2025-09-15 22:48:53.363 TRACE : decode interaction for time 87.667 on client 0
2025-09-15 22:48:53.363 TRACE : decode interaction for time 87.750 on client 0
2025-09-15 22:48:53.363 TRACE : decode interaction for time 87.833 on client 0
2025-09-15 22:48:53.363 TRACE : decode interaction for time 87.917 on client 0
2025-09-15 22:48:53.363 TRACE : decode interaction for time 88.000 on client 0
2025-09-15 22:48:53.363 TRACE : decode interaction for time 88.083 on client 0
2025-09-15 22:48:53.363 TRACE : decode interaction for time 88.167 on client 0
2025-09-15 22:48:53.363 TRACE : decode interaction for time 88.250 on client 0
2025-09-15 22:48:53.363 TRACE : decode interaction for time 88.333 on client 0
2025-09-15 22:48:53.363 TRACE : decode interaction for time 88.417 on client 0
2025-09-15 22:48:53.363 TRACE : decode interaction for time 88.500 on client 0
2025-09-15 22:48:53.363 TRACE : decode interaction for time 88.583 on client 0
2025-09-15 22:48:53.363 TRACE : decode interaction for time 88.667 on client 0
2025-09-15 22:48:53.363 TRACE : decode interaction for time 88.750 on client 0
2025-09-15 22:48:53.363 TRACE : decode interaction for time 88.833 on client 0
2025-09-15 22:48:53.364 TRACE : decode interaction for time 88.917 on client 0
2025-09-15 22:48:53.364 TRACE : decode interaction for time 89.000 on client 0
2025-09-15 22:48:53.364 TRACE : decode interaction for time 89.083 on client 0
2025-09-15 22:48:53.364 TRACE : decode interaction for time 89.167 on client 0
2025-09-15 22:48:53.364 TRACE : decode interaction for time 89.250 on client 0
2025-09-15 22:48:53.364 TRACE : decode interaction for time 89.333 on client 0
2025-09-15 22:48:53.364 TRACE : decode interaction for time 89.417 on client 0
2025-09-15 22:48:53.364 TRACE : decode interaction for time 89.500 on client 0
2025-09-15 22:48:53.364 TRACE : decode interaction for time 89.583 on client 0
2025-09-15 22:48:53.364 TRACE : decode interaction for time 89.667 on client 0
2025-09-15 22:48:53.364 TRACE : decode interaction for time 89.750 on client 0
2025-09-15 22:48:53.364 TRACE : decode interaction for time 89.833 on client 0
2025-09-15 22:48:53.364 TRACE : decode interaction for time 89.917 on client 0
2025-09-15 22:48:53.364 TRACE : decode interaction for time 90.000 on client 0
2025-09-15 22:48:53.364 TRACE : decode interaction for time 90.083 on client 0
2025-09-15 22:48:53.364 TRACE : decode interaction for time 90.167 on client 0
2025-09-15 22:48:53.365 TRACE : decode interaction for time 90.250 on client 0
2025-09-15 22:48:53.365 TRACE : decode interaction for time 90.333 on client 0
2025-09-15 22:48:53.365 TRACE : decode interaction for time 90.417 on client 0
2025-09-15 22:48:53.365 TRACE : decode interaction for time 90.500 on client 0
2025-09-15 22:48:53.365 TRACE : decode interaction for time 90.583 on client 0
2025-09-15 22:48:53.365 TRACE : decode interaction for time 90.667 on client 0
2025-09-15 22:48:53.365 TRACE : decode interaction for time 90.750 on client 0
2025-09-15 22:48:53.365 TRACE : decode interaction for time 90.833 on client 0
2025-09-15 22:48:53.365 TRACE : decode interaction for time 90.917 on client 0
2025-09-15 22:48:53.365 TRACE : decode interaction for time 91.000 on client 0
2025-09-15 22:48:53.365 TRACE : decode interaction for time 91.083 on client 0
2025-09-15 22:48:53.365 TRACE : decode interaction for time 91.167 on client 0
2025-09-15 22:48:53.365 TRACE : decode interaction for time 91.250 on client 0
2025-09-15 22:48:53.365 TRACE : decode interaction for time 91.333 on client 0
2025-09-15 22:48:53.365 TRACE : decode interaction for time 91.417 on client 0
2025-09-15 22:48:53.365 TRACE : decode interaction for time 91.500 on client 0
2025-09-15 22:48:53.365 TRACE : decode interaction for time 91.583 on client 0
2025-09-15 22:48:53.366 TRACE : decode interaction for time 91.667 on client 0
2025-09-15 22:48:53.366 TRACE : decode interaction for time 91.750 on client 0
2025-09-15 22:48:53.366 TRACE : decode interaction for time 91.833 on client 0
2025-09-15 22:48:53.366 TRACE : decode interaction for time 91.917 on client 0
2025-09-15 22:48:53.366 TRACE : decode interaction for time 92.000 on client 0
2025-09-15 22:48:53.366 TRACE : decode interaction for time 92.083 on client 0
2025-09-15 22:48:53.366 TRACE : decode interaction for time 92.167 on client 0
2025-09-15 22:48:53.366 TRACE : decode interaction for time 92.250 on client 0
2025-09-15 22:48:53.366 TRACE : decode interaction for time 92.333 on client 0
2025-09-15 22:48:53.366 TRACE : decode interaction for time 92.417 on client 0
2025-09-15 22:48:53.366 TRACE : decode interaction for time 92.500 on client 0
2025-09-15 22:48:53.366 TRACE : decode interaction for time 92.583 on client 0
2025-09-15 22:48:53.366 TRACE : decode interaction for time 92.667 on client 0
2025-09-15 22:48:53.366 TRACE : decode interaction for time 92.750 on client 0
2025-09-15 22:48:53.366 TRACE : decode interaction for time 92.833 on client 0
2025-09-15 22:48:53.366 TRACE : decode interaction for time 92.917 on client 0
2025-09-15 22:48:53.366 TRACE : decode interaction for time 93.000 on client 0
2025-09-15 22:48:53.366 TRACE : decode interaction for time 93.083 on client 0
2025-09-15 22:48:53.366 TRACE : decode interaction for time 93.167 on client 0
2025-09-15 22:48:53.366 TRACE : decode interaction for time 93.250 on client 0
2025-09-15 22:48:53.367 TRACE : decode interaction for time 93.333 on client 0
2025-09-15 22:48:53.367 TRACE : decode interaction for time 93.417 on client 0
2025-09-15 22:48:53.367 TRACE : decode interaction for time 93.500 on client 0
2025-09-15 22:48:53.367 TRACE : decode interaction for time 93.583 on client 0
2025-09-15 22:48:53.367 TRACE : decode interaction for time 93.667 on client 0
2025-09-15 22:48:53.367 TRACE : decode interaction for time 93.750 on client 0
2025-09-15 22:48:53.367 TRACE : decode interaction for time 93.833 on client 0
2025-09-15 22:48:53.367 TRACE : decode interaction for time 93.917 on client 0
2025-09-15 22:48:53.367 TRACE : decode interaction for time 94.000 on client 0
2025-09-15 22:48:53.367 TRACE : decode interaction for time 94.083 on client 0
2025-09-15 22:48:53.367 TRACE : decode interaction for time 94.167 on client 0
2025-09-15 22:48:53.367 TRACE : decode interaction for time 94.250 on client 0
2025-09-15 22:48:53.367 TRACE : decode interaction for time 94.333 on client 0
2025-09-15 22:48:53.367 TRACE : decode interaction for time 94.417 on client 0
2025-09-15 22:48:53.367 TRACE : decode interaction for time 94.500 on client 0
2025-09-15 22:48:53.367 TRACE : decode interaction for time 94.583 on client 0
2025-09-15 22:48:53.367 TRACE : decode interaction for time 94.667 on client 0
2025-09-15 22:48:53.367 TRACE : decode interaction for time 94.750 on client 0
2025-09-15 22:48:53.367 TRACE : decode interaction for time 94.833 on client 0
2025-09-15 22:48:53.367 TRACE : decode interaction for time 94.917 on client 0
2025-09-15 22:48:53.367 TRACE : decode interaction for time 95.000 on client 0
2025-09-15 22:48:53.367 TRACE : decode interaction for time 95.083 on client 0
2025-09-15 22:48:53.367 TRACE : decode interaction for time 95.167 on client 0
2025-09-15 22:48:53.367 TRACE : decode interaction for time 95.250 on client 0
2025-09-15 22:48:53.367 TRACE : decode interaction for time 95.333 on client 0
2025-09-15 22:48:53.367 TRACE : decode interaction for time 95.417 on client 0
2025-09-15 22:48:53.367 TRACE : decode interaction for time 95.500 on client 0
2025-09-15 22:48:53.367 TRACE : decode interaction for time 95.583 on client 0
2025-09-15 22:48:53.367 TRACE : decode interaction for time 95.667 on client 0
2025-09-15 22:48:53.367 TRACE : decode interaction for time 95.750 on client 0
2025-09-15 22:48:53.368 TRACE : decode interaction for time 95.833 on client 0
2025-09-15 22:48:53.368 TRACE : decode interaction for time 95.917 on client 0
2025-09-15 22:48:53.368 TRACE : decode interaction for time 96.000 on client 0
2025-09-15 22:48:53.368 TRACE : decode interaction for time 96.083 on client 0
2025-09-15 22:48:53.368 TRACE : decode interaction for time 96.167 on client 0
2025-09-15 22:48:53.368 TRACE : decode interaction for time 96.250 on client 0
2025-09-15 22:48:53.368 TRACE : decode interaction for time 96.333 on client 0
2025-09-15 22:48:53.368 TRACE : decode interaction for time 96.417 on client 0
2025-09-15 22:48:53.368 TRACE : decode interaction for time 96.500 on client 0
2025-09-15 22:48:53.368 TRACE : decode interaction for time 96.583 on client 0
2025-09-15 22:48:53.368 TRACE : decode interaction for time 96.667 on client 0
2025-09-15 22:48:53.368 TRACE : decode interaction for time 96.750 on client 0
2025-09-15 22:48:53.368 TRACE : decode interaction for time 96.833 on client 0
2025-09-15 22:48:53.368 TRACE : decode interaction for time 96.917 on client 0
2025-09-15 22:48:53.368 TRACE : decode interaction for time 97.000 on client 0
2025-09-15 22:48:53.368 TRACE : decode interaction for time 97.083 on client 0
2025-09-15 22:48:53.369 TRACE : decode interaction for time 97.167 on client 0
2025-09-15 22:48:53.369 TRACE : decode interaction for time 97.250 on client 0
2025-09-15 22:48:53.369 TRACE : decode interaction for time 97.333 on client 0
2025-09-15 22:48:53.369 TRACE : decode interaction for time 97.417 on client 0
2025-09-15 22:48:53.369 TRACE : decode interaction for time 97.500 on client 0
2025-09-15 22:48:53.369 TRACE : decode interaction for time 97.583 on client 0
2025-09-15 22:48:53.369 TRACE : decode interaction for time 97.667 on client 0
2025-09-15 22:48:53.369 TRACE : decode interaction for time 97.750 on client 0
2025-09-15 22:48:53.369 TRACE : decode interaction for time 97.833 on client 0
2025-09-15 22:48:53.369 TRACE : decode interaction for time 97.917 on client 0
2025-09-15 22:48:53.369 TRACE : decode interaction for time 98.000 on client 0
2025-09-15 22:48:53.369 TRACE : decode interaction for time 98.083 on client 0
2025-09-15 22:48:53.369 TRACE : decode interaction for time 98.167 on client 0
2025-09-15 22:48:53.369 TRACE : decode interaction for time 98.250 on client 0
2025-09-15 22:48:53.369 TRACE : decode interaction for time 98.333 on client 0
2025-09-15 22:48:53.369 TRACE : decode interaction for time 98.417 on client 0
2025-09-15 22:48:53.369 TRACE : decode interaction for time 98.500 on client 0
2025-09-15 22:48:53.369 TRACE : decode interaction for time 98.583 on client 0
2025-09-15 22:48:53.369 TRACE : decode interaction for time 98.667 on client 0
2025-09-15 22:48:53.369 TRACE : decode interaction for time 98.750 on client 0
2025-09-15 22:48:53.369 TRACE : decode interaction for time 98.833 on client 0
2025-09-15 22:48:53.369 TRACE : decode interaction for time 98.917 on client 0
2025-09-15 22:48:53.369 TRACE : decode interaction for time 99.000 on client 0
2025-09-15 22:48:53.370 TRACE : decode interaction for time 99.083 on client 0
2025-09-15 22:48:53.370 TRACE : decode interaction for time 99.167 on client 0
2025-09-15 22:48:53.370 TRACE : decode interaction for time 99.250 on client 0
2025-09-15 22:48:53.370 TRACE : decode interaction for time 99.333 on client 0
2025-09-15 22:48:53.370 TRACE : decode interaction for time 99.417 on client 0
2025-09-15 22:48:53.370 TRACE : decode interaction for time 99.500 on client 0
2025-09-15 22:48:53.370 TRACE : decode interaction for time 99.583 on client 0
2025-09-15 22:48:53.370 TRACE : decode interaction for time 99.667 on client 0
2025-09-15 22:48:53.370 TRACE : decode interaction for time 99.750 on client 0
2025-09-15 22:48:53.370 TRACE : decode interaction for time 99.833 on client 0
2025-09-15 22:48:53.370 TRACE : decode interaction for time 99.917 on client 0
2025-09-15 22:48:53.370 TRACE : decode interaction for time 100.000 on client 0
2025-09-15 22:48:53.370 DEBUG : runtime is ready
2025-09-15 22:48:53.370 DEBUG : numDecoded = 0
2025-09-15 22:48:53.370 TRACE : closed decode channel
2025-09-15 22:48:53.370 TRACE : sort interactions
2025-09-15 22:48:53.370 DEBUG : synchronize with primary
2025-09-15 22:48:53.370 TRACE : wait for primary start signal
2025-09-15 22:48:53.370 INFO  : run benchmark for 100.000 seconds
2025-09-15 22:48:53.453 TRACE : trigger interaction 0xc000182960 1/1200
[TRACE] Decoding transaction bytes of length: 229
[TRACE] Transaction type: 6
[TRACE] Successfully decoded transaction with hash: 8f10d66bf66461caf1a7fbeda5680f9b8c08647c10d42f18dc3ce3d92461539e
2025-09-15 22:48:53.454 TRACE client[0]: Processing transaction with hash: 8f10d66bf66461caf1a7fbeda5680f9b8c08647c10d42f18dc3ce3d92461539e
2025-09-15 22:48:53.454 DEBUG client[0]: Submitting transaction 8f10d66bf66461caf1a7fbeda5680f9b8c08647c10d42f18dc3ce3d92461539e
2025-09-15 22:48:53.537 TRACE : trigger interaction 0xc000182a50 2/1200
[TRACE] Decoding transaction bytes of length: 229
[TRACE] Transaction type: 6
[TRACE] Successfully decoded transaction with hash: ec31a849822e271249cfc32e8939ccb9849995a588d9d4c5d52136bfbc530371
2025-09-15 22:48:53.538 TRACE client[0]: Processing transaction with hash: ec31a849822e271249cfc32e8939ccb9849995a588d9d4c5d52136bfbc530371
2025-09-15 22:48:53.538 DEBUG client[0]: Submitting transaction ec31a849822e271249cfc32e8939ccb9849995a588d9d4c5d52136bfbc530371
2025-09-15 22:48:53.621 TRACE : trigger interaction 0xc000182b40 3/1200
[TRACE] Decoding transaction bytes of length: 229
[TRACE] Transaction type: 6
[TRACE] Successfully decoded transaction with hash: da4b11e724e1a6093fb9088cfaca17bce2e91e47c9fca15debb2b9eb9ba4fc59
2025-09-15 22:48:53.621 TRACE client[0]: Processing transaction with hash: da4b11e724e1a6093fb9088cfaca17bce2e91e47c9fca15debb2b9eb9ba4fc59
2025-09-15 22:48:53.621 DEBUG client[0]: Submitting transaction da4b11e724e1a6093fb9088cfaca17bce2e91e47c9fca15debb2b9eb9ba4fc59
2025-09-15 22:48:53.704 TRACE : trigger interaction 0xc000182c30 4/1200
[TRACE] Decoding transaction bytes of length: 229
[TRACE] Transaction type: 6
[TRACE] Successfully decoded transaction with hash: 73374196abb11fb679f29ad0fbd9b84c46c6af656dd74798399c8a9a002758e8
2025-09-15 22:48:53.704 TRACE client[0]: Processing transaction with hash: 73374196abb11fb679f29ad0fbd9b84c46c6af656dd74798399c8a9a002758e8
2025-09-15 22:48:53.704 DEBUG client[0]: Submitting transaction 73374196abb11fb679f29ad0fbd9b84c46c6af656dd74798399c8a9a002758e8
2025-09-15 22:48:53.787 TRACE : trigger interaction 0xc000182d20 5/1200
[TRACE] Decoding transaction bytes of length: 229
[TRACE] Transaction type: 6
[TRACE] Successfully decoded transaction with hash: 23dda5946179629bac14e24576b594f30f1e5dfa6ea4146a193d83479cb28c78
2025-09-15 22:48:53.787 TRACE client[0]: Processing transaction with hash: 23dda5946179629bac14e24576b594f30f1e5dfa6ea4146a193d83479cb28c78
2025-09-15 22:48:53.787 DEBUG client[0]: Submitting transaction 23dda5946179629bac14e24576b594f30f1e5dfa6ea4146a193d83479cb28c78
2025-09-15 22:48:53.870 TRACE : trigger interaction 0xc000182e10 6/1200
[TRACE] Decoding transaction bytes of length: 229
[TRACE] Transaction type: 6
[TRACE] Successfully decoded transaction with hash: d7a4bd3c82a1232359acb29f653a48fcf60f1b392c64f70afc182bf156103fc2
2025-09-15 22:48:53.871 TRACE client[0]: Processing transaction with hash: d7a4bd3c82a1232359acb29f653a48fcf60f1b392c64f70afc182bf156103fc2
2025-09-15 22:48:53.871 DEBUG client[0]: Submitting transaction d7a4bd3c82a1232359acb29f653a48fcf60f1b392c64f70afc182bf156103fc2
2025-09-15 22:48:53.954 TRACE : trigger interaction 0xc000182f00 7/1200
[TRACE] Decoding transaction bytes of length: 229
[TRACE] Transaction type: 6
[TRACE] Successfully decoded transaction with hash: 568fe1bc68006a4446ab80c2b2cd0b6fe70e54009635846e59b1c3eda58fa9db
2025-09-15 22:48:53.954 TRACE client[0]: Processing transaction with hash: 568fe1bc68006a4446ab80c2b2cd0b6fe70e54009635846e59b1c3eda58fa9db
2025-09-15 22:48:53.954 DEBUG client[0]: Submitting transaction 568fe1bc68006a4446ab80c2b2cd0b6fe70e54009635846e59b1c3eda58fa9db
2025-09-15 22:48:54.006 TRACE client[0]: Found transaction in block: 8f10d66bf66461caf1a7fbeda5680f9b8c08647c10d42f18dc3ce3d92461539e
2025-09-15 22:48:54.006 TRACE client[0]: Found transaction in block: ec31a849822e271249cfc32e8939ccb9849995a588d9d4c5d52136bfbc530371
2025-09-15 22:48:54.006 TRACE client[0]: Found transaction in block: da4b11e724e1a6093fb9088cfaca17bce2e91e47c9fca15debb2b9eb9ba4fc59
2025-09-15 22:48:54.006 TRACE client[0]: Found transaction in block: 73374196abb11fb679f29ad0fbd9b84c46c6af656dd74798399c8a9a002758e8
2025-09-15 22:48:54.006 TRACE client[0]: Found transaction in block: 23dda5946179629bac14e24576b594f30f1e5dfa6ea4146a193d83479cb28c78
2025-09-15 22:48:54.006 TRACE client[0]: Found transaction in block: d7a4bd3c82a1232359acb29f653a48fcf60f1b392c64f70afc182bf156103fc2
2025-09-15 22:48:54.006 TRACE client[0]: Found transaction in block: 568fe1bc68006a4446ab80c2b2cd0b6fe70e54009635846e59b1c3eda58fa9db
2025-09-15 22:48:54.008 WARN  client[0]: Chain reorganisation detected - rolling back to slot 2272
2025-09-15 22:48:54.009 TRACE client[0]: Found transaction in block: 8f10d66bf66461caf1a7fbeda5680f9b8c08647c10d42f18dc3ce3d92461539e
2025-09-15 22:48:54.009 TRACE client[0]: Transaction 8f10d66bf66461caf1a7fbeda5680f9b8c08647c10d42f18dc3ce3d92461539e already committed
2025-09-15 22:48:54.009 TRACE client[0]: Found transaction in block: ec31a849822e271249cfc32e8939ccb9849995a588d9d4c5d52136bfbc530371
2025-09-15 22:48:54.009 TRACE client[0]: Transaction ec31a849822e271249cfc32e8939ccb9849995a588d9d4c5d52136bfbc530371 already committed
2025-09-15 22:48:54.009 TRACE client[0]: Found transaction in block: da4b11e724e1a6093fb9088cfaca17bce2e91e47c9fca15debb2b9eb9ba4fc59
2025-09-15 22:48:54.009 TRACE client[0]: Transaction da4b11e724e1a6093fb9088cfaca17bce2e91e47c9fca15debb2b9eb9ba4fc59 already committed
2025-09-15 22:48:54.009 TRACE client[0]: Found transaction in block: 73374196abb11fb679f29ad0fbd9b84c46c6af656dd74798399c8a9a002758e8
2025-09-15 22:48:54.009 TRACE client[0]: Transaction 73374196abb11fb679f29ad0fbd9b84c46c6af656dd74798399c8a9a002758e8 already committed
2025-09-15 22:48:54.009 TRACE client[0]: Found transaction in block: 23dda5946179629bac14e24576b594f30f1e5dfa6ea4146a193d83479cb28c78
2025-09-15 22:48:54.009 TRACE client[0]: Transaction 23dda5946179629bac14e24576b594f30f1e5dfa6ea4146a193d83479cb28c78 already committed
2025-09-15 22:48:54.009 TRACE client[0]: Found transaction in block: d7a4bd3c82a1232359acb29f653a48fcf60f1b392c64f70afc182bf156103fc2
2025-09-15 22:48:54.009 TRACE client[0]: Transaction d7a4bd3c82a1232359acb29f653a48fcf60f1b392c64f70afc182bf156103fc2 already committed
2025-09-15 22:48:54.009 TRACE client[0]: Found transaction in block: 568fe1bc68006a4446ab80c2b2cd0b6fe70e54009635846e59b1c3eda58fa9db
2025-09-15 22:48:54.009 TRACE client[0]: Transaction 568fe1bc68006a4446ab80c2b2cd0b6fe70e54009635846e59b1c3eda58fa9db already committed
2025-09-15 22:48:54.037 TRACE : trigger interaction 0xc000182ff0 8/1200
[TRACE] Decoding transaction bytes of length: 229
[TRACE] Transaction type: 6
[TRACE] Successfully decoded transaction with hash: 3de212898b01bf30df27bf8dfcc2149c06457bf6c0c321ee9acba347cbd0a208
2025-09-15 22:48:54.037 TRACE client[0]: Processing transaction with hash: 3de212898b01bf30df27bf8dfcc2149c06457bf6c0c321ee9acba347cbd0a208
2025-09-15 22:48:54.037 DEBUG client[0]: Submitting transaction 3de212898b01bf30df27bf8dfcc2149c06457bf6c0c321ee9acba347cbd0a208
2025-09-15 22:48:54.121 TRACE : trigger interaction 0xc0001830e0 9/1200
[TRACE] Decoding transaction bytes of length: 229
[TRACE] Transaction type: 6
[TRACE] Successfully decoded transaction with hash: 3cf9d417f7c036f9e54a90650983bc4929e438709169c7bd76a1566717616f4d
2025-09-15 22:48:54.121 TRACE client[0]: Processing transaction with hash: 3cf9d417f7c036f9e54a90650983bc4929e438709169c7bd76a1566717616f4d
2025-09-15 22:48:54.121 DEBUG client[0]: Submitting transaction 3cf9d417f7c036f9e54a90650983bc4929e438709169c7bd76a1566717616f4d
2025-09-15 22:48:54.204 TRACE : trigger interaction 0xc0001831d0 10/1200
[TRACE] Decoding transaction bytes of length: 229
[TRACE] Transaction type: 6
[TRACE] Successfully decoded transaction with hash: 62246095086e27817025f1726fd467ea308d45a0da481c367b31d25ac61a57dc
2025-09-15 22:48:54.204 TRACE client[0]: Processing transaction with hash: 62246095086e27817025f1726fd467ea308d45a0da481c367b31d25ac61a57dc
2025-09-15 22:48:54.204 DEBUG client[0]: Submitting transaction 62246095086e27817025f1726fd467ea308d45a0da481c367b31d25ac61a57dc
2025-09-15 22:48:54.287 TRACE : trigger interaction 0xc0001832c0 11/1200
[TRACE] Decoding transaction bytes of length: 229
[TRACE] Transaction type: 6
[TRACE] Successfully decoded transaction with hash: 1f03b648e9c6060ef517a50b4360f032b1e728aafacb3da38b7c334635ccbd16
2025-09-15 22:48:54.287 TRACE client[0]: Processing transaction with hash: 1f03b648e9c6060ef517a50b4360f032b1e728aafacb3da38b7c334635ccbd16
2025-09-15 22:48:54.287 DEBUG client[0]: Submitting transaction 1f03b648e9c6060ef517a50b4360f032b1e728aafacb3da38b7c334635ccbd16
2025-09-15 22:48:54.371 TRACE : trigger interaction 0xc0001833b0 12/1200
[TRACE] Decoding transaction bytes of length: 229
[TRACE] Transaction type: 6
[TRACE] Successfully decoded transaction with hash: 3b21ca0e4ec843db70bc446e3c2b79d9ce818693560673551f65204714bc0a7c
2025-09-15 22:48:54.371 TRACE client[0]: Processing transaction with hash: 3b21ca0e4ec843db70bc446e3c2b79d9ce818693560673551f65204714bc0a7c
2025-09-15 22:48:54.371 DEBUG client[0]: Submitting transaction 3b21ca0e4ec843db70bc446e3c2b79d9ce818693560673551f65204714bc0a7c
2025-09-15 22:48:54.454 TRACE : trigger interaction 0xc0001834a0 13/1200
[TRACE] Decoding transaction bytes of length: 229
[TRACE] Transaction type: 6
[TRACE] Successfully decoded transaction with hash: 6ea26eaf3d754814d6e074af44b04c3d198d1c5e7bf9015fef9b7a93c498a996
2025-09-15 22:48:54.454 TRACE client[0]: Processing transaction with hash: 6ea26eaf3d754814d6e074af44b04c3d198d1c5e7bf9015fef9b7a93c498a996
2025-09-15 22:48:54.454 DEBUG client[0]: Submitting transaction 6ea26eaf3d754814d6e074af44b04c3d198d1c5e7bf9015fef9b7a93c498a996
2025-09-15 22:48:54.537 TRACE : trigger interaction 0xc000183590 14/1200
[TRACE] Decoding transaction bytes of length: 229
[TRACE] Transaction type: 6
[TRACE] Successfully decoded transaction with hash: 311a1ff43efd498734b44471003b88a31a17d85c90e0a059274c7a961cd23995
2025-09-15 22:48:54.537 TRACE client[0]: Processing transaction with hash: 311a1ff43efd498734b44471003b88a31a17d85c90e0a059274c7a961cd23995
2025-09-15 22:48:54.537 DEBUG client[0]: Submitting transaction 311a1ff43efd498734b44471003b88a31a17d85c90e0a059274c7a961cd23995
2025-09-15 22:48:54.620 TRACE : trigger interaction 0xc000183680 15/1200
[TRACE] Decoding transaction bytes of length: 229
[TRACE] Transaction type: 6
[TRACE] Successfully decoded transaction with hash: a19f65848925f07ccb0fd867aaeaa1878295fb707c17c79491c954e8ce3326c3
2025-09-15 22:48:54.621 TRACE client[0]: Processing transaction with hash: a19f65848925f07ccb0fd867aaeaa1878295fb707c17c79491c954e8ce3326c3
2025-09-15 22:48:54.621 DEBUG client[0]: Submitting transaction a19f65848925f07ccb0fd867aaeaa1878295fb707c17c79491c954e8ce3326c3
2025-09-15 22:48:54.704 TRACE : trigger interaction 0xc000183770 16/1200
[TRACE] Decoding transaction bytes of length: 229
[TRACE] Transaction type: 6
[TRACE] Successfully decoded transaction with hash: bc71fae3f3b5941d3496e5ed2959cce32b4bc0e38380e779a923651b05839afa
2025-09-15 22:48:54.704 TRACE client[0]: Processing transaction with hash: bc71fae3f3b5941d3496e5ed2959cce32b4bc0e38380e779a923651b05839afa
2025-09-15 22:48:54.704 DEBUG client[0]: Submitting transaction bc71fae3f3b5941d3496e5ed2959cce32b4bc0e38380e779a923651b05839afa
2025-09-15 22:48:54.787 TRACE : trigger interaction 0xc000183860 17/1200
[TRACE] Decoding transaction bytes of length: 229
[TRACE] Transaction type: 6
[TRACE] Successfully decoded transaction with hash: eb0b3a5752c38a6956917eef64ff281fcf0c2967cf396b445aee78a7ff1c7d15
2025-09-15 22:48:54.788 TRACE client[0]: Processing transaction with hash: eb0b3a5752c38a6956917eef64ff281fcf0c2967cf396b445aee78a7ff1c7d15
2025-09-15 22:48:54.788 DEBUG client[0]: Submitting transaction eb0b3a5752c38a6956917eef64ff281fcf0c2967cf396b445aee78a7ff1c7d15
2025-09-15 22:48:54.870 TRACE : trigger interaction 0xc000183950 18/1200
[TRACE] Decoding transaction bytes of length: 229
[TRACE] Transaction type: 6
[TRACE] Successfully decoded transaction with hash: 3f66c18abd5cda24f1c97306477d9e09d913627f51079cea54fdb4f048ee92eb
2025-09-15 22:48:54.871 TRACE client[0]: Processing transaction with hash: 3f66c18abd5cda24f1c97306477d9e09d913627f51079cea54fdb4f048ee92eb
2025-09-15 22:48:54.871 DEBUG client[0]: Submitting transaction 3f66c18abd5cda24f1c97306477d9e09d913627f51079cea54fdb4f048ee92eb
2025-09-15 22:48:54.954 TRACE : trigger interaction 0xc000183a40 19/1200
[TRACE] Decoding transaction bytes of length: 229
[TRACE] Transaction type: 6
[TRACE] Successfully decoded transaction with hash: 86a19f10a4a53dfeae1531aa24ef64b9a3d8aef884b3c099ebe1c02c85c57e4a
2025-09-15 22:48:54.954 TRACE client[0]: Processing transaction with hash: 86a19f10a4a53dfeae1531aa24ef64b9a3d8aef884b3c099ebe1c02c85c57e4a
2025-09-15 22:48:54.954 DEBUG client[0]: Submitting transaction 86a19f10a4a53dfeae1531aa24ef64b9a3d8aef884b3c099ebe1c02c85c57e4a
2025-09-15 22:48:55.037 TRACE : trigger interaction 0xc000183b30 20/1200
[TRACE] Decoding transaction bytes of length: 229
[TRACE] Transaction type: 6
[TRACE] Successfully decoded transaction with hash: 9a3c2b7a13b72ff135d4dfbbe1d3a0b4ec7b75c1d30cac8b5dc3a481091781b1
2025-09-15 22:48:55.038 TRACE client[0]: Processing transaction with hash: 9a3c2b7a13b72ff135d4dfbbe1d3a0b4ec7b75c1d30cac8b5dc3a481091781b1
2025-09-15 22:48:55.038 DEBUG client[0]: Submitting transaction 9a3c2b7a13b72ff135d4dfbbe1d3a0b4ec7b75c1d30cac8b5dc3a481091781b1
2025-09-15 22:48:55.121 TRACE : trigger interaction 0xc000183c20 21/1200
[TRACE] Decoding transaction bytes of length: 229
[TRACE] Transaction type: 6
[TRACE] Successfully decoded transaction with hash: 9b7ddfabe7d2d9cc0d0ebe78fbc78aed7b7abe78ee13b2456d5f76b9d7cdd7d1
2025-09-15 22:48:55.121 TRACE client[0]: Processing transaction with hash: 9b7ddfabe7d2d9cc0d0ebe78fbc78aed7b7abe78ee13b2456d5f76b9d7cdd7d1
2025-09-15 22:48:55.121 DEBUG client[0]: Submitting transaction 9b7ddfabe7d2d9cc0d0ebe78fbc78aed7b7abe78ee13b2456d5f76b9d7cdd7d1
2025-09-15 22:48:55.204 TRACE : trigger interaction 0xc000183d10 22/1200
[TRACE] Decoding transaction bytes of length: 229
[TRACE] Transaction type: 6
[TRACE] Successfully decoded transaction with hash: 7520681a2163903aa3c4c93162206eaa14552d49746079c2498b5f025db83f98
2025-09-15 22:48:55.204 TRACE client[0]: Processing transaction with hash: 7520681a2163903aa3c4c93162206eaa14552d49746079c2498b5f025db83f98
2025-09-15 22:48:55.204 DEBUG client[0]: Submitting transaction 7520681a2163903aa3c4c93162206eaa14552d49746079c2498b5f025db83f98
2025-09-15 22:48:55.287 TRACE : trigger interaction 0xc000183e00 23/1200
[TRACE] Decoding transaction bytes of length: 229
[TRACE] Transaction type: 6
[TRACE] Successfully decoded transaction with hash: dc3c249861588ed4ad9f3cbae92878c04935e242d611ce740e05c5be6b6b9c32
2025-09-15 22:48:55.287 TRACE client[0]: Processing transaction with hash: dc3c249861588ed4ad9f3cbae92878c04935e242d611ce740e05c5be6b6b9c32
2025-09-15 22:48:55.287 DEBUG client[0]: Submitting transaction dc3c249861588ed4ad9f3cbae92878c04935e242d611ce740e05c5be6b6b9c32
2025-09-15 22:48:55.370 TRACE : trigger interaction 0xc000183ef0 24/1200
[TRACE] Decoding transaction bytes of length: 229
[TRACE] Transaction type: 6
[TRACE] Successfully decoded transaction with hash: 777df66db623b6dfce5607162e1640c61c936c1f8f6c6549ee8dc033dea9a151
2025-09-15 22:48:55.371 TRACE client[0]: Processing transaction with hash: 777df66db623b6dfce5607162e1640c61c936c1f8f6c6549ee8dc033dea9a151
2025-09-15 22:48:55.371 DEBUG client[0]: Submitting transaction 777df66db623b6dfce5607162e1640c61c936c1f8f6c6549ee8dc033dea9a151
2025-09-15 22:48:55.454 TRACE : trigger interaction 0xc00040c000 25/1200
[TRACE] Decoding transaction bytes of length: 229
[TRACE] Transaction type: 6
[TRACE] Successfully decoded transaction with hash: 01cc6c6b6ff420bed6c54a0c7f068485ba92f3ccf0a62b1248de98f08fb82a48
2025-09-15 22:48:55.454 TRACE client[0]: Processing transaction with hash: 01cc6c6b6ff420bed6c54a0c7f068485ba92f3ccf0a62b1248de98f08fb82a48
2025-09-15 22:48:55.454 DEBUG client[0]: Submitting transaction 01cc6c6b6ff420bed6c54a0c7f068485ba92f3ccf0a62b1248de98f08fb82a48
2025-09-15 22:48:55.537 TRACE : trigger interaction 0xc00040c0f0 26/1200
[TRACE] Decoding transaction bytes of length: 230
[TRACE] Transaction type: 6
[TRACE] Successfully decoded transaction with hash: 2ab9c4b023b53fa417d1dffe9b57ec4f0a7232655c0cdfc7764beb3f7de7b372
2025-09-15 22:48:55.537 TRACE client[0]: Processing transaction with hash: 2ab9c4b023b53fa417d1dffe9b57ec4f0a7232655c0cdfc7764beb3f7de7b372
2025-09-15 22:48:55.537 DEBUG client[0]: Submitting transaction 2ab9c4b023b53fa417d1dffe9b57ec4f0a7232655c0cdfc7764beb3f7de7b372
2025-09-15 22:48:55.609 TRACE client[0]: Found transaction in block: 3de212898b01bf30df27bf8dfcc2149c06457bf6c0c321ee9acba347cbd0a208
2025-09-15 22:48:55.610 TRACE client[0]: Found transaction in block: 3cf9d417f7c036f9e54a90650983bc4929e438709169c7bd76a1566717616f4d
2025-09-15 22:48:55.610 TRACE client[0]: Found transaction in block: 62246095086e27817025f1726fd467ea308d45a0da481c367b31d25ac61a57dc
2025-09-15 22:48:55.610 TRACE client[0]: Found transaction in block: 1f03b648e9c6060ef517a50b4360f032b1e728aafacb3da38b7c334635ccbd16
2025-09-15 22:48:55.610 TRACE client[0]: Found transaction in block: 3b21ca0e4ec843db70bc446e3c2b79d9ce818693560673551f65204714bc0a7c
2025-09-15 22:48:55.610 TRACE client[0]: Found transaction in block: 6ea26eaf3d754814d6e074af44b04c3d198d1c5e7bf9015fef9b7a93c498a996
2025-09-15 22:48:55.610 TRACE client[0]: Found transaction in block: 311a1ff43efd498734b44471003b88a31a17d85c90e0a059274c7a961cd23995
2025-09-15 22:48:55.610 TRACE client[0]: Found transaction in block: a19f65848925f07ccb0fd867aaeaa1878295fb707c17c79491c954e8ce3326c3
2025-09-15 22:48:55.610 TRACE client[0]: Found transaction in block: bc71fae3f3b5941d3496e5ed2959cce32b4bc0e38380e779a923651b05839afa
2025-09-15 22:48:55.610 TRACE client[0]: Found transaction in block: eb0b3a5752c38a6956917eef64ff281fcf0c2967cf396b445aee78a7ff1c7d15
2025-09-15 22:48:55.610 TRACE client[0]: Found transaction in block: 3f66c18abd5cda24f1c97306477d9e09d913627f51079cea54fdb4f048ee92eb
2025-09-15 22:48:55.610 TRACE client[0]: Found transaction in block: 86a19f10a4a53dfeae1531aa24ef64b9a3d8aef884b3c099ebe1c02c85c57e4a
2025-09-15 22:48:55.610 TRACE client[0]: Found transaction in block: 9a3c2b7a13b72ff135d4dfbbe1d3a0b4ec7b75c1d30cac8b5dc3a481091781b1
2025-09-15 22:48:55.610 TRACE client[0]: Found transaction in block: 9b7ddfabe7d2d9cc0d0ebe78fbc78aed7b7abe78ee13b2456d5f76b9d7cdd7d1
2025-09-15 22:48:55.610 TRACE client[0]: Found transaction in block: 7520681a2163903aa3c4c93162206eaa14552d49746079c2498b5f025db83f98
2025-09-15 22:48:55.610 TRACE client[0]: Found transaction in block: dc3c249861588ed4ad9f3cbae92878c04935e242d611ce740e05c5be6b6b9c32
2025-09-15 22:48:55.610 TRACE client[0]: Found transaction in block: 777df66db623b6dfce5607162e1640c61c936c1f8f6c6549ee8dc033dea9a151
2025-09-15 22:48:55.610 TRACE client[0]: Found transaction in block: 01cc6c6b6ff420bed6c54a0c7f068485ba92f3ccf0a62b1248de98f08fb82a48
2025-09-15 22:48:55.610 TRACE client[0]: Found transaction in block: 2ab9c4b023b53fa417d1dffe9b57ec4f0a7232655c0cdfc7764beb3f7de7b372
2025-09-15 22:48:55.620 TRACE : trigger interaction 0xc00040c1e0 27/1200
[TRACE] Decoding transaction bytes of length: 230
[TRACE] Transaction type: 6
[TRACE] Successfully decoded transaction with hash: fd72a48c954401f7e6c77555fdca3bf4a2e2b3d69d0aaf3cc055d0192b04c65f
2025-09-15 22:48:55.620 TRACE client[0]: Processing transaction with hash: fd72a48c954401f7e6c77555fdca3bf4a2e2b3d69d0aaf3cc055d0192b04c65f
2025-09-15 22:48:55.620 DEBUG client[0]: Submitting transaction fd72a48c954401f7e6c77555fdca3bf4a2e2b3d69d0aaf3cc055d0192b04c65f
2025-09-15 22:48:55.704 TRACE : trigger interaction 0xc00040c2d0 28/1200
[TRACE] Decoding transaction bytes of length: 230
[TRACE] Transaction type: 6
[TRACE] Successfully decoded transaction with hash: 15ff2b32ab9a7f2d3e02d3063b35bafbdc4a8f14ac324061c3b4005886e9bbe6
2025-09-15 22:48:55.704 TRACE client[0]: Processing transaction with hash: 15ff2b32ab9a7f2d3e02d3063b35bafbdc4a8f14ac324061c3b4005886e9bbe6
2025-09-15 22:48:55.704 DEBUG client[0]: Submitting transaction 15ff2b32ab9a7f2d3e02d3063b35bafbdc4a8f14ac324061c3b4005886e9bbe6
2025-09-15 22:48:55.787 TRACE : trigger interaction 0xc00040c3c0 29/1200
[TRACE] Decoding transaction bytes of length: 230
[TRACE] Transaction type: 6
[TRACE] Successfully decoded transaction with hash: 144e89be07f6e4dc7de7d2b19970fdfc4cf06403c0bd30c826e4b4b43b32ccbc
2025-09-15 22:48:55.788 TRACE client[0]: Processing transaction with hash: 144e89be07f6e4dc7de7d2b19970fdfc4cf06403c0bd30c826e4b4b43b32ccbc
2025-09-15 22:48:55.788 DEBUG client[0]: Submitting transaction 144e89be07f6e4dc7de7d2b19970fdfc4cf06403c0bd30c826e4b4b43b32ccbc
2025-09-15 22:48:55.871 TRACE : trigger interaction 0xc00040c4b0 30/1200
[TRACE] Decoding transaction bytes of length: 230
[TRACE] Transaction type: 6
[TRACE] Successfully decoded transaction with hash: b02b32cee90ee2b8c11fdb9a411b7d026f69db9ec73fc86575b0652785a043f2
2025-09-15 22:48:55.871 TRACE client[0]: Processing transaction with hash: b02b32cee90ee2b8c11fdb9a411b7d026f69db9ec73fc86575b0652785a043f2
2025-09-15 22:48:55.871 DEBUG client[0]: Submitting transaction b02b32cee90ee2b8c11fdb9a411b7d026f69db9ec73fc86575b0652785a043f2
2025-09-15 22:48:55.954 TRACE : trigger interaction 0xc00040c5a0 31/1200
[TRACE] Decoding transaction bytes of length: 230
[TRACE] Transaction type: 6
[TRACE] Successfully decoded transaction with hash: 53b1ebb4a0b02226fc614f952f73085af1a3e43d295268af4a4289bcaa0386f8
2025-09-15 22:48:55.954 TRACE client[0]: Processing transaction with hash: 53b1ebb4a0b02226fc614f952f73085af1a3e43d295268af4a4289bcaa0386f8
2025-09-15 22:48:55.954 DEBUG client[0]: Submitting transaction 53b1ebb4a0b02226fc614f952f73085af1a3e43d295268af4a4289bcaa0386f8
2025-09-15 22:48:56.037 TRACE : trigger interaction 0xc00040c690 32/1200
[TRACE] Decoding transaction bytes of length: 230
[TRACE] Transaction type: 6
[TRACE] Successfully decoded transaction with hash: f3739c376b9aed1f227ca0c33eb3e4ee72f203df73138da5deecb7b5874f5d58
2025-09-15 22:48:56.038 TRACE client[0]: Processing transaction with hash: f3739c376b9aed1f227ca0c33eb3e4ee72f203df73138da5deecb7b5874f5d58
2025-09-15 22:48:56.038 DEBUG client[0]: Submitting transaction f3739c376b9aed1f227ca0c33eb3e4ee72f203df73138da5deecb7b5874f5d58
2025-09-15 22:48:56.120 TRACE : trigger interaction 0xc00040c780 33/1200
[TRACE] Decoding transaction bytes of length: 230
[TRACE] Transaction type: 6
[TRACE] Successfully decoded transaction with hash: 042446356453f9506855a4164f1540934e7f0b56450665ce14141e5e8e52037f
2025-09-15 22:48:56.121 TRACE client[0]: Processing transaction with hash: 042446356453f9506855a4164f1540934e7f0b56450665ce14141e5e8e52037f
2025-09-15 22:48:56.121 DEBUG client[0]: Submitting transaction 042446356453f9506855a4164f1540934e7f0b56450665ce14141e5e8e52037f
2025-09-15 22:48:56.204 TRACE : trigger interaction 0xc00040c870 34/1200
[TRACE] Decoding transaction bytes of length: 230
[TRACE] Transaction type: 6
[TRACE] Successfully decoded transaction with hash: 9bfb8692ac97981aff88e5fb2a1b990b812836ecc6450211176010d21d720864
2025-09-15 22:48:56.204 TRACE client[0]: Processing transaction with hash: 9bfb8692ac97981aff88e5fb2a1b990b812836ecc6450211176010d21d720864
2025-09-15 22:48:56.204 DEBUG client[0]: Submitting transaction 9bfb8692ac97981aff88e5fb2a1b990b812836ecc6450211176010d21d720864
2025-09-15 22:48:56.287 TRACE : trigger interaction 0xc0000c2000 35/1200
[TRACE] Decoding transaction bytes of length: 230
[TRACE] Transaction type: 6
[TRACE] Successfully decoded transaction with hash: 2f24a4f1af7abee6f929807533418eb3e6e7d4ffbf09f14d8a79907f79b9cdb6
2025-09-15 22:48:56.287 TRACE client[0]: Processing transaction with hash: 2f24a4f1af7abee6f929807533418eb3e6e7d4ffbf09f14d8a79907f79b9cdb6
2025-09-15 22:48:56.287 DEBUG client[0]: Submitting transaction 2f24a4f1af7abee6f929807533418eb3e6e7d4ffbf09f14d8a79907f79b9cdb6
2025-09-15 22:48:56.370 TRACE : trigger interaction 0xc0000c20f0 36/1200
[TRACE] Decoding transaction bytes of length: 230
[TRACE] Transaction type: 6
[TRACE] Successfully decoded transaction with hash: 713cc39e90cefca02146a749c0fff00696377d7e9cc2731ee6d24d9d96088470
2025-09-15 22:48:56.370 TRACE client[0]: Processing transaction with hash: 713cc39e90cefca02146a749c0fff00696377d7e9cc2731ee6d24d9d96088470
2025-09-15 22:48:56.370 DEBUG client[0]: Submitting transaction 713cc39e90cefca02146a749c0fff00696377d7e9cc2731ee6d24d9d96088470
2025-09-15 22:48:56.454 TRACE : trigger interaction 0xc0000c21e0 37/1200
[TRACE] Decoding transaction bytes of length: 230
[TRACE] Transaction type: 6
[TRACE] Successfully decoded transaction with hash: cf123b1d8a944261981da24177e16b713360e462419a4dd3ba259be66f11a318
2025-09-15 22:48:56.454 TRACE client[0]: Processing transaction with hash: cf123b1d8a944261981da24177e16b713360e462419a4dd3ba259be66f11a318
2025-09-15 22:48:56.454 DEBUG client[0]: Submitting transaction cf123b1d8a944261981da24177e16b713360e462419a4dd3ba259be66f11a318
2025-09-15 22:48:56.537 TRACE : trigger interaction 0xc0000c22d0 38/1200
[TRACE] Decoding transaction bytes of length: 230
[TRACE] Transaction type: 6
[TRACE] Successfully decoded transaction with hash: fd325ad7c8fca8b98703b93b50f69d5a30ccdfb853187fc45b5d284be74b786f
2025-09-15 22:48:56.537 TRACE client[0]: Processing transaction with hash: fd325ad7c8fca8b98703b93b50f69d5a30ccdfb853187fc45b5d284be74b786f
2025-09-15 22:48:56.537 DEBUG client[0]: Submitting transaction fd325ad7c8fca8b98703b93b50f69d5a30ccdfb853187fc45b5d284be74b786f
2025-09-15 22:48:56.620 TRACE : trigger interaction 0xc0000c23c0 39/1200
[TRACE] Decoding transaction bytes of length: 230
[TRACE] Transaction type: 6
[TRACE] Successfully decoded transaction with hash: ba148f9f515c7e8105914ad850f6db6ba3d21519325c10583d3aabe7657ffce6
2025-09-15 22:48:56.621 TRACE client[0]: Processing transaction with hash: ba148f9f515c7e8105914ad850f6db6ba3d21519325c10583d3aabe7657ffce6
2025-09-15 22:48:56.621 DEBUG client[0]: Submitting transaction ba148f9f515c7e8105914ad850f6db6ba3d21519325c10583d3aabe7657ffce6
2025-09-15 22:48:56.703 TRACE : trigger interaction 0xc0000c24b0 40/1200
[TRACE] Decoding transaction bytes of length: 230
[TRACE] Transaction type: 6
[TRACE] Successfully decoded transaction with hash: da370072eea68734abdfa5253f3faa935988f48f24904729a586e13eff8862b6
2025-09-15 22:48:56.704 TRACE client[0]: Processing transaction with hash: da370072eea68734abdfa5253f3faa935988f48f24904729a586e13eff8862b6
2025-09-15 22:48:56.704 DEBUG client[0]: Submitting transaction da370072eea68734abdfa5253f3faa935988f48f24904729a586e13eff8862b6
2025-09-15 22:48:56.787 TRACE : trigger interaction 0xc0000c25a0 41/1200
[TRACE] Decoding transaction bytes of length: 230
[TRACE] Transaction type: 6
[TRACE] Successfully decoded transaction with hash: 9a293ece22c5d9919600ecfedd8f33b5bf3935bc117bb4c5b40386cbf8d4dd31
2025-09-15 22:48:56.787 TRACE client[0]: Processing transaction with hash: 9a293ece22c5d9919600ecfedd8f33b5bf3935bc117bb4c5b40386cbf8d4dd31
2025-09-15 22:48:56.787 DEBUG client[0]: Submitting transaction 9a293ece22c5d9919600ecfedd8f33b5bf3935bc117bb4c5b40386cbf8d4dd31
2025-09-15 22:48:56.811 TRACE client[0]: Found transaction in block: fd72a48c954401f7e6c77555fdca3bf4a2e2b3d69d0aaf3cc055d0192b04c65f
2025-09-15 22:48:56.811 TRACE client[0]: Found transaction in block: 15ff2b32ab9a7f2d3e02d3063b35bafbdc4a8f14ac324061c3b4005886e9bbe6
2025-09-15 22:48:56.811 TRACE client[0]: Found transaction in block: 144e89be07f6e4dc7de7d2b19970fdfc4cf06403c0bd30c826e4b4b43b32ccbc
2025-09-15 22:48:56.811 TRACE client[0]: Found transaction in block: b02b32cee90ee2b8c11fdb9a411b7d026f69db9ec73fc86575b0652785a043f2
2025-09-15 22:48:56.811 TRACE client[0]: Found transaction in block: 53b1ebb4a0b02226fc614f952f73085af1a3e43d295268af4a4289bcaa0386f8
2025-09-15 22:48:56.811 TRACE client[0]: Found transaction in block: f3739c376b9aed1f227ca0c33eb3e4ee72f203df73138da5deecb7b5874f5d58
2025-09-15 22:48:56.811 TRACE client[0]: Found transaction in block: 042446356453f9506855a4164f1540934e7f0b56450665ce14141e5e8e52037f
2025-09-15 22:48:56.811 TRACE client[0]: Found transaction in block: 9bfb8692ac97981aff88e5fb2a1b990b812836ecc6450211176010d21d720864
2025-09-15 22:48:56.811 TRACE client[0]: Found transaction in block: 2f24a4f1af7abee6f929807533418eb3e6e7d4ffbf09f14d8a79907f79b9cdb6
2025-09-15 22:48:56.811 TRACE client[0]: Found transaction in block: 713cc39e90cefca02146a749c0fff00696377d7e9cc2731ee6d24d9d96088470
2025-09-15 22:48:56.811 TRACE client[0]: Found transaction in block: cf123b1d8a944261981da24177e16b713360e462419a4dd3ba259be66f11a318
2025-09-15 22:48:56.811 TRACE client[0]: Found transaction in block: fd325ad7c8fca8b98703b93b50f69d5a30ccdfb853187fc45b5d284be74b786f
2025-09-15 22:48:56.811 TRACE client[0]: Found transaction in block: ba148f9f515c7e8105914ad850f6db6ba3d21519325c10583d3aabe7657ffce6
2025-09-15 22:48:56.811 TRACE client[0]: Found transaction in block: da370072eea68734abdfa5253f3faa935988f48f24904729a586e13eff8862b6
2025-09-15 22:48:56.811 TRACE client[0]: Found transaction in block: 9a293ece22c5d9919600ecfedd8f33b5bf3935bc117bb4c5b40386cbf8d4dd31
2025-09-15 22:48:56.871 TRACE : trigger interaction 0xc0000c2690 42/1200
[TRACE] Decoding transaction bytes of length: 230
[TRACE] Transaction type: 6
[TRACE] Successfully decoded transaction with hash: 3770e43165aae4e0200dc7f6a14f29ece6bb0f1d42b52f1c27f8ded305b7d622
2025-09-15 22:48:56.871 TRACE client[0]: Processing transaction with hash: 3770e43165aae4e0200dc7f6a14f29ece6bb0f1d42b52f1c27f8ded305b7d622
2025-09-15 22:48:56.871 DEBUG client[0]: Submitting transaction 3770e43165aae4e0200dc7f6a14f29ece6bb0f1d42b52f1c27f8ded305b7d622
2025-09-15 22:48:56.954 TRACE : trigger interaction 0xc0004ae000 43/1200
[TRACE] Decoding transaction bytes of length: 230
[TRACE] Transaction type: 6
[TRACE] Successfully decoded transaction with hash: 4d947ebf96da01ecd11cf9f0a91fe30bfc2c6aac6c773a9582547768c65333e3
2025-09-15 22:48:56.954 TRACE client[0]: Processing transaction with hash: 4d947ebf96da01ecd11cf9f0a91fe30bfc2c6aac6c773a9582547768c65333e3
2025-09-15 22:48:56.954 DEBUG client[0]: Submitting transaction 4d947ebf96da01ecd11cf9f0a91fe30bfc2c6aac6c773a9582547768c65333e3
2025-09-15 22:48:57.037 TRACE : trigger interaction 0xc0004ae0f0 44/1200
[TRACE] Decoding transaction bytes of length: 230
[TRACE] Transaction type: 6
[TRACE] Successfully decoded transaction with hash: 09e2ccaf7be5d941c19892c3096158d562034767ecfb78bfebf5e4ee25cf8d96
2025-09-15 22:48:57.037 TRACE client[0]: Processing transaction with hash: 09e2ccaf7be5d941c19892c3096158d562034767ecfb78bfebf5e4ee25cf8d96
2025-09-15 22:48:57.037 DEBUG client[0]: Submitting transaction 09e2ccaf7be5d941c19892c3096158d562034767ecfb78bfebf5e4ee25cf8d96
2025-09-15 22:48:57.120 TRACE : trigger interaction 0xc0004ae1e0 45/1200
[TRACE] Decoding transaction bytes of length: 230
[TRACE] Transaction type: 6
[TRACE] Successfully decoded transaction with hash: 773c938a4cea9ad08d50d444ddbc48ba8834fdbe72b0aa58eecf808752f77351
2025-09-15 22:48:57.120 TRACE client[0]: Processing transaction with hash: 773c938a4cea9ad08d50d444ddbc48ba8834fdbe72b0aa58eecf808752f77351
2025-09-15 22:48:57.120 DEBUG client[0]: Submitting transaction 773c938a4cea9ad08d50d444ddbc48ba8834fdbe72b0aa58eecf808752f77351
2025-09-15 22:48:57.204 TRACE : trigger interaction 0xc0004ae2d0 46/1200
[TRACE] Decoding transaction bytes of length: 230
[TRACE] Transaction type: 6
[TRACE] Successfully decoded transaction with hash: 88442f5e19bff036caf8f529d10e7049c2cd67458b15c26ee280dce43bbc5215
2025-09-15 22:48:57.204 TRACE client[0]: Processing transaction with hash: 88442f5e19bff036caf8f529d10e7049c2cd67458b15c26ee280dce43bbc5215
2025-09-15 22:48:57.204 DEBUG client[0]: Submitting transaction 88442f5e19bff036caf8f529d10e7049c2cd67458b15c26ee280dce43bbc5215
2025-09-15 22:48:57.287 TRACE : trigger interaction 0xc0004ae3c0 47/1200
[TRACE] Decoding transaction bytes of length: 230
[TRACE] Transaction type: 6
[TRACE] Successfully decoded transaction with hash: bf28ecd096b12a24df195c3e4babc20b044877bfe28447614568c60232987761
2025-09-15 22:48:57.287 TRACE client[0]: Processing transaction with hash: bf28ecd096b12a24df195c3e4babc20b044877bfe28447614568c60232987761
2025-09-15 22:48:57.287 DEBUG client[0]: Submitting transaction bf28ecd096b12a24df195c3e4babc20b044877bfe28447614568c60232987761
2025-09-15 22:48:57.371 TRACE : trigger interaction 0xc0004ae4b0 48/1200
[TRACE] Decoding transaction bytes of length: 230
[TRACE] Transaction type: 6
[TRACE] Successfully decoded transaction with hash: 6393167289373495152ca19119d0354db48101bdb17a5f2e188a445dd8227fcb
2025-09-15 22:48:57.371 TRACE client[0]: Processing transaction with hash: 6393167289373495152ca19119d0354db48101bdb17a5f2e188a445dd8227fcb
2025-09-15 22:48:57.371 DEBUG client[0]: Submitting transaction 6393167289373495152ca19119d0354db48101bdb17a5f2e188a445dd8227fcb
2025-09-15 22:48:57.454 TRACE : trigger interaction 0xc0004ae5a0 49/1200
[TRACE] Decoding transaction bytes of length: 230
[TRACE] Transaction type: 6
[TRACE] Successfully decoded transaction with hash: f8b42b322a429d7a4ec1de93cb0435dcedf95a6c7f3a244ab1dc4d0e38c19d51
2025-09-15 22:48:57.454 TRACE client[0]: Processing transaction with hash: f8b42b322a429d7a4ec1de93cb0435dcedf95a6c7f3a244ab1dc4d0e38c19d51
2025-09-15 22:48:57.454 DEBUG client[0]: Submitting transaction f8b42b322a429d7a4ec1de93cb0435dcedf95a6c7f3a244ab1dc4d0e38c19d51
2025-09-15 22:48:57.537 TRACE : trigger interaction 0xc0004ae690 50/1200
[TRACE] Decoding transaction bytes of length: 230
[TRACE] Transaction type: 6
[TRACE] Successfully decoded transaction with hash: cdb9c39463ad588416ab4a6fd00e28019f39e43ebdeaf1b62134e861d361186f
2025-09-15 22:48:57.537 TRACE client[0]: Processing transaction with hash: cdb9c39463ad588416ab4a6fd00e28019f39e43ebdeaf1b62134e861d361186f
2025-09-15 22:48:57.537 DEBUG client[0]: Submitting transaction cdb9c39463ad588416ab4a6fd00e28019f39e43ebdeaf1b62134e861d361186f
2025-09-15 22:48:57.621 TRACE : trigger interaction 0xc0000c2780 51/1200
[TRACE] Decoding transaction bytes of length: 230
[TRACE] Transaction type: 6
[TRACE] Successfully decoded transaction with hash: fef91544b6e871699dbcf4481ccc123e66590da840fddd7d82dcb9adb048d0b3
2025-09-15 22:48:57.621 TRACE client[0]: Processing transaction with hash: fef91544b6e871699dbcf4481ccc123e66590da840fddd7d82dcb9adb048d0b3
2025-09-15 22:48:57.621 DEBUG client[0]: Submitting transaction fef91544b6e871699dbcf4481ccc123e66590da840fddd7d82dcb9adb048d0b3
2025-09-15 22:48:57.704 TRACE : trigger interaction 0xc0000c2870 52/1200
[TRACE] Decoding transaction bytes of length: 230
[TRACE] Transaction type: 6
[TRACE] Successfully decoded transaction with hash: 2e5d3d708744fb72ecc3af37ea2a56514e6e0bf1ea89021c2be3c16ff0667352
2025-09-15 22:48:57.704 TRACE client[0]: Processing transaction with hash: 2e5d3d708744fb72ecc3af37ea2a56514e6e0bf1ea89021c2be3c16ff0667352
2025-09-15 22:48:57.704 DEBUG client[0]: Submitting transaction 2e5d3d708744fb72ecc3af37ea2a56514e6e0bf1ea89021c2be3c16ff0667352
2025-09-15 22:48:57.787 TRACE : trigger interaction 0xc0000c2960 53/1200
[TRACE] Decoding transaction bytes of length: 230
[TRACE] Transaction type: 6
[TRACE] Successfully decoded transaction with hash: 2a7a17c31724598e4f9d14dcd879542c0b3bf0e6efed153ef22eede58c960035
2025-09-15 22:48:57.787 TRACE client[0]: Processing transaction with hash: 2a7a17c31724598e4f9d14dcd879542c0b3bf0e6efed153ef22eede58c960035
2025-09-15 22:48:57.787 DEBUG client[0]: Submitting transaction 2a7a17c31724598e4f9d14dcd879542c0b3bf0e6efed153ef22eede58c960035
2025-09-15 22:48:57.871 TRACE : trigger interaction 0xc0000c2a50 54/1200
[TRACE] Decoding transaction bytes of length: 230
[TRACE] Transaction type: 6
[TRACE] Successfully decoded transaction with hash: 275ae06011bc69a1a90347d4cde11d60dfd292362fb9f6ba106c29ecf160d9e4
2025-09-15 22:48:57.871 TRACE client[0]: Processing transaction with hash: 275ae06011bc69a1a90347d4cde11d60dfd292362fb9f6ba106c29ecf160d9e4
2025-09-15 22:48:57.871 DEBUG client[0]: Submitting transaction 275ae06011bc69a1a90347d4cde11d60dfd292362fb9f6ba106c29ecf160d9e4
2025-09-15 22:48:57.954 TRACE : trigger interaction 0xc0000c2b40 55/1200
[TRACE] Decoding transaction bytes of length: 230
[TRACE] Transaction type: 6
[TRACE] Successfully decoded transaction with hash: 29ee4dcfb6e5d7e67b5c86b2a5d88bbd95c4f9161c190db0def57cc3b71649ab
2025-09-15 22:48:57.954 TRACE client[0]: Processing transaction with hash: 29ee4dcfb6e5d7e67b5c86b2a5d88bbd95c4f9161c190db0def57cc3b71649ab
2025-09-15 22:48:57.954 DEBUG client[0]: Submitting transaction 29ee4dcfb6e5d7e67b5c86b2a5d88bbd95c4f9161c190db0def57cc3b71649ab
2025-09-15 22:48:58.037 TRACE : trigger interaction 0xc0000c2c30 56/1200
[TRACE] Decoding transaction bytes of length: 230
[TRACE] Transaction type: 6
[TRACE] Successfully decoded transaction with hash: e59adc3d3cba975a7d545f1591a08a433f6ee227b87535fd5ad910362d842424
2025-09-15 22:48:58.037 TRACE client[0]: Processing transaction with hash: e59adc3d3cba975a7d545f1591a08a433f6ee227b87535fd5ad910362d842424
2025-09-15 22:48:58.037 DEBUG client[0]: Submitting transaction e59adc3d3cba975a7d545f1591a08a433f6ee227b87535fd5ad910362d842424
2025-09-15 22:48:58.121 TRACE : trigger interaction 0xc0000c2d20 57/1200
[TRACE] Decoding transaction bytes of length: 230
[TRACE] Transaction type: 6
[TRACE] Successfully decoded transaction with hash: ef08ff8642ca1b409e854e984bd3ae25f384e0804fe23a7f7d1fe7ab82495aa0
2025-09-15 22:48:58.121 TRACE client[0]: Processing transaction with hash: ef08ff8642ca1b409e854e984bd3ae25f384e0804fe23a7f7d1fe7ab82495aa0
2025-09-15 22:48:58.121 DEBUG client[0]: Submitting transaction ef08ff8642ca1b409e854e984bd3ae25f384e0804fe23a7f7d1fe7ab82495aa0
2025-09-15 22:48:58.204 TRACE : trigger interaction 0xc0000c2e10 58/1200
[TRACE] Decoding transaction bytes of length: 230
[TRACE] Transaction type: 6
[TRACE] Successfully decoded transaction with hash: cf7f2b9e9b947ae6e38e8c7043324720bd8ac43d51b095931eadcf15f372e3ed
2025-09-15 22:48:58.204 TRACE client[0]: Processing transaction with hash: cf7f2b9e9b947ae6e38e8c7043324720bd8ac43d51b095931eadcf15f372e3ed
2025-09-15 22:48:58.204 DEBUG client[0]: Submitting transaction cf7f2b9e9b947ae6e38e8c7043324720bd8ac43d51b095931eadcf15f372e3ed
2025-09-15 22:48:58.287 TRACE : trigger interaction 0xc0000c2f00 59/1200
[TRACE] Decoding transaction bytes of length: 230
[TRACE] Transaction type: 6
[TRACE] Successfully decoded transaction with hash: f54aed6b9d0aee9e949673a072f39224f53db7a39631f4d475c333e13e990521
2025-09-15 22:48:58.288 TRACE client[0]: Processing transaction with hash: f54aed6b9d0aee9e949673a072f39224f53db7a39631f4d475c333e13e990521
2025-09-15 22:48:58.288 DEBUG client[0]: Submitting transaction f54aed6b9d0aee9e949673a072f39224f53db7a39631f4d475c333e13e990521
2025-09-15 22:48:58.371 TRACE : trigger interaction 0xc0000c2ff0 60/1200
[TRACE] Decoding transaction bytes of length: 230
[TRACE] Transaction type: 6
[TRACE] Successfully decoded transaction with hash: 2dee60dbb519cb393d7b017a268100fdfa86fdbaa5bb498d64bd5d0a863bfdf7
2025-09-15 22:48:58.371 TRACE client[0]: Processing transaction with hash: 2dee60dbb519cb393d7b017a268100fdfa86fdbaa5bb498d64bd5d0a863bfdf7
2025-09-15 22:48:58.371 DEBUG client[0]: Submitting transaction 2dee60dbb519cb393d7b017a268100fdfa86fdbaa5bb498d64bd5d0a863bfdf7
2025-09-15 22:48:58.454 TRACE : trigger interaction 0xc0000c30e0 61/1200
[TRACE] Decoding transaction bytes of length: 230
[TRACE] Transaction type: 6
[TRACE] Successfully decoded transaction with hash: 51572f2b9b84e11b80bb49600a670c7f146ab51469ffe88ca6c88325523c1cac
2025-09-15 22:48:58.454 TRACE client[0]: Processing transaction with hash: 51572f2b9b84e11b80bb49600a670c7f146ab51469ffe88ca6c88325523c1cac
2025-09-15 22:48:58.454 DEBUG client[0]: Submitting transaction 51572f2b9b84e11b80bb49600a670c7f146ab51469ffe88ca6c88325523c1cac
2025-09-15 22:48:58.537 TRACE : trigger interaction 0xc0000c31d0 62/1200
[TRACE] Decoding transaction bytes of length: 230
[TRACE] Transaction type: 6
[TRACE] Successfully decoded transaction with hash: 0332ce1dda97ad0d079f5f0859b0f37e22ae55f08ffc9b433297d629d5424dad
2025-09-15 22:48:58.537 TRACE client[0]: Processing transaction with hash: 0332ce1dda97ad0d079f5f0859b0f37e22ae55f08ffc9b433297d629d5424dad
2025-09-15 22:48:58.537 DEBUG client[0]: Submitting transaction 0332ce1dda97ad0d079f5f0859b0f37e22ae55f08ffc9b433297d629d5424dad
2025-09-15 22:48:58.620 TRACE : trigger interaction 0xc0000c32c0 63/1200
[TRACE] Decoding transaction bytes of length: 230
[TRACE] Transaction type: 6
[TRACE] Successfully decoded transaction with hash: b9d2191510f13d57c56419bb2c778cfb15470de49b4eaa408516a693f9f31f06
2025-09-15 22:48:58.620 TRACE client[0]: Processing transaction with hash: b9d2191510f13d57c56419bb2c778cfb15470de49b4eaa408516a693f9f31f06
2025-09-15 22:48:58.620 DEBUG client[0]: Submitting transaction b9d2191510f13d57c56419bb2c778cfb15470de49b4eaa408516a693f9f31f06
2025-09-15 22:48:58.704 TRACE : trigger interaction 0xc0000c33b0 64/1200
[TRACE] Decoding transaction bytes of length: 230
[TRACE] Transaction type: 6
[TRACE] Successfully decoded transaction with hash: 37c62ec6b075404a563f8686435508babc660ebe154065117af2293294069da2
2025-09-15 22:48:58.704 TRACE client[0]: Processing transaction with hash: 37c62ec6b075404a563f8686435508babc660ebe154065117af2293294069da2
2025-09-15 22:48:58.704 DEBUG client[0]: Submitting transaction 37c62ec6b075404a563f8686435508babc660ebe154065117af2293294069da2
2025-09-15 22:48:58.787 TRACE : trigger interaction 0xc0000c34a0 65/1200
[TRACE] Decoding transaction bytes of length: 230
[TRACE] Transaction type: 6
[TRACE] Successfully decoded transaction with hash: 52627a535dd2b99e0681b1e1110fc22742994fff5fa2e4711a2f3ad5a7f7fe9f
2025-09-15 22:48:58.787 TRACE client[0]: Processing transaction with hash: 52627a535dd2b99e0681b1e1110fc22742994fff5fa2e4711a2f3ad5a7f7fe9f
2025-09-15 22:48:58.787 DEBUG client[0]: Submitting transaction 52627a535dd2b99e0681b1e1110fc22742994fff5fa2e4711a2f3ad5a7f7fe9f
2025-09-15 22:48:58.870 TRACE : trigger interaction 0xc0000c3590 66/1200
[TRACE] Decoding transaction bytes of length: 230
[TRACE] Transaction type: 6
[TRACE] Successfully decoded transaction with hash: 7708e77f68cff77cd4d781fa8c830b3180b0043e8d08663bd79541d165a93c78
2025-09-15 22:48:58.871 TRACE client[0]: Processing transaction with hash: 7708e77f68cff77cd4d781fa8c830b3180b0043e8d08663bd79541d165a93c78
2025-09-15 22:48:58.871 DEBUG client[0]: Submitting transaction 7708e77f68cff77cd4d781fa8c830b3180b0043e8d08663bd79541d165a93c78
2025-09-15 22:48:58.954 TRACE : trigger interaction 0xc0000c3680 67/1200
[TRACE] Decoding transaction bytes of length: 230
[TRACE] Transaction type: 6
[TRACE] Successfully decoded transaction with hash: 39a842a726823794b568f7d0196cd129df85d00fc468f7d051394891112600ba
2025-09-15 22:48:58.955 TRACE client[0]: Processing transaction with hash: 39a842a726823794b568f7d0196cd129df85d00fc468f7d051394891112600ba
2025-09-15 22:48:58.955 DEBUG client[0]: Submitting transaction 39a842a726823794b568f7d0196cd129df85d00fc468f7d051394891112600ba
2025-09-15 22:48:59.037 TRACE : trigger interaction 0xc0003e4000 68/1200
[TRACE] Decoding transaction bytes of length: 230
[TRACE] Transaction type: 6
[TRACE] Successfully decoded transaction with hash: ed1b49388736bbf915f1b6e45f6124c45d7e0abc5bad5e37b911a2d48267ece6
2025-09-15 22:48:59.037 TRACE client[0]: Processing transaction with hash: ed1b49388736bbf915f1b6e45f6124c45d7e0abc5bad5e37b911a2d48267ece6
2025-09-15 22:48:59.037 DEBUG client[0]: Submitting transaction ed1b49388736bbf915f1b6e45f6124c45d7e0abc5bad5e37b911a2d48267ece6
2025-09-15 22:48:59.120 TRACE : trigger interaction 0xc0003e40f0 69/1200
[TRACE] Decoding transaction bytes of length: 230
[TRACE] Transaction type: 6
[TRACE] Successfully decoded transaction with hash: ec82d7b5223c598bf2baa202921d3269530410bb25566b2e7b9214a9321c3793
2025-09-15 22:48:59.120 TRACE client[0]: Processing transaction with hash: ec82d7b5223c598bf2baa202921d3269530410bb25566b2e7b9214a9321c3793
2025-09-15 22:48:59.120 DEBUG client[0]: Submitting transaction ec82d7b5223c598bf2baa202921d3269530410bb25566b2e7b9214a9321c3793
2025-09-15 22:48:59.204 TRACE : trigger interaction 0xc0003e41e0 70/1200
[TRACE] Decoding transaction bytes of length: 230
[TRACE] Transaction type: 6
[TRACE] Successfully decoded transaction with hash: 85907690254e1e6f1be6f5f656c5fa7533e2beca7de2228796ed2d3bb58b1af2
2025-09-15 22:48:59.204 TRACE client[0]: Processing transaction with hash: 85907690254e1e6f1be6f5f656c5fa7533e2beca7de2228796ed2d3bb58b1af2
2025-09-15 22:48:59.204 DEBUG client[0]: Submitting transaction 85907690254e1e6f1be6f5f656c5fa7533e2beca7de2228796ed2d3bb58b1af2
2025-09-15 22:48:59.287 TRACE : trigger interaction 0xc0003e42d0 71/1200
[TRACE] Decoding transaction bytes of length: 230
[TRACE] Transaction type: 6
[TRACE] Successfully decoded transaction with hash: bfeb89865bdb41c4d5a3318a1d3def5e91ed0a35f9baea747f92c3ad1f0d9166
2025-09-15 22:48:59.287 TRACE client[0]: Processing transaction with hash: bfeb89865bdb41c4d5a3318a1d3def5e91ed0a35f9baea747f92c3ad1f0d9166
2025-09-15 22:48:59.287 DEBUG client[0]: Submitting transaction bfeb89865bdb41c4d5a3318a1d3def5e91ed0a35f9baea747f92c3ad1f0d9166
2025-09-15 22:48:59.370 TRACE : trigger interaction 0xc0003e43c0 72/1200
[TRACE] Decoding transaction bytes of length: 230
[TRACE] Transaction type: 6
[TRACE] Successfully decoded transaction with hash: 2cb1c4a64c27683ba13e2768573744f148c20b39434c791f9364f57d7af47f8a
2025-09-15 22:48:59.370 TRACE client[0]: Processing transaction with hash: 2cb1c4a64c27683ba13e2768573744f148c20b39434c791f9364f57d7af47f8a
2025-09-15 22:48:59.370 DEBUG client[0]: Submitting transaction 2cb1c4a64c27683ba13e2768573744f148c20b39434c791f9364f57d7af47f8a
2025-09-15 22:48:59.454 TRACE : trigger interaction 0xc0003e44b0 73/1200
[TRACE] Decoding transaction bytes of length: 230
[TRACE] Transaction type: 6
[TRACE] Successfully decoded transaction with hash: 53bd3e7115466a1c4bbd7647fdc3a733d8bbd517e6cc9eda2ecfbaf945e4ce99
2025-09-15 22:48:59.454 TRACE client[0]: Processing transaction with hash: 53bd3e7115466a1c4bbd7647fdc3a733d8bbd517e6cc9eda2ecfbaf945e4ce99
2025-09-15 22:48:59.454 DEBUG client[0]: Submitting transaction 53bd3e7115466a1c4bbd7647fdc3a733d8bbd517e6cc9eda2ecfbaf945e4ce99
2025-09-15 22:48:59.537 TRACE : trigger interaction 0xc0003e45a0 74/1200
[TRACE] Decoding transaction bytes of length: 230
[TRACE] Transaction type: 6
[TRACE] Successfully decoded transaction with hash: ba5f85d44f57f1e9ca1433e4ee2201764069b22d1cf8fe736b6e13238cbeeea8
2025-09-15 22:48:59.537 TRACE client[0]: Processing transaction with hash: ba5f85d44f57f1e9ca1433e4ee2201764069b22d1cf8fe736b6e13238cbeeea8
2025-09-15 22:48:59.538 DEBUG client[0]: Submitting transaction ba5f85d44f57f1e9ca1433e4ee2201764069b22d1cf8fe736b6e13238cbeeea8
2025-09-15 22:48:59.620 TRACE : trigger interaction 0xc0003e4690 75/1200
[TRACE] Decoding transaction bytes of length: 230
[TRACE] Transaction type: 6
[TRACE] Successfully decoded transaction with hash: b4611b7dfae502a7c17f6c22f6853cf539fb6317d1b40faaa443adc325e94b75
2025-09-15 22:48:59.621 TRACE client[0]: Processing transaction with hash: b4611b7dfae502a7c17f6c22f6853cf539fb6317d1b40faaa443adc325e94b75
2025-09-15 22:48:59.621 DEBUG client[0]: Submitting transaction b4611b7dfae502a7c17f6c22f6853cf539fb6317d1b40faaa443adc325e94b75
2025-09-15 22:48:59.704 TRACE : trigger interaction 0xc0003e4780 76/1200
[TRACE] Decoding transaction bytes of length: 230
[TRACE] Transaction type: 6
[TRACE] Successfully decoded transaction with hash: 0c88a20128ae12c4bee508b9ae74c5298949b8d2ce663a14f2f81c893b87ba6b
2025-09-15 22:48:59.704 TRACE client[0]: Processing transaction with hash: 0c88a20128ae12c4bee508b9ae74c5298949b8d2ce663a14f2f81c893b87ba6b
2025-09-15 22:48:59.704 DEBUG client[0]: Submitting transaction 0c88a20128ae12c4bee508b9ae74c5298949b8d2ce663a14f2f81c893b87ba6b
2025-09-15 22:48:59.787 TRACE : trigger interaction 0xc0003e4870 77/1200
[TRACE] Decoding transaction bytes of length: 230
[TRACE] Transaction type: 6
[TRACE] Successfully decoded transaction with hash: e8fd003dbd35db3b95708935d4a1cc08b595cb1e070a0f04a19c3389780f46f6
2025-09-15 22:48:59.787 TRACE client[0]: Processing transaction with hash: e8fd003dbd35db3b95708935d4a1cc08b595cb1e070a0f04a19c3389780f46f6
2025-09-15 22:48:59.787 DEBUG client[0]: Submitting transaction e8fd003dbd35db3b95708935d4a1cc08b595cb1e070a0f04a19c3389780f46f6
2025-09-15 22:48:59.816 TRACE client[0]: Found transaction in block: 3770e43165aae4e0200dc7f6a14f29ece6bb0f1d42b52f1c27f8ded305b7d622
2025-09-15 22:48:59.816 TRACE client[0]: Found transaction in block: 4d947ebf96da01ecd11cf9f0a91fe30bfc2c6aac6c773a9582547768c65333e3
2025-09-15 22:48:59.816 TRACE client[0]: Found transaction in block: 09e2ccaf7be5d941c19892c3096158d562034767ecfb78bfebf5e4ee25cf8d96
2025-09-15 22:48:59.816 TRACE client[0]: Found transaction in block: 773c938a4cea9ad08d50d444ddbc48ba8834fdbe72b0aa58eecf808752f77351
2025-09-15 22:48:59.816 TRACE client[0]: Found transaction in block: 88442f5e19bff036caf8f529d10e7049c2cd67458b15c26ee280dce43bbc5215
2025-09-15 22:48:59.816 TRACE client[0]: Found transaction in block: bf28ecd096b12a24df195c3e4babc20b044877bfe28447614568c60232987761
2025-09-15 22:48:59.816 TRACE client[0]: Found transaction in block: 6393167289373495152ca19119d0354db48101bdb17a5f2e188a445dd8227fcb
2025-09-15 22:48:59.816 TRACE client[0]: Found transaction in block: f8b42b322a429d7a4ec1de93cb0435dcedf95a6c7f3a244ab1dc4d0e38c19d51
2025-09-15 22:48:59.816 TRACE client[0]: Found transaction in block: cdb9c39463ad588416ab4a6fd00e28019f39e43ebdeaf1b62134e861d361186f
2025-09-15 22:48:59.816 TRACE client[0]: Found transaction in block: fef91544b6e871699dbcf4481ccc123e66590da840fddd7d82dcb9adb048d0b3
2025-09-15 22:48:59.816 TRACE client[0]: Found transaction in block: 2e5d3d708744fb72ecc3af37ea2a56514e6e0bf1ea89021c2be3c16ff0667352
2025-09-15 22:48:59.816 TRACE client[0]: Found transaction in block: 2a7a17c31724598e4f9d14dcd879542c0b3bf0e6efed153ef22eede58c960035
2025-09-15 22:48:59.816 TRACE client[0]: Found transaction in block: 275ae06011bc69a1a90347d4cde11d60dfd292362fb9f6ba106c29ecf160d9e4
2025-09-15 22:48:59.816 TRACE client[0]: Found transaction in block: 29ee4dcfb6e5d7e67b5c86b2a5d88bbd95c4f9161c190db0def57cc3b71649ab
2025-09-15 22:48:59.816 TRACE client[0]: Found transaction in block: e59adc3d3cba975a7d545f1591a08a433f6ee227b87535fd5ad910362d842424
2025-09-15 22:48:59.816 TRACE client[0]: Found transaction in block: ef08ff8642ca1b409e854e984bd3ae25f384e0804fe23a7f7d1fe7ab82495aa0
2025-09-15 22:48:59.816 TRACE client[0]: Found transaction in block: cf7f2b9e9b947ae6e38e8c7043324720bd8ac43d51b095931eadcf15f372e3ed
2025-09-15 22:48:59.816 TRACE client[0]: Found transaction in block: f54aed6b9d0aee9e949673a072f39224f53db7a39631f4d475c333e13e990521
2025-09-15 22:48:59.816 TRACE client[0]: Found transaction in block: 2dee60dbb519cb393d7b017a268100fdfa86fdbaa5bb498d64bd5d0a863bfdf7
2025-09-15 22:48:59.816 TRACE client[0]: Found transaction in block: 51572f2b9b84e11b80bb49600a670c7f146ab51469ffe88ca6c88325523c1cac
2025-09-15 22:48:59.816 TRACE client[0]: Found transaction in block: 0332ce1dda97ad0d079f5f0859b0f37e22ae55f08ffc9b433297d629d5424dad
2025-09-15 22:48:59.816 TRACE client[0]: Found transaction in block: b9d2191510f13d57c56419bb2c778cfb15470de49b4eaa408516a693f9f31f06
2025-09-15 22:48:59.816 TRACE client[0]: Found transaction in block: 37c62ec6b075404a563f8686435508babc660ebe154065117af2293294069da2
2025-09-15 22:48:59.816 TRACE client[0]: Found transaction in block: 52627a535dd2b99e0681b1e1110fc22742994fff5fa2e4711a2f3ad5a7f7fe9f
2025-09-15 22:48:59.816 TRACE client[0]: Found transaction in block: 7708e77f68cff77cd4d781fa8c830b3180b0043e8d08663bd79541d165a93c78
2025-09-15 22:48:59.816 TRACE client[0]: Found transaction in block: 39a842a726823794b568f7d0196cd129df85d00fc468f7d051394891112600ba
2025-09-15 22:48:59.816 TRACE client[0]: Found transaction in block: ed1b49388736bbf915f1b6e45f6124c45d7e0abc5bad5e37b911a2d48267ece6
2025-09-15 22:48:59.816 TRACE client[0]: Found transaction in block: ec82d7b5223c598bf2baa202921d3269530410bb25566b2e7b9214a9321c3793
2025-09-15 22:48:59.816 TRACE client[0]: Found transaction in block: 85907690254e1e6f1be6f5f656c5fa7533e2beca7de2228796ed2d3bb58b1af2
2025-09-15 22:48:59.816 TRACE client[0]: Found transaction in block: bfeb89865bdb41c4d5a3318a1d3def5e91ed0a35f9baea747f92c3ad1f0d9166
2025-09-15 22:48:59.816 TRACE client[0]: Found transaction in block: 2cb1c4a64c27683ba13e2768573744f148c20b39434c791f9364f57d7af47f8a
2025-09-15 22:48:59.816 TRACE client[0]: Found transaction in block: 53bd3e7115466a1c4bbd7647fdc3a733d8bbd517e6cc9eda2ecfbaf945e4ce99
2025-09-15 22:48:59.816 TRACE client[0]: Found transaction in block: ba5f85d44f57f1e9ca1433e4ee2201764069b22d1cf8fe736b6e13238cbeeea8
2025-09-15 22:48:59.816 TRACE client[0]: Found transaction in block: b4611b7dfae502a7c17f6c22f6853cf539fb6317d1b40faaa443adc325e94b75
2025-09-15 22:48:59.816 TRACE client[0]: Found transaction in block: 0c88a20128ae12c4bee508b9ae74c5298949b8d2ce663a14f2f81c893b87ba6b
2025-09-15 22:48:59.816 TRACE client[0]: Found transaction in block: e8fd003dbd35db3b95708935d4a1cc08b595cb1e070a0f04a19c3389780f46f6
2025-09-15 22:48:59.871 TRACE : trigger interaction 0xc0003e4960 78/1200
[TRACE] Decoding transaction bytes of length: 230
[TRACE] Transaction type: 6
[TRACE] Successfully decoded transaction with hash: 58a8400dc3c6924b7cc2f1c57f6f3de4ee66ea2ccb88da23b5de1976f33541d0
2025-09-15 22:48:59.871 TRACE client[0]: Processing transaction with hash: 58a8400dc3c6924b7cc2f1c57f6f3de4ee66ea2ccb88da23b5de1976f33541d0
2025-09-15 22:48:59.871 DEBUG client[0]: Submitting transaction 58a8400dc3c6924b7cc2f1c57f6f3de4ee66ea2ccb88da23b5de1976f33541d0
2025-09-15 22:48:59.954 TRACE : trigger interaction 0xc0003e4a50 79/1200
[TRACE] Decoding transaction bytes of length: 230
[TRACE] Transaction type: 6
[TRACE] Successfully decoded transaction with hash: 5a6b1ea15f756bb7cbbc49e6f269c0240efeb7a81cce929e117ac1d69d3a5d85
2025-09-15 22:48:59.954 TRACE client[0]: Processing transaction with hash: 5a6b1ea15f756bb7cbbc49e6f269c0240efeb7a81cce929e117ac1d69d3a5d85
2025-09-15 22:48:59.954 DEBUG client[0]: Submitting transaction 5a6b1ea15f756bb7cbbc49e6f269c0240efeb7a81cce929e117ac1d69d3a5d85
2025-09-15 22:49:00.037 TRACE : trigger interaction 0xc0003e4b40 80/1200
[TRACE] Decoding transaction bytes of length: 230
[TRACE] Transaction type: 6
[TRACE] Successfully decoded transaction with hash: d51a7f44f1c205deac422553a74f6461aad52a8f98ff28e84198556ac5eb8ebd
2025-09-15 22:49:00.037 TRACE client[0]: Processing transaction with hash: d51a7f44f1c205deac422553a74f6461aad52a8f98ff28e84198556ac5eb8ebd
2025-09-15 22:49:00.037 DEBUG client[0]: Submitting transaction d51a7f44f1c205deac422553a74f6461aad52a8f98ff28e84198556ac5eb8ebd
2025-09-15 22:49:00.121 TRACE : trigger interaction 0xc0003e4c30 81/1200
[TRACE] Decoding transaction bytes of length: 230
[TRACE] Transaction type: 6
[TRACE] Successfully decoded transaction with hash: a33c0cf7f7b38401175849d12650f71cefbac96cf98ab4cb451661e8339793a1
2025-09-15 22:49:00.121 TRACE client[0]: Processing transaction with hash: a33c0cf7f7b38401175849d12650f71cefbac96cf98ab4cb451661e8339793a1
2025-09-15 22:49:00.121 DEBUG client[0]: Submitting transaction a33c0cf7f7b38401175849d12650f71cefbac96cf98ab4cb451661e8339793a1
2025-09-15 22:49:00.204 TRACE : trigger interaction 0xc0003e4d20 82/1200
[TRACE] Decoding transaction bytes of length: 230
[TRACE] Transaction type: 6
[TRACE] Successfully decoded transaction with hash: c14ba0e62645715352cae9dae6347ea3ca50d6b12c97185ea27997237c7aef48
2025-09-15 22:49:00.204 TRACE client[0]: Found transaction in block: 58a8400dc3c6924b7cc2f1c57f6f3de4ee66ea2ccb88da23b5de1976f33541d0
2025-09-15 22:49:00.204 TRACE client[0]: Found transaction in block: 5a6b1ea15f756bb7cbbc49e6f269c0240efeb7a81cce929e117ac1d69d3a5d85
2025-09-15 22:49:00.204 TRACE client[0]: Found transaction in block: d51a7f44f1c205deac422553a74f6461aad52a8f98ff28e84198556ac5eb8ebd
2025-09-15 22:49:00.204 TRACE client[0]: Found transaction in block: a33c0cf7f7b38401175849d12650f71cefbac96cf98ab4cb451661e8339793a1
2025-09-15 22:49:00.204 TRACE client[0]: Processing transaction with hash: c14ba0e62645715352cae9dae6347ea3ca50d6b12c97185ea27997237c7aef48
2025-09-15 22:49:00.204 DEBUG client[0]: Submitting transaction c14ba0e62645715352cae9dae6347ea3ca50d6b12c97185ea27997237c7aef48
2025-09-15 22:49:00.287 TRACE : trigger interaction 0xc0003e4e10 83/1200
[TRACE] Decoding transaction bytes of length: 230
[TRACE] Transaction type: 6
[TRACE] Successfully decoded transaction with hash: abf6dc32f012e2e09c2da87cb32cbc638ee5e2cb262dcf1f6a1a76e78f1422b4
2025-09-15 22:49:00.287 TRACE client[0]: Processing transaction with hash: abf6dc32f012e2e09c2da87cb32cbc638ee5e2cb262dcf1f6a1a76e78f1422b4
2025-09-15 22:49:00.287 DEBUG client[0]: Submitting transaction abf6dc32f012e2e09c2da87cb32cbc638ee5e2cb262dcf1f6a1a76e78f1422b4
2025-09-15 22:49:00.371 TRACE : trigger interaction 0xc0003e4f00 84/1200
[TRACE] Decoding transaction bytes of length: 230
[TRACE] Transaction type: 6
[TRACE] Successfully decoded transaction with hash: b2968e5bd7e4f2e334ee3b2d46bc30a5ab34d4e82375d06cff3b37fab3fab0ac
2025-09-15 22:49:00.371 TRACE client[0]: Processing transaction with hash: b2968e5bd7e4f2e334ee3b2d46bc30a5ab34d4e82375d06cff3b37fab3fab0ac
2025-09-15 22:49:00.371 DEBUG client[0]: Submitting transaction b2968e5bd7e4f2e334ee3b2d46bc30a5ab34d4e82375d06cff3b37fab3fab0ac
2025-09-15 22:49:00.454 TRACE : trigger interaction 0xc0004ae780 85/1200
[TRACE] Decoding transaction bytes of length: 230
[TRACE] Transaction type: 6
[TRACE] Successfully decoded transaction with hash: 535585a3efac438c631b6803123dfa85a7eaacc6d314ef28535ffb704de0998d
2025-09-15 22:49:00.454 TRACE client[0]: Processing transaction with hash: 535585a3efac438c631b6803123dfa85a7eaacc6d314ef28535ffb704de0998d
2025-09-15 22:49:00.454 DEBUG client[0]: Submitting transaction 535585a3efac438c631b6803123dfa85a7eaacc6d314ef28535ffb704de0998d
2025-09-15 22:49:00.537 TRACE : trigger interaction 0xc0004ae870 86/1200
[TRACE] Decoding transaction bytes of length: 230
[TRACE] Transaction type: 6
[TRACE] Successfully decoded transaction with hash: 470610319c84e6268cbe2c1fe8f634377f54104e304359429a32a7b1b9195a7c
2025-09-15 22:49:00.537 TRACE client[0]: Processing transaction with hash: 470610319c84e6268cbe2c1fe8f634377f54104e304359429a32a7b1b9195a7c
2025-09-15 22:49:00.537 DEBUG client[0]: Submitting transaction 470610319c84e6268cbe2c1fe8f634377f54104e304359429a32a7b1b9195a7c
2025-09-15 22:49:00.621 TRACE : trigger interaction 0xc0004ae960 87/1200
[TRACE] Decoding transaction bytes of length: 230
[TRACE] Transaction type: 6
[TRACE] Successfully decoded transaction with hash: ee8a4f96661b6393551b4677ebe3d7d7132c94293a49cd96c6f6326265f8f392
2025-09-15 22:49:00.621 TRACE client[0]: Processing transaction with hash: ee8a4f96661b6393551b4677ebe3d7d7132c94293a49cd96c6f6326265f8f392
2025-09-15 22:49:00.621 DEBUG client[0]: Submitting transaction ee8a4f96661b6393551b4677ebe3d7d7132c94293a49cd96c6f6326265f8f392
2025-09-15 22:49:00.704 TRACE : trigger interaction 0xc0004aea50 88/1200
[TRACE] Decoding transaction bytes of length: 230
[TRACE] Transaction type: 6
[TRACE] Successfully decoded transaction with hash: 7ce1698b6d72136b2d9875a3d2a8c07efcc63f12529e9742ef55c2dec7b69609
2025-09-15 22:49:00.704 TRACE client[0]: Processing transaction with hash: 7ce1698b6d72136b2d9875a3d2a8c07efcc63f12529e9742ef55c2dec7b69609
2025-09-15 22:49:00.704 DEBUG client[0]: Submitting transaction 7ce1698b6d72136b2d9875a3d2a8c07efcc63f12529e9742ef55c2dec7b69609
2025-09-15 22:49:00.787 TRACE : trigger interaction 0xc0004aeb40 89/1200
[TRACE] Decoding transaction bytes of length: 230
[TRACE] Transaction type: 6
[TRACE] Successfully decoded transaction with hash: 4c2c3fb01f740a0766ebd8cb51fd1109029e1d7f7c11f219554dab529943c8ac
2025-09-15 22:49:00.787 TRACE client[0]: Processing transaction with hash: 4c2c3fb01f740a0766ebd8cb51fd1109029e1d7f7c11f219554dab529943c8ac
2025-09-15 22:49:00.787 DEBUG client[0]: Submitting transaction 4c2c3fb01f740a0766ebd8cb51fd1109029e1d7f7c11f219554dab529943c8ac
2025-09-15 22:49:00.870 TRACE : trigger interaction 0xc0004aec30 90/1200
[TRACE] Decoding transaction bytes of length: 230
[TRACE] Transaction type: 6
[TRACE] Successfully decoded transaction with hash: ec18b3293e9bde8768c6bd2b029772e6b402ffffc3494a1b5f70050f32762186
2025-09-15 22:49:00.871 TRACE client[0]: Processing transaction with hash: ec18b3293e9bde8768c6bd2b029772e6b402ffffc3494a1b5f70050f32762186
2025-09-15 22:49:00.871 DEBUG client[0]: Submitting transaction ec18b3293e9bde8768c6bd2b029772e6b402ffffc3494a1b5f70050f32762186
2025-09-15 22:49:00.954 TRACE : trigger interaction 0xc0004aed20 91/1200
[TRACE] Decoding transaction bytes of length: 230
[TRACE] Transaction type: 6
[TRACE] Successfully decoded transaction with hash: 5403e3c2b6b911b5cd8c41cb3c6ba415ffb39de4817fd31fd5225f17b4d7e8dc
2025-09-15 22:49:00.954 TRACE client[0]: Processing transaction with hash: 5403e3c2b6b911b5cd8c41cb3c6ba415ffb39de4817fd31fd5225f17b4d7e8dc
2025-09-15 22:49:00.954 DEBUG client[0]: Submitting transaction 5403e3c2b6b911b5cd8c41cb3c6ba415ffb39de4817fd31fd5225f17b4d7e8dc
2025-09-15 22:49:01.037 TRACE : trigger interaction 0xc0004aee10 92/1200
[TRACE] Decoding transaction bytes of length: 230
[TRACE] Transaction type: 6
[TRACE] Successfully decoded transaction with hash: ad1df779ae66d5cdcff8460ddc30252caf9e1f1ea1439a88554038631b96c769
2025-09-15 22:49:01.037 TRACE client[0]: Processing transaction with hash: ad1df779ae66d5cdcff8460ddc30252caf9e1f1ea1439a88554038631b96c769
2025-09-15 22:49:01.037 DEBUG client[0]: Submitting transaction ad1df779ae66d5cdcff8460ddc30252caf9e1f1ea1439a88554038631b96c769
2025-09-15 22:49:01.121 TRACE : trigger interaction 0xc0004aef00 93/1200
[TRACE] Decoding transaction bytes of length: 230
[TRACE] Transaction type: 6
[TRACE] Successfully decoded transaction with hash: eaf1d2365ddc7b6a17a7ed075b3f30d87b82ebda5c784da63b0df2b123874d5d
2025-09-15 22:49:01.121 TRACE client[0]: Processing transaction with hash: eaf1d2365ddc7b6a17a7ed075b3f30d87b82ebda5c784da63b0df2b123874d5d
2025-09-15 22:49:01.121 DEBUG client[0]: Submitting transaction eaf1d2365ddc7b6a17a7ed075b3f30d87b82ebda5c784da63b0df2b123874d5d
2025-09-15 22:49:01.203 TRACE : trigger interaction 0xc0004aeff0 94/1200
[TRACE] Decoding transaction bytes of length: 230
[TRACE] Transaction type: 6
[TRACE] Successfully decoded transaction with hash: b6efd7bf8687b6aad58b14357026f5dc17bc56aea21fb6d2fa16ff86b7133d07
2025-09-15 22:49:01.204 TRACE client[0]: Processing transaction with hash: b6efd7bf8687b6aad58b14357026f5dc17bc56aea21fb6d2fa16ff86b7133d07
2025-09-15 22:49:01.204 DEBUG client[0]: Submitting transaction b6efd7bf8687b6aad58b14357026f5dc17bc56aea21fb6d2fa16ff86b7133d07
2025-09-15 22:49:01.287 TRACE : trigger interaction 0xc0004af0e0 95/1200
[TRACE] Decoding transaction bytes of length: 230
[TRACE] Transaction type: 6
[TRACE] Successfully decoded transaction with hash: d4797d23758256d6e1afddba49b02a2f77963d1fb5909c29b116edf7895f8821
2025-09-15 22:49:01.287 TRACE client[0]: Processing transaction with hash: d4797d23758256d6e1afddba49b02a2f77963d1fb5909c29b116edf7895f8821
2025-09-15 22:49:01.287 DEBUG client[0]: Submitting transaction d4797d23758256d6e1afddba49b02a2f77963d1fb5909c29b116edf7895f8821
2025-09-15 22:49:01.370 TRACE : trigger interaction 0xc0004af1d0 96/1200
[TRACE] Decoding transaction bytes of length: 230
[TRACE] Transaction type: 6
[TRACE] Successfully decoded transaction with hash: 0ff9b2da643299cc4b1fc7a0294fa8bab2f3b68ced456eb9de5becb57048d3ae
2025-09-15 22:49:01.370 TRACE client[0]: Processing transaction with hash: 0ff9b2da643299cc4b1fc7a0294fa8bab2f3b68ced456eb9de5becb57048d3ae
2025-09-15 22:49:01.370 DEBUG client[0]: Submitting transaction 0ff9b2da643299cc4b1fc7a0294fa8bab2f3b68ced456eb9de5becb57048d3ae
2025-09-15 22:49:01.454 TRACE : trigger interaction 0xc0004af2c0 97/1200
[TRACE] Decoding transaction bytes of length: 230
[TRACE] Transaction type: 6
[TRACE] Successfully decoded transaction with hash: e3060a2e1cf2190127270b6a4d5a96217a0893df4ab2112eedd1c0de69912ff8
2025-09-15 22:49:01.454 TRACE client[0]: Processing transaction with hash: e3060a2e1cf2190127270b6a4d5a96217a0893df4ab2112eedd1c0de69912ff8
2025-09-15 22:49:01.454 DEBUG client[0]: Submitting transaction e3060a2e1cf2190127270b6a4d5a96217a0893df4ab2112eedd1c0de69912ff8
2025-09-15 22:49:01.537 TRACE : trigger interaction 0xc0004af3b0 98/1200
[TRACE] Decoding transaction bytes of length: 230
[TRACE] Transaction type: 6
[TRACE] Successfully decoded transaction with hash: 0f1724254dd37f9fe28b34138f1a218e4858f04fd9707cc23480c15b8c0e1e45
2025-09-15 22:49:01.537 TRACE client[0]: Processing transaction with hash: 0f1724254dd37f9fe28b34138f1a218e4858f04fd9707cc23480c15b8c0e1e45
2025-09-15 22:49:01.537 DEBUG client[0]: Submitting transaction 0f1724254dd37f9fe28b34138f1a218e4858f04fd9707cc23480c15b8c0e1e45
2025-09-15 22:49:01.620 TRACE : trigger interaction 0xc0004af4a0 99/1200
[TRACE] Decoding transaction bytes of length: 230
[TRACE] Transaction type: 6
[TRACE] Successfully decoded transaction with hash: 4996ce2410595a5ddeb03cbb55ee9186751c8c8346ab4df46a786238015dccc1
2025-09-15 22:49:01.620 TRACE client[0]: Processing transaction with hash: 4996ce2410595a5ddeb03cbb55ee9186751c8c8346ab4df46a786238015dccc1
2025-09-15 22:49:01.620 DEBUG client[0]: Submitting transaction 4996ce2410595a5ddeb03cbb55ee9186751c8c8346ab4df46a786238015dccc1
2025-09-15 22:49:01.704 TRACE : trigger interaction 0xc0004af590 100/1200
[TRACE] Decoding transaction bytes of length: 230
[TRACE] Transaction type: 6
[TRACE] Successfully decoded transaction with hash: a5c9b34dc0d70ff00c1b409a9053c30c150b45eca067e71f732a2104141ab658
2025-09-15 22:49:01.704 TRACE client[0]: Processing transaction with hash: a5c9b34dc0d70ff00c1b409a9053c30c150b45eca067e71f732a2104141ab658
2025-09-15 22:49:01.704 DEBUG client[0]: Submitting transaction a5c9b34dc0d70ff00c1b409a9053c30c150b45eca067e71f732a2104141ab658
2025-09-15 22:49:01.787 TRACE : trigger interaction 0xc0000c3770 101/1200
[TRACE] Decoding transaction bytes of length: 230
[TRACE] Transaction type: 6
[TRACE] Successfully decoded transaction with hash: 6a0d428458f5101a2e409b364112369755d49d35c6c73ada8331e273978ab42e
2025-09-15 22:49:01.787 TRACE client[0]: Processing transaction with hash: 6a0d428458f5101a2e409b364112369755d49d35c6c73ada8331e273978ab42e
2025-09-15 22:49:01.787 DEBUG client[0]: Submitting transaction 6a0d428458f5101a2e409b364112369755d49d35c6c73ada8331e273978ab42e
2025-09-15 22:49:01.870 TRACE : trigger interaction 0xc0000c3860 102/1200
[TRACE] Decoding transaction bytes of length: 230
[TRACE] Transaction type: 6
[TRACE] Successfully decoded transaction with hash: c7acee322e087b51a82befaa870dd727d02268494174bfd9b28b02dafe27a68c
2025-09-15 22:49:01.871 TRACE client[0]: Processing transaction with hash: c7acee322e087b51a82befaa870dd727d02268494174bfd9b28b02dafe27a68c
2025-09-15 22:49:01.871 DEBUG client[0]: Submitting transaction c7acee322e087b51a82befaa870dd727d02268494174bfd9b28b02dafe27a68c
2025-09-15 22:49:01.954 TRACE : trigger interaction 0xc0000c3950 103/1200
[TRACE] Decoding transaction bytes of length: 230
[TRACE] Transaction type: 6
[TRACE] Successfully decoded transaction with hash: ce4c9df29372a5be22b34b83583da9976533ea4c696d2d85877bcfff2ae8b147
2025-09-15 22:49:01.954 TRACE client[0]: Processing transaction with hash: ce4c9df29372a5be22b34b83583da9976533ea4c696d2d85877bcfff2ae8b147
2025-09-15 22:49:01.954 DEBUG client[0]: Submitting transaction ce4c9df29372a5be22b34b83583da9976533ea4c696d2d85877bcfff2ae8b147
2025-09-15 22:49:02.037 TRACE : trigger interaction 0xc0000c3a40 104/1200
[TRACE] Decoding transaction bytes of length: 230
[TRACE] Transaction type: 6
[TRACE] Successfully decoded transaction with hash: 650982ea93c09325299e964948eadecf139ada03624506c9617fcb9406ba876b
2025-09-15 22:49:02.038 TRACE client[0]: Processing transaction with hash: 650982ea93c09325299e964948eadecf139ada03624506c9617fcb9406ba876b
2025-09-15 22:49:02.038 DEBUG client[0]: Submitting transaction 650982ea93c09325299e964948eadecf139ada03624506c9617fcb9406ba876b
2025-09-15 22:49:02.120 TRACE : trigger interaction 0xc0000c3b30 105/1200
[TRACE] Decoding transaction bytes of length: 230
[TRACE] Transaction type: 6
[TRACE] Successfully decoded transaction with hash: c9a02b0cae9a79be4257b27b25582a40dea8969a9ed493cc8ed80f9397e08162
2025-09-15 22:49:02.121 TRACE client[0]: Processing transaction with hash: c9a02b0cae9a79be4257b27b25582a40dea8969a9ed493cc8ed80f9397e08162
2025-09-15 22:49:02.121 DEBUG client[0]: Submitting transaction c9a02b0cae9a79be4257b27b25582a40dea8969a9ed493cc8ed80f9397e08162
2025-09-15 22:49:02.204 TRACE : trigger interaction 0xc0000c3c20 106/1200
[TRACE] Decoding transaction bytes of length: 230
[TRACE] Transaction type: 6
[TRACE] Successfully decoded transaction with hash: 29374db2bbe0747cbcc7528f8956a61ffef354e8c6d0648a4ad6e9e7ccc95d8c
2025-09-15 22:49:02.204 TRACE client[0]: Processing transaction with hash: 29374db2bbe0747cbcc7528f8956a61ffef354e8c6d0648a4ad6e9e7ccc95d8c
2025-09-15 22:49:02.204 DEBUG client[0]: Submitting transaction 29374db2bbe0747cbcc7528f8956a61ffef354e8c6d0648a4ad6e9e7ccc95d8c
2025-09-15 22:49:02.287 TRACE : trigger interaction 0xc0000c3d10 107/1200
[TRACE] Decoding transaction bytes of length: 230
[TRACE] Transaction type: 6
[TRACE] Successfully decoded transaction with hash: 6dddb9e94000150b49999192d9be002cb6661880c160979a911e1799e2008770
2025-09-15 22:49:02.287 TRACE client[0]: Processing transaction with hash: 6dddb9e94000150b49999192d9be002cb6661880c160979a911e1799e2008770
2025-09-15 22:49:02.287 DEBUG client[0]: Submitting transaction 6dddb9e94000150b49999192d9be002cb6661880c160979a911e1799e2008770
2025-09-15 22:49:02.370 TRACE : trigger interaction 0xc0000c3e00 108/1200
[TRACE] Decoding transaction bytes of length: 230
[TRACE] Transaction type: 6
[TRACE] Successfully decoded transaction with hash: 09de2937abf7c303875774c002baf642439d4ad63bd2bfa94a563dcc0587bd1d
2025-09-15 22:49:02.370 TRACE client[0]: Processing transaction with hash: 09de2937abf7c303875774c002baf642439d4ad63bd2bfa94a563dcc0587bd1d
2025-09-15 22:49:02.370 DEBUG client[0]: Submitting transaction 09de2937abf7c303875774c002baf642439d4ad63bd2bfa94a563dcc0587bd1d
2025-09-15 22:49:02.454 TRACE : trigger interaction 0xc0000c3ef0 109/1200
[TRACE] Decoding transaction bytes of length: 230
[TRACE] Transaction type: 6
[TRACE] Successfully decoded transaction with hash: 439d1b60be93836477cb6d32869de27430c5303399426d91794aa1cf72fa5175
2025-09-15 22:49:02.454 TRACE client[0]: Processing transaction with hash: 439d1b60be93836477cb6d32869de27430c5303399426d91794aa1cf72fa5175
2025-09-15 22:49:02.454 DEBUG client[0]: Submitting transaction 439d1b60be93836477cb6d32869de27430c5303399426d91794aa1cf72fa5175
2025-09-15 22:49:02.537 TRACE : trigger interaction 0xc0000d8000 110/1200
[TRACE] Decoding transaction bytes of length: 230
[TRACE] Transaction type: 6
[TRACE] Successfully decoded transaction with hash: ee92f2ceefdff1d8bd889465955902ce20f6656fde9630b6f8f3712f911295f3
2025-09-15 22:49:02.538 TRACE client[0]: Processing transaction with hash: ee92f2ceefdff1d8bd889465955902ce20f6656fde9630b6f8f3712f911295f3
2025-09-15 22:49:02.538 DEBUG client[0]: Submitting transaction ee92f2ceefdff1d8bd889465955902ce20f6656fde9630b6f8f3712f911295f3
2025-09-15 22:49:02.620 TRACE : trigger interaction 0xc0000d80f0 111/1200
[TRACE] Decoding transaction bytes of length: 230
[TRACE] Transaction type: 6
[TRACE] Successfully decoded transaction with hash: 9ca45ad9e7f1967f841e796a9b4efe99c87313400376600ded6072856362dc93
2025-09-15 22:49:02.620 TRACE client[0]: Processing transaction with hash: 9ca45ad9e7f1967f841e796a9b4efe99c87313400376600ded6072856362dc93
2025-09-15 22:49:02.620 DEBUG client[0]: Submitting transaction 9ca45ad9e7f1967f841e796a9b4efe99c87313400376600ded6072856362dc93
2025-09-15 22:49:02.704 TRACE : trigger interaction 0xc0000d81e0 112/1200
[TRACE] Decoding transaction bytes of length: 230
[TRACE] Transaction type: 6
[TRACE] Successfully decoded transaction with hash: 2c86c3f93c610fa68a1bf7f58a49429dc649d240b144397130e6bb01a7d71066
2025-09-15 22:49:02.704 TRACE client[0]: Processing transaction with hash: 2c86c3f93c610fa68a1bf7f58a49429dc649d240b144397130e6bb01a7d71066
2025-09-15 22:49:02.704 DEBUG client[0]: Submitting transaction 2c86c3f93c610fa68a1bf7f58a49429dc649d240b144397130e6bb01a7d71066
2025-09-15 22:49:02.787 TRACE : trigger interaction 0xc0000d82d0 113/1200
[TRACE] Decoding transaction bytes of length: 230
[TRACE] Transaction type: 6
[TRACE] Successfully decoded transaction with hash: b403bde83b1ae3b0d1757485f718b3d0eab35dae8009337401fb9700a5377265
2025-09-15 22:49:02.787 TRACE client[0]: Processing transaction with hash: b403bde83b1ae3b0d1757485f718b3d0eab35dae8009337401fb9700a5377265
2025-09-15 22:49:02.787 DEBUG client[0]: Submitting transaction b403bde83b1ae3b0d1757485f718b3d0eab35dae8009337401fb9700a5377265
2025-09-15 22:49:02.870 TRACE : trigger interaction 0xc0000d83c0 114/1200
[TRACE] Decoding transaction bytes of length: 230
[TRACE] Transaction type: 6
[TRACE] Successfully decoded transaction with hash: 35e35b5445b181d3532d74b8992b286a2164c637c80b1f258d2e68af4d38c812
2025-09-15 22:49:02.870 TRACE client[0]: Processing transaction with hash: 35e35b5445b181d3532d74b8992b286a2164c637c80b1f258d2e68af4d38c812
2025-09-15 22:49:02.870 DEBUG client[0]: Submitting transaction 35e35b5445b181d3532d74b8992b286a2164c637c80b1f258d2e68af4d38c812
2025-09-15 22:49:02.954 TRACE : trigger interaction 0xc0000d84b0 115/1200
[TRACE] Decoding transaction bytes of length: 230
[TRACE] Transaction type: 6
[TRACE] Successfully decoded transaction with hash: e514c8feb5b0d4cd508a17f93581d81b3ee8ec7bac62e50d9d37689f45c5b952
2025-09-15 22:49:02.954 TRACE client[0]: Processing transaction with hash: e514c8feb5b0d4cd508a17f93581d81b3ee8ec7bac62e50d9d37689f45c5b952
2025-09-15 22:49:02.954 DEBUG client[0]: Submitting transaction e514c8feb5b0d4cd508a17f93581d81b3ee8ec7bac62e50d9d37689f45c5b952
2025-09-15 22:49:03.037 TRACE : trigger interaction 0xc0000d85a0 116/1200
[TRACE] Decoding transaction bytes of length: 230
[TRACE] Transaction type: 6
[TRACE] Successfully decoded transaction with hash: e5f76c9505356941778495cd2425ec3bd3a79807d57d7d1fcc59a3d927ba73d6
2025-09-15 22:49:03.037 TRACE client[0]: Processing transaction with hash: e5f76c9505356941778495cd2425ec3bd3a79807d57d7d1fcc59a3d927ba73d6
2025-09-15 22:49:03.037 DEBUG client[0]: Submitting transaction e5f76c9505356941778495cd2425ec3bd3a79807d57d7d1fcc59a3d927ba73d6
2025-09-15 22:49:03.121 TRACE : trigger interaction 0xc0000d8690 117/1200
[TRACE] Decoding transaction bytes of length: 230
[TRACE] Transaction type: 6
[TRACE] Successfully decoded transaction with hash: 8ac738d38c07862f434ccb4351f52ce3708cc66a8a25a8f70296a77ca6bc0e6e
2025-09-15 22:49:03.121 TRACE client[0]: Processing transaction with hash: 8ac738d38c07862f434ccb4351f52ce3708cc66a8a25a8f70296a77ca6bc0e6e
2025-09-15 22:49:03.121 DEBUG client[0]: Submitting transaction 8ac738d38c07862f434ccb4351f52ce3708cc66a8a25a8f70296a77ca6bc0e6e
2025-09-15 22:49:03.204 TRACE : trigger interaction 0xc0004af680 118/1200
[TRACE] Decoding transaction bytes of length: 230
[TRACE] Transaction type: 6
[TRACE] Successfully decoded transaction with hash: 6cf1f4faedb323be0015fccaea9f611ec119e9b505467788cb1e0c37bf46468f
2025-09-15 22:49:03.204 TRACE client[0]: Processing transaction with hash: 6cf1f4faedb323be0015fccaea9f611ec119e9b505467788cb1e0c37bf46468f
2025-09-15 22:49:03.204 DEBUG client[0]: Submitting transaction 6cf1f4faedb323be0015fccaea9f611ec119e9b505467788cb1e0c37bf46468f
2025-09-15 22:49:03.287 TRACE : trigger interaction 0xc0004af770 119/1200
[TRACE] Decoding transaction bytes of length: 230
[TRACE] Transaction type: 6
[TRACE] Successfully decoded transaction with hash: 19589d17f02a3f47b9e332cab4fa36b31e4c390275429d31c4a82a042dd258fc
2025-09-15 22:49:03.287 TRACE client[0]: Processing transaction with hash: 19589d17f02a3f47b9e332cab4fa36b31e4c390275429d31c4a82a042dd258fc
2025-09-15 22:49:03.287 DEBUG client[0]: Submitting transaction 19589d17f02a3f47b9e332cab4fa36b31e4c390275429d31c4a82a042dd258fc
2025-09-15 22:49:03.370 TRACE : trigger interaction 0xc0004af860 120/1200
[TRACE] Decoding transaction bytes of length: 230
[TRACE] Transaction type: 6
[TRACE] Successfully decoded transaction with hash: fa71bae1b13d5023f721bd916cde8b2e7118e7be8754a19e9a3638a11e4827c7
2025-09-15 22:49:03.371 TRACE client[0]: Processing transaction with hash: fa71bae1b13d5023f721bd916cde8b2e7118e7be8754a19e9a3638a11e4827c7
2025-09-15 22:49:03.371 DEBUG client[0]: Submitting transaction fa71bae1b13d5023f721bd916cde8b2e7118e7be8754a19e9a3638a11e4827c7
2025-09-15 22:49:03.453 TRACE : trigger interaction 0xc0004af950 121/1200
[TRACE] Decoding transaction bytes of length: 230
[TRACE] Transaction type: 6
[TRACE] Successfully decoded transaction with hash: c3da8f97bb28c423cc07ce5f13aaa7c7b97ad530c9348c4f7381b44d663d382f
2025-09-15 22:49:03.454 TRACE client[0]: Processing transaction with hash: c3da8f97bb28c423cc07ce5f13aaa7c7b97ad530c9348c4f7381b44d663d382f
2025-09-15 22:49:03.454 DEBUG client[0]: Submitting transaction c3da8f97bb28c423cc07ce5f13aaa7c7b97ad530c9348c4f7381b44d663d382f
2025-09-15 22:49:03.537 TRACE : trigger interaction 0xc0004afa40 122/1200
[TRACE] Decoding transaction bytes of length: 230
[TRACE] Transaction type: 6
[TRACE] Successfully decoded transaction with hash: c600f7d873236b65f2860b5f9bfb305a1867bb7abfe0f4970a148685c6b43f32
2025-09-15 22:49:03.537 TRACE client[0]: Processing transaction with hash: c600f7d873236b65f2860b5f9bfb305a1867bb7abfe0f4970a148685c6b43f32
2025-09-15 22:49:03.537 DEBUG client[0]: Submitting transaction c600f7d873236b65f2860b5f9bfb305a1867bb7abfe0f4970a148685c6b43f32
2025-09-15 22:49:03.621 TRACE : trigger interaction 0xc0004afb30 123/1200
[TRACE] Decoding transaction bytes of length: 230
[TRACE] Transaction type: 6
[TRACE] Successfully decoded transaction with hash: ad6880da9d70946e6e7cf179b34125e740728a21183f88f1b0f7ae0ca0247a70
2025-09-15 22:49:03.621 TRACE client[0]: Processing transaction with hash: ad6880da9d70946e6e7cf179b34125e740728a21183f88f1b0f7ae0ca0247a70
2025-09-15 22:49:03.621 DEBUG client[0]: Submitting transaction ad6880da9d70946e6e7cf179b34125e740728a21183f88f1b0f7ae0ca0247a70
2025-09-15 22:49:03.704 TRACE : trigger interaction 0xc0004afc20 124/1200
[TRACE] Decoding transaction bytes of length: 230
[TRACE] Transaction type: 6
[TRACE] Successfully decoded transaction with hash: 6c9f49f925c5f15e1560e1d4dadc77b7e764e8702c44dbaa37fc36c9643e6454
2025-09-15 22:49:03.705 TRACE client[0]: Processing transaction with hash: 6c9f49f925c5f15e1560e1d4dadc77b7e764e8702c44dbaa37fc36c9643e6454
2025-09-15 22:49:03.705 DEBUG client[0]: Submitting transaction 6c9f49f925c5f15e1560e1d4dadc77b7e764e8702c44dbaa37fc36c9643e6454
2025-09-15 22:49:03.787 TRACE : trigger interaction 0xc0004afd10 125/1200
[TRACE] Decoding transaction bytes of length: 230
[TRACE] Transaction type: 6
[TRACE] Successfully decoded transaction with hash: 7cad0b00e28d13875a49e906e548697427d5957e269b8eba94daf0d839552416
2025-09-15 22:49:03.788 TRACE client[0]: Processing transaction with hash: 7cad0b00e28d13875a49e906e548697427d5957e269b8eba94daf0d839552416
2025-09-15 22:49:03.788 DEBUG client[0]: Submitting transaction 7cad0b00e28d13875a49e906e548697427d5957e269b8eba94daf0d839552416
2025-09-15 22:49:03.871 TRACE : trigger interaction 0xc0004afe00 126/1200
[TRACE] Decoding transaction bytes of length: 230
[TRACE] Transaction type: 6
[TRACE] Successfully decoded transaction with hash: 08529bdf70ff57fbfe36bd3da71c071b8ed501e72eacc2f8893a57ea5884677a
2025-09-15 22:49:03.871 TRACE client[0]: Processing transaction with hash: 08529bdf70ff57fbfe36bd3da71c071b8ed501e72eacc2f8893a57ea5884677a
2025-09-15 22:49:03.871 DEBUG client[0]: Submitting transaction 08529bdf70ff57fbfe36bd3da71c071b8ed501e72eacc2f8893a57ea5884677a
2025-09-15 22:49:03.954 TRACE : trigger interaction 0xc0004afef0 127/1200
[TRACE] Decoding transaction bytes of length: 230
[TRACE] Transaction type: 6
[TRACE] Successfully decoded transaction with hash: eece09504242d12df279ae866c393d5f171425f3de1b0e2529bbd6bc85f3eba5
2025-09-15 22:49:03.954 TRACE client[0]: Processing transaction with hash: eece09504242d12df279ae866c393d5f171425f3de1b0e2529bbd6bc85f3eba5
2025-09-15 22:49:03.954 DEBUG client[0]: Submitting transaction eece09504242d12df279ae866c393d5f171425f3de1b0e2529bbd6bc85f3eba5
2025-09-15 22:49:04.037 TRACE : trigger interaction 0xc0004ca000 128/1200
[TRACE] Decoding transaction bytes of length: 230
[TRACE] Transaction type: 6
[TRACE] Successfully decoded transaction with hash: 914d752c9e866b4a27eefa4a30a5d8c7fc462a2ea500fe8516abfa3827949cc1
2025-09-15 22:49:04.037 TRACE client[0]: Processing transaction with hash: 914d752c9e866b4a27eefa4a30a5d8c7fc462a2ea500fe8516abfa3827949cc1
2025-09-15 22:49:04.037 DEBUG client[0]: Submitting transaction 914d752c9e866b4a27eefa4a30a5d8c7fc462a2ea500fe8516abfa3827949cc1
2025-09-15 22:49:04.120 TRACE : trigger interaction 0xc0004ca0f0 129/1200
[TRACE] Decoding transaction bytes of length: 230
[TRACE] Transaction type: 6
[TRACE] Successfully decoded transaction with hash: cc6e8ae2fb6ba81bd285220d0846958a4bf2de3e42b740962028d8907effdf6c
2025-09-15 22:49:04.120 TRACE client[0]: Processing transaction with hash: cc6e8ae2fb6ba81bd285220d0846958a4bf2de3e42b740962028d8907effdf6c
2025-09-15 22:49:04.120 DEBUG client[0]: Submitting transaction cc6e8ae2fb6ba81bd285220d0846958a4bf2de3e42b740962028d8907effdf6c
2025-09-15 22:49:04.204 TRACE : trigger interaction 0xc0004ca1e0 130/1200
[TRACE] Decoding transaction bytes of length: 230
[TRACE] Transaction type: 6
[TRACE] Successfully decoded transaction with hash: f10b9630490fc4ba0e8eef3433019f5663c213c7162684351b868b3df8f4211d
2025-09-15 22:49:04.204 TRACE client[0]: Processing transaction with hash: f10b9630490fc4ba0e8eef3433019f5663c213c7162684351b868b3df8f4211d
2025-09-15 22:49:04.204 DEBUG client[0]: Submitting transaction f10b9630490fc4ba0e8eef3433019f5663c213c7162684351b868b3df8f4211d
2025-09-15 22:49:04.287 TRACE : trigger interaction 0xc0004ca2d0 131/1200
[TRACE] Decoding transaction bytes of length: 230
[TRACE] Transaction type: 6
[TRACE] Successfully decoded transaction with hash: c420376d101d41799410466eca4eca8c06901103e68c34797e3ae7362a7332b0
2025-09-15 22:49:04.287 TRACE client[0]: Processing transaction with hash: c420376d101d41799410466eca4eca8c06901103e68c34797e3ae7362a7332b0
2025-09-15 22:49:04.287 DEBUG client[0]: Submitting transaction c420376d101d41799410466eca4eca8c06901103e68c34797e3ae7362a7332b0
2025-09-15 22:49:04.370 TRACE : trigger interaction 0xc0004ca3c0 132/1200
[TRACE] Decoding transaction bytes of length: 230
[TRACE] Transaction type: 6
[TRACE] Successfully decoded transaction with hash: 8c7dacd0d540e9801ccccc2ef3ae5e64eaa0b0b09049b0db8c60bd661bca145d
2025-09-15 22:49:04.370 TRACE client[0]: Processing transaction with hash: 8c7dacd0d540e9801ccccc2ef3ae5e64eaa0b0b09049b0db8c60bd661bca145d
2025-09-15 22:49:04.370 DEBUG client[0]: Submitting transaction 8c7dacd0d540e9801ccccc2ef3ae5e64eaa0b0b09049b0db8c60bd661bca145d
2025-09-15 22:49:04.454 TRACE : trigger interaction 0xc0004ca4b0 133/1200
[TRACE] Decoding transaction bytes of length: 230
[TRACE] Transaction type: 6
[TRACE] Successfully decoded transaction with hash: 9650568bce243b65f961aa55ee9dfa14be05a5a4dab23795000bf60f240751cb
2025-09-15 22:49:04.454 TRACE client[0]: Processing transaction with hash: 9650568bce243b65f961aa55ee9dfa14be05a5a4dab23795000bf60f240751cb
2025-09-15 22:49:04.454 DEBUG client[0]: Submitting transaction 9650568bce243b65f961aa55ee9dfa14be05a5a4dab23795000bf60f240751cb
2025-09-15 22:49:04.537 TRACE : trigger interaction 0xc0004ca5a0 134/1200
[TRACE] Decoding transaction bytes of length: 230
[TRACE] Transaction type: 6
[TRACE] Successfully decoded transaction with hash: 03426911f7dc0aa2f46276c03bdc246c7f0e47ffede34774f249a7c5819ca3c9
2025-09-15 22:49:04.537 TRACE client[0]: Processing transaction with hash: 03426911f7dc0aa2f46276c03bdc246c7f0e47ffede34774f249a7c5819ca3c9
2025-09-15 22:49:04.537 DEBUG client[0]: Submitting transaction 03426911f7dc0aa2f46276c03bdc246c7f0e47ffede34774f249a7c5819ca3c9
2025-09-15 22:49:04.621 TRACE : trigger interaction 0xc0003e4ff0 135/1200
[TRACE] Decoding transaction bytes of length: 230
[TRACE] Transaction type: 6
[TRACE] Successfully decoded transaction with hash: bb8291edb7d3fe55faa5688585c425d9779d29bfe721b550893a68e1b0c96420
2025-09-15 22:49:04.621 TRACE client[0]: Processing transaction with hash: bb8291edb7d3fe55faa5688585c425d9779d29bfe721b550893a68e1b0c96420
2025-09-15 22:49:04.621 DEBUG client[0]: Submitting transaction bb8291edb7d3fe55faa5688585c425d9779d29bfe721b550893a68e1b0c96420
2025-09-15 22:49:04.704 TRACE : trigger interaction 0xc0003e50e0 136/1200
[TRACE] Decoding transaction bytes of length: 230
[TRACE] Transaction type: 6
[TRACE] Successfully decoded transaction with hash: 6fc8840063221f0923acefd4fe02abc73b4e2b938c09a24251a7ac2e2144c426
2025-09-15 22:49:04.704 TRACE client[0]: Processing transaction with hash: 6fc8840063221f0923acefd4fe02abc73b4e2b938c09a24251a7ac2e2144c426
2025-09-15 22:49:04.704 DEBUG client[0]: Submitting transaction 6fc8840063221f0923acefd4fe02abc73b4e2b938c09a24251a7ac2e2144c426
2025-09-15 22:49:04.787 TRACE : trigger interaction 0xc0003e51d0 137/1200
[TRACE] Decoding transaction bytes of length: 230
[TRACE] Transaction type: 6
[TRACE] Successfully decoded transaction with hash: db047e994900eec38338b9025b49b6b3c7198bd9d68cfd358a0ff7e30b9f340a
2025-09-15 22:49:04.788 TRACE client[0]: Processing transaction with hash: db047e994900eec38338b9025b49b6b3c7198bd9d68cfd358a0ff7e30b9f340a
2025-09-15 22:49:04.788 DEBUG client[0]: Submitting transaction db047e994900eec38338b9025b49b6b3c7198bd9d68cfd358a0ff7e30b9f340a
2025-09-15 22:49:04.871 TRACE : trigger interaction 0xc0003e52c0 138/1200
[TRACE] Decoding transaction bytes of length: 230
[TRACE] Transaction type: 6
[TRACE] Successfully decoded transaction with hash: 7bacd7c9efd4359c31e400a45ba0a4f4d93b56c33d70bb49eff20c4a1d91a511
2025-09-15 22:49:04.871 TRACE client[0]: Processing transaction with hash: 7bacd7c9efd4359c31e400a45ba0a4f4d93b56c33d70bb49eff20c4a1d91a511
2025-09-15 22:49:04.871 DEBUG client[0]: Submitting transaction 7bacd7c9efd4359c31e400a45ba0a4f4d93b56c33d70bb49eff20c4a1d91a511
2025-09-15 22:49:04.954 TRACE : trigger interaction 0xc0003e53b0 139/1200
[TRACE] Decoding transaction bytes of length: 230
[TRACE] Transaction type: 6
[TRACE] Successfully decoded transaction with hash: 05bc6232beadac9a12cdf353177cc27ecef0eda1eee3a885fbb5114a3f425a5b
2025-09-15 22:49:04.954 TRACE client[0]: Processing transaction with hash: 05bc6232beadac9a12cdf353177cc27ecef0eda1eee3a885fbb5114a3f425a5b
2025-09-15 22:49:04.954 DEBUG client[0]: Submitting transaction 05bc6232beadac9a12cdf353177cc27ecef0eda1eee3a885fbb5114a3f425a5b
2025-09-15 22:49:05.037 TRACE : trigger interaction 0xc0003e54a0 140/1200
[TRACE] Decoding transaction bytes of length: 230
[TRACE] Transaction type: 6
[TRACE] Successfully decoded transaction with hash: 793c21387325eadf4dc45add9d387d46ac3c267e3b1745386bc3cf6acb52449d
2025-09-15 22:49:05.037 TRACE client[0]: Processing transaction with hash: 793c21387325eadf4dc45add9d387d46ac3c267e3b1745386bc3cf6acb52449d
2025-09-15 22:49:05.037 DEBUG client[0]: Submitting transaction 793c21387325eadf4dc45add9d387d46ac3c267e3b1745386bc3cf6acb52449d
2025-09-15 22:49:05.120 TRACE : trigger interaction 0xc0003e5590 141/1200
[TRACE] Decoding transaction bytes of length: 230
[TRACE] Transaction type: 6
[TRACE] Successfully decoded transaction with hash: e172f8be33159f04ccff59513b9302cceb1ba9531dc1101af1f3d67ab7656e5c
2025-09-15 22:49:05.120 TRACE client[0]: Processing transaction with hash: e172f8be33159f04ccff59513b9302cceb1ba9531dc1101af1f3d67ab7656e5c
2025-09-15 22:49:05.120 DEBUG client[0]: Submitting transaction e172f8be33159f04ccff59513b9302cceb1ba9531dc1101af1f3d67ab7656e5c
2025-09-15 22:49:05.204 TRACE : trigger interaction 0xc0003e5680 142/1200
[TRACE] Decoding transaction bytes of length: 230
[TRACE] Transaction type: 6
[TRACE] Successfully decoded transaction with hash: 63338a8aa9cb119e79156c48fc22aff74cdd709d304a350e2812a78e38da072c
2025-09-15 22:49:05.204 TRACE client[0]: Processing transaction with hash: 63338a8aa9cb119e79156c48fc22aff74cdd709d304a350e2812a78e38da072c
2025-09-15 22:49:05.204 DEBUG client[0]: Submitting transaction 63338a8aa9cb119e79156c48fc22aff74cdd709d304a350e2812a78e38da072c
2025-09-15 22:49:05.287 TRACE : trigger interaction 0xc0003e5770 143/1200
[TRACE] Decoding transaction bytes of length: 230
[TRACE] Transaction type: 6
[TRACE] Successfully decoded transaction with hash: 9197136bb892064212f4beef7e0756e1158e2a7bd1f4068e752be4fc862af14f
2025-09-15 22:49:05.287 TRACE client[0]: Processing transaction with hash: 9197136bb892064212f4beef7e0756e1158e2a7bd1f4068e752be4fc862af14f
2025-09-15 22:49:05.287 DEBUG client[0]: Submitting transaction 9197136bb892064212f4beef7e0756e1158e2a7bd1f4068e752be4fc862af14f
2025-09-15 22:49:05.370 TRACE : trigger interaction 0xc0003e5860 144/1200
[TRACE] Decoding transaction bytes of length: 230
[TRACE] Transaction type: 6
[TRACE] Successfully decoded transaction with hash: 23a4a8d7b8deeadbc7cb93c9fa79a15a178ec07919801e6c2130d4d96c46fdb3
2025-09-15 22:49:05.371 TRACE client[0]: Processing transaction with hash: 23a4a8d7b8deeadbc7cb93c9fa79a15a178ec07919801e6c2130d4d96c46fdb3
2025-09-15 22:49:05.371 DEBUG client[0]: Submitting transaction 23a4a8d7b8deeadbc7cb93c9fa79a15a178ec07919801e6c2130d4d96c46fdb3
2025-09-15 22:49:05.454 TRACE : trigger interaction 0xc0003e5950 145/1200
[TRACE] Decoding transaction bytes of length: 230
[TRACE] Transaction type: 6
[TRACE] Successfully decoded transaction with hash: feef0218f1de12a65b63fea1e783b96bea4bf4ecdcb549ac216d01bd26b6c744
2025-09-15 22:49:05.454 TRACE client[0]: Processing transaction with hash: feef0218f1de12a65b63fea1e783b96bea4bf4ecdcb549ac216d01bd26b6c744
2025-09-15 22:49:05.454 DEBUG client[0]: Submitting transaction feef0218f1de12a65b63fea1e783b96bea4bf4ecdcb549ac216d01bd26b6c744
2025-09-15 22:49:05.537 TRACE : trigger interaction 0xc0003e5a40 146/1200
[TRACE] Decoding transaction bytes of length: 230
[TRACE] Transaction type: 6
[TRACE] Successfully decoded transaction with hash: 1c18fd24fdea4cca4551bcec634d178bd3af4096c610e9f87656ce63cb1e4009
2025-09-15 22:49:05.537 TRACE client[0]: Processing transaction with hash: 1c18fd24fdea4cca4551bcec634d178bd3af4096c610e9f87656ce63cb1e4009
2025-09-15 22:49:05.537 DEBUG client[0]: Submitting transaction 1c18fd24fdea4cca4551bcec634d178bd3af4096c610e9f87656ce63cb1e4009
2025-09-15 22:49:05.620 TRACE : trigger interaction 0xc0003e5b30 147/1200
[TRACE] Decoding transaction bytes of length: 230
[TRACE] Transaction type: 6
[TRACE] Successfully decoded transaction with hash: 7c2e0ad89b974704e4964657cd36c57bb4600238073603e00bf1e335b870ff8e
2025-09-15 22:49:05.621 TRACE client[0]: Processing transaction with hash: 7c2e0ad89b974704e4964657cd36c57bb4600238073603e00bf1e335b870ff8e
2025-09-15 22:49:05.621 DEBUG client[0]: Submitting transaction 7c2e0ad89b974704e4964657cd36c57bb4600238073603e00bf1e335b870ff8e
2025-09-15 22:49:05.704 TRACE : trigger interaction 0xc0003e5c20 148/1200
[TRACE] Decoding transaction bytes of length: 230
[TRACE] Transaction type: 6
[TRACE] Successfully decoded transaction with hash: 858cc45f601526ae4b22d66a011d14e83ad20507fc410e2055fe454e087b87c0
2025-09-15 22:49:05.704 TRACE client[0]: Processing transaction with hash: 858cc45f601526ae4b22d66a011d14e83ad20507fc410e2055fe454e087b87c0
2025-09-15 22:49:05.704 DEBUG client[0]: Submitting transaction 858cc45f601526ae4b22d66a011d14e83ad20507fc410e2055fe454e087b87c0
2025-09-15 22:49:05.787 TRACE : trigger interaction 0xc0003e5d10 149/1200
[TRACE] Decoding transaction bytes of length: 230
[TRACE] Transaction type: 6
[TRACE] Successfully decoded transaction with hash: b55232fa4fb90f5584da7c243a47cfb412d70910f2fea281d73e9e0cdd58ea4e
2025-09-15 22:49:05.787 TRACE client[0]: Processing transaction with hash: b55232fa4fb90f5584da7c243a47cfb412d70910f2fea281d73e9e0cdd58ea4e
2025-09-15 22:49:05.787 DEBUG client[0]: Submitting transaction b55232fa4fb90f5584da7c243a47cfb412d70910f2fea281d73e9e0cdd58ea4e
2025-09-15 22:49:05.870 TRACE : trigger interaction 0xc0003e5e00 150/1200
[TRACE] Decoding transaction bytes of length: 230
[TRACE] Transaction type: 6
[TRACE] Successfully decoded transaction with hash: 4fd914f895a9942c0ccadbec4ed6cac0389fe4b39fd242ba8a38e10f197ddee4
2025-09-15 22:49:05.871 TRACE client[0]: Processing transaction with hash: 4fd914f895a9942c0ccadbec4ed6cac0389fe4b39fd242ba8a38e10f197ddee4
2025-09-15 22:49:05.871 DEBUG client[0]: Submitting transaction 4fd914f895a9942c0ccadbec4ed6cac0389fe4b39fd242ba8a38e10f197ddee4
2025-09-15 22:49:05.954 TRACE : trigger interaction 0xc0000d8780 151/1200
[TRACE] Decoding transaction bytes of length: 230
[TRACE] Transaction type: 6
[TRACE] Successfully decoded transaction with hash: 0d13da815e04fc77acff1878db7e8c3bb837bcc01019bacd675fd21bebc89ef2
2025-09-15 22:49:05.954 TRACE client[0]: Processing transaction with hash: 0d13da815e04fc77acff1878db7e8c3bb837bcc01019bacd675fd21bebc89ef2
2025-09-15 22:49:05.954 DEBUG client[0]: Submitting transaction 0d13da815e04fc77acff1878db7e8c3bb837bcc01019bacd675fd21bebc89ef2
2025-09-15 22:49:06.037 TRACE : trigger interaction 0xc0000d8870 152/1200
[TRACE] Decoding transaction bytes of length: 230
[TRACE] Transaction type: 6
[TRACE] Successfully decoded transaction with hash: 26ee7bc923f299ee143ab4fddba602fb69a5cb154c238d53015a1cdc6827544d
2025-09-15 22:49:06.037 TRACE client[0]: Processing transaction with hash: 26ee7bc923f299ee143ab4fddba602fb69a5cb154c238d53015a1cdc6827544d
2025-09-15 22:49:06.037 DEBUG client[0]: Submitting transaction 26ee7bc923f299ee143ab4fddba602fb69a5cb154c238d53015a1cdc6827544d
2025-09-15 22:49:06.120 TRACE : trigger interaction 0xc0000d8960 153/1200
[TRACE] Decoding transaction bytes of length: 230
[TRACE] Transaction type: 6
[TRACE] Successfully decoded transaction with hash: 505fab43c2f642fc1755c1eeeba2097a67959ccec72de132de3387785305e440
2025-09-15 22:49:06.120 TRACE client[0]: Processing transaction with hash: 505fab43c2f642fc1755c1eeeba2097a67959ccec72de132de3387785305e440
2025-09-15 22:49:06.120 DEBUG client[0]: Submitting transaction 505fab43c2f642fc1755c1eeeba2097a67959ccec72de132de3387785305e440
2025-09-15 22:49:06.204 TRACE : trigger interaction 0xc0000d8a50 154/1200
[TRACE] Decoding transaction bytes of length: 230
[TRACE] Transaction type: 6
[TRACE] Successfully decoded transaction with hash: 584f701ad28f18043a028f22fb95cb8ed413905cd0f245fc4fd33281b8221a61
2025-09-15 22:49:06.204 TRACE client[0]: Processing transaction with hash: 584f701ad28f18043a028f22fb95cb8ed413905cd0f245fc4fd33281b8221a61
2025-09-15 22:49:06.204 DEBUG client[0]: Submitting transaction 584f701ad28f18043a028f22fb95cb8ed413905cd0f245fc4fd33281b8221a61
2025-09-15 22:49:06.287 TRACE : trigger interaction 0xc0000d8b40 155/1200
[TRACE] Decoding transaction bytes of length: 230
[TRACE] Transaction type: 6
[TRACE] Successfully decoded transaction with hash: c0aed03825e5c7591f57cbf9065e7807d5a2f81bf3c7c367841f4632500aa05c
2025-09-15 22:49:06.287 TRACE client[0]: Processing transaction with hash: c0aed03825e5c7591f57cbf9065e7807d5a2f81bf3c7c367841f4632500aa05c
2025-09-15 22:49:06.287 DEBUG client[0]: Submitting transaction c0aed03825e5c7591f57cbf9065e7807d5a2f81bf3c7c367841f4632500aa05c
2025-09-15 22:49:06.370 TRACE : trigger interaction 0xc0000d8c30 156/1200
[TRACE] Decoding transaction bytes of length: 230
[TRACE] Transaction type: 6
[TRACE] Successfully decoded transaction with hash: 3f1cd231023b7da351134561611af8015d1d721765d6c7fc7cf194233505adcf
2025-09-15 22:49:06.370 TRACE client[0]: Processing transaction with hash: 3f1cd231023b7da351134561611af8015d1d721765d6c7fc7cf194233505adcf
2025-09-15 22:49:06.370 DEBUG client[0]: Submitting transaction 3f1cd231023b7da351134561611af8015d1d721765d6c7fc7cf194233505adcf
2025-09-15 22:49:06.454 TRACE : trigger interaction 0xc0000d8d20 157/1200
[TRACE] Decoding transaction bytes of length: 230
[TRACE] Transaction type: 6
[TRACE] Successfully decoded transaction with hash: 395766982eec5a154a7f9e1854b06a3a6f562e87875ac0f79e53a107239606c4
2025-09-15 22:49:06.454 TRACE client[0]: Processing transaction with hash: 395766982eec5a154a7f9e1854b06a3a6f562e87875ac0f79e53a107239606c4
2025-09-15 22:49:06.454 DEBUG client[0]: Submitting transaction 395766982eec5a154a7f9e1854b06a3a6f562e87875ac0f79e53a107239606c4
2025-09-15 22:49:06.537 TRACE : trigger interaction 0xc0000d8e10 158/1200
[TRACE] Decoding transaction bytes of length: 230
[TRACE] Transaction type: 6
[TRACE] Successfully decoded transaction with hash: 4a4e1ea54c07708f825af4d41c1fa0ee4c456fd651ba9aa4ff2f5c3f0cc6183c
2025-09-15 22:49:06.537 TRACE client[0]: Processing transaction with hash: 4a4e1ea54c07708f825af4d41c1fa0ee4c456fd651ba9aa4ff2f5c3f0cc6183c
2025-09-15 22:49:06.537 DEBUG client[0]: Submitting transaction 4a4e1ea54c07708f825af4d41c1fa0ee4c456fd651ba9aa4ff2f5c3f0cc6183c
2025-09-15 22:49:06.621 TRACE : trigger interaction 0xc0000d8f00 159/1200
[TRACE] Decoding transaction bytes of length: 230
[TRACE] Transaction type: 6
[TRACE] Successfully decoded transaction with hash: d98a8f32ec8976b62461f27ff50b9608e70f47f4d61446181da6e599d5f9bfc0
2025-09-15 22:49:06.621 TRACE client[0]: Processing transaction with hash: d98a8f32ec8976b62461f27ff50b9608e70f47f4d61446181da6e599d5f9bfc0
2025-09-15 22:49:06.621 DEBUG client[0]: Submitting transaction d98a8f32ec8976b62461f27ff50b9608e70f47f4d61446181da6e599d5f9bfc0
2025-09-15 22:49:06.704 TRACE : trigger interaction 0xc0000d8ff0 160/1200
[TRACE] Decoding transaction bytes of length: 230
[TRACE] Transaction type: 6
[TRACE] Successfully decoded transaction with hash: 100274a7256519a50428ef73eba0c83ddffa464891da5e0263ed9cb019f73dd1
2025-09-15 22:49:06.704 TRACE client[0]: Processing transaction with hash: 100274a7256519a50428ef73eba0c83ddffa464891da5e0263ed9cb019f73dd1
2025-09-15 22:49:06.704 DEBUG client[0]: Submitting transaction 100274a7256519a50428ef73eba0c83ddffa464891da5e0263ed9cb019f73dd1
2025-09-15 22:49:06.787 TRACE : trigger interaction 0xc0000d90e0 161/1200
[TRACE] Decoding transaction bytes of length: 230
[TRACE] Transaction type: 6
[TRACE] Successfully decoded transaction with hash: 225be7492d48752a25de0e3cc8553ce5e19b1f46e034c44234106e03125e1cba
2025-09-15 22:49:06.787 TRACE client[0]: Processing transaction with hash: 225be7492d48752a25de0e3cc8553ce5e19b1f46e034c44234106e03125e1cba
2025-09-15 22:49:06.787 DEBUG client[0]: Submitting transaction 225be7492d48752a25de0e3cc8553ce5e19b1f46e034c44234106e03125e1cba
2025-09-15 22:49:06.871 TRACE : trigger interaction 0xc0000d91d0 162/1200
[TRACE] Decoding transaction bytes of length: 230
[TRACE] Transaction type: 6
[TRACE] Successfully decoded transaction with hash: bb4981647cdf0a39445ea18eace1677469d5d7559cd8151486dac07a4413edcb
2025-09-15 22:49:06.871 TRACE client[0]: Processing transaction with hash: bb4981647cdf0a39445ea18eace1677469d5d7559cd8151486dac07a4413edcb
2025-09-15 22:49:06.871 DEBUG client[0]: Submitting transaction bb4981647cdf0a39445ea18eace1677469d5d7559cd8151486dac07a4413edcb
2025-09-15 22:49:06.954 TRACE : trigger interaction 0xc0000d92c0 163/1200
[TRACE] Decoding transaction bytes of length: 230
[TRACE] Transaction type: 6
[TRACE] Successfully decoded transaction with hash: 16d48f1219d9d2df802fde85a25b61fa8abda86a3b7636fa9a7e59e15f446fd1
2025-09-15 22:49:06.954 TRACE client[0]: Processing transaction with hash: 16d48f1219d9d2df802fde85a25b61fa8abda86a3b7636fa9a7e59e15f446fd1
2025-09-15 22:49:06.954 DEBUG client[0]: Submitting transaction 16d48f1219d9d2df802fde85a25b61fa8abda86a3b7636fa9a7e59e15f446fd1
2025-09-15 22:49:07.037 TRACE : trigger interaction 0xc0000d93b0 164/1200
[TRACE] Decoding transaction bytes of length: 230
[TRACE] Transaction type: 6
[TRACE] Successfully decoded transaction with hash: acdb0b48de689a85ada30a91d1f885ef50ff2a64a0cd6124cc32933137bbe621
2025-09-15 22:49:07.037 TRACE client[0]: Processing transaction with hash: acdb0b48de689a85ada30a91d1f885ef50ff2a64a0cd6124cc32933137bbe621
2025-09-15 22:49:07.037 DEBUG client[0]: Submitting transaction acdb0b48de689a85ada30a91d1f885ef50ff2a64a0cd6124cc32933137bbe621
2025-09-15 22:49:07.121 TRACE : trigger interaction 0xc0000d94a0 165/1200
[TRACE] Decoding transaction bytes of length: 230
[TRACE] Transaction type: 6
[TRACE] Successfully decoded transaction with hash: 564d7b1aa289ace1a7baa407e32e52c3c31482c3f6a1c01b8fec4102abe62088
2025-09-15 22:49:07.121 TRACE client[0]: Processing transaction with hash: 564d7b1aa289ace1a7baa407e32e52c3c31482c3f6a1c01b8fec4102abe62088
2025-09-15 22:49:07.121 DEBUG client[0]: Submitting transaction 564d7b1aa289ace1a7baa407e32e52c3c31482c3f6a1c01b8fec4102abe62088
2025-09-15 22:49:07.204 TRACE : trigger interaction 0xc0000d9590 166/1200
[TRACE] Decoding transaction bytes of length: 230
[TRACE] Transaction type: 6
[TRACE] Successfully decoded transaction with hash: 0a867bbfdd5bf3245bc5662cfc9adaebf7ac8c28f0ecb31b6b8606b08572fc36
2025-09-15 22:49:07.204 TRACE client[0]: Processing transaction with hash: 0a867bbfdd5bf3245bc5662cfc9adaebf7ac8c28f0ecb31b6b8606b08572fc36
2025-09-15 22:49:07.204 DEBUG client[0]: Submitting transaction 0a867bbfdd5bf3245bc5662cfc9adaebf7ac8c28f0ecb31b6b8606b08572fc36
2025-09-15 22:49:07.287 TRACE : trigger interaction 0xc0000d9680 167/1200
[TRACE] Decoding transaction bytes of length: 230
[TRACE] Transaction type: 6
[TRACE] Successfully decoded transaction with hash: 646e2f001b338ce862ebc6865b85b02e2a19f6a17e3968b1b43bd90d863c361e
2025-09-15 22:49:07.287 TRACE client[0]: Processing transaction with hash: 646e2f001b338ce862ebc6865b85b02e2a19f6a17e3968b1b43bd90d863c361e
2025-09-15 22:49:07.287 DEBUG client[0]: Submitting transaction 646e2f001b338ce862ebc6865b85b02e2a19f6a17e3968b1b43bd90d863c361e
2025-09-15 22:49:07.370 TRACE : trigger interaction 0xc0004ca690 168/1200
[TRACE] Decoding transaction bytes of length: 230
[TRACE] Transaction type: 6
[TRACE] Successfully decoded transaction with hash: 9f66f4f8ed189021f52b7f3612f780dea43e491c918a3814c993f5c43c33cda8
2025-09-15 22:49:07.370 TRACE client[0]: Processing transaction with hash: 9f66f4f8ed189021f52b7f3612f780dea43e491c918a3814c993f5c43c33cda8
2025-09-15 22:49:07.370 DEBUG client[0]: Submitting transaction 9f66f4f8ed189021f52b7f3612f780dea43e491c918a3814c993f5c43c33cda8
2025-09-15 22:49:07.454 TRACE : trigger interaction 0xc0004ca780 169/1200
[TRACE] Decoding transaction bytes of length: 230
[TRACE] Transaction type: 6
[TRACE] Successfully decoded transaction with hash: 066f982128441aba1369d7f21b4f46df6155713352128f626ab878b731df26a5
2025-09-15 22:49:07.454 TRACE client[0]: Processing transaction with hash: 066f982128441aba1369d7f21b4f46df6155713352128f626ab878b731df26a5
2025-09-15 22:49:07.454 DEBUG client[0]: Submitting transaction 066f982128441aba1369d7f21b4f46df6155713352128f626ab878b731df26a5
2025-09-15 22:49:07.537 TRACE : trigger interaction 0xc0004ca870 170/1200
[TRACE] Decoding transaction bytes of length: 230
[TRACE] Transaction type: 6
[TRACE] Successfully decoded transaction with hash: 02e51c69f137d850488b528d1befe36ea65e7f2ca7e92dd6d43859e45c8c6e39
2025-09-15 22:49:07.537 TRACE client[0]: Processing transaction with hash: 02e51c69f137d850488b528d1befe36ea65e7f2ca7e92dd6d43859e45c8c6e39
2025-09-15 22:49:07.537 DEBUG client[0]: Submitting transaction 02e51c69f137d850488b528d1befe36ea65e7f2ca7e92dd6d43859e45c8c6e39
2025-09-15 22:49:07.620 TRACE : trigger interaction 0xc0004ca960 171/1200
[TRACE] Decoding transaction bytes of length: 230
[TRACE] Transaction type: 6
[TRACE] Successfully decoded transaction with hash: c27eed8253eb6ba0a1aef69e031ec4c4495cbbdc182745b252cd9d4b4fa1b3a2
2025-09-15 22:49:07.621 TRACE client[0]: Processing transaction with hash: c27eed8253eb6ba0a1aef69e031ec4c4495cbbdc182745b252cd9d4b4fa1b3a2
2025-09-15 22:49:07.621 DEBUG client[0]: Submitting transaction c27eed8253eb6ba0a1aef69e031ec4c4495cbbdc182745b252cd9d4b4fa1b3a2
2025-09-15 22:49:07.704 TRACE : trigger interaction 0xc0004caa50 172/1200
[TRACE] Decoding transaction bytes of length: 230
[TRACE] Transaction type: 6
[TRACE] Successfully decoded transaction with hash: 60b5fa908d90436064d0d2e335ab8d233eb1658a9d81a3caa3f373a7328596c7
2025-09-15 22:49:07.704 TRACE client[0]: Processing transaction with hash: 60b5fa908d90436064d0d2e335ab8d233eb1658a9d81a3caa3f373a7328596c7
2025-09-15 22:49:07.704 DEBUG client[0]: Submitting transaction 60b5fa908d90436064d0d2e335ab8d233eb1658a9d81a3caa3f373a7328596c7
2025-09-15 22:49:07.787 TRACE : trigger interaction 0xc0004cab40 173/1200
[TRACE] Decoding transaction bytes of length: 230
[TRACE] Transaction type: 6
[TRACE] Successfully decoded transaction with hash: b4726a47977fe27c59b0783fe83ab58901f0ee116b827570443d86117a0ae8dd
2025-09-15 22:49:07.788 TRACE client[0]: Processing transaction with hash: b4726a47977fe27c59b0783fe83ab58901f0ee116b827570443d86117a0ae8dd
2025-09-15 22:49:07.788 DEBUG client[0]: Submitting transaction b4726a47977fe27c59b0783fe83ab58901f0ee116b827570443d86117a0ae8dd
2025-09-15 22:49:07.870 TRACE : trigger interaction 0xc0004cac30 174/1200
[TRACE] Decoding transaction bytes of length: 230
[TRACE] Transaction type: 6
[TRACE] Successfully decoded transaction with hash: b360eeb47993d1cc7951bcd9fb598818d8b70fe64cf4240f59ad6cdc60521c3f
2025-09-15 22:49:07.870 TRACE client[0]: Processing transaction with hash: b360eeb47993d1cc7951bcd9fb598818d8b70fe64cf4240f59ad6cdc60521c3f
2025-09-15 22:49:07.870 DEBUG client[0]: Submitting transaction b360eeb47993d1cc7951bcd9fb598818d8b70fe64cf4240f59ad6cdc60521c3f
2025-09-15 22:49:07.954 TRACE : trigger interaction 0xc0004cad20 175/1200
[TRACE] Decoding transaction bytes of length: 230
[TRACE] Transaction type: 6
[TRACE] Successfully decoded transaction with hash: 59fc596904524dea4002daea6eb8c4e9ca958466c4ee9a90e93f66f9c22b1c00
2025-09-15 22:49:07.954 TRACE client[0]: Processing transaction with hash: 59fc596904524dea4002daea6eb8c4e9ca958466c4ee9a90e93f66f9c22b1c00
2025-09-15 22:49:07.954 DEBUG client[0]: Submitting transaction 59fc596904524dea4002daea6eb8c4e9ca958466c4ee9a90e93f66f9c22b1c00
2025-09-15 22:49:08.037 TRACE : trigger interaction 0xc0004cae10 176/1200
[TRACE] Decoding transaction bytes of length: 230
[TRACE] Transaction type: 6
[TRACE] Successfully decoded transaction with hash: 40ff64ae71df98184c2ba0cc20d6339481faae97af1cd6e701d80712aa3adcea
2025-09-15 22:49:08.037 TRACE client[0]: Processing transaction with hash: 40ff64ae71df98184c2ba0cc20d6339481faae97af1cd6e701d80712aa3adcea
2025-09-15 22:49:08.037 DEBUG client[0]: Submitting transaction 40ff64ae71df98184c2ba0cc20d6339481faae97af1cd6e701d80712aa3adcea
2025-09-15 22:49:08.121 TRACE : trigger interaction 0xc0004caf00 177/1200
[TRACE] Decoding transaction bytes of length: 230
[TRACE] Transaction type: 6
[TRACE] Successfully decoded transaction with hash: a116931b172223439e53e2424f28e75e5b621e18799d77df307b2fbb2a791ccf
2025-09-15 22:49:08.121 TRACE client[0]: Processing transaction with hash: a116931b172223439e53e2424f28e75e5b621e18799d77df307b2fbb2a791ccf
2025-09-15 22:49:08.121 DEBUG client[0]: Submitting transaction a116931b172223439e53e2424f28e75e5b621e18799d77df307b2fbb2a791ccf
2025-09-15 22:49:08.204 TRACE : trigger interaction 0xc0004caff0 178/1200
[TRACE] Decoding transaction bytes of length: 230
[TRACE] Transaction type: 6
[TRACE] Successfully decoded transaction with hash: 95887cdeb28022fcf539108c461c206af941f15b05b679a853ad77a9bed434f5
2025-09-15 22:49:08.204 TRACE client[0]: Processing transaction with hash: 95887cdeb28022fcf539108c461c206af941f15b05b679a853ad77a9bed434f5
2025-09-15 22:49:08.204 DEBUG client[0]: Submitting transaction 95887cdeb28022fcf539108c461c206af941f15b05b679a853ad77a9bed434f5
2025-09-15 22:49:08.287 TRACE : trigger interaction 0xc0004cb0e0 179/1200
[TRACE] Decoding transaction bytes of length: 230
[TRACE] Transaction type: 6
[TRACE] Successfully decoded transaction with hash: 516a0f20f281d574c019cc5b3798e5a01a8ac608ba2793ff9db094ba04c31f52
2025-09-15 22:49:08.287 TRACE client[0]: Processing transaction with hash: 516a0f20f281d574c019cc5b3798e5a01a8ac608ba2793ff9db094ba04c31f52
2025-09-15 22:49:08.287 DEBUG client[0]: Submitting transaction 516a0f20f281d574c019cc5b3798e5a01a8ac608ba2793ff9db094ba04c31f52
2025-09-15 22:49:08.370 TRACE : trigger interaction 0xc0004cb1d0 180/1200
[TRACE] Decoding transaction bytes of length: 230
[TRACE] Transaction type: 6
[TRACE] Successfully decoded transaction with hash: fccbd61efe6ed05ea865a1a91c3d17b66b7def14f729a985e20f95bff02d2a24
2025-09-15 22:49:08.370 TRACE client[0]: Processing transaction with hash: fccbd61efe6ed05ea865a1a91c3d17b66b7def14f729a985e20f95bff02d2a24
2025-09-15 22:49:08.370 DEBUG client[0]: Submitting transaction fccbd61efe6ed05ea865a1a91c3d17b66b7def14f729a985e20f95bff02d2a24
2025-09-15 22:49:08.454 TRACE : trigger interaction 0xc0004cb2c0 181/1200
[TRACE] Decoding transaction bytes of length: 230
[TRACE] Transaction type: 6
[TRACE] Successfully decoded transaction with hash: 084ecf3c60968c97c49c9df577b9f76896293cbe6f4c8c4020fcbf21253a3480
2025-09-15 22:49:08.454 TRACE client[0]: Processing transaction with hash: 084ecf3c60968c97c49c9df577b9f76896293cbe6f4c8c4020fcbf21253a3480
2025-09-15 22:49:08.454 DEBUG client[0]: Submitting transaction 084ecf3c60968c97c49c9df577b9f76896293cbe6f4c8c4020fcbf21253a3480
2025-09-15 22:49:08.537 TRACE : trigger interaction 0xc0004cb3b0 182/1200
[TRACE] Decoding transaction bytes of length: 230
[TRACE] Transaction type: 6
[TRACE] Successfully decoded transaction with hash: 2ae4febdcea43c70a52bff41b6d6c547d2c6d83744c549d897c73768476ab373
2025-09-15 22:49:08.538 TRACE client[0]: Processing transaction with hash: 2ae4febdcea43c70a52bff41b6d6c547d2c6d83744c549d897c73768476ab373
2025-09-15 22:49:08.538 DEBUG client[0]: Submitting transaction 2ae4febdcea43c70a52bff41b6d6c547d2c6d83744c549d897c73768476ab373
2025-09-15 22:49:08.621 TRACE : trigger interaction 0xc0004cb4a0 183/1200
[TRACE] Decoding transaction bytes of length: 230
[TRACE] Transaction type: 6
[TRACE] Successfully decoded transaction with hash: c37606dfc6fcda1467ab06b799b4affd528ff0893ad80db1bcfc6e973c0ba756
2025-09-15 22:49:08.621 TRACE client[0]: Processing transaction with hash: c37606dfc6fcda1467ab06b799b4affd528ff0893ad80db1bcfc6e973c0ba756
2025-09-15 22:49:08.621 DEBUG client[0]: Submitting transaction c37606dfc6fcda1467ab06b799b4affd528ff0893ad80db1bcfc6e973c0ba756
2025-09-15 22:49:08.704 TRACE : trigger interaction 0xc0004cb590 184/1200
[TRACE] Decoding transaction bytes of length: 230
[TRACE] Transaction type: 6
[TRACE] Successfully decoded transaction with hash: 2d5f9856da44d5ee4bffd8c2ea84530e2ff985fddf4ebfefee379592bbeb5ea6
2025-09-15 22:49:08.704 TRACE client[0]: Processing transaction with hash: 2d5f9856da44d5ee4bffd8c2ea84530e2ff985fddf4ebfefee379592bbeb5ea6
2025-09-15 22:49:08.704 DEBUG client[0]: Submitting transaction 2d5f9856da44d5ee4bffd8c2ea84530e2ff985fddf4ebfefee379592bbeb5ea6
2025-09-15 22:49:08.787 TRACE : trigger interaction 0xc0003e5ef0 185/1200
[TRACE] Decoding transaction bytes of length: 230
[TRACE] Transaction type: 6
[TRACE] Successfully decoded transaction with hash: 12d53fc107a416069fd97d2a8db996e8a3cd12ebccde45441fb9867e1a75741b
2025-09-15 22:49:08.788 TRACE client[0]: Processing transaction with hash: 12d53fc107a416069fd97d2a8db996e8a3cd12ebccde45441fb9867e1a75741b
2025-09-15 22:49:08.788 DEBUG client[0]: Submitting transaction 12d53fc107a416069fd97d2a8db996e8a3cd12ebccde45441fb9867e1a75741b
2025-09-15 22:49:08.870 TRACE : trigger interaction 0xc0003fa000 186/1200
[TRACE] Decoding transaction bytes of length: 230
[TRACE] Transaction type: 6
[TRACE] Successfully decoded transaction with hash: 7d3a99f074c3b4e251aec4737fc456d46eb558660f7023aaded34dc5d8806557
2025-09-15 22:49:08.871 TRACE client[0]: Processing transaction with hash: 7d3a99f074c3b4e251aec4737fc456d46eb558660f7023aaded34dc5d8806557
2025-09-15 22:49:08.871 DEBUG client[0]: Submitting transaction 7d3a99f074c3b4e251aec4737fc456d46eb558660f7023aaded34dc5d8806557
2025-09-15 22:49:08.954 TRACE : trigger interaction 0xc0003fa0f0 187/1200
[TRACE] Decoding transaction bytes of length: 230
[TRACE] Transaction type: 6
[TRACE] Successfully decoded transaction with hash: bb4159c3beb8f93bd25c48e9e94cc28d9c89ff6dd37e1398ddf1675fc1a58f12
2025-09-15 22:49:08.954 TRACE client[0]: Processing transaction with hash: bb4159c3beb8f93bd25c48e9e94cc28d9c89ff6dd37e1398ddf1675fc1a58f12
2025-09-15 22:49:08.954 DEBUG client[0]: Submitting transaction bb4159c3beb8f93bd25c48e9e94cc28d9c89ff6dd37e1398ddf1675fc1a58f12
2025-09-15 22:49:09.037 TRACE : trigger interaction 0xc0003fa1e0 188/1200
[TRACE] Decoding transaction bytes of length: 230
[TRACE] Transaction type: 6
[TRACE] Successfully decoded transaction with hash: 7bf05bfd3565ae2f57b96c2bd0853b66a1f7b38ae60a6250973e0c8bc2e42c84
2025-09-15 22:49:09.037 TRACE client[0]: Processing transaction with hash: 7bf05bfd3565ae2f57b96c2bd0853b66a1f7b38ae60a6250973e0c8bc2e42c84
2025-09-15 22:49:09.037 DEBUG client[0]: Submitting transaction 7bf05bfd3565ae2f57b96c2bd0853b66a1f7b38ae60a6250973e0c8bc2e42c84
2025-09-15 22:49:09.121 TRACE : trigger interaction 0xc0003fa2d0 189/1200
[TRACE] Decoding transaction bytes of length: 230
[TRACE] Transaction type: 6
[TRACE] Successfully decoded transaction with hash: 6dc3102dd273eb22e0c221a829b57d42e5ee6672465dd1d4d034b371f18fd3d0
2025-09-15 22:49:09.121 TRACE client[0]: Processing transaction with hash: 6dc3102dd273eb22e0c221a829b57d42e5ee6672465dd1d4d034b371f18fd3d0
2025-09-15 22:49:09.121 DEBUG client[0]: Submitting transaction 6dc3102dd273eb22e0c221a829b57d42e5ee6672465dd1d4d034b371f18fd3d0
2025-09-15 22:49:09.204 TRACE : trigger interaction 0xc0003fa3c0 190/1200
[TRACE] Decoding transaction bytes of length: 230
[TRACE] Transaction type: 6
[TRACE] Successfully decoded transaction with hash: 49208b140ff2dbe0e116e10f34d2f10183a4820a560037a795200fd538851b25
2025-09-15 22:49:09.204 TRACE client[0]: Processing transaction with hash: 49208b140ff2dbe0e116e10f34d2f10183a4820a560037a795200fd538851b25
2025-09-15 22:49:09.204 DEBUG client[0]: Submitting transaction 49208b140ff2dbe0e116e10f34d2f10183a4820a560037a795200fd538851b25
2025-09-15 22:49:09.287 TRACE : trigger interaction 0xc0003fa4b0 191/1200
[TRACE] Decoding transaction bytes of length: 230
[TRACE] Transaction type: 6
[TRACE] Successfully decoded transaction with hash: 6c6a5a35445f8933538d60bf78cdaf59a47555d577e70c47d2b4f8430e0aae74
2025-09-15 22:49:09.287 TRACE client[0]: Processing transaction with hash: 6c6a5a35445f8933538d60bf78cdaf59a47555d577e70c47d2b4f8430e0aae74
2025-09-15 22:49:09.287 DEBUG client[0]: Submitting transaction 6c6a5a35445f8933538d60bf78cdaf59a47555d577e70c47d2b4f8430e0aae74
2025-09-15 22:49:09.370 TRACE : trigger interaction 0xc0003fa5a0 192/1200
[TRACE] Decoding transaction bytes of length: 230
[TRACE] Transaction type: 6
[TRACE] Successfully decoded transaction with hash: d2a9313d5e3213028460a68984aa187296952a7f38b6189a619a77e117ebbb1c
2025-09-15 22:49:09.370 TRACE client[0]: Processing transaction with hash: d2a9313d5e3213028460a68984aa187296952a7f38b6189a619a77e117ebbb1c
2025-09-15 22:49:09.370 DEBUG client[0]: Submitting transaction d2a9313d5e3213028460a68984aa187296952a7f38b6189a619a77e117ebbb1c
2025-09-15 22:49:09.454 TRACE : trigger interaction 0xc0003fa690 193/1200
[TRACE] Decoding transaction bytes of length: 230
[TRACE] Transaction type: 6
[TRACE] Successfully decoded transaction with hash: c6128dbf3b992a41758e349214a2f8bc550f58a238feb1b7c1af09a36b753ed5
2025-09-15 22:49:09.455 TRACE client[0]: Processing transaction with hash: c6128dbf3b992a41758e349214a2f8bc550f58a238feb1b7c1af09a36b753ed5
2025-09-15 22:49:09.455 DEBUG client[0]: Submitting transaction c6128dbf3b992a41758e349214a2f8bc550f58a238feb1b7c1af09a36b753ed5
2025-09-15 22:49:09.537 TRACE : trigger interaction 0xc0003fa780 194/1200
[TRACE] Decoding transaction bytes of length: 230
[TRACE] Transaction type: 6
[TRACE] Successfully decoded transaction with hash: bb7ec81e6c87909e2a6a9ef4fe953fe0d1ebc08820159c662bbfb937af96a235
2025-09-15 22:49:09.537 TRACE client[0]: Processing transaction with hash: bb7ec81e6c87909e2a6a9ef4fe953fe0d1ebc08820159c662bbfb937af96a235
2025-09-15 22:49:09.537 DEBUG client[0]: Submitting transaction bb7ec81e6c87909e2a6a9ef4fe953fe0d1ebc08820159c662bbfb937af96a235
2025-09-15 22:49:09.620 TRACE : trigger interaction 0xc0003fa870 195/1200
[TRACE] Decoding transaction bytes of length: 230
[TRACE] Transaction type: 6
[TRACE] Successfully decoded transaction with hash: 0a1a6a4e232a94313f44c98fa0730b1148fff2ee974deef8ab30d0d4963040f9
2025-09-15 22:49:09.620 TRACE client[0]: Processing transaction with hash: 0a1a6a4e232a94313f44c98fa0730b1148fff2ee974deef8ab30d0d4963040f9
2025-09-15 22:49:09.620 DEBUG client[0]: Submitting transaction 0a1a6a4e232a94313f44c98fa0730b1148fff2ee974deef8ab30d0d4963040f9
2025-09-15 22:49:09.704 TRACE : trigger interaction 0xc0003fa960 196/1200
[TRACE] Decoding transaction bytes of length: 230
[TRACE] Transaction type: 6
[TRACE] Successfully decoded transaction with hash: 6640aadadb0f9cdf5a04bf59f6b6606de052c90c9cc96109cef70bd2c1ec731f
2025-09-15 22:49:09.704 TRACE client[0]: Processing transaction with hash: 6640aadadb0f9cdf5a04bf59f6b6606de052c90c9cc96109cef70bd2c1ec731f
2025-09-15 22:49:09.704 DEBUG client[0]: Submitting transaction 6640aadadb0f9cdf5a04bf59f6b6606de052c90c9cc96109cef70bd2c1ec731f
2025-09-15 22:49:09.787 TRACE : trigger interaction 0xc0003faa50 197/1200
[TRACE] Decoding transaction bytes of length: 230
[TRACE] Transaction type: 6
[TRACE] Successfully decoded transaction with hash: 2e1fab046b57e54e74e0584d8a225b14f4e0dd622684bfb1d6e37faa63efb089
2025-09-15 22:49:09.787 TRACE client[0]: Processing transaction with hash: 2e1fab046b57e54e74e0584d8a225b14f4e0dd622684bfb1d6e37faa63efb089
2025-09-15 22:49:09.787 DEBUG client[0]: Submitting transaction 2e1fab046b57e54e74e0584d8a225b14f4e0dd622684bfb1d6e37faa63efb089
2025-09-15 22:49:09.871 TRACE : trigger interaction 0xc0003fab40 198/1200
[TRACE] Decoding transaction bytes of length: 230
[TRACE] Transaction type: 6
[TRACE] Successfully decoded transaction with hash: cdba205abc5db72ad04bf0495b7009066527bead28f74ff8ec00682afd6de730
2025-09-15 22:49:09.871 TRACE client[0]: Processing transaction with hash: cdba205abc5db72ad04bf0495b7009066527bead28f74ff8ec00682afd6de730
2025-09-15 22:49:09.871 DEBUG client[0]: Submitting transaction cdba205abc5db72ad04bf0495b7009066527bead28f74ff8ec00682afd6de730
2025-09-15 22:49:09.954 TRACE : trigger interaction 0xc0003fac30 199/1200
[TRACE] Decoding transaction bytes of length: 230
[TRACE] Transaction type: 6
[TRACE] Successfully decoded transaction with hash: 5e506cb46c87e589019de7631a8feb5ba0d2773b07f3bccdcaaef3f1e435e3c8
2025-09-15 22:49:09.954 TRACE client[0]: Processing transaction with hash: 5e506cb46c87e589019de7631a8feb5ba0d2773b07f3bccdcaaef3f1e435e3c8
2025-09-15 22:49:09.954 DEBUG client[0]: Submitting transaction 5e506cb46c87e589019de7631a8feb5ba0d2773b07f3bccdcaaef3f1e435e3c8
2025-09-15 22:49:10.037 TRACE : trigger interaction 0xc0003fad20 200/1200
[TRACE] Decoding transaction bytes of length: 230
[TRACE] Transaction type: 6
[TRACE] Successfully decoded transaction with hash: 9cff8b76099945f6d2949dd8e4c7729bd5adeeaae0d8242386bb2ceedb022757
2025-09-15 22:49:10.037 TRACE client[0]: Processing transaction with hash: 9cff8b76099945f6d2949dd8e4c7729bd5adeeaae0d8242386bb2ceedb022757
2025-09-15 22:49:10.037 DEBUG client[0]: Submitting transaction 9cff8b76099945f6d2949dd8e4c7729bd5adeeaae0d8242386bb2ceedb022757
2025-09-15 22:49:10.120 TRACE : trigger interaction 0xc0003fae10 201/1200
[TRACE] Decoding transaction bytes of length: 230
[TRACE] Transaction type: 6
[TRACE] Successfully decoded transaction with hash: 59d501e92e731f974f80474ca3e341861b3298e4ad212a19efd57e3360b77471
2025-09-15 22:49:10.121 TRACE client[0]: Processing transaction with hash: 59d501e92e731f974f80474ca3e341861b3298e4ad212a19efd57e3360b77471
2025-09-15 22:49:10.121 DEBUG client[0]: Submitting transaction 59d501e92e731f974f80474ca3e341861b3298e4ad212a19efd57e3360b77471
2025-09-15 22:49:10.204 TRACE : trigger interaction 0xc0003faf00 202/1200
[TRACE] Decoding transaction bytes of length: 229
[TRACE] Transaction type: 6
[TRACE] Successfully decoded transaction with hash: 54a6684cca23cec0f3b0ec4469df97bc97b500c94c005de1ab15e09544b7018e
2025-09-15 22:49:10.205 TRACE client[0]: Processing transaction with hash: 54a6684cca23cec0f3b0ec4469df97bc97b500c94c005de1ab15e09544b7018e
2025-09-15 22:49:10.205 DEBUG client[0]: Submitting transaction 54a6684cca23cec0f3b0ec4469df97bc97b500c94c005de1ab15e09544b7018e
2025-09-15 22:49:10.287 TRACE : trigger interaction 0xc0003faff0 203/1200
[TRACE] Decoding transaction bytes of length: 229
[TRACE] Transaction type: 6
[TRACE] Successfully decoded transaction with hash: 65bf215755b77448da085297ce69804ecb5e19faee129709fdbc0039dfcd8854
2025-09-15 22:49:10.287 TRACE client[0]: Processing transaction with hash: 65bf215755b77448da085297ce69804ecb5e19faee129709fdbc0039dfcd8854
2025-09-15 22:49:10.287 DEBUG client[0]: Submitting transaction 65bf215755b77448da085297ce69804ecb5e19faee129709fdbc0039dfcd8854
2025-09-15 22:49:10.370 TRACE : trigger interaction 0xc0003fb0e0 204/1200
[TRACE] Decoding transaction bytes of length: 229
[TRACE] Transaction type: 6
[TRACE] Successfully decoded transaction with hash: f89eb7fd304c85c73d9885815c5705140a488bd32a0056ad4dc9f8ffe7dd9f76
2025-09-15 22:49:10.370 TRACE client[0]: Processing transaction with hash: f89eb7fd304c85c73d9885815c5705140a488bd32a0056ad4dc9f8ffe7dd9f76
2025-09-15 22:49:10.370 DEBUG client[0]: Submitting transaction f89eb7fd304c85c73d9885815c5705140a488bd32a0056ad4dc9f8ffe7dd9f76
2025-09-15 22:49:10.454 TRACE : trigger interaction 0xc0003fb1d0 205/1200
[TRACE] Decoding transaction bytes of length: 229
[TRACE] Transaction type: 6
[TRACE] Successfully decoded transaction with hash: ce96f9122538d2ce9611f94a4563c1cd21a7119c05282cae9e92645e7b234de0
2025-09-15 22:49:10.454 TRACE client[0]: Processing transaction with hash: ce96f9122538d2ce9611f94a4563c1cd21a7119c05282cae9e92645e7b234de0
2025-09-15 22:49:10.454 DEBUG client[0]: Submitting transaction ce96f9122538d2ce9611f94a4563c1cd21a7119c05282cae9e92645e7b234de0
2025-09-15 22:49:10.537 TRACE : trigger interaction 0xc0003fb2c0 206/1200
[TRACE] Decoding transaction bytes of length: 229
[TRACE] Transaction type: 6
[TRACE] Successfully decoded transaction with hash: 5292cebdb864f9633d2ca12d9f31449d64680e8568aca65036da6b27f5234150
2025-09-15 22:49:10.537 TRACE client[0]: Processing transaction with hash: 5292cebdb864f9633d2ca12d9f31449d64680e8568aca65036da6b27f5234150
2025-09-15 22:49:10.537 DEBUG client[0]: Submitting transaction 5292cebdb864f9633d2ca12d9f31449d64680e8568aca65036da6b27f5234150
2025-09-15 22:49:10.620 TRACE : trigger interaction 0xc0003fb3b0 207/1200
[TRACE] Decoding transaction bytes of length: 229
[TRACE] Transaction type: 6
[TRACE] Successfully decoded transaction with hash: 2be5a70c0e5ad7620ac0756c7d983f4a45629038527d92547721027395218169
2025-09-15 22:49:10.620 TRACE client[0]: Processing transaction with hash: 2be5a70c0e5ad7620ac0756c7d983f4a45629038527d92547721027395218169
2025-09-15 22:49:10.620 DEBUG client[0]: Submitting transaction 2be5a70c0e5ad7620ac0756c7d983f4a45629038527d92547721027395218169
2025-09-15 22:49:10.704 TRACE : trigger interaction 0xc0003fb4a0 208/1200
[TRACE] Decoding transaction bytes of length: 229
[TRACE] Transaction type: 6
[TRACE] Successfully decoded transaction with hash: 575ff5a06d724eaaa7b2d58033b96f6b98cda2e3f3dbfcdb26c6411712ac6691
2025-09-15 22:49:10.704 TRACE client[0]: Processing transaction with hash: 575ff5a06d724eaaa7b2d58033b96f6b98cda2e3f3dbfcdb26c6411712ac6691
2025-09-15 22:49:10.704 DEBUG client[0]: Submitting transaction 575ff5a06d724eaaa7b2d58033b96f6b98cda2e3f3dbfcdb26c6411712ac6691
2025-09-15 22:49:10.787 TRACE : trigger interaction 0xc0003fb590 209/1200
[TRACE] Decoding transaction bytes of length: 229
[TRACE] Transaction type: 6
[TRACE] Successfully decoded transaction with hash: 0170980f559e25e24e72180207ba918245628c7a4ad8b79088a4d24381e2a836
2025-09-15 22:49:10.787 TRACE client[0]: Processing transaction with hash: 0170980f559e25e24e72180207ba918245628c7a4ad8b79088a4d24381e2a836
2025-09-15 22:49:10.787 DEBUG client[0]: Submitting transaction 0170980f559e25e24e72180207ba918245628c7a4ad8b79088a4d24381e2a836
2025-09-15 22:49:10.871 TRACE : trigger interaction 0xc0003fb680 210/1200
[TRACE] Decoding transaction bytes of length: 229
[TRACE] Transaction type: 6
[TRACE] Successfully decoded transaction with hash: 170609edb9b0c21a81a5ea46496e1cc0e744b166dcac24cdf8adda1df387749c
2025-09-15 22:49:10.871 TRACE client[0]: Processing transaction with hash: 170609edb9b0c21a81a5ea46496e1cc0e744b166dcac24cdf8adda1df387749c
2025-09-15 22:49:10.871 DEBUG client[0]: Submitting transaction 170609edb9b0c21a81a5ea46496e1cc0e744b166dcac24cdf8adda1df387749c
2025-09-15 22:49:10.953 TRACE : trigger interaction 0xc0003fb770 211/1200
[TRACE] Decoding transaction bytes of length: 229
[TRACE] Transaction type: 6
[TRACE] Successfully decoded transaction with hash: dcb90fb3aaa618b2e3fae133b10a31f723385267c8d902bb4a6c27e398f4d8d4
2025-09-15 22:49:10.954 TRACE client[0]: Processing transaction with hash: dcb90fb3aaa618b2e3fae133b10a31f723385267c8d902bb4a6c27e398f4d8d4
2025-09-15 22:49:10.954 DEBUG client[0]: Submitting transaction dcb90fb3aaa618b2e3fae133b10a31f723385267c8d902bb4a6c27e398f4d8d4
2025-09-15 22:49:11.037 TRACE : trigger interaction 0xc0003fb860 212/1200
[TRACE] Decoding transaction bytes of length: 229
[TRACE] Transaction type: 6
[TRACE] Successfully decoded transaction with hash: f1658cf4adccbfe54ece0fc9e1aaf87625b86bf8ae2ccb6aba27d80f3f2c0c73
2025-09-15 22:49:11.037 TRACE client[0]: Processing transaction with hash: f1658cf4adccbfe54ece0fc9e1aaf87625b86bf8ae2ccb6aba27d80f3f2c0c73
2025-09-15 22:49:11.037 DEBUG client[0]: Submitting transaction f1658cf4adccbfe54ece0fc9e1aaf87625b86bf8ae2ccb6aba27d80f3f2c0c73
2025-09-15 22:49:11.120 TRACE : trigger interaction 0xc0003fb950 213/1200
[TRACE] Decoding transaction bytes of length: 229
[TRACE] Transaction type: 6
[TRACE] Successfully decoded transaction with hash: f13b84e35c4b9ac68f634c460354422d68489431b07ffd546bf1e984b077aba6
2025-09-15 22:49:11.121 TRACE client[0]: Processing transaction with hash: f13b84e35c4b9ac68f634c460354422d68489431b07ffd546bf1e984b077aba6
2025-09-15 22:49:11.121 DEBUG client[0]: Submitting transaction f13b84e35c4b9ac68f634c460354422d68489431b07ffd546bf1e984b077aba6
2025-09-15 22:49:11.204 TRACE : trigger interaction 0xc0003fba40 214/1200
[TRACE] Decoding transaction bytes of length: 229
[TRACE] Transaction type: 6
[TRACE] Successfully decoded transaction with hash: ebba076ce5e2959d053a3fac0c3324f761c6904428bbc463a1c2053167a5da74
2025-09-15 22:49:11.205 TRACE client[0]: Processing transaction with hash: ebba076ce5e2959d053a3fac0c3324f761c6904428bbc463a1c2053167a5da74
2025-09-15 22:49:11.205 DEBUG client[0]: Submitting transaction ebba076ce5e2959d053a3fac0c3324f761c6904428bbc463a1c2053167a5da74
2025-09-15 22:49:11.287 TRACE : trigger interaction 0xc0003fbb30 215/1200
[TRACE] Decoding transaction bytes of length: 229
[TRACE] Transaction type: 6
[TRACE] Successfully decoded transaction with hash: 5c5aa344735b734020190f4f31b508f831d8e1701819d8bc5bf97c8c70d2eb6d
2025-09-15 22:49:11.287 TRACE client[0]: Processing transaction with hash: 5c5aa344735b734020190f4f31b508f831d8e1701819d8bc5bf97c8c70d2eb6d
2025-09-15 22:49:11.287 DEBUG client[0]: Submitting transaction 5c5aa344735b734020190f4f31b508f831d8e1701819d8bc5bf97c8c70d2eb6d
2025-09-15 22:49:11.370 TRACE : trigger interaction 0xc0003fbc20 216/1200
[TRACE] Decoding transaction bytes of length: 229
[TRACE] Transaction type: 6
[TRACE] Successfully decoded transaction with hash: 7f03ae55421af9bad7e67a7a8bc1bebfbaab74a8e59c866d481ebaa1867aa5a9
2025-09-15 22:49:11.370 TRACE client[0]: Processing transaction with hash: 7f03ae55421af9bad7e67a7a8bc1bebfbaab74a8e59c866d481ebaa1867aa5a9
2025-09-15 22:49:11.370 DEBUG client[0]: Submitting transaction 7f03ae55421af9bad7e67a7a8bc1bebfbaab74a8e59c866d481ebaa1867aa5a9
2025-09-15 22:49:11.454 TRACE : trigger interaction 0xc0003fbd10 217/1200
[TRACE] Decoding transaction bytes of length: 229
[TRACE] Transaction type: 6
[TRACE] Successfully decoded transaction with hash: cba5b909025f1604f5ac6e1a56e091e7459210ae51a7fbe321033fd7cbbfd6a2
2025-09-15 22:49:11.454 TRACE client[0]: Processing transaction with hash: cba5b909025f1604f5ac6e1a56e091e7459210ae51a7fbe321033fd7cbbfd6a2
2025-09-15 22:49:11.455 DEBUG client[0]: Submitting transaction cba5b909025f1604f5ac6e1a56e091e7459210ae51a7fbe321033fd7cbbfd6a2
2025-09-15 22:49:11.537 TRACE : trigger interaction 0xc00040c960 218/1200
[TRACE] Decoding transaction bytes of length: 229
[TRACE] Transaction type: 6
[TRACE] Successfully decoded transaction with hash: 56f7c000bfb29d3464acf659c1465da0e9f93af2c429493811fc6cea5762f1e6
2025-09-15 22:49:11.538 TRACE client[0]: Processing transaction with hash: 56f7c000bfb29d3464acf659c1465da0e9f93af2c429493811fc6cea5762f1e6
2025-09-15 22:49:11.538 DEBUG client[0]: Submitting transaction 56f7c000bfb29d3464acf659c1465da0e9f93af2c429493811fc6cea5762f1e6
2025-09-15 22:49:11.620 TRACE : trigger interaction 0xc00040ca50 219/1200
[TRACE] Decoding transaction bytes of length: 229
[TRACE] Transaction type: 6
[TRACE] Successfully decoded transaction with hash: f0ee1948d0b974dc7108f9ad1521a28203fc3bf8be78985a89032b98aa74d0b6
2025-09-15 22:49:11.621 TRACE client[0]: Processing transaction with hash: f0ee1948d0b974dc7108f9ad1521a28203fc3bf8be78985a89032b98aa74d0b6
2025-09-15 22:49:11.621 DEBUG client[0]: Submitting transaction f0ee1948d0b974dc7108f9ad1521a28203fc3bf8be78985a89032b98aa74d0b6
2025-09-15 22:49:11.704 TRACE : trigger interaction 0xc00040cb40 220/1200
[TRACE] Decoding transaction bytes of length: 229
[TRACE] Transaction type: 6
[TRACE] Successfully decoded transaction with hash: a39589ef959caf494e7ddff02fe0c5afdac4029e5a31f76339d5759fa0296ac3
2025-09-15 22:49:11.704 TRACE client[0]: Processing transaction with hash: a39589ef959caf494e7ddff02fe0c5afdac4029e5a31f76339d5759fa0296ac3
2025-09-15 22:49:11.704 DEBUG client[0]: Submitting transaction a39589ef959caf494e7ddff02fe0c5afdac4029e5a31f76339d5759fa0296ac3
2025-09-15 22:49:11.787 TRACE : trigger interaction 0xc00040cc30 221/1200
[TRACE] Decoding transaction bytes of length: 229
[TRACE] Transaction type: 6
[TRACE] Successfully decoded transaction with hash: 828cae177d1a01b74bb3fce13bf896b264d1749b990c8da759c5275da1e4a99f
2025-09-15 22:49:11.787 TRACE client[0]: Processing transaction with hash: 828cae177d1a01b74bb3fce13bf896b264d1749b990c8da759c5275da1e4a99f
2025-09-15 22:49:11.787 DEBUG client[0]: Submitting transaction 828cae177d1a01b74bb3fce13bf896b264d1749b990c8da759c5275da1e4a99f
2025-09-15 22:49:11.870 TRACE : trigger interaction 0xc00040cd20 222/1200
[TRACE] Decoding transaction bytes of length: 229
[TRACE] Transaction type: 6
[TRACE] Successfully decoded transaction with hash: 93b4fe8c0d8fabe91f645b1c95c7d28d982d78f335af527135ab09d8699d598e
2025-09-15 22:49:11.871 TRACE client[0]: Processing transaction with hash: 93b4fe8c0d8fabe91f645b1c95c7d28d982d78f335af527135ab09d8699d598e
2025-09-15 22:49:11.871 DEBUG client[0]: Submitting transaction 93b4fe8c0d8fabe91f645b1c95c7d28d982d78f335af527135ab09d8699d598e
2025-09-15 22:49:11.953 TRACE : trigger interaction 0xc00040ce10 223/1200
[TRACE] Decoding transaction bytes of length: 229
[TRACE] Transaction type: 6
[TRACE] Successfully decoded transaction with hash: 91b880510da7487e05ddb5bc8dbb9007b08d3ef4a89ff3aa9d7a34c79d30e23d
2025-09-15 22:49:11.954 TRACE client[0]: Processing transaction with hash: 91b880510da7487e05ddb5bc8dbb9007b08d3ef4a89ff3aa9d7a34c79d30e23d
2025-09-15 22:49:11.954 DEBUG client[0]: Submitting transaction 91b880510da7487e05ddb5bc8dbb9007b08d3ef4a89ff3aa9d7a34c79d30e23d
2025-09-15 22:49:12.037 TRACE : trigger interaction 0xc00040cf00 224/1200
[TRACE] Decoding transaction bytes of length: 229
[TRACE] Transaction type: 6
[TRACE] Successfully decoded transaction with hash: 1ae7cb0bee7f17c86ac226ffacd236adf1fd2142902de00bd3e853ee545c6867
2025-09-15 22:49:12.037 TRACE client[0]: Processing transaction with hash: 1ae7cb0bee7f17c86ac226ffacd236adf1fd2142902de00bd3e853ee545c6867
2025-09-15 22:49:12.037 DEBUG client[0]: Submitting transaction 1ae7cb0bee7f17c86ac226ffacd236adf1fd2142902de00bd3e853ee545c6867
2025-09-15 22:49:12.120 TRACE : trigger interaction 0xc00040cff0 225/1200
[TRACE] Decoding transaction bytes of length: 229
[TRACE] Transaction type: 6
[TRACE] Successfully decoded transaction with hash: f3c3521c49f37f5b748c4ff589c312c36a4861086c7fc3019ff9cffb1f5c9e53
2025-09-15 22:49:12.121 TRACE client[0]: Processing transaction with hash: f3c3521c49f37f5b748c4ff589c312c36a4861086c7fc3019ff9cffb1f5c9e53
2025-09-15 22:49:12.121 DEBUG client[0]: Submitting transaction f3c3521c49f37f5b748c4ff589c312c36a4861086c7fc3019ff9cffb1f5c9e53
2025-09-15 22:49:12.204 TRACE : trigger interaction 0xc00040d0e0 226/1200
[TRACE] Decoding transaction bytes of length: 230
[TRACE] Transaction type: 6
[TRACE] Successfully decoded transaction with hash: 9945651325e86c25b38e0ad2fb560ee7f751737ffd28d593f3560a2ff0f86c30
2025-09-15 22:49:12.204 TRACE client[0]: Processing transaction with hash: 9945651325e86c25b38e0ad2fb560ee7f751737ffd28d593f3560a2ff0f86c30
2025-09-15 22:49:12.204 DEBUG client[0]: Submitting transaction 9945651325e86c25b38e0ad2fb560ee7f751737ffd28d593f3560a2ff0f86c30
2025-09-15 22:49:12.287 TRACE : trigger interaction 0xc00040d1d0 227/1200
[TRACE] Decoding transaction bytes of length: 230
[TRACE] Transaction type: 6
[TRACE] Successfully decoded transaction with hash: c3d6575bcecfd1d06faa37493f7f13457d3fccccf3c46878955047276cae5f2d
2025-09-15 22:49:12.287 TRACE client[0]: Processing transaction with hash: c3d6575bcecfd1d06faa37493f7f13457d3fccccf3c46878955047276cae5f2d
2025-09-15 22:49:12.287 DEBUG client[0]: Submitting transaction c3d6575bcecfd1d06faa37493f7f13457d3fccccf3c46878955047276cae5f2d
2025-09-15 22:49:12.370 TRACE : trigger interaction 0xc00040d2c0 228/1200
[TRACE] Decoding transaction bytes of length: 230
[TRACE] Transaction type: 6
[TRACE] Successfully decoded transaction with hash: e424c16469b75f6d90e9a9175d09d15475e7b8ebb4a5081c9b14a56ca5f21f4e
2025-09-15 22:49:12.371 TRACE client[0]: Processing transaction with hash: e424c16469b75f6d90e9a9175d09d15475e7b8ebb4a5081c9b14a56ca5f21f4e
2025-09-15 22:49:12.371 DEBUG client[0]: Submitting transaction e424c16469b75f6d90e9a9175d09d15475e7b8ebb4a5081c9b14a56ca5f21f4e
2025-09-15 22:49:12.454 TRACE : trigger interaction 0xc00040d3b0 229/1200
[TRACE] Decoding transaction bytes of length: 230
[TRACE] Transaction type: 6
[TRACE] Successfully decoded transaction with hash: e3c4a8e5b021290e947b63700dfcfe0c510dc72b8baa1d353d530bcda1926684
2025-09-15 22:49:12.454 TRACE client[0]: Processing transaction with hash: e3c4a8e5b021290e947b63700dfcfe0c510dc72b8baa1d353d530bcda1926684
2025-09-15 22:49:12.454 DEBUG client[0]: Submitting transaction e3c4a8e5b021290e947b63700dfcfe0c510dc72b8baa1d353d530bcda1926684
2025-09-15 22:49:12.537 TRACE : trigger interaction 0xc00040d4a0 230/1200
[TRACE] Decoding transaction bytes of length: 230
[TRACE] Transaction type: 6
[TRACE] Successfully decoded transaction with hash: 63afa86162f0b216854ab09e5562d354dce7e7b01e619a902a7cbd913d4009af
2025-09-15 22:49:12.537 TRACE client[0]: Processing transaction with hash: 63afa86162f0b216854ab09e5562d354dce7e7b01e619a902a7cbd913d4009af
2025-09-15 22:49:12.537 DEBUG client[0]: Submitting transaction 63afa86162f0b216854ab09e5562d354dce7e7b01e619a902a7cbd913d4009af
2025-09-15 22:49:12.620 TRACE : trigger interaction 0xc00040d590 231/1200
[TRACE] Decoding transaction bytes of length: 230
[TRACE] Transaction type: 6
[TRACE] Successfully decoded transaction with hash: 63c37103df1db94b007d2eb4c8982f1204b1bc60f1887111fbca3ea1163359c2
2025-09-15 22:49:12.621 TRACE client[0]: Processing transaction with hash: 63c37103df1db94b007d2eb4c8982f1204b1bc60f1887111fbca3ea1163359c2
2025-09-15 22:49:12.621 DEBUG client[0]: Submitting transaction 63c37103df1db94b007d2eb4c8982f1204b1bc60f1887111fbca3ea1163359c2
2025-09-15 22:49:12.704 TRACE : trigger interaction 0xc00040d680 232/1200
[TRACE] Decoding transaction bytes of length: 230
[TRACE] Transaction type: 6
[TRACE] Successfully decoded transaction with hash: 5626d3d20895c223adb2ee7d0bb4b8af3130041a3f064c1a0ad10131a0753d34
2025-09-15 22:49:12.704 TRACE client[0]: Processing transaction with hash: 5626d3d20895c223adb2ee7d0bb4b8af3130041a3f064c1a0ad10131a0753d34
2025-09-15 22:49:12.704 DEBUG client[0]: Submitting transaction 5626d3d20895c223adb2ee7d0bb4b8af3130041a3f064c1a0ad10131a0753d34
2025-09-15 22:49:12.787 TRACE : trigger interaction 0xc00040d770 233/1200
[TRACE] Decoding transaction bytes of length: 230
[TRACE] Transaction type: 6
[TRACE] Successfully decoded transaction with hash: 97301e96c06c46c976c370bba376431c53fe87217de259b0cac973f412882954
2025-09-15 22:49:12.787 TRACE client[0]: Processing transaction with hash: 97301e96c06c46c976c370bba376431c53fe87217de259b0cac973f412882954
2025-09-15 22:49:12.787 DEBUG client[0]: Submitting transaction 97301e96c06c46c976c370bba376431c53fe87217de259b0cac973f412882954
2025-09-15 22:49:12.870 TRACE : trigger interaction 0xc00040d860 234/1200
[TRACE] Decoding transaction bytes of length: 230
[TRACE] Transaction type: 6
[TRACE] Successfully decoded transaction with hash: e8cf33502ac88795dcdeb889ad0e2805bbddd7717b6ed85e14c7c490ac977d70
2025-09-15 22:49:12.870 TRACE client[0]: Processing transaction with hash: e8cf33502ac88795dcdeb889ad0e2805bbddd7717b6ed85e14c7c490ac977d70
2025-09-15 22:49:12.870 DEBUG client[0]: Submitting transaction e8cf33502ac88795dcdeb889ad0e2805bbddd7717b6ed85e14c7c490ac977d70
2025-09-15 22:49:12.954 TRACE : trigger interaction 0xc0000d9770 235/1200
[TRACE] Decoding transaction bytes of length: 230
[TRACE] Transaction type: 6
[TRACE] Successfully decoded transaction with hash: de9ef64708aded8aff57c05db0d0e413aaa2bcbde2566ab8fff64e5d01604cad
2025-09-15 22:49:12.954 TRACE client[0]: Processing transaction with hash: de9ef64708aded8aff57c05db0d0e413aaa2bcbde2566ab8fff64e5d01604cad
2025-09-15 22:49:12.954 DEBUG client[0]: Submitting transaction de9ef64708aded8aff57c05db0d0e413aaa2bcbde2566ab8fff64e5d01604cad
2025-09-15 22:49:13.037 TRACE : trigger interaction 0xc0000d9860 236/1200
[TRACE] Decoding transaction bytes of length: 230
[TRACE] Transaction type: 6
[TRACE] Successfully decoded transaction with hash: 65ad4a99152ef0a9af14f67f29970506e8ed3d8d7fa99851c4e90fc36d2a2cc1
2025-09-15 22:49:13.037 TRACE client[0]: Processing transaction with hash: 65ad4a99152ef0a9af14f67f29970506e8ed3d8d7fa99851c4e90fc36d2a2cc1
2025-09-15 22:49:13.037 DEBUG client[0]: Submitting transaction 65ad4a99152ef0a9af14f67f29970506e8ed3d8d7fa99851c4e90fc36d2a2cc1
2025-09-15 22:49:13.120 TRACE : trigger interaction 0xc0000d9950 237/1200
[TRACE] Decoding transaction bytes of length: 230
[TRACE] Transaction type: 6
[TRACE] Successfully decoded transaction with hash: 86cd009f2b56ed1da63cb4d67f93724f122533ea8e9d5afcd7356ff28440448a
2025-09-15 22:49:13.121 TRACE client[0]: Processing transaction with hash: 86cd009f2b56ed1da63cb4d67f93724f122533ea8e9d5afcd7356ff28440448a
2025-09-15 22:49:13.121 DEBUG client[0]: Submitting transaction 86cd009f2b56ed1da63cb4d67f93724f122533ea8e9d5afcd7356ff28440448a
2025-09-15 22:49:13.204 TRACE : trigger interaction 0xc0000d9a40 238/1200
[TRACE] Decoding transaction bytes of length: 230
[TRACE] Transaction type: 6
[TRACE] Successfully decoded transaction with hash: 1b0fba822b6c2d4f321664c22ed78b0414969063af939ec1eb5542fa72b04bd9
2025-09-15 22:49:13.205 TRACE client[0]: Processing transaction with hash: 1b0fba822b6c2d4f321664c22ed78b0414969063af939ec1eb5542fa72b04bd9
2025-09-15 22:49:13.205 DEBUG client[0]: Submitting transaction 1b0fba822b6c2d4f321664c22ed78b0414969063af939ec1eb5542fa72b04bd9
2025-09-15 22:49:13.287 TRACE : trigger interaction 0xc0000d9b30 239/1200
[TRACE] Decoding transaction bytes of length: 230
[TRACE] Transaction type: 6
[TRACE] Successfully decoded transaction with hash: cf775770b2c021de8528126bb4a17f21567784c93a3fc46ebd6fd1c145277910
2025-09-15 22:49:13.287 TRACE client[0]: Processing transaction with hash: cf775770b2c021de8528126bb4a17f21567784c93a3fc46ebd6fd1c145277910
2025-09-15 22:49:13.287 DEBUG client[0]: Submitting transaction cf775770b2c021de8528126bb4a17f21567784c93a3fc46ebd6fd1c145277910
2025-09-15 22:49:13.370 TRACE : trigger interaction 0xc0000d9c20 240/1200
[TRACE] Decoding transaction bytes of length: 230
[TRACE] Transaction type: 6
[TRACE] Successfully decoded transaction with hash: 90b830e07e34f7a051159f64311474c20f1c44e709bd47ccef71af4effeba83a
2025-09-15 22:49:13.370 TRACE client[0]: Processing transaction with hash: 90b830e07e34f7a051159f64311474c20f1c44e709bd47ccef71af4effeba83a
2025-09-15 22:49:13.370 DEBUG client[0]: Submitting transaction 90b830e07e34f7a051159f64311474c20f1c44e709bd47ccef71af4effeba83a
2025-09-15 22:49:13.454 TRACE : trigger interaction 0xc0000d9d10 241/1200
[TRACE] Decoding transaction bytes of length: 230
[TRACE] Transaction type: 6
[TRACE] Successfully decoded transaction with hash: 30e0c9992c08d0359dfa898e15c50ad7fdcd981e37fb034e8907175e06a9584b
2025-09-15 22:49:13.454 TRACE client[0]: Processing transaction with hash: 30e0c9992c08d0359dfa898e15c50ad7fdcd981e37fb034e8907175e06a9584b
2025-09-15 22:49:13.454 DEBUG client[0]: Submitting transaction 30e0c9992c08d0359dfa898e15c50ad7fdcd981e37fb034e8907175e06a9584b
2025-09-15 22:49:13.537 TRACE : trigger interaction 0xc0000d9e00 242/1200
[TRACE] Decoding transaction bytes of length: 230
[TRACE] Transaction type: 6
[TRACE] Successfully decoded transaction with hash: 04f11c7a40f49acd7e04dfa8c118ce545b25b8abe66c3b0b8d5ccce7dc429ce8
2025-09-15 22:49:13.537 TRACE client[0]: Processing transaction with hash: 04f11c7a40f49acd7e04dfa8c118ce545b25b8abe66c3b0b8d5ccce7dc429ce8
2025-09-15 22:49:13.537 DEBUG client[0]: Submitting transaction 04f11c7a40f49acd7e04dfa8c118ce545b25b8abe66c3b0b8d5ccce7dc429ce8
2025-09-15 22:49:13.620 TRACE : trigger interaction 0xc0000d9ef0 243/1200
[TRACE] Decoding transaction bytes of length: 230
[TRACE] Transaction type: 6
[TRACE] Successfully decoded transaction with hash: 54012931fa9535490ccc3500fcdca453e9a9311f6f037784c6128bced0cc83fb
2025-09-15 22:49:13.620 TRACE client[0]: Processing transaction with hash: 54012931fa9535490ccc3500fcdca453e9a9311f6f037784c6128bced0cc83fb
2025-09-15 22:49:13.620 DEBUG client[0]: Submitting transaction 54012931fa9535490ccc3500fcdca453e9a9311f6f037784c6128bced0cc83fb
2025-09-15 22:49:13.704 TRACE : trigger interaction 0xc0000fc000 244/1200
[TRACE] Decoding transaction bytes of length: 230
[TRACE] Transaction type: 6
[TRACE] Successfully decoded transaction with hash: f4d4bc5df8612ed453a88c3f4a5ad0f50c6af79470f6f13ecfca94971e0b3f4d
2025-09-15 22:49:13.704 TRACE client[0]: Processing transaction with hash: f4d4bc5df8612ed453a88c3f4a5ad0f50c6af79470f6f13ecfca94971e0b3f4d
2025-09-15 22:49:13.704 DEBUG client[0]: Submitting transaction f4d4bc5df8612ed453a88c3f4a5ad0f50c6af79470f6f13ecfca94971e0b3f4d
2025-09-15 22:49:13.787 TRACE : trigger interaction 0xc0000fc0f0 245/1200
[TRACE] Decoding transaction bytes of length: 230
[TRACE] Transaction type: 6
[TRACE] Successfully decoded transaction with hash: c8b4cc07b173d2188c1b87b4f2ec6a549587a918fedd3527b45a31a9b9c5ed76
2025-09-15 22:49:13.787 TRACE client[0]: Processing transaction with hash: c8b4cc07b173d2188c1b87b4f2ec6a549587a918fedd3527b45a31a9b9c5ed76
2025-09-15 22:49:13.787 DEBUG client[0]: Submitting transaction c8b4cc07b173d2188c1b87b4f2ec6a549587a918fedd3527b45a31a9b9c5ed76
2025-09-15 22:49:13.870 TRACE : trigger interaction 0xc0000fc1e0 246/1200
[TRACE] Decoding transaction bytes of length: 230
[TRACE] Transaction type: 6
[TRACE] Successfully decoded transaction with hash: f412a06a84f0544cdb085c6df0c558d2efb6c20867dd21ccbff71b5a24624cfa
2025-09-15 22:49:13.870 TRACE client[0]: Processing transaction with hash: f412a06a84f0544cdb085c6df0c558d2efb6c20867dd21ccbff71b5a24624cfa
2025-09-15 22:49:13.870 DEBUG client[0]: Submitting transaction f412a06a84f0544cdb085c6df0c558d2efb6c20867dd21ccbff71b5a24624cfa
2025-09-15 22:49:13.954 TRACE : trigger interaction 0xc0000fc2d0 247/1200
[TRACE] Decoding transaction bytes of length: 230
[TRACE] Transaction type: 6
[TRACE] Successfully decoded transaction with hash: d3ae1b6464556be614ed622b6e9473abb1ec9f29a4e864912d442d7ab5909b2d
2025-09-15 22:49:13.954 TRACE client[0]: Processing transaction with hash: d3ae1b6464556be614ed622b6e9473abb1ec9f29a4e864912d442d7ab5909b2d
2025-09-15 22:49:13.954 DEBUG client[0]: Submitting transaction d3ae1b6464556be614ed622b6e9473abb1ec9f29a4e864912d442d7ab5909b2d
2025-09-15 22:49:14.037 TRACE : trigger interaction 0xc0000fc3c0 248/1200
[TRACE] Decoding transaction bytes of length: 230
[TRACE] Transaction type: 6
[TRACE] Successfully decoded transaction with hash: d535794d347b0c0fe9eca10b013332f424b69010cc2bb2cd704ec6cbab7a46bc
2025-09-15 22:49:14.037 TRACE client[0]: Processing transaction with hash: d535794d347b0c0fe9eca10b013332f424b69010cc2bb2cd704ec6cbab7a46bc
2025-09-15 22:49:14.037 DEBUG client[0]: Submitting transaction d535794d347b0c0fe9eca10b013332f424b69010cc2bb2cd704ec6cbab7a46bc
2025-09-15 22:49:14.121 TRACE : trigger interaction 0xc0000fc4b0 249/1200
[TRACE] Decoding transaction bytes of length: 230
[TRACE] Transaction type: 6
[TRACE] Successfully decoded transaction with hash: d99c235d74b8fe25126c47da3ad51adc27ad51ee261ced2893e789af084b3712
2025-09-15 22:49:14.121 TRACE client[0]: Processing transaction with hash: d99c235d74b8fe25126c47da3ad51adc27ad51ee261ced2893e789af084b3712
2025-09-15 22:49:14.121 DEBUG client[0]: Submitting transaction d99c235d74b8fe25126c47da3ad51adc27ad51ee261ced2893e789af084b3712
2025-09-15 22:49:14.204 TRACE : trigger interaction 0xc0000fc5a0 250/1200
[TRACE] Decoding transaction bytes of length: 230
[TRACE] Transaction type: 6
[TRACE] Successfully decoded transaction with hash: a21f68c10d81d32ad79650b7cbcc5da8816f66ff0957f79641c0f9a22d71d7a2
2025-09-15 22:49:14.204 TRACE client[0]: Processing transaction with hash: a21f68c10d81d32ad79650b7cbcc5da8816f66ff0957f79641c0f9a22d71d7a2
2025-09-15 22:49:14.204 DEBUG client[0]: Submitting transaction a21f68c10d81d32ad79650b7cbcc5da8816f66ff0957f79641c0f9a22d71d7a2
2025-09-15 22:49:14.287 TRACE : trigger interaction 0xc00040d950 251/1200
[TRACE] Decoding transaction bytes of length: 230
[TRACE] Transaction type: 6
[TRACE] Successfully decoded transaction with hash: 3a9c9a526f81387db3015c60ead91f865d9463cf7b414fa494ec1427c3c592cb
2025-09-15 22:49:14.287 TRACE client[0]: Processing transaction with hash: 3a9c9a526f81387db3015c60ead91f865d9463cf7b414fa494ec1427c3c592cb
2025-09-15 22:49:14.287 DEBUG client[0]: Submitting transaction 3a9c9a526f81387db3015c60ead91f865d9463cf7b414fa494ec1427c3c592cb
2025-09-15 22:49:14.370 TRACE : trigger interaction 0xc00040da40 252/1200
[TRACE] Decoding transaction bytes of length: 230
[TRACE] Transaction type: 6
[TRACE] Successfully decoded transaction with hash: 4e1738fe0f29283e803445614dc2fdd0ab897da2e39a07a6c5a323cfc229f8a7
2025-09-15 22:49:14.371 TRACE client[0]: Processing transaction with hash: 4e1738fe0f29283e803445614dc2fdd0ab897da2e39a07a6c5a323cfc229f8a7
2025-09-15 22:49:14.371 DEBUG client[0]: Submitting transaction 4e1738fe0f29283e803445614dc2fdd0ab897da2e39a07a6c5a323cfc229f8a7
2025-09-15 22:49:14.453 TRACE : trigger interaction 0xc00040db30 253/1200
[TRACE] Decoding transaction bytes of length: 230
[TRACE] Transaction type: 6
[TRACE] Successfully decoded transaction with hash: 539354dc9447eaa890184462d692b4d03f21d4fb2bbdba2cc8ebab677480744e
2025-09-15 22:49:14.454 TRACE client[0]: Processing transaction with hash: 539354dc9447eaa890184462d692b4d03f21d4fb2bbdba2cc8ebab677480744e
2025-09-15 22:49:14.454 DEBUG client[0]: Submitting transaction 539354dc9447eaa890184462d692b4d03f21d4fb2bbdba2cc8ebab677480744e
2025-09-15 22:49:14.537 TRACE : trigger interaction 0xc00040dc20 254/1200
[TRACE] Decoding transaction bytes of length: 230
[TRACE] Transaction type: 6
[TRACE] Successfully decoded transaction with hash: 593727591a756164a957015a6d564e7264289269bef24707c955a671017093be
2025-09-15 22:49:14.537 TRACE client[0]: Processing transaction with hash: 593727591a756164a957015a6d564e7264289269bef24707c955a671017093be
2025-09-15 22:49:14.537 DEBUG client[0]: Submitting transaction 593727591a756164a957015a6d564e7264289269bef24707c955a671017093be
2025-09-15 22:49:14.620 TRACE : trigger interaction 0xc00040dd10 255/1200
[TRACE] Decoding transaction bytes of length: 230
[TRACE] Transaction type: 6
[TRACE] Successfully decoded transaction with hash: 6c4a37a195c8f90a2b7c648c81205ea69eaaffa4a84dd4bc154073c4b4c7ed62
2025-09-15 22:49:14.620 TRACE client[0]: Processing transaction with hash: 6c4a37a195c8f90a2b7c648c81205ea69eaaffa4a84dd4bc154073c4b4c7ed62
2025-09-15 22:49:14.620 DEBUG client[0]: Submitting transaction 6c4a37a195c8f90a2b7c648c81205ea69eaaffa4a84dd4bc154073c4b4c7ed62
2025-09-15 22:49:14.704 TRACE : trigger interaction 0xc00040de00 256/1200
[TRACE] Decoding transaction bytes of length: 230
[TRACE] Transaction type: 6
[TRACE] Successfully decoded transaction with hash: bf684e520d852c62c969684168a9cb9c27e88d13e7f5be32ef7ce0a188f5b4c4
2025-09-15 22:49:14.704 TRACE client[0]: Processing transaction with hash: bf684e520d852c62c969684168a9cb9c27e88d13e7f5be32ef7ce0a188f5b4c4
2025-09-15 22:49:14.704 DEBUG client[0]: Submitting transaction bf684e520d852c62c969684168a9cb9c27e88d13e7f5be32ef7ce0a188f5b4c4
2025-09-15 22:49:14.787 TRACE : trigger interaction 0xc00040def0 257/1200
[TRACE] Decoding transaction bytes of length: 230
[TRACE] Transaction type: 6
[TRACE] Successfully decoded transaction with hash: 6dda4d28462034869284579b33d7248572b2cd676653a94b7ce8e5def4cba495
2025-09-15 22:49:14.788 TRACE client[0]: Processing transaction with hash: 6dda4d28462034869284579b33d7248572b2cd676653a94b7ce8e5def4cba495
2025-09-15 22:49:14.788 DEBUG client[0]: Submitting transaction 6dda4d28462034869284579b33d7248572b2cd676653a94b7ce8e5def4cba495
2025-09-15 22:49:14.871 TRACE : trigger interaction 0xc000430000 258/1200
[TRACE] Decoding transaction bytes of length: 230
[TRACE] Transaction type: 6
[TRACE] Successfully decoded transaction with hash: e336d648c5408deb6d269d6a53e8442f6013a8a7a69329dbe1bd0cb71c41fb96
2025-09-15 22:49:14.871 TRACE client[0]: Processing transaction with hash: e336d648c5408deb6d269d6a53e8442f6013a8a7a69329dbe1bd0cb71c41fb96
2025-09-15 22:49:14.871 DEBUG client[0]: Submitting transaction e336d648c5408deb6d269d6a53e8442f6013a8a7a69329dbe1bd0cb71c41fb96
2025-09-15 22:49:14.954 TRACE : trigger interaction 0xc0004300f0 259/1200
[TRACE] Decoding transaction bytes of length: 230
[TRACE] Transaction type: 6
[TRACE] Successfully decoded transaction with hash: ce3a2d27be50aa8a8d262a9146897255d0abf741c98c323566de4133fc5f908f
2025-09-15 22:49:14.954 TRACE client[0]: Processing transaction with hash: ce3a2d27be50aa8a8d262a9146897255d0abf741c98c323566de4133fc5f908f
2025-09-15 22:49:14.954 DEBUG client[0]: Submitting transaction ce3a2d27be50aa8a8d262a9146897255d0abf741c98c323566de4133fc5f908f
2025-09-15 22:49:15.037 TRACE : trigger interaction 0xc0004301e0 260/1200
[TRACE] Decoding transaction bytes of length: 230
[TRACE] Transaction type: 6
[TRACE] Successfully decoded transaction with hash: abcee7ccf7a031730eab4c6085a70f6b63383cb99f2afb29323edec8b3c8fa17
2025-09-15 22:49:15.038 TRACE client[0]: Processing transaction with hash: abcee7ccf7a031730eab4c6085a70f6b63383cb99f2afb29323edec8b3c8fa17
2025-09-15 22:49:15.038 DEBUG client[0]: Submitting transaction abcee7ccf7a031730eab4c6085a70f6b63383cb99f2afb29323edec8b3c8fa17
2025-09-15 22:49:15.120 TRACE : trigger interaction 0xc0004302d0 261/1200
[TRACE] Decoding transaction bytes of length: 230
[TRACE] Transaction type: 6
[TRACE] Successfully decoded transaction with hash: 50ae33a8e7b1b9c87d07c1e97e1ac9b1fdf3add8f63a71e3936b4c51b2308bbb
2025-09-15 22:49:15.121 TRACE client[0]: Processing transaction with hash: 50ae33a8e7b1b9c87d07c1e97e1ac9b1fdf3add8f63a71e3936b4c51b2308bbb
2025-09-15 22:49:15.121 DEBUG client[0]: Submitting transaction 50ae33a8e7b1b9c87d07c1e97e1ac9b1fdf3add8f63a71e3936b4c51b2308bbb
2025-09-15 22:49:15.203 TRACE : trigger interaction 0xc0004303c0 262/1200
[TRACE] Decoding transaction bytes of length: 230
[TRACE] Transaction type: 6
[TRACE] Successfully decoded transaction with hash: 9bbc334989bcfc03316e5f2618961f825aaa7640e2bfd2314fb87892d249fa62
2025-09-15 22:49:15.204 TRACE client[0]: Processing transaction with hash: 9bbc334989bcfc03316e5f2618961f825aaa7640e2bfd2314fb87892d249fa62
2025-09-15 22:49:15.204 DEBUG client[0]: Submitting transaction 9bbc334989bcfc03316e5f2618961f825aaa7640e2bfd2314fb87892d249fa62
2025-09-15 22:49:15.287 TRACE : trigger interaction 0xc0004304b0 263/1200
[TRACE] Decoding transaction bytes of length: 230
[TRACE] Transaction type: 6
[TRACE] Successfully decoded transaction with hash: e10ba979fa5cc3ee882e362e156e227c340ad1a9a80f39f0fe3f8e2759226f57
2025-09-15 22:49:15.287 TRACE client[0]: Processing transaction with hash: e10ba979fa5cc3ee882e362e156e227c340ad1a9a80f39f0fe3f8e2759226f57
2025-09-15 22:49:15.287 DEBUG client[0]: Submitting transaction e10ba979fa5cc3ee882e362e156e227c340ad1a9a80f39f0fe3f8e2759226f57
2025-09-15 22:49:15.370 TRACE : trigger interaction 0xc0004305a0 264/1200
[TRACE] Decoding transaction bytes of length: 230
[TRACE] Transaction type: 6
[TRACE] Successfully decoded transaction with hash: ce3e9ef2bd2cc804e5b2e90f35b72d209e68f056b76feaa5fe677d94a42bf220
2025-09-15 22:49:15.371 TRACE client[0]: Processing transaction with hash: ce3e9ef2bd2cc804e5b2e90f35b72d209e68f056b76feaa5fe677d94a42bf220
2025-09-15 22:49:15.371 DEBUG client[0]: Submitting transaction ce3e9ef2bd2cc804e5b2e90f35b72d209e68f056b76feaa5fe677d94a42bf220
2025-09-15 22:49:15.454 TRACE : trigger interaction 0xc000430690 265/1200
[TRACE] Decoding transaction bytes of length: 230
[TRACE] Transaction type: 6
[TRACE] Successfully decoded transaction with hash: b054a288c3fdcba67bb92c552ac332bcead71742535b8f6ce81a3414ad2a8507
2025-09-15 22:49:15.455 TRACE client[0]: Processing transaction with hash: b054a288c3fdcba67bb92c552ac332bcead71742535b8f6ce81a3414ad2a8507
2025-09-15 22:49:15.455 DEBUG client[0]: Submitting transaction b054a288c3fdcba67bb92c552ac332bcead71742535b8f6ce81a3414ad2a8507
2025-09-15 22:49:15.537 TRACE : trigger interaction 0xc000430780 266/1200
[TRACE] Decoding transaction bytes of length: 230
[TRACE] Transaction type: 6
[TRACE] Successfully decoded transaction with hash: 3f2968b5c8bbd6a69e592fe520f72dc533cee0dece9cfd44ff0ef053ff87027b
2025-09-15 22:49:15.537 TRACE client[0]: Processing transaction with hash: 3f2968b5c8bbd6a69e592fe520f72dc533cee0dece9cfd44ff0ef053ff87027b
2025-09-15 22:49:15.537 DEBUG client[0]: Submitting transaction 3f2968b5c8bbd6a69e592fe520f72dc533cee0dece9cfd44ff0ef053ff87027b
2025-09-15 22:49:15.621 TRACE : trigger interaction 0xc000430870 267/1200
[TRACE] Decoding transaction bytes of length: 230
[TRACE] Transaction type: 6
[TRACE] Successfully decoded transaction with hash: 153ce3f2eceae18e8999ae7f5e1b88eed4a86a84557c86c104a772803ad8aa53
2025-09-15 22:49:15.621 TRACE client[0]: Processing transaction with hash: 153ce3f2eceae18e8999ae7f5e1b88eed4a86a84557c86c104a772803ad8aa53
2025-09-15 22:49:15.621 DEBUG client[0]: Submitting transaction 153ce3f2eceae18e8999ae7f5e1b88eed4a86a84557c86c104a772803ad8aa53
2025-09-15 22:49:15.704 TRACE : trigger interaction 0xc0000fc690 268/1200
[TRACE] Decoding transaction bytes of length: 230
[TRACE] Transaction type: 6
[TRACE] Successfully decoded transaction with hash: 2fff79ae42956066ff9d9ade41810e3dd767b94d377c3e85060564510fcf12b1
2025-09-15 22:49:15.704 TRACE client[0]: Processing transaction with hash: 2fff79ae42956066ff9d9ade41810e3dd767b94d377c3e85060564510fcf12b1
2025-09-15 22:49:15.704 DEBUG client[0]: Submitting transaction 2fff79ae42956066ff9d9ade41810e3dd767b94d377c3e85060564510fcf12b1
2025-09-15 22:49:15.787 TRACE : trigger interaction 0xc0000fc780 269/1200
[TRACE] Decoding transaction bytes of length: 230
[TRACE] Transaction type: 6
[TRACE] Successfully decoded transaction with hash: 91f7e0483f051513a51f1ac61971e46651fb6dc9ca69e498edcf08db35833029
2025-09-15 22:49:15.787 TRACE client[0]: Processing transaction with hash: 91f7e0483f051513a51f1ac61971e46651fb6dc9ca69e498edcf08db35833029
2025-09-15 22:49:15.787 DEBUG client[0]: Submitting transaction 91f7e0483f051513a51f1ac61971e46651fb6dc9ca69e498edcf08db35833029
2025-09-15 22:49:15.870 TRACE : trigger interaction 0xc0000fc870 270/1200
[TRACE] Decoding transaction bytes of length: 230
[TRACE] Transaction type: 6
[TRACE] Successfully decoded transaction with hash: a18d693e031bcc8e5da6c1b010c9a529a74f77cf9fc57ec0f59c26d5463e6af4
2025-09-15 22:49:15.870 TRACE client[0]: Processing transaction with hash: a18d693e031bcc8e5da6c1b010c9a529a74f77cf9fc57ec0f59c26d5463e6af4
2025-09-15 22:49:15.870 DEBUG client[0]: Submitting transaction a18d693e031bcc8e5da6c1b010c9a529a74f77cf9fc57ec0f59c26d5463e6af4
2025-09-15 22:49:15.954 TRACE : trigger interaction 0xc0000fc960 271/1200
[TRACE] Decoding transaction bytes of length: 230
[TRACE] Transaction type: 6
[TRACE] Successfully decoded transaction with hash: 99170502de51049d20d9c6751a926dd0d9141ffae566ae5b6dd35021bd0bce00
2025-09-15 22:49:15.954 TRACE client[0]: Processing transaction with hash: 99170502de51049d20d9c6751a926dd0d9141ffae566ae5b6dd35021bd0bce00
2025-09-15 22:49:15.954 DEBUG client[0]: Submitting transaction 99170502de51049d20d9c6751a926dd0d9141ffae566ae5b6dd35021bd0bce00
2025-09-15 22:49:16.037 TRACE : trigger interaction 0xc0000fca50 272/1200
[TRACE] Decoding transaction bytes of length: 230
[TRACE] Transaction type: 6
[TRACE] Successfully decoded transaction with hash: fa675495fb94f14d0e967bd850025d78fe19157e1cd9127247064d5a29b329ec
2025-09-15 22:49:16.037 TRACE client[0]: Processing transaction with hash: fa675495fb94f14d0e967bd850025d78fe19157e1cd9127247064d5a29b329ec
2025-09-15 22:49:16.037 DEBUG client[0]: Submitting transaction fa675495fb94f14d0e967bd850025d78fe19157e1cd9127247064d5a29b329ec
2025-09-15 22:49:16.120 TRACE : trigger interaction 0xc0000fcb40 273/1200
[TRACE] Decoding transaction bytes of length: 230
[TRACE] Transaction type: 6
[TRACE] Successfully decoded transaction with hash: 52dcb3c9cbfa10e8e8175287a340caf61a8816f30004e46b2af1b7e88e61d9d3
2025-09-15 22:49:16.121 TRACE client[0]: Processing transaction with hash: 52dcb3c9cbfa10e8e8175287a340caf61a8816f30004e46b2af1b7e88e61d9d3
2025-09-15 22:49:16.121 DEBUG client[0]: Submitting transaction 52dcb3c9cbfa10e8e8175287a340caf61a8816f30004e46b2af1b7e88e61d9d3
2025-09-15 22:49:16.204 TRACE : trigger interaction 0xc0000fcc30 274/1200
[TRACE] Decoding transaction bytes of length: 230
[TRACE] Transaction type: 6
[TRACE] Successfully decoded transaction with hash: 52b20061991122bfcbf50f1fd8bf3c70c0223a20125a0545cd49f668a9932f1d
2025-09-15 22:49:16.204 TRACE client[0]: Processing transaction with hash: 52b20061991122bfcbf50f1fd8bf3c70c0223a20125a0545cd49f668a9932f1d
2025-09-15 22:49:16.204 DEBUG client[0]: Submitting transaction 52b20061991122bfcbf50f1fd8bf3c70c0223a20125a0545cd49f668a9932f1d
2025-09-15 22:49:16.287 TRACE : trigger interaction 0xc0000fcd20 275/1200
[TRACE] Decoding transaction bytes of length: 230
[TRACE] Transaction type: 6
[TRACE] Successfully decoded transaction with hash: 789142f72076b3a6073cbd7e782c6ae7f3f24e7f7c2db144e462948f22090242
2025-09-15 22:49:16.287 TRACE client[0]: Processing transaction with hash: 789142f72076b3a6073cbd7e782c6ae7f3f24e7f7c2db144e462948f22090242
2025-09-15 22:49:16.287 DEBUG client[0]: Submitting transaction 789142f72076b3a6073cbd7e782c6ae7f3f24e7f7c2db144e462948f22090242
2025-09-15 22:49:16.370 TRACE : trigger interaction 0xc0000fce10 276/1200
[TRACE] Decoding transaction bytes of length: 230
[TRACE] Transaction type: 6
[TRACE] Successfully decoded transaction with hash: d387ef69fe8feee0a6d537c1aeef5ac3d3e57268a00aa661338949857aaf65ee
2025-09-15 22:49:16.370 TRACE client[0]: Processing transaction with hash: d387ef69fe8feee0a6d537c1aeef5ac3d3e57268a00aa661338949857aaf65ee
2025-09-15 22:49:16.370 DEBUG client[0]: Submitting transaction d387ef69fe8feee0a6d537c1aeef5ac3d3e57268a00aa661338949857aaf65ee
2025-09-15 22:49:16.454 TRACE : trigger interaction 0xc0000fcf00 277/1200
[TRACE] Decoding transaction bytes of length: 230
[TRACE] Transaction type: 6
[TRACE] Successfully decoded transaction with hash: 51061ea1b8e5d43c954c7a2613aa28efd284f4e1cc656357e8275d16c0d032ac
2025-09-15 22:49:16.454 TRACE client[0]: Processing transaction with hash: 51061ea1b8e5d43c954c7a2613aa28efd284f4e1cc656357e8275d16c0d032ac
2025-09-15 22:49:16.454 DEBUG client[0]: Submitting transaction 51061ea1b8e5d43c954c7a2613aa28efd284f4e1cc656357e8275d16c0d032ac
2025-09-15 22:49:16.537 TRACE : trigger interaction 0xc0000fcff0 278/1200
[TRACE] Decoding transaction bytes of length: 230
[TRACE] Transaction type: 6
[TRACE] Successfully decoded transaction with hash: f5c98a2a4b1ab0517b6fc3da8118bceb75187af8c3581a48bf5155f611be16e3
2025-09-15 22:49:16.537 TRACE client[0]: Processing transaction with hash: f5c98a2a4b1ab0517b6fc3da8118bceb75187af8c3581a48bf5155f611be16e3
2025-09-15 22:49:16.537 DEBUG client[0]: Submitting transaction f5c98a2a4b1ab0517b6fc3da8118bceb75187af8c3581a48bf5155f611be16e3
2025-09-15 22:49:16.620 TRACE : trigger interaction 0xc0000fd0e0 279/1200
[TRACE] Decoding transaction bytes of length: 230
[TRACE] Transaction type: 6
[TRACE] Successfully decoded transaction with hash: 95821c6bf780b1cad80dedcde1190358ebab586a4b107f4e86074b7c11bab838
2025-09-15 22:49:16.620 TRACE client[0]: Processing transaction with hash: 95821c6bf780b1cad80dedcde1190358ebab586a4b107f4e86074b7c11bab838
2025-09-15 22:49:16.620 DEBUG client[0]: Submitting transaction 95821c6bf780b1cad80dedcde1190358ebab586a4b107f4e86074b7c11bab838
2025-09-15 22:49:16.704 TRACE : trigger interaction 0xc0000fd1d0 280/1200
[TRACE] Decoding transaction bytes of length: 230
[TRACE] Transaction type: 6
[TRACE] Successfully decoded transaction with hash: ecd63e97428bfbd9cec2fd09874a23c1aad978666432bed9659bda7c91925998
2025-09-15 22:49:16.704 TRACE client[0]: Processing transaction with hash: ecd63e97428bfbd9cec2fd09874a23c1aad978666432bed9659bda7c91925998
2025-09-15 22:49:16.704 DEBUG client[0]: Submitting transaction ecd63e97428bfbd9cec2fd09874a23c1aad978666432bed9659bda7c91925998
2025-09-15 22:49:16.787 TRACE : trigger interaction 0xc0000fd2c0 281/1200
[TRACE] Decoding transaction bytes of length: 230
[TRACE] Transaction type: 6
[TRACE] Successfully decoded transaction with hash: b1ffd7eabde1a6a2191fff682a2869909e785df92f7ba549b3314a3a17f36d5d
2025-09-15 22:49:16.787 TRACE client[0]: Processing transaction with hash: b1ffd7eabde1a6a2191fff682a2869909e785df92f7ba549b3314a3a17f36d5d
2025-09-15 22:49:16.787 DEBUG client[0]: Submitting transaction b1ffd7eabde1a6a2191fff682a2869909e785df92f7ba549b3314a3a17f36d5d
2025-09-15 22:49:16.870 TRACE : trigger interaction 0xc0000fd3b0 282/1200
[TRACE] Decoding transaction bytes of length: 230
[TRACE] Transaction type: 6
[TRACE] Successfully decoded transaction with hash: 62f44166eb4f4a128d82e3afd406754a5a4befb3f38f53d452febd555a8ad079
2025-09-15 22:49:16.871 TRACE client[0]: Processing transaction with hash: 62f44166eb4f4a128d82e3afd406754a5a4befb3f38f53d452febd555a8ad079
2025-09-15 22:49:16.871 DEBUG client[0]: Submitting transaction 62f44166eb4f4a128d82e3afd406754a5a4befb3f38f53d452febd555a8ad079
2025-09-15 22:49:16.954 TRACE : trigger interaction 0xc0000fd4a0 283/1200
[TRACE] Decoding transaction bytes of length: 230
[TRACE] Transaction type: 6
[TRACE] Successfully decoded transaction with hash: 552cd0bc0d093b10a46fdca938a03e0a77d08e1da15f3bd01c2db2802620dd4f
2025-09-15 22:49:16.954 TRACE client[0]: Processing transaction with hash: 552cd0bc0d093b10a46fdca938a03e0a77d08e1da15f3bd01c2db2802620dd4f
2025-09-15 22:49:16.954 DEBUG client[0]: Submitting transaction 552cd0bc0d093b10a46fdca938a03e0a77d08e1da15f3bd01c2db2802620dd4f
2025-09-15 22:49:17.037 TRACE : trigger interaction 0xc0000fd590 284/1200
[TRACE] Decoding transaction bytes of length: 230
[TRACE] Transaction type: 6
[TRACE] Successfully decoded transaction with hash: b155050b9223df3a953b63b542d2bf115b26952ddd373a752af8e64cd48638f8
2025-09-15 22:49:17.037 TRACE client[0]: Processing transaction with hash: b155050b9223df3a953b63b542d2bf115b26952ddd373a752af8e64cd48638f8
2025-09-15 22:49:17.037 DEBUG client[0]: Submitting transaction b155050b9223df3a953b63b542d2bf115b26952ddd373a752af8e64cd48638f8
2025-09-15 22:49:17.120 TRACE : trigger interaction 0xc0004cb680 285/1200
[TRACE] Decoding transaction bytes of length: 230
[TRACE] Transaction type: 6
[TRACE] Successfully decoded transaction with hash: 7c0f49e1be7252862653fb17c1b1b28c10371108577459e7d74c8be45ad5e5e2
2025-09-15 22:49:17.121 TRACE client[0]: Processing transaction with hash: 7c0f49e1be7252862653fb17c1b1b28c10371108577459e7d74c8be45ad5e5e2
2025-09-15 22:49:17.121 DEBUG client[0]: Submitting transaction 7c0f49e1be7252862653fb17c1b1b28c10371108577459e7d74c8be45ad5e5e2
2025-09-15 22:49:17.203 TRACE : trigger interaction 0xc0004cb770 286/1200
[TRACE] Decoding transaction bytes of length: 230
[TRACE] Transaction type: 6
[TRACE] Successfully decoded transaction with hash: fab580d5b544f383723342f1c8d0ce2fea80cdcd2a12f1a543ed24fd72b161ed
2025-09-15 22:49:17.204 TRACE client[0]: Processing transaction with hash: fab580d5b544f383723342f1c8d0ce2fea80cdcd2a12f1a543ed24fd72b161ed
2025-09-15 22:49:17.204 DEBUG client[0]: Submitting transaction fab580d5b544f383723342f1c8d0ce2fea80cdcd2a12f1a543ed24fd72b161ed
2025-09-15 22:49:17.287 TRACE : trigger interaction 0xc0004cb860 287/1200
[TRACE] Decoding transaction bytes of length: 230
[TRACE] Transaction type: 6
[TRACE] Successfully decoded transaction with hash: 15e7ef1ce8a1c91c25a21e3ca902b520adf57c33bd90a5e65a861cc68ec439c7
2025-09-15 22:49:17.287 TRACE client[0]: Processing transaction with hash: 15e7ef1ce8a1c91c25a21e3ca902b520adf57c33bd90a5e65a861cc68ec439c7
2025-09-15 22:49:17.287 DEBUG client[0]: Submitting transaction 15e7ef1ce8a1c91c25a21e3ca902b520adf57c33bd90a5e65a861cc68ec439c7
2025-09-15 22:49:17.370 TRACE : trigger interaction 0xc0004cb950 288/1200
[TRACE] Decoding transaction bytes of length: 230
[TRACE] Transaction type: 6
[TRACE] Successfully decoded transaction with hash: 937c774017b173a1ce6d3ac02549b1f17ac453c70ec3868d2a2dd85af02ac8be
2025-09-15 22:49:17.370 TRACE client[0]: Processing transaction with hash: 937c774017b173a1ce6d3ac02549b1f17ac453c70ec3868d2a2dd85af02ac8be
2025-09-15 22:49:17.370 DEBUG client[0]: Submitting transaction 937c774017b173a1ce6d3ac02549b1f17ac453c70ec3868d2a2dd85af02ac8be
2025-09-15 22:49:17.454 TRACE : trigger interaction 0xc0004cba40 289/1200
[TRACE] Decoding transaction bytes of length: 230
[TRACE] Transaction type: 6
[TRACE] Successfully decoded transaction with hash: dd8aa8cf8d25645004e3b976edb3ce3add446df4552b2e68a5e3a5656b75c21a
2025-09-15 22:49:17.454 TRACE client[0]: Processing transaction with hash: dd8aa8cf8d25645004e3b976edb3ce3add446df4552b2e68a5e3a5656b75c21a
2025-09-15 22:49:17.454 DEBUG client[0]: Submitting transaction dd8aa8cf8d25645004e3b976edb3ce3add446df4552b2e68a5e3a5656b75c21a
2025-09-15 22:49:17.537 TRACE : trigger interaction 0xc0004cbb30 290/1200
[TRACE] Decoding transaction bytes of length: 230
[TRACE] Transaction type: 6
[TRACE] Successfully decoded transaction with hash: 23c93ea62f5b48bb0e6bcd0615154b5b437b34b23a7ae4735573ddbd60365510
2025-09-15 22:49:17.537 TRACE client[0]: Processing transaction with hash: 23c93ea62f5b48bb0e6bcd0615154b5b437b34b23a7ae4735573ddbd60365510
2025-09-15 22:49:17.537 DEBUG client[0]: Submitting transaction 23c93ea62f5b48bb0e6bcd0615154b5b437b34b23a7ae4735573ddbd60365510
2025-09-15 22:49:17.620 TRACE : trigger interaction 0xc0004cbc20 291/1200
[TRACE] Decoding transaction bytes of length: 230
[TRACE] Transaction type: 6
[TRACE] Successfully decoded transaction with hash: 9b0f204224416cd093429858794656630ae9169e980ca3b770fd6bbd19eecaa6
2025-09-15 22:49:17.621 TRACE client[0]: Processing transaction with hash: 9b0f204224416cd093429858794656630ae9169e980ca3b770fd6bbd19eecaa6
2025-09-15 22:49:17.621 DEBUG client[0]: Submitting transaction 9b0f204224416cd093429858794656630ae9169e980ca3b770fd6bbd19eecaa6
2025-09-15 22:49:17.704 TRACE : trigger interaction 0xc0004cbd10 292/1200
[TRACE] Decoding transaction bytes of length: 230
[TRACE] Transaction type: 6
[TRACE] Successfully decoded transaction with hash: 33b2fe100da85913d81cffa0042e65be8f87942a31afde605d9883bfc6026fa5
2025-09-15 22:49:17.704 TRACE client[0]: Processing transaction with hash: 33b2fe100da85913d81cffa0042e65be8f87942a31afde605d9883bfc6026fa5
2025-09-15 22:49:17.704 DEBUG client[0]: Submitting transaction 33b2fe100da85913d81cffa0042e65be8f87942a31afde605d9883bfc6026fa5
2025-09-15 22:49:17.787 TRACE : trigger interaction 0xc0004cbe00 293/1200
[TRACE] Decoding transaction bytes of length: 230
[TRACE] Transaction type: 6
[TRACE] Successfully decoded transaction with hash: b13894427c6ef3da22de48d0e0e20ca308e90c86badb16843668c3e863ded6aa
2025-09-15 22:49:17.787 TRACE client[0]: Processing transaction with hash: b13894427c6ef3da22de48d0e0e20ca308e90c86badb16843668c3e863ded6aa
2025-09-15 22:49:17.787 DEBUG client[0]: Submitting transaction b13894427c6ef3da22de48d0e0e20ca308e90c86badb16843668c3e863ded6aa
2025-09-15 22:49:17.871 TRACE : trigger interaction 0xc0004cbef0 294/1200
[TRACE] Decoding transaction bytes of length: 230
[TRACE] Transaction type: 6
[TRACE] Successfully decoded transaction with hash: a0b1d95bff5b0bd3af4e9856d2613bcaa8095e67044b61857fff7dc95e5f4d76
2025-09-15 22:49:17.871 TRACE client[0]: Processing transaction with hash: a0b1d95bff5b0bd3af4e9856d2613bcaa8095e67044b61857fff7dc95e5f4d76
2025-09-15 22:49:17.871 DEBUG client[0]: Submitting transaction a0b1d95bff5b0bd3af4e9856d2613bcaa8095e67044b61857fff7dc95e5f4d76
2025-09-15 22:49:17.954 TRACE : trigger interaction 0xc0004e2000 295/1200
[TRACE] Decoding transaction bytes of length: 230
[TRACE] Transaction type: 6
[TRACE] Successfully decoded transaction with hash: 7b845e77af5a97ae51204bd3eaaae0752abfd325d92f8596b096a7be7795dee2
2025-09-15 22:49:17.954 TRACE client[0]: Processing transaction with hash: 7b845e77af5a97ae51204bd3eaaae0752abfd325d92f8596b096a7be7795dee2
2025-09-15 22:49:17.954 DEBUG client[0]: Submitting transaction 7b845e77af5a97ae51204bd3eaaae0752abfd325d92f8596b096a7be7795dee2
2025-09-15 22:49:18.037 TRACE : trigger interaction 0xc0004e20f0 296/1200
[TRACE] Decoding transaction bytes of length: 230
[TRACE] Transaction type: 6
[TRACE] Successfully decoded transaction with hash: 76f82920a95d63bf082b8b74f0ca5b604b7957aae0940dbdb9f572f55666b280
2025-09-15 22:49:18.037 TRACE client[0]: Processing transaction with hash: 76f82920a95d63bf082b8b74f0ca5b604b7957aae0940dbdb9f572f55666b280
2025-09-15 22:49:18.037 DEBUG client[0]: Submitting transaction 76f82920a95d63bf082b8b74f0ca5b604b7957aae0940dbdb9f572f55666b280
2025-09-15 22:49:18.120 TRACE : trigger interaction 0xc0004e21e0 297/1200
[TRACE] Decoding transaction bytes of length: 230
[TRACE] Transaction type: 6
[TRACE] Successfully decoded transaction with hash: 401ae044db886f9296015f2cd0c082e2b6a2cb6e26fa2b7f37638f6828de251d
2025-09-15 22:49:18.120 TRACE client[0]: Processing transaction with hash: 401ae044db886f9296015f2cd0c082e2b6a2cb6e26fa2b7f37638f6828de251d
2025-09-15 22:49:18.120 DEBUG client[0]: Submitting transaction 401ae044db886f9296015f2cd0c082e2b6a2cb6e26fa2b7f37638f6828de251d
2025-09-15 22:49:18.204 TRACE : trigger interaction 0xc0004e22d0 298/1200
[TRACE] Decoding transaction bytes of length: 230
[TRACE] Transaction type: 6
[TRACE] Successfully decoded transaction with hash: da5b3cd7e768bc861664b28a10f38bb0de249d1e349ae1f09a5b24629c115d07
2025-09-15 22:49:18.204 TRACE client[0]: Processing transaction with hash: da5b3cd7e768bc861664b28a10f38bb0de249d1e349ae1f09a5b24629c115d07
2025-09-15 22:49:18.204 DEBUG client[0]: Submitting transaction da5b3cd7e768bc861664b28a10f38bb0de249d1e349ae1f09a5b24629c115d07
2025-09-15 22:49:18.271 TRACE client[0]: Found transaction in block: c14ba0e62645715352cae9dae6347ea3ca50d6b12c97185ea27997237c7aef48
2025-09-15 22:49:18.271 TRACE client[0]: Found transaction in block: abf6dc32f012e2e09c2da87cb32cbc638ee5e2cb262dcf1f6a1a76e78f1422b4
2025-09-15 22:49:18.271 TRACE client[0]: Found transaction in block: b2968e5bd7e4f2e334ee3b2d46bc30a5ab34d4e82375d06cff3b37fab3fab0ac
2025-09-15 22:49:18.271 TRACE client[0]: Found transaction in block: 535585a3efac438c631b6803123dfa85a7eaacc6d314ef28535ffb704de0998d
2025-09-15 22:49:18.271 TRACE client[0]: Found transaction in block: 470610319c84e6268cbe2c1fe8f634377f54104e304359429a32a7b1b9195a7c
2025-09-15 22:49:18.271 TRACE client[0]: Found transaction in block: ee8a4f96661b6393551b4677ebe3d7d7132c94293a49cd96c6f6326265f8f392
2025-09-15 22:49:18.271 TRACE client[0]: Found transaction in block: 7ce1698b6d72136b2d9875a3d2a8c07efcc63f12529e9742ef55c2dec7b69609
2025-09-15 22:49:18.271 TRACE client[0]: Found transaction in block: 4c2c3fb01f740a0766ebd8cb51fd1109029e1d7f7c11f219554dab529943c8ac
2025-09-15 22:49:18.271 TRACE client[0]: Found transaction in block: ec18b3293e9bde8768c6bd2b029772e6b402ffffc3494a1b5f70050f32762186
2025-09-15 22:49:18.271 TRACE client[0]: Found transaction in block: 5403e3c2b6b911b5cd8c41cb3c6ba415ffb39de4817fd31fd5225f17b4d7e8dc
2025-09-15 22:49:18.271 TRACE client[0]: Found transaction in block: ad1df779ae66d5cdcff8460ddc30252caf9e1f1ea1439a88554038631b96c769
2025-09-15 22:49:18.271 TRACE client[0]: Found transaction in block: eaf1d2365ddc7b6a17a7ed075b3f30d87b82ebda5c784da63b0df2b123874d5d
2025-09-15 22:49:18.271 TRACE client[0]: Found transaction in block: b6efd7bf8687b6aad58b14357026f5dc17bc56aea21fb6d2fa16ff86b7133d07
2025-09-15 22:49:18.271 TRACE client[0]: Found transaction in block: d4797d23758256d6e1afddba49b02a2f77963d1fb5909c29b116edf7895f8821
2025-09-15 22:49:18.271 TRACE client[0]: Found transaction in block: 0ff9b2da643299cc4b1fc7a0294fa8bab2f3b68ced456eb9de5becb57048d3ae
2025-09-15 22:49:18.271 TRACE client[0]: Found transaction in block: e3060a2e1cf2190127270b6a4d5a96217a0893df4ab2112eedd1c0de69912ff8
2025-09-15 22:49:18.271 TRACE client[0]: Found transaction in block: 0f1724254dd37f9fe28b34138f1a218e4858f04fd9707cc23480c15b8c0e1e45
2025-09-15 22:49:18.271 TRACE client[0]: Found transaction in block: 4996ce2410595a5ddeb03cbb55ee9186751c8c8346ab4df46a786238015dccc1
2025-09-15 22:49:18.271 TRACE client[0]: Found transaction in block: a5c9b34dc0d70ff00c1b409a9053c30c150b45eca067e71f732a2104141ab658
2025-09-15 22:49:18.271 TRACE client[0]: Found transaction in block: 6a0d428458f5101a2e409b364112369755d49d35c6c73ada8331e273978ab42e
2025-09-15 22:49:18.271 TRACE client[0]: Found transaction in block: c7acee322e087b51a82befaa870dd727d02268494174bfd9b28b02dafe27a68c
2025-09-15 22:49:18.271 TRACE client[0]: Found transaction in block: ce4c9df29372a5be22b34b83583da9976533ea4c696d2d85877bcfff2ae8b147
2025-09-15 22:49:18.271 TRACE client[0]: Found transaction in block: 650982ea93c09325299e964948eadecf139ada03624506c9617fcb9406ba876b
2025-09-15 22:49:18.271 TRACE client[0]: Found transaction in block: c9a02b0cae9a79be4257b27b25582a40dea8969a9ed493cc8ed80f9397e08162
2025-09-15 22:49:18.271 TRACE client[0]: Found transaction in block: 29374db2bbe0747cbcc7528f8956a61ffef354e8c6d0648a4ad6e9e7ccc95d8c
2025-09-15 22:49:18.271 TRACE client[0]: Found transaction in block: 6dddb9e94000150b49999192d9be002cb6661880c160979a911e1799e2008770
2025-09-15 22:49:18.271 TRACE client[0]: Found transaction in block: 09de2937abf7c303875774c002baf642439d4ad63bd2bfa94a563dcc0587bd1d
2025-09-15 22:49:18.271 TRACE client[0]: Found transaction in block: 439d1b60be93836477cb6d32869de27430c5303399426d91794aa1cf72fa5175
2025-09-15 22:49:18.271 TRACE client[0]: Found transaction in block: ee92f2ceefdff1d8bd889465955902ce20f6656fde9630b6f8f3712f911295f3
2025-09-15 22:49:18.271 TRACE client[0]: Found transaction in block: 9ca45ad9e7f1967f841e796a9b4efe99c87313400376600ded6072856362dc93
2025-09-15 22:49:18.271 TRACE client[0]: Found transaction in block: 2c86c3f93c610fa68a1bf7f58a49429dc649d240b144397130e6bb01a7d71066
2025-09-15 22:49:18.271 TRACE client[0]: Found transaction in block: b403bde83b1ae3b0d1757485f718b3d0eab35dae8009337401fb9700a5377265
2025-09-15 22:49:18.271 TRACE client[0]: Found transaction in block: 35e35b5445b181d3532d74b8992b286a2164c637c80b1f258d2e68af4d38c812
2025-09-15 22:49:18.271 TRACE client[0]: Found transaction in block: e514c8feb5b0d4cd508a17f93581d81b3ee8ec7bac62e50d9d37689f45c5b952
2025-09-15 22:49:18.271 TRACE client[0]: Found transaction in block: e5f76c9505356941778495cd2425ec3bd3a79807d57d7d1fcc59a3d927ba73d6
2025-09-15 22:49:18.271 TRACE client[0]: Found transaction in block: 8ac738d38c07862f434ccb4351f52ce3708cc66a8a25a8f70296a77ca6bc0e6e
2025-09-15 22:49:18.271 TRACE client[0]: Found transaction in block: 6cf1f4faedb323be0015fccaea9f611ec119e9b505467788cb1e0c37bf46468f
2025-09-15 22:49:18.271 TRACE client[0]: Found transaction in block: 19589d17f02a3f47b9e332cab4fa36b31e4c390275429d31c4a82a042dd258fc
2025-09-15 22:49:18.271 TRACE client[0]: Found transaction in block: fa71bae1b13d5023f721bd916cde8b2e7118e7be8754a19e9a3638a11e4827c7
2025-09-15 22:49:18.271 TRACE client[0]: Found transaction in block: c3da8f97bb28c423cc07ce5f13aaa7c7b97ad530c9348c4f7381b44d663d382f
2025-09-15 22:49:18.271 TRACE client[0]: Found transaction in block: c600f7d873236b65f2860b5f9bfb305a1867bb7abfe0f4970a148685c6b43f32
2025-09-15 22:49:18.271 TRACE client[0]: Found transaction in block: ad6880da9d70946e6e7cf179b34125e740728a21183f88f1b0f7ae0ca0247a70
2025-09-15 22:49:18.271 TRACE client[0]: Found transaction in block: 6c9f49f925c5f15e1560e1d4dadc77b7e764e8702c44dbaa37fc36c9643e6454
2025-09-15 22:49:18.271 TRACE client[0]: Found transaction in block: 7cad0b00e28d13875a49e906e548697427d5957e269b8eba94daf0d839552416
2025-09-15 22:49:18.271 TRACE client[0]: Found transaction in block: 08529bdf70ff57fbfe36bd3da71c071b8ed501e72eacc2f8893a57ea5884677a
2025-09-15 22:49:18.271 TRACE client[0]: Found transaction in block: eece09504242d12df279ae866c393d5f171425f3de1b0e2529bbd6bc85f3eba5
2025-09-15 22:49:18.271 TRACE client[0]: Found transaction in block: 914d752c9e866b4a27eefa4a30a5d8c7fc462a2ea500fe8516abfa3827949cc1
2025-09-15 22:49:18.271 TRACE client[0]: Found transaction in block: cc6e8ae2fb6ba81bd285220d0846958a4bf2de3e42b740962028d8907effdf6c
2025-09-15 22:49:18.271 TRACE client[0]: Found transaction in block: f10b9630490fc4ba0e8eef3433019f5663c213c7162684351b868b3df8f4211d
2025-09-15 22:49:18.271 TRACE client[0]: Found transaction in block: c420376d101d41799410466eca4eca8c06901103e68c34797e3ae7362a7332b0
2025-09-15 22:49:18.271 TRACE client[0]: Found transaction in block: 8c7dacd0d540e9801ccccc2ef3ae5e64eaa0b0b09049b0db8c60bd661bca145d
2025-09-15 22:49:18.271 TRACE client[0]: Found transaction in block: 9650568bce243b65f961aa55ee9dfa14be05a5a4dab23795000bf60f240751cb
2025-09-15 22:49:18.271 TRACE client[0]: Found transaction in block: 03426911f7dc0aa2f46276c03bdc246c7f0e47ffede34774f249a7c5819ca3c9
2025-09-15 22:49:18.271 TRACE client[0]: Found transaction in block: bb8291edb7d3fe55faa5688585c425d9779d29bfe721b550893a68e1b0c96420
2025-09-15 22:49:18.271 TRACE client[0]: Found transaction in block: 6fc8840063221f0923acefd4fe02abc73b4e2b938c09a24251a7ac2e2144c426
2025-09-15 22:49:18.271 TRACE client[0]: Found transaction in block: db047e994900eec38338b9025b49b6b3c7198bd9d68cfd358a0ff7e30b9f340a
2025-09-15 22:49:18.271 TRACE client[0]: Found transaction in block: 7bacd7c9efd4359c31e400a45ba0a4f4d93b56c33d70bb49eff20c4a1d91a511
2025-09-15 22:49:18.271 TRACE client[0]: Found transaction in block: 05bc6232beadac9a12cdf353177cc27ecef0eda1eee3a885fbb5114a3f425a5b
2025-09-15 22:49:18.271 TRACE client[0]: Found transaction in block: 793c21387325eadf4dc45add9d387d46ac3c267e3b1745386bc3cf6acb52449d
2025-09-15 22:49:18.271 TRACE client[0]: Found transaction in block: e172f8be33159f04ccff59513b9302cceb1ba9531dc1101af1f3d67ab7656e5c
2025-09-15 22:49:18.271 TRACE client[0]: Found transaction in block: 63338a8aa9cb119e79156c48fc22aff74cdd709d304a350e2812a78e38da072c
2025-09-15 22:49:18.271 TRACE client[0]: Found transaction in block: 9197136bb892064212f4beef7e0756e1158e2a7bd1f4068e752be4fc862af14f
2025-09-15 22:49:18.271 TRACE client[0]: Found transaction in block: 23a4a8d7b8deeadbc7cb93c9fa79a15a178ec07919801e6c2130d4d96c46fdb3
2025-09-15 22:49:18.271 TRACE client[0]: Found transaction in block: feef0218f1de12a65b63fea1e783b96bea4bf4ecdcb549ac216d01bd26b6c744
2025-09-15 22:49:18.271 TRACE client[0]: Found transaction in block: 1c18fd24fdea4cca4551bcec634d178bd3af4096c610e9f87656ce63cb1e4009
2025-09-15 22:49:18.271 TRACE client[0]: Found transaction in block: 7c2e0ad89b974704e4964657cd36c57bb4600238073603e00bf1e335b870ff8e
2025-09-15 22:49:18.271 TRACE client[0]: Found transaction in block: 858cc45f601526ae4b22d66a011d14e83ad20507fc410e2055fe454e087b87c0
2025-09-15 22:49:18.271 TRACE client[0]: Found transaction in block: b55232fa4fb90f5584da7c243a47cfb412d70910f2fea281d73e9e0cdd58ea4e
2025-09-15 22:49:18.271 TRACE client[0]: Found transaction in block: 4fd914f895a9942c0ccadbec4ed6cac0389fe4b39fd242ba8a38e10f197ddee4
2025-09-15 22:49:18.271 TRACE client[0]: Found transaction in block: 0d13da815e04fc77acff1878db7e8c3bb837bcc01019bacd675fd21bebc89ef2
2025-09-15 22:49:18.271 TRACE client[0]: Found transaction in block: 26ee7bc923f299ee143ab4fddba602fb69a5cb154c238d53015a1cdc6827544d
2025-09-15 22:49:18.271 TRACE client[0]: Found transaction in block: 505fab43c2f642fc1755c1eeeba2097a67959ccec72de132de3387785305e440
2025-09-15 22:49:18.271 TRACE client[0]: Found transaction in block: 584f701ad28f18043a028f22fb95cb8ed413905cd0f245fc4fd33281b8221a61
2025-09-15 22:49:18.271 TRACE client[0]: Found transaction in block: c0aed03825e5c7591f57cbf9065e7807d5a2f81bf3c7c367841f4632500aa05c
2025-09-15 22:49:18.271 TRACE client[0]: Found transaction in block: 3f1cd231023b7da351134561611af8015d1d721765d6c7fc7cf194233505adcf
2025-09-15 22:49:18.271 TRACE client[0]: Found transaction in block: 395766982eec5a154a7f9e1854b06a3a6f562e87875ac0f79e53a107239606c4
2025-09-15 22:49:18.271 TRACE client[0]: Found transaction in block: 4a4e1ea54c07708f825af4d41c1fa0ee4c456fd651ba9aa4ff2f5c3f0cc6183c
2025-09-15 22:49:18.271 TRACE client[0]: Found transaction in block: d98a8f32ec8976b62461f27ff50b9608e70f47f4d61446181da6e599d5f9bfc0
2025-09-15 22:49:18.271 TRACE client[0]: Found transaction in block: 100274a7256519a50428ef73eba0c83ddffa464891da5e0263ed9cb019f73dd1
2025-09-15 22:49:18.271 TRACE client[0]: Found transaction in block: 225be7492d48752a25de0e3cc8553ce5e19b1f46e034c44234106e03125e1cba
2025-09-15 22:49:18.271 TRACE client[0]: Found transaction in block: bb4981647cdf0a39445ea18eace1677469d5d7559cd8151486dac07a4413edcb
2025-09-15 22:49:18.271 TRACE client[0]: Found transaction in block: 16d48f1219d9d2df802fde85a25b61fa8abda86a3b7636fa9a7e59e15f446fd1
2025-09-15 22:49:18.271 TRACE client[0]: Found transaction in block: acdb0b48de689a85ada30a91d1f885ef50ff2a64a0cd6124cc32933137bbe621
2025-09-15 22:49:18.271 TRACE client[0]: Found transaction in block: 564d7b1aa289ace1a7baa407e32e52c3c31482c3f6a1c01b8fec4102abe62088
2025-09-15 22:49:18.271 TRACE client[0]: Found transaction in block: 0a867bbfdd5bf3245bc5662cfc9adaebf7ac8c28f0ecb31b6b8606b08572fc36
2025-09-15 22:49:18.271 TRACE client[0]: Found transaction in block: 646e2f001b338ce862ebc6865b85b02e2a19f6a17e3968b1b43bd90d863c361e
2025-09-15 22:49:18.271 TRACE client[0]: Found transaction in block: 9f66f4f8ed189021f52b7f3612f780dea43e491c918a3814c993f5c43c33cda8
2025-09-15 22:49:18.271 TRACE client[0]: Found transaction in block: 066f982128441aba1369d7f21b4f46df6155713352128f626ab878b731df26a5
2025-09-15 22:49:18.271 TRACE client[0]: Found transaction in block: 02e51c69f137d850488b528d1befe36ea65e7f2ca7e92dd6d43859e45c8c6e39
2025-09-15 22:49:18.271 TRACE client[0]: Found transaction in block: c27eed8253eb6ba0a1aef69e031ec4c4495cbbdc182745b252cd9d4b4fa1b3a2
2025-09-15 22:49:18.271 TRACE client[0]: Found transaction in block: 60b5fa908d90436064d0d2e335ab8d233eb1658a9d81a3caa3f373a7328596c7
2025-09-15 22:49:18.271 TRACE client[0]: Found transaction in block: b4726a47977fe27c59b0783fe83ab58901f0ee116b827570443d86117a0ae8dd
2025-09-15 22:49:18.271 TRACE client[0]: Found transaction in block: b360eeb47993d1cc7951bcd9fb598818d8b70fe64cf4240f59ad6cdc60521c3f
2025-09-15 22:49:18.271 TRACE client[0]: Found transaction in block: 59fc596904524dea4002daea6eb8c4e9ca958466c4ee9a90e93f66f9c22b1c00
2025-09-15 22:49:18.271 TRACE client[0]: Found transaction in block: 40ff64ae71df98184c2ba0cc20d6339481faae97af1cd6e701d80712aa3adcea
2025-09-15 22:49:18.271 TRACE client[0]: Found transaction in block: a116931b172223439e53e2424f28e75e5b621e18799d77df307b2fbb2a791ccf
2025-09-15 22:49:18.271 TRACE client[0]: Found transaction in block: 95887cdeb28022fcf539108c461c206af941f15b05b679a853ad77a9bed434f5
2025-09-15 22:49:18.271 TRACE client[0]: Found transaction in block: 516a0f20f281d574c019cc5b3798e5a01a8ac608ba2793ff9db094ba04c31f52
2025-09-15 22:49:18.271 TRACE client[0]: Found transaction in block: fccbd61efe6ed05ea865a1a91c3d17b66b7def14f729a985e20f95bff02d2a24
2025-09-15 22:49:18.271 TRACE client[0]: Found transaction in block: 084ecf3c60968c97c49c9df577b9f76896293cbe6f4c8c4020fcbf21253a3480
2025-09-15 22:49:18.271 TRACE client[0]: Found transaction in block: 2ae4febdcea43c70a52bff41b6d6c547d2c6d83744c549d897c73768476ab373
2025-09-15 22:49:18.271 TRACE client[0]: Found transaction in block: c37606dfc6fcda1467ab06b799b4affd528ff0893ad80db1bcfc6e973c0ba756
2025-09-15 22:49:18.271 TRACE client[0]: Found transaction in block: 2d5f9856da44d5ee4bffd8c2ea84530e2ff985fddf4ebfefee379592bbeb5ea6
2025-09-15 22:49:18.271 TRACE client[0]: Found transaction in block: 12d53fc107a416069fd97d2a8db996e8a3cd12ebccde45441fb9867e1a75741b
2025-09-15 22:49:18.271 TRACE client[0]: Found transaction in block: 7d3a99f074c3b4e251aec4737fc456d46eb558660f7023aaded34dc5d8806557
2025-09-15 22:49:18.271 TRACE client[0]: Found transaction in block: bb4159c3beb8f93bd25c48e9e94cc28d9c89ff6dd37e1398ddf1675fc1a58f12
2025-09-15 22:49:18.271 TRACE client[0]: Found transaction in block: 7bf05bfd3565ae2f57b96c2bd0853b66a1f7b38ae60a6250973e0c8bc2e42c84
2025-09-15 22:49:18.271 TRACE client[0]: Found transaction in block: 6dc3102dd273eb22e0c221a829b57d42e5ee6672465dd1d4d034b371f18fd3d0
2025-09-15 22:49:18.271 TRACE client[0]: Found transaction in block: 49208b140ff2dbe0e116e10f34d2f10183a4820a560037a795200fd538851b25
2025-09-15 22:49:18.271 TRACE client[0]: Found transaction in block: 6c6a5a35445f8933538d60bf78cdaf59a47555d577e70c47d2b4f8430e0aae74
2025-09-15 22:49:18.271 TRACE client[0]: Found transaction in block: d2a9313d5e3213028460a68984aa187296952a7f38b6189a619a77e117ebbb1c
2025-09-15 22:49:18.271 TRACE client[0]: Found transaction in block: c6128dbf3b992a41758e349214a2f8bc550f58a238feb1b7c1af09a36b753ed5
2025-09-15 22:49:18.271 TRACE client[0]: Found transaction in block: bb7ec81e6c87909e2a6a9ef4fe953fe0d1ebc08820159c662bbfb937af96a235
2025-09-15 22:49:18.271 TRACE client[0]: Found transaction in block: 0a1a6a4e232a94313f44c98fa0730b1148fff2ee974deef8ab30d0d4963040f9
2025-09-15 22:49:18.271 TRACE client[0]: Found transaction in block: 6640aadadb0f9cdf5a04bf59f6b6606de052c90c9cc96109cef70bd2c1ec731f
2025-09-15 22:49:18.271 TRACE client[0]: Found transaction in block: 2e1fab046b57e54e74e0584d8a225b14f4e0dd622684bfb1d6e37faa63efb089
2025-09-15 22:49:18.271 TRACE client[0]: Found transaction in block: cdba205abc5db72ad04bf0495b7009066527bead28f74ff8ec00682afd6de730
2025-09-15 22:49:18.271 TRACE client[0]: Found transaction in block: 5e506cb46c87e589019de7631a8feb5ba0d2773b07f3bccdcaaef3f1e435e3c8
2025-09-15 22:49:18.271 TRACE client[0]: Found transaction in block: 9cff8b76099945f6d2949dd8e4c7729bd5adeeaae0d8242386bb2ceedb022757
2025-09-15 22:49:18.271 TRACE client[0]: Found transaction in block: 59d501e92e731f974f80474ca3e341861b3298e4ad212a19efd57e3360b77471
2025-09-15 22:49:18.271 TRACE client[0]: Found transaction in block: 54a6684cca23cec0f3b0ec4469df97bc97b500c94c005de1ab15e09544b7018e
2025-09-15 22:49:18.271 TRACE client[0]: Found transaction in block: 65bf215755b77448da085297ce69804ecb5e19faee129709fdbc0039dfcd8854
2025-09-15 22:49:18.271 TRACE client[0]: Found transaction in block: f89eb7fd304c85c73d9885815c5705140a488bd32a0056ad4dc9f8ffe7dd9f76
2025-09-15 22:49:18.271 TRACE client[0]: Found transaction in block: ce96f9122538d2ce9611f94a4563c1cd21a7119c05282cae9e92645e7b234de0
2025-09-15 22:49:18.271 TRACE client[0]: Found transaction in block: 5292cebdb864f9633d2ca12d9f31449d64680e8568aca65036da6b27f5234150
2025-09-15 22:49:18.271 TRACE client[0]: Found transaction in block: 2be5a70c0e5ad7620ac0756c7d983f4a45629038527d92547721027395218169
2025-09-15 22:49:18.271 TRACE client[0]: Found transaction in block: 575ff5a06d724eaaa7b2d58033b96f6b98cda2e3f3dbfcdb26c6411712ac6691
2025-09-15 22:49:18.271 TRACE client[0]: Found transaction in block: 0170980f559e25e24e72180207ba918245628c7a4ad8b79088a4d24381e2a836
2025-09-15 22:49:18.271 TRACE client[0]: Found transaction in block: 170609edb9b0c21a81a5ea46496e1cc0e744b166dcac24cdf8adda1df387749c
2025-09-15 22:49:18.271 TRACE client[0]: Found transaction in block: dcb90fb3aaa618b2e3fae133b10a31f723385267c8d902bb4a6c27e398f4d8d4
2025-09-15 22:49:18.271 TRACE client[0]: Found transaction in block: f1658cf4adccbfe54ece0fc9e1aaf87625b86bf8ae2ccb6aba27d80f3f2c0c73
2025-09-15 22:49:18.271 TRACE client[0]: Found transaction in block: f13b84e35c4b9ac68f634c460354422d68489431b07ffd546bf1e984b077aba6
2025-09-15 22:49:18.271 TRACE client[0]: Found transaction in block: ebba076ce5e2959d053a3fac0c3324f761c6904428bbc463a1c2053167a5da74
2025-09-15 22:49:18.271 TRACE client[0]: Found transaction in block: 5c5aa344735b734020190f4f31b508f831d8e1701819d8bc5bf97c8c70d2eb6d
2025-09-15 22:49:18.271 TRACE client[0]: Found transaction in block: 7f03ae55421af9bad7e67a7a8bc1bebfbaab74a8e59c866d481ebaa1867aa5a9
2025-09-15 22:49:18.271 TRACE client[0]: Found transaction in block: cba5b909025f1604f5ac6e1a56e091e7459210ae51a7fbe321033fd7cbbfd6a2
2025-09-15 22:49:18.271 TRACE client[0]: Found transaction in block: 56f7c000bfb29d3464acf659c1465da0e9f93af2c429493811fc6cea5762f1e6
2025-09-15 22:49:18.271 TRACE client[0]: Found transaction in block: f0ee1948d0b974dc7108f9ad1521a28203fc3bf8be78985a89032b98aa74d0b6
2025-09-15 22:49:18.271 TRACE client[0]: Found transaction in block: a39589ef959caf494e7ddff02fe0c5afdac4029e5a31f76339d5759fa0296ac3
2025-09-15 22:49:18.271 TRACE client[0]: Found transaction in block: 828cae177d1a01b74bb3fce13bf896b264d1749b990c8da759c5275da1e4a99f
2025-09-15 22:49:18.271 TRACE client[0]: Found transaction in block: 93b4fe8c0d8fabe91f645b1c95c7d28d982d78f335af527135ab09d8699d598e
2025-09-15 22:49:18.271 TRACE client[0]: Found transaction in block: 91b880510da7487e05ddb5bc8dbb9007b08d3ef4a89ff3aa9d7a34c79d30e23d
2025-09-15 22:49:18.271 TRACE client[0]: Found transaction in block: 1ae7cb0bee7f17c86ac226ffacd236adf1fd2142902de00bd3e853ee545c6867
2025-09-15 22:49:18.271 TRACE client[0]: Found transaction in block: f3c3521c49f37f5b748c4ff589c312c36a4861086c7fc3019ff9cffb1f5c9e53
2025-09-15 22:49:18.271 TRACE client[0]: Found transaction in block: 9945651325e86c25b38e0ad2fb560ee7f751737ffd28d593f3560a2ff0f86c30
2025-09-15 22:49:18.271 TRACE client[0]: Found transaction in block: c3d6575bcecfd1d06faa37493f7f13457d3fccccf3c46878955047276cae5f2d
2025-09-15 22:49:18.271 TRACE client[0]: Found transaction in block: e424c16469b75f6d90e9a9175d09d15475e7b8ebb4a5081c9b14a56ca5f21f4e
2025-09-15 22:49:18.271 TRACE client[0]: Found transaction in block: e3c4a8e5b021290e947b63700dfcfe0c510dc72b8baa1d353d530bcda1926684
2025-09-15 22:49:18.271 TRACE client[0]: Found transaction in block: 63afa86162f0b216854ab09e5562d354dce7e7b01e619a902a7cbd913d4009af
2025-09-15 22:49:18.271 TRACE client[0]: Found transaction in block: 63c37103df1db94b007d2eb4c8982f1204b1bc60f1887111fbca3ea1163359c2
2025-09-15 22:49:18.271 TRACE client[0]: Found transaction in block: 5626d3d20895c223adb2ee7d0bb4b8af3130041a3f064c1a0ad10131a0753d34
2025-09-15 22:49:18.271 TRACE client[0]: Found transaction in block: 97301e96c06c46c976c370bba376431c53fe87217de259b0cac973f412882954
2025-09-15 22:49:18.271 TRACE client[0]: Found transaction in block: e8cf33502ac88795dcdeb889ad0e2805bbddd7717b6ed85e14c7c490ac977d70
2025-09-15 22:49:18.271 TRACE client[0]: Found transaction in block: de9ef64708aded8aff57c05db0d0e413aaa2bcbde2566ab8fff64e5d01604cad
2025-09-15 22:49:18.271 TRACE client[0]: Found transaction in block: 65ad4a99152ef0a9af14f67f29970506e8ed3d8d7fa99851c4e90fc36d2a2cc1
2025-09-15 22:49:18.271 TRACE client[0]: Found transaction in block: 86cd009f2b56ed1da63cb4d67f93724f122533ea8e9d5afcd7356ff28440448a
2025-09-15 22:49:18.271 TRACE client[0]: Found transaction in block: 1b0fba822b6c2d4f321664c22ed78b0414969063af939ec1eb5542fa72b04bd9
2025-09-15 22:49:18.271 TRACE client[0]: Found transaction in block: cf775770b2c021de8528126bb4a17f21567784c93a3fc46ebd6fd1c145277910
2025-09-15 22:49:18.271 TRACE client[0]: Found transaction in block: 90b830e07e34f7a051159f64311474c20f1c44e709bd47ccef71af4effeba83a
2025-09-15 22:49:18.271 TRACE client[0]: Found transaction in block: 30e0c9992c08d0359dfa898e15c50ad7fdcd981e37fb034e8907175e06a9584b
2025-09-15 22:49:18.271 TRACE client[0]: Found transaction in block: 04f11c7a40f49acd7e04dfa8c118ce545b25b8abe66c3b0b8d5ccce7dc429ce8
2025-09-15 22:49:18.271 TRACE client[0]: Found transaction in block: 54012931fa9535490ccc3500fcdca453e9a9311f6f037784c6128bced0cc83fb
2025-09-15 22:49:18.271 TRACE client[0]: Found transaction in block: f4d4bc5df8612ed453a88c3f4a5ad0f50c6af79470f6f13ecfca94971e0b3f4d
2025-09-15 22:49:18.271 TRACE client[0]: Found transaction in block: c8b4cc07b173d2188c1b87b4f2ec6a549587a918fedd3527b45a31a9b9c5ed76
2025-09-15 22:49:18.271 TRACE client[0]: Found transaction in block: f412a06a84f0544cdb085c6df0c558d2efb6c20867dd21ccbff71b5a24624cfa
2025-09-15 22:49:18.271 TRACE client[0]: Found transaction in block: d3ae1b6464556be614ed622b6e9473abb1ec9f29a4e864912d442d7ab5909b2d
2025-09-15 22:49:18.271 TRACE client[0]: Found transaction in block: d535794d347b0c0fe9eca10b013332f424b69010cc2bb2cd704ec6cbab7a46bc
2025-09-15 22:49:18.271 TRACE client[0]: Found transaction in block: d99c235d74b8fe25126c47da3ad51adc27ad51ee261ced2893e789af084b3712
2025-09-15 22:49:18.271 TRACE client[0]: Found transaction in block: a21f68c10d81d32ad79650b7cbcc5da8816f66ff0957f79641c0f9a22d71d7a2
2025-09-15 22:49:18.271 TRACE client[0]: Found transaction in block: 3a9c9a526f81387db3015c60ead91f865d9463cf7b414fa494ec1427c3c592cb
2025-09-15 22:49:18.271 TRACE client[0]: Found transaction in block: 4e1738fe0f29283e803445614dc2fdd0ab897da2e39a07a6c5a323cfc229f8a7
2025-09-15 22:49:18.271 TRACE client[0]: Found transaction in block: 539354dc9447eaa890184462d692b4d03f21d4fb2bbdba2cc8ebab677480744e
2025-09-15 22:49:18.271 TRACE client[0]: Found transaction in block: 593727591a756164a957015a6d564e7264289269bef24707c955a671017093be
2025-09-15 22:49:18.271 TRACE client[0]: Found transaction in block: 6c4a37a195c8f90a2b7c648c81205ea69eaaffa4a84dd4bc154073c4b4c7ed62
2025-09-15 22:49:18.271 TRACE client[0]: Found transaction in block: bf684e520d852c62c969684168a9cb9c27e88d13e7f5be32ef7ce0a188f5b4c4
2025-09-15 22:49:18.271 TRACE client[0]: Found transaction in block: 6dda4d28462034869284579b33d7248572b2cd676653a94b7ce8e5def4cba495
2025-09-15 22:49:18.271 TRACE client[0]: Found transaction in block: e336d648c5408deb6d269d6a53e8442f6013a8a7a69329dbe1bd0cb71c41fb96
2025-09-15 22:49:18.271 TRACE client[0]: Found transaction in block: ce3a2d27be50aa8a8d262a9146897255d0abf741c98c323566de4133fc5f908f
2025-09-15 22:49:18.271 TRACE client[0]: Found transaction in block: abcee7ccf7a031730eab4c6085a70f6b63383cb99f2afb29323edec8b3c8fa17
2025-09-15 22:49:18.271 TRACE client[0]: Found transaction in block: 50ae33a8e7b1b9c87d07c1e97e1ac9b1fdf3add8f63a71e3936b4c51b2308bbb
2025-09-15 22:49:18.271 TRACE client[0]: Found transaction in block: 9bbc334989bcfc03316e5f2618961f825aaa7640e2bfd2314fb87892d249fa62
2025-09-15 22:49:18.271 TRACE client[0]: Found transaction in block: e10ba979fa5cc3ee882e362e156e227c340ad1a9a80f39f0fe3f8e2759226f57
2025-09-15 22:49:18.271 TRACE client[0]: Found transaction in block: ce3e9ef2bd2cc804e5b2e90f35b72d209e68f056b76feaa5fe677d94a42bf220
2025-09-15 22:49:18.271 TRACE client[0]: Found transaction in block: b054a288c3fdcba67bb92c552ac332bcead71742535b8f6ce81a3414ad2a8507
2025-09-15 22:49:18.271 TRACE client[0]: Found transaction in block: 3f2968b5c8bbd6a69e592fe520f72dc533cee0dece9cfd44ff0ef053ff87027b
2025-09-15 22:49:18.271 TRACE client[0]: Found transaction in block: 153ce3f2eceae18e8999ae7f5e1b88eed4a86a84557c86c104a772803ad8aa53
2025-09-15 22:49:18.271 TRACE client[0]: Found transaction in block: 2fff79ae42956066ff9d9ade41810e3dd767b94d377c3e85060564510fcf12b1
2025-09-15 22:49:18.271 TRACE client[0]: Found transaction in block: 91f7e0483f051513a51f1ac61971e46651fb6dc9ca69e498edcf08db35833029
2025-09-15 22:49:18.271 TRACE client[0]: Found transaction in block: a18d693e031bcc8e5da6c1b010c9a529a74f77cf9fc57ec0f59c26d5463e6af4
2025-09-15 22:49:18.271 TRACE client[0]: Found transaction in block: 99170502de51049d20d9c6751a926dd0d9141ffae566ae5b6dd35021bd0bce00
2025-09-15 22:49:18.271 TRACE client[0]: Found transaction in block: fa675495fb94f14d0e967bd850025d78fe19157e1cd9127247064d5a29b329ec
2025-09-15 22:49:18.271 TRACE client[0]: Found transaction in block: 52dcb3c9cbfa10e8e8175287a340caf61a8816f30004e46b2af1b7e88e61d9d3
2025-09-15 22:49:18.271 TRACE client[0]: Found transaction in block: 52b20061991122bfcbf50f1fd8bf3c70c0223a20125a0545cd49f668a9932f1d
2025-09-15 22:49:18.271 TRACE client[0]: Found transaction in block: 789142f72076b3a6073cbd7e782c6ae7f3f24e7f7c2db144e462948f22090242
2025-09-15 22:49:18.271 TRACE client[0]: Found transaction in block: d387ef69fe8feee0a6d537c1aeef5ac3d3e57268a00aa661338949857aaf65ee
2025-09-15 22:49:18.271 TRACE client[0]: Found transaction in block: 51061ea1b8e5d43c954c7a2613aa28efd284f4e1cc656357e8275d16c0d032ac
2025-09-15 22:49:18.271 TRACE client[0]: Found transaction in block: f5c98a2a4b1ab0517b6fc3da8118bceb75187af8c3581a48bf5155f611be16e3
2025-09-15 22:49:18.271 TRACE client[0]: Found transaction in block: 95821c6bf780b1cad80dedcde1190358ebab586a4b107f4e86074b7c11bab838
2025-09-15 22:49:18.271 TRACE client[0]: Found transaction in block: ecd63e97428bfbd9cec2fd09874a23c1aad978666432bed9659bda7c91925998
2025-09-15 22:49:18.271 TRACE client[0]: Found transaction in block: b1ffd7eabde1a6a2191fff682a2869909e785df92f7ba549b3314a3a17f36d5d
2025-09-15 22:49:18.271 TRACE client[0]: Found transaction in block: 62f44166eb4f4a128d82e3afd406754a5a4befb3f38f53d452febd555a8ad079
2025-09-15 22:49:18.271 TRACE client[0]: Found transaction in block: 552cd0bc0d093b10a46fdca938a03e0a77d08e1da15f3bd01c2db2802620dd4f
2025-09-15 22:49:18.271 TRACE client[0]: Found transaction in block: b155050b9223df3a953b63b542d2bf115b26952ddd373a752af8e64cd48638f8
2025-09-15 22:49:18.271 TRACE client[0]: Found transaction in block: 7c0f49e1be7252862653fb17c1b1b28c10371108577459e7d74c8be45ad5e5e2
2025-09-15 22:49:18.271 TRACE client[0]: Found transaction in block: fab580d5b544f383723342f1c8d0ce2fea80cdcd2a12f1a543ed24fd72b161ed
2025-09-15 22:49:18.271 TRACE client[0]: Found transaction in block: 15e7ef1ce8a1c91c25a21e3ca902b520adf57c33bd90a5e65a861cc68ec439c7
2025-09-15 22:49:18.271 TRACE client[0]: Found transaction in block: 937c774017b173a1ce6d3ac02549b1f17ac453c70ec3868d2a2dd85af02ac8be
2025-09-15 22:49:18.271 TRACE client[0]: Found transaction in block: dd8aa8cf8d25645004e3b976edb3ce3add446df4552b2e68a5e3a5656b75c21a
2025-09-15 22:49:18.271 TRACE client[0]: Found transaction in block: 23c93ea62f5b48bb0e6bcd0615154b5b437b34b23a7ae4735573ddbd60365510
2025-09-15 22:49:18.271 TRACE client[0]: Found transaction in block: 9b0f204224416cd093429858794656630ae9169e980ca3b770fd6bbd19eecaa6
2025-09-15 22:49:18.271 TRACE client[0]: Found transaction in block: 33b2fe100da85913d81cffa0042e65be8f87942a31afde605d9883bfc6026fa5
2025-09-15 22:49:18.271 TRACE client[0]: Found transaction in block: b13894427c6ef3da22de48d0e0e20ca308e90c86badb16843668c3e863ded6aa
2025-09-15 22:49:18.271 TRACE client[0]: Found transaction in block: a0b1d95bff5b0bd3af4e9856d2613bcaa8095e67044b61857fff7dc95e5f4d76
2025-09-15 22:49:18.271 TRACE client[0]: Found transaction in block: 7b845e77af5a97ae51204bd3eaaae0752abfd325d92f8596b096a7be7795dee2
2025-09-15 22:49:18.271 TRACE client[0]: Found transaction in block: 76f82920a95d63bf082b8b74f0ca5b604b7957aae0940dbdb9f572f55666b280
2025-09-15 22:49:18.271 TRACE client[0]: Found transaction in block: 401ae044db886f9296015f2cd0c082e2b6a2cb6e26fa2b7f37638f6828de251d
2025-09-15 22:49:18.287 TRACE : trigger interaction 0xc0004e23c0 299/1200
[TRACE] Decoding transaction bytes of length: 230
[TRACE] Transaction type: 6
[TRACE] Successfully decoded transaction with hash: 0a70c5af35292242a575de1b0cfeb5d6a276673420f39a24601dc84a9adda383
2025-09-15 22:49:18.288 TRACE client[0]: Processing transaction with hash: 0a70c5af35292242a575de1b0cfeb5d6a276673420f39a24601dc84a9adda383
2025-09-15 22:49:18.288 DEBUG client[0]: Submitting transaction 0a70c5af35292242a575de1b0cfeb5d6a276673420f39a24601dc84a9adda383
2025-09-15 22:49:18.370 TRACE : trigger interaction 0xc0004e24b0 300/1200
[TRACE] Decoding transaction bytes of length: 230
[TRACE] Transaction type: 6
[TRACE] Successfully decoded transaction with hash: 64f4b135667d907d27a720e44d256f4441b65af4bc30cc805643a0ab6eb2441c
2025-09-15 22:49:18.371 TRACE client[0]: Processing transaction with hash: 64f4b135667d907d27a720e44d256f4441b65af4bc30cc805643a0ab6eb2441c
2025-09-15 22:49:18.371 DEBUG client[0]: Submitting transaction 64f4b135667d907d27a720e44d256f4441b65af4bc30cc805643a0ab6eb2441c
2025-09-15 22:49:18.453 TRACE : trigger interaction 0xc000430960 301/1200
[TRACE] Decoding transaction bytes of length: 230
[TRACE] Transaction type: 6
[TRACE] Successfully decoded transaction with hash: 5aec2c5144c021831ecf4bc979b829d260e9d6631b7d479b2e1bcbbe24ffc4ea
2025-09-15 22:49:18.454 TRACE client[0]: Processing transaction with hash: 5aec2c5144c021831ecf4bc979b829d260e9d6631b7d479b2e1bcbbe24ffc4ea
2025-09-15 22:49:18.454 DEBUG client[0]: Submitting transaction 5aec2c5144c021831ecf4bc979b829d260e9d6631b7d479b2e1bcbbe24ffc4ea
2025-09-15 22:49:18.537 TRACE : trigger interaction 0xc000430a50 302/1200
[TRACE] Decoding transaction bytes of length: 230
[TRACE] Transaction type: 6
[TRACE] Successfully decoded transaction with hash: 66bd5c9ffdc7a679bb1b87ac0009ddcaaecc12d971fdb3055a1ba62845095c7a
2025-09-15 22:49:18.537 TRACE client[0]: Processing transaction with hash: 66bd5c9ffdc7a679bb1b87ac0009ddcaaecc12d971fdb3055a1ba62845095c7a
2025-09-15 22:49:18.537 DEBUG client[0]: Submitting transaction 66bd5c9ffdc7a679bb1b87ac0009ddcaaecc12d971fdb3055a1ba62845095c7a
2025-09-15 22:49:18.620 TRACE : trigger interaction 0xc000430b40 303/1200
[TRACE] Decoding transaction bytes of length: 230
[TRACE] Transaction type: 6
[TRACE] Successfully decoded transaction with hash: 8067f11078280588d9d0528dacad7e418389ca336ef6e9271ff3ed3f363023a0
2025-09-15 22:49:18.620 TRACE client[0]: Processing transaction with hash: 8067f11078280588d9d0528dacad7e418389ca336ef6e9271ff3ed3f363023a0
2025-09-15 22:49:18.620 DEBUG client[0]: Submitting transaction 8067f11078280588d9d0528dacad7e418389ca336ef6e9271ff3ed3f363023a0
2025-09-15 22:49:18.704 TRACE : trigger interaction 0xc000430c30 304/1200
[TRACE] Decoding transaction bytes of length: 230
[TRACE] Transaction type: 6
[TRACE] Successfully decoded transaction with hash: d3946c8cc27b427410b8a2d54b32af90b03ec70f9f4d6ea1677b5e58b2855d02
2025-09-15 22:49:18.704 TRACE client[0]: Processing transaction with hash: d3946c8cc27b427410b8a2d54b32af90b03ec70f9f4d6ea1677b5e58b2855d02
2025-09-15 22:49:18.704 DEBUG client[0]: Submitting transaction d3946c8cc27b427410b8a2d54b32af90b03ec70f9f4d6ea1677b5e58b2855d02
2025-09-15 22:49:18.787 TRACE : trigger interaction 0xc000430d20 305/1200
[TRACE] Decoding transaction bytes of length: 230
[TRACE] Transaction type: 6
[TRACE] Successfully decoded transaction with hash: 160ee3987d1ae2a6466e5256afb7093df1a4d26e810d447190c51432f4861407
2025-09-15 22:49:18.787 TRACE client[0]: Processing transaction with hash: 160ee3987d1ae2a6466e5256afb7093df1a4d26e810d447190c51432f4861407
2025-09-15 22:49:18.787 DEBUG client[0]: Submitting transaction 160ee3987d1ae2a6466e5256afb7093df1a4d26e810d447190c51432f4861407
2025-09-15 22:49:18.870 TRACE : trigger interaction 0xc000430e10 306/1200
[TRACE] Decoding transaction bytes of length: 230
[TRACE] Transaction type: 6
[TRACE] Successfully decoded transaction with hash: a03bdf280217a8ec85eb6d9c9414c9a0e3f9c184c86e1fa8796f937e3ff81ce5
2025-09-15 22:49:18.871 TRACE client[0]: Processing transaction with hash: a03bdf280217a8ec85eb6d9c9414c9a0e3f9c184c86e1fa8796f937e3ff81ce5
2025-09-15 22:49:18.871 DEBUG client[0]: Submitting transaction a03bdf280217a8ec85eb6d9c9414c9a0e3f9c184c86e1fa8796f937e3ff81ce5
2025-09-15 22:49:18.953 TRACE : trigger interaction 0xc000430f00 307/1200
[TRACE] Decoding transaction bytes of length: 230
[TRACE] Transaction type: 6
[TRACE] Successfully decoded transaction with hash: 3917840f5380fe1f9854686cc79eff3c9a5440fb20e426da88528d927c57a8d2
2025-09-15 22:49:18.954 TRACE client[0]: Processing transaction with hash: 3917840f5380fe1f9854686cc79eff3c9a5440fb20e426da88528d927c57a8d2
2025-09-15 22:49:18.954 DEBUG client[0]: Submitting transaction 3917840f5380fe1f9854686cc79eff3c9a5440fb20e426da88528d927c57a8d2
2025-09-15 22:49:19.037 TRACE : trigger interaction 0xc000430ff0 308/1200
[TRACE] Decoding transaction bytes of length: 230
[TRACE] Transaction type: 6
[TRACE] Successfully decoded transaction with hash: ca3e0db6cc0be0333d72a910d8900b08b38a6c1cf187cb395ae2b145fa871a27
2025-09-15 22:49:19.037 TRACE client[0]: Processing transaction with hash: ca3e0db6cc0be0333d72a910d8900b08b38a6c1cf187cb395ae2b145fa871a27
2025-09-15 22:49:19.037 DEBUG client[0]: Submitting transaction ca3e0db6cc0be0333d72a910d8900b08b38a6c1cf187cb395ae2b145fa871a27
2025-09-15 22:49:19.120 TRACE : trigger interaction 0xc0004310e0 309/1200
[TRACE] Decoding transaction bytes of length: 230
[TRACE] Transaction type: 6
[TRACE] Successfully decoded transaction with hash: 81a4e1149acbb0c7c545389abff6912481bfec6f244194db0c49653ec5dd2405
2025-09-15 22:49:19.121 TRACE client[0]: Processing transaction with hash: 81a4e1149acbb0c7c545389abff6912481bfec6f244194db0c49653ec5dd2405
2025-09-15 22:49:19.121 DEBUG client[0]: Submitting transaction 81a4e1149acbb0c7c545389abff6912481bfec6f244194db0c49653ec5dd2405
2025-09-15 22:49:19.204 TRACE : trigger interaction 0xc0004311d0 310/1200
[TRACE] Decoding transaction bytes of length: 230
[TRACE] Transaction type: 6
[TRACE] Successfully decoded transaction with hash: ad48057468eb8e99c26c3321eb7ddad77c53a948725bdcdc99e5652808068c79
2025-09-15 22:49:19.204 TRACE client[0]: Processing transaction with hash: ad48057468eb8e99c26c3321eb7ddad77c53a948725bdcdc99e5652808068c79
2025-09-15 22:49:19.204 DEBUG client[0]: Submitting transaction ad48057468eb8e99c26c3321eb7ddad77c53a948725bdcdc99e5652808068c79
2025-09-15 22:49:19.287 TRACE : trigger interaction 0xc0004312c0 311/1200
[TRACE] Decoding transaction bytes of length: 230
[TRACE] Transaction type: 6
[TRACE] Successfully decoded transaction with hash: 14183ca492993b3066dfa6795c8a551a8dc451e16262be8b620ac8586fc945f2
2025-09-15 22:49:19.287 TRACE client[0]: Processing transaction with hash: 14183ca492993b3066dfa6795c8a551a8dc451e16262be8b620ac8586fc945f2
2025-09-15 22:49:19.287 DEBUG client[0]: Submitting transaction 14183ca492993b3066dfa6795c8a551a8dc451e16262be8b620ac8586fc945f2
2025-09-15 22:49:19.370 TRACE : trigger interaction 0xc0004313b0 312/1200
[TRACE] Decoding transaction bytes of length: 230
[TRACE] Transaction type: 6
[TRACE] Successfully decoded transaction with hash: 69c2c7271a3bbf60927ddb66a3b98bff2d09d889654caa08c747fdf3a78e59a4
2025-09-15 22:49:19.370 TRACE client[0]: Processing transaction with hash: 69c2c7271a3bbf60927ddb66a3b98bff2d09d889654caa08c747fdf3a78e59a4
2025-09-15 22:49:19.370 DEBUG client[0]: Submitting transaction 69c2c7271a3bbf60927ddb66a3b98bff2d09d889654caa08c747fdf3a78e59a4
2025-09-15 22:49:19.454 TRACE : trigger interaction 0xc0004314a0 313/1200
[TRACE] Decoding transaction bytes of length: 230
[TRACE] Transaction type: 6
[TRACE] Successfully decoded transaction with hash: fb15ce844fb17637015c87d1a8d921f28a3e5569d0b071e1e5b09c6dc1545994
2025-09-15 22:49:19.455 TRACE client[0]: Processing transaction with hash: fb15ce844fb17637015c87d1a8d921f28a3e5569d0b071e1e5b09c6dc1545994
2025-09-15 22:49:19.455 DEBUG client[0]: Submitting transaction fb15ce844fb17637015c87d1a8d921f28a3e5569d0b071e1e5b09c6dc1545994
2025-09-15 22:49:19.537 TRACE : trigger interaction 0xc000431590 314/1200
[TRACE] Decoding transaction bytes of length: 230
[TRACE] Transaction type: 6
[TRACE] Successfully decoded transaction with hash: 0b937becc19eab8bd8105951bfbd655ff5d9667a8554cd60eea18973da363278
2025-09-15 22:49:19.538 TRACE client[0]: Processing transaction with hash: 0b937becc19eab8bd8105951bfbd655ff5d9667a8554cd60eea18973da363278
2025-09-15 22:49:19.538 DEBUG client[0]: Submitting transaction 0b937becc19eab8bd8105951bfbd655ff5d9667a8554cd60eea18973da363278
2025-09-15 22:49:19.620 TRACE : trigger interaction 0xc000431680 315/1200
[TRACE] Decoding transaction bytes of length: 230
[TRACE] Transaction type: 6
[TRACE] Successfully decoded transaction with hash: e1bde898ffadc2faf02e62598a3dc00d32b04d9336c6beb07e74a7f0888aa34d
2025-09-15 22:49:19.621 TRACE client[0]: Processing transaction with hash: e1bde898ffadc2faf02e62598a3dc00d32b04d9336c6beb07e74a7f0888aa34d
2025-09-15 22:49:19.621 DEBUG client[0]: Submitting transaction e1bde898ffadc2faf02e62598a3dc00d32b04d9336c6beb07e74a7f0888aa34d
2025-09-15 22:49:19.703 TRACE : trigger interaction 0xc000431770 316/1200
[TRACE] Decoding transaction bytes of length: 230
[TRACE] Transaction type: 6
[TRACE] Successfully decoded transaction with hash: 19f437e7da6dbdf11b45c09ff2bbe4d621cd9c864119f45da5cf92bbaa7be3f4
2025-09-15 22:49:19.704 TRACE client[0]: Processing transaction with hash: 19f437e7da6dbdf11b45c09ff2bbe4d621cd9c864119f45da5cf92bbaa7be3f4
2025-09-15 22:49:19.704 DEBUG client[0]: Submitting transaction 19f437e7da6dbdf11b45c09ff2bbe4d621cd9c864119f45da5cf92bbaa7be3f4
2025-09-15 22:49:19.787 TRACE : trigger interaction 0xc000431860 317/1200
[TRACE] Decoding transaction bytes of length: 230
[TRACE] Transaction type: 6
[TRACE] Successfully decoded transaction with hash: 72d1b6688b1d701626046290c1cdddb366c423bad25119e1d252bf4c9354e979
2025-09-15 22:49:19.787 TRACE client[0]: Processing transaction with hash: 72d1b6688b1d701626046290c1cdddb366c423bad25119e1d252bf4c9354e979
2025-09-15 22:49:19.787 DEBUG client[0]: Submitting transaction 72d1b6688b1d701626046290c1cdddb366c423bad25119e1d252bf4c9354e979
2025-09-15 22:49:19.870 TRACE : trigger interaction 0xc0003fbe00 318/1200
[TRACE] Decoding transaction bytes of length: 230
[TRACE] Transaction type: 6
[TRACE] Successfully decoded transaction with hash: bf610d54328bb1bad3e1b2957571c5ee70ff6240191b2526663f10a304091f28
2025-09-15 22:49:19.871 TRACE client[0]: Processing transaction with hash: bf610d54328bb1bad3e1b2957571c5ee70ff6240191b2526663f10a304091f28
2025-09-15 22:49:19.871 DEBUG client[0]: Submitting transaction bf610d54328bb1bad3e1b2957571c5ee70ff6240191b2526663f10a304091f28
2025-09-15 22:49:19.954 TRACE : trigger interaction 0xc0003fbef0 319/1200
[TRACE] Decoding transaction bytes of length: 230
[TRACE] Transaction type: 6
[TRACE] Successfully decoded transaction with hash: 491a4b537b80fc01bf7eb2105bf48f84ceef26f88dd06aee00cefec9b0de5a49
2025-09-15 22:49:19.954 TRACE client[0]: Processing transaction with hash: 491a4b537b80fc01bf7eb2105bf48f84ceef26f88dd06aee00cefec9b0de5a49
2025-09-15 22:49:19.954 DEBUG client[0]: Submitting transaction 491a4b537b80fc01bf7eb2105bf48f84ceef26f88dd06aee00cefec9b0de5a49
2025-09-15 22:49:20.037 TRACE : trigger interaction 0xc000518000 320/1200
[TRACE] Decoding transaction bytes of length: 230
[TRACE] Transaction type: 6
[TRACE] Successfully decoded transaction with hash: 79c0379a4765e1cabfc52cab5c9c7b4cfe402e2f7e4c443928fed56efc030be8
2025-09-15 22:49:20.038 TRACE client[0]: Processing transaction with hash: 79c0379a4765e1cabfc52cab5c9c7b4cfe402e2f7e4c443928fed56efc030be8
2025-09-15 22:49:20.038 DEBUG client[0]: Submitting transaction 79c0379a4765e1cabfc52cab5c9c7b4cfe402e2f7e4c443928fed56efc030be8
2025-09-15 22:49:20.120 TRACE : trigger interaction 0xc0005180f0 321/1200
[TRACE] Decoding transaction bytes of length: 230
[TRACE] Transaction type: 6
[TRACE] Successfully decoded transaction with hash: d296c4318498f91ba5ef861b3d909bf258d4ea1a6255bb251680bde2b623605a
2025-09-15 22:49:20.121 TRACE client[0]: Processing transaction with hash: d296c4318498f91ba5ef861b3d909bf258d4ea1a6255bb251680bde2b623605a
2025-09-15 22:49:20.121 DEBUG client[0]: Submitting transaction d296c4318498f91ba5ef861b3d909bf258d4ea1a6255bb251680bde2b623605a
2025-09-15 22:49:20.204 TRACE : trigger interaction 0xc0005181e0 322/1200
[TRACE] Decoding transaction bytes of length: 230
[TRACE] Transaction type: 6
[TRACE] Successfully decoded transaction with hash: 369f0dc90efed35940a14ca888d61999ca40ec5070a5c55a1d214df68464e6ca
2025-09-15 22:49:20.204 TRACE client[0]: Processing transaction with hash: 369f0dc90efed35940a14ca888d61999ca40ec5070a5c55a1d214df68464e6ca
2025-09-15 22:49:20.204 DEBUG client[0]: Submitting transaction 369f0dc90efed35940a14ca888d61999ca40ec5070a5c55a1d214df68464e6ca
2025-09-15 22:49:20.287 TRACE : trigger interaction 0xc0005182d0 323/1200
[TRACE] Decoding transaction bytes of length: 230
[TRACE] Transaction type: 6
[TRACE] Successfully decoded transaction with hash: 831be228a978be5864b61c241016c63a6604357dc9a9cec0ce4088ed99b987eb
2025-09-15 22:49:20.287 TRACE client[0]: Processing transaction with hash: 831be228a978be5864b61c241016c63a6604357dc9a9cec0ce4088ed99b987eb
2025-09-15 22:49:20.287 DEBUG client[0]: Submitting transaction 831be228a978be5864b61c241016c63a6604357dc9a9cec0ce4088ed99b987eb
2025-09-15 22:49:20.370 TRACE : trigger interaction 0xc0005183c0 324/1200
[TRACE] Decoding transaction bytes of length: 230
[TRACE] Transaction type: 6
[TRACE] Successfully decoded transaction with hash: dbf045bd4b7e8a46f1f827500820680e1f19ba386eeaab4cbe6358fdf6ea8417
2025-09-15 22:49:20.371 TRACE client[0]: Processing transaction with hash: dbf045bd4b7e8a46f1f827500820680e1f19ba386eeaab4cbe6358fdf6ea8417
2025-09-15 22:49:20.371 DEBUG client[0]: Submitting transaction dbf045bd4b7e8a46f1f827500820680e1f19ba386eeaab4cbe6358fdf6ea8417
2025-09-15 22:49:20.454 TRACE : trigger interaction 0xc0005184b0 325/1200
[TRACE] Decoding transaction bytes of length: 230
[TRACE] Transaction type: 6
[TRACE] Successfully decoded transaction with hash: 76897ea56472095798d016ac10a2c5d3efa56b6c9e462dc1e107e9e67222ca30
2025-09-15 22:49:20.454 TRACE client[0]: Processing transaction with hash: 76897ea56472095798d016ac10a2c5d3efa56b6c9e462dc1e107e9e67222ca30
2025-09-15 22:49:20.454 DEBUG client[0]: Submitting transaction 76897ea56472095798d016ac10a2c5d3efa56b6c9e462dc1e107e9e67222ca30
2025-09-15 22:49:20.537 TRACE : trigger interaction 0xc0005185a0 326/1200
[TRACE] Decoding transaction bytes of length: 230
[TRACE] Transaction type: 6
[TRACE] Successfully decoded transaction with hash: c924cd4dc20617915a762062b59703a227ff5f38764af4d30503398290c16180
2025-09-15 22:49:20.537 TRACE client[0]: Processing transaction with hash: c924cd4dc20617915a762062b59703a227ff5f38764af4d30503398290c16180
2025-09-15 22:49:20.537 DEBUG client[0]: Submitting transaction c924cd4dc20617915a762062b59703a227ff5f38764af4d30503398290c16180
2025-09-15 22:49:20.620 TRACE : trigger interaction 0xc000518690 327/1200
[TRACE] Decoding transaction bytes of length: 230
[TRACE] Transaction type: 6
[TRACE] Successfully decoded transaction with hash: 2bead38b1b8caf3d5efcda0a67108f07713e4d946c49f37b8869605ebe5d9617
2025-09-15 22:49:20.620 TRACE client[0]: Processing transaction with hash: 2bead38b1b8caf3d5efcda0a67108f07713e4d946c49f37b8869605ebe5d9617
2025-09-15 22:49:20.620 DEBUG client[0]: Submitting transaction 2bead38b1b8caf3d5efcda0a67108f07713e4d946c49f37b8869605ebe5d9617
2025-09-15 22:49:20.704 TRACE : trigger interaction 0xc000518780 328/1200
[TRACE] Decoding transaction bytes of length: 230
[TRACE] Transaction type: 6
[TRACE] Successfully decoded transaction with hash: 4f7c0eca761018dc2621eddf2daaf77c6134796d97206b67ebb046e30393142a
2025-09-15 22:49:20.704 TRACE client[0]: Processing transaction with hash: 4f7c0eca761018dc2621eddf2daaf77c6134796d97206b67ebb046e30393142a
2025-09-15 22:49:20.704 DEBUG client[0]: Submitting transaction 4f7c0eca761018dc2621eddf2daaf77c6134796d97206b67ebb046e30393142a
2025-09-15 22:49:20.787 TRACE : trigger interaction 0xc000518870 329/1200
[TRACE] Decoding transaction bytes of length: 230
[TRACE] Transaction type: 6
[TRACE] Successfully decoded transaction with hash: 2283a34c529ff6884debe29353b43e67b4e2c20985331d4f669fbb07522a936f
2025-09-15 22:49:20.787 TRACE client[0]: Processing transaction with hash: 2283a34c529ff6884debe29353b43e67b4e2c20985331d4f669fbb07522a936f
2025-09-15 22:49:20.787 DEBUG client[0]: Submitting transaction 2283a34c529ff6884debe29353b43e67b4e2c20985331d4f669fbb07522a936f
2025-09-15 22:49:20.870 TRACE : trigger interaction 0xc000518960 330/1200
[TRACE] Decoding transaction bytes of length: 230
[TRACE] Transaction type: 6
[TRACE] Successfully decoded transaction with hash: 09d84177a6ce1c66a900bfcaa1d4318da784e44a569cd2f7a7176124d21c90d3
2025-09-15 22:49:20.870 TRACE client[0]: Processing transaction with hash: 09d84177a6ce1c66a900bfcaa1d4318da784e44a569cd2f7a7176124d21c90d3
2025-09-15 22:49:20.870 DEBUG client[0]: Submitting transaction 09d84177a6ce1c66a900bfcaa1d4318da784e44a569cd2f7a7176124d21c90d3
2025-09-15 22:49:20.954 TRACE : trigger interaction 0xc000518a50 331/1200
[TRACE] Decoding transaction bytes of length: 230
[TRACE] Transaction type: 6
[TRACE] Successfully decoded transaction with hash: 9be22de35be170c427b04c4a3ac28c06fabf79b22afaa0af16c04ec509a5fdff
2025-09-15 22:49:20.954 TRACE client[0]: Processing transaction with hash: 9be22de35be170c427b04c4a3ac28c06fabf79b22afaa0af16c04ec509a5fdff
2025-09-15 22:49:20.954 DEBUG client[0]: Submitting transaction 9be22de35be170c427b04c4a3ac28c06fabf79b22afaa0af16c04ec509a5fdff
2025-09-15 22:49:21.037 TRACE : trigger interaction 0xc000518b40 332/1200
[TRACE] Decoding transaction bytes of length: 230
[TRACE] Transaction type: 6
[TRACE] Successfully decoded transaction with hash: 746a77f167198f666160d709f5a5e55352bd125fa754ae99597dee7488e1732c
2025-09-15 22:49:21.037 TRACE client[0]: Processing transaction with hash: 746a77f167198f666160d709f5a5e55352bd125fa754ae99597dee7488e1732c
2025-09-15 22:49:21.037 DEBUG client[0]: Submitting transaction 746a77f167198f666160d709f5a5e55352bd125fa754ae99597dee7488e1732c
2025-09-15 22:49:21.120 TRACE : trigger interaction 0xc000518c30 333/1200
[TRACE] Decoding transaction bytes of length: 230
[TRACE] Transaction type: 6
[TRACE] Successfully decoded transaction with hash: 951c52d6ebd599b0299904cd9306726188f1bd469b557c950031dbf5ff377581
2025-09-15 22:49:21.120 TRACE client[0]: Processing transaction with hash: 951c52d6ebd599b0299904cd9306726188f1bd469b557c950031dbf5ff377581
2025-09-15 22:49:21.120 DEBUG client[0]: Submitting transaction 951c52d6ebd599b0299904cd9306726188f1bd469b557c950031dbf5ff377581
2025-09-15 22:49:21.204 TRACE : trigger interaction 0xc0000fd680 334/1200
[TRACE] Decoding transaction bytes of length: 230
[TRACE] Transaction type: 6
[TRACE] Successfully decoded transaction with hash: 4b2606b966fda5fda5f372cf1b1df3f1a49dd06eaff4f2cafeecd5dc22e78bc3
2025-09-15 22:49:21.204 TRACE client[0]: Processing transaction with hash: 4b2606b966fda5fda5f372cf1b1df3f1a49dd06eaff4f2cafeecd5dc22e78bc3
2025-09-15 22:49:21.204 DEBUG client[0]: Submitting transaction 4b2606b966fda5fda5f372cf1b1df3f1a49dd06eaff4f2cafeecd5dc22e78bc3
2025-09-15 22:49:21.287 TRACE : trigger interaction 0xc0000fd770 335/1200
[TRACE] Decoding transaction bytes of length: 230
[TRACE] Transaction type: 6
[TRACE] Successfully decoded transaction with hash: 11349861ddb78b65ef7d81ff52d112d1f61d3ec69f64aa4955ec1a4ed1b816ff
2025-09-15 22:49:21.288 TRACE client[0]: Processing transaction with hash: 11349861ddb78b65ef7d81ff52d112d1f61d3ec69f64aa4955ec1a4ed1b816ff
2025-09-15 22:49:21.288 DEBUG client[0]: Submitting transaction 11349861ddb78b65ef7d81ff52d112d1f61d3ec69f64aa4955ec1a4ed1b816ff
2025-09-15 22:49:21.371 TRACE : trigger interaction 0xc0000fd860 336/1200
[TRACE] Decoding transaction bytes of length: 230
[TRACE] Transaction type: 6
[TRACE] Successfully decoded transaction with hash: 6e08070689f32fcda7120ccf188c2f24b17383a178ef5c522c2ce1da22ab7d5f
2025-09-15 22:49:21.371 TRACE client[0]: Processing transaction with hash: 6e08070689f32fcda7120ccf188c2f24b17383a178ef5c522c2ce1da22ab7d5f
2025-09-15 22:49:21.371 DEBUG client[0]: Submitting transaction 6e08070689f32fcda7120ccf188c2f24b17383a178ef5c522c2ce1da22ab7d5f
2025-09-15 22:49:21.454 TRACE : trigger interaction 0xc0000fd950 337/1200
[TRACE] Decoding transaction bytes of length: 230
[TRACE] Transaction type: 6
[TRACE] Successfully decoded transaction with hash: 18ae28560b2413948a7ed4a01ab65af1f28827da07f7e469a2e9c0d5d61ae05c
2025-09-15 22:49:21.454 TRACE client[0]: Processing transaction with hash: 18ae28560b2413948a7ed4a01ab65af1f28827da07f7e469a2e9c0d5d61ae05c
2025-09-15 22:49:21.454 DEBUG client[0]: Submitting transaction 18ae28560b2413948a7ed4a01ab65af1f28827da07f7e469a2e9c0d5d61ae05c
2025-09-15 22:49:21.537 TRACE : trigger interaction 0xc0000fda40 338/1200
[TRACE] Decoding transaction bytes of length: 230
[TRACE] Transaction type: 6
[TRACE] Successfully decoded transaction with hash: a8aff1c4249c2c9811c7d327a88fc12101481a8294bec7855255ce072bf1957e
2025-09-15 22:49:21.537 TRACE client[0]: Processing transaction with hash: a8aff1c4249c2c9811c7d327a88fc12101481a8294bec7855255ce072bf1957e
2025-09-15 22:49:21.537 DEBUG client[0]: Submitting transaction a8aff1c4249c2c9811c7d327a88fc12101481a8294bec7855255ce072bf1957e
2025-09-15 22:49:21.620 TRACE : trigger interaction 0xc0000fdb30 339/1200
[TRACE] Decoding transaction bytes of length: 230
[TRACE] Transaction type: 6
[TRACE] Successfully decoded transaction with hash: eabffcb3a8f3446733c0ac70a10157ff98875d3fc1827f94f34b4f3613822167
2025-09-15 22:49:21.620 TRACE client[0]: Processing transaction with hash: eabffcb3a8f3446733c0ac70a10157ff98875d3fc1827f94f34b4f3613822167
2025-09-15 22:49:21.620 DEBUG client[0]: Submitting transaction eabffcb3a8f3446733c0ac70a10157ff98875d3fc1827f94f34b4f3613822167
2025-09-15 22:49:21.704 TRACE : trigger interaction 0xc0000fdc20 340/1200
[TRACE] Decoding transaction bytes of length: 230
[TRACE] Transaction type: 6
[TRACE] Successfully decoded transaction with hash: 4d1e8e3a12e51ba50958a0fe82fede141338d30ed5e7f98774ace30ee3c84dfe
2025-09-15 22:49:21.704 TRACE client[0]: Processing transaction with hash: 4d1e8e3a12e51ba50958a0fe82fede141338d30ed5e7f98774ace30ee3c84dfe
2025-09-15 22:49:21.704 DEBUG client[0]: Submitting transaction 4d1e8e3a12e51ba50958a0fe82fede141338d30ed5e7f98774ace30ee3c84dfe
2025-09-15 22:49:21.787 TRACE : trigger interaction 0xc0000fdd10 341/1200
[TRACE] Decoding transaction bytes of length: 230
[TRACE] Transaction type: 6
[TRACE] Successfully decoded transaction with hash: c1aedbbbb4c995b05b5d664995019ff5f90570b957f05925795f0225ad729a8d
2025-09-15 22:49:21.787 TRACE client[0]: Processing transaction with hash: c1aedbbbb4c995b05b5d664995019ff5f90570b957f05925795f0225ad729a8d
2025-09-15 22:49:21.787 DEBUG client[0]: Submitting transaction c1aedbbbb4c995b05b5d664995019ff5f90570b957f05925795f0225ad729a8d
2025-09-15 22:49:21.871 TRACE : trigger interaction 0xc0000fde00 342/1200
[TRACE] Decoding transaction bytes of length: 230
[TRACE] Transaction type: 6
[TRACE] Successfully decoded transaction with hash: 6701e4841d343c741fa97c1ab443adfc348620c20ee22bc123ee3a0987ddcd71
2025-09-15 22:49:21.871 TRACE client[0]: Processing transaction with hash: 6701e4841d343c741fa97c1ab443adfc348620c20ee22bc123ee3a0987ddcd71
2025-09-15 22:49:21.871 DEBUG client[0]: Submitting transaction 6701e4841d343c741fa97c1ab443adfc348620c20ee22bc123ee3a0987ddcd71
2025-09-15 22:49:21.954 TRACE : trigger interaction 0xc0000fdef0 343/1200
[TRACE] Decoding transaction bytes of length: 230
[TRACE] Transaction type: 6
[TRACE] Successfully decoded transaction with hash: d41441078b2b582c3a9372aa24f3dcc0e1a3d8b63c40cc1fe199e37726cba2e3
2025-09-15 22:49:21.954 TRACE client[0]: Processing transaction with hash: d41441078b2b582c3a9372aa24f3dcc0e1a3d8b63c40cc1fe199e37726cba2e3
2025-09-15 22:49:21.954 DEBUG client[0]: Submitting transaction d41441078b2b582c3a9372aa24f3dcc0e1a3d8b63c40cc1fe199e37726cba2e3
2025-09-15 22:49:22.037 TRACE : trigger interaction 0xc0005a4000 344/1200
[TRACE] Decoding transaction bytes of length: 230
[TRACE] Transaction type: 6
[TRACE] Successfully decoded transaction with hash: ffd6deb83887a94a60acca98e6df896c1a93fe479cd0a4ab85ee374b10d14f60
2025-09-15 22:49:22.037 TRACE client[0]: Processing transaction with hash: ffd6deb83887a94a60acca98e6df896c1a93fe479cd0a4ab85ee374b10d14f60
2025-09-15 22:49:22.037 DEBUG client[0]: Submitting transaction ffd6deb83887a94a60acca98e6df896c1a93fe479cd0a4ab85ee374b10d14f60
2025-09-15 22:49:22.120 TRACE : trigger interaction 0xc0005a40f0 345/1200
[TRACE] Decoding transaction bytes of length: 230
[TRACE] Transaction type: 6
[TRACE] Successfully decoded transaction with hash: 1331767dc078714475864f05a882b865d545e84695797a93bc927f37b8a2793d
2025-09-15 22:49:22.120 TRACE client[0]: Processing transaction with hash: 1331767dc078714475864f05a882b865d545e84695797a93bc927f37b8a2793d
2025-09-15 22:49:22.120 DEBUG client[0]: Submitting transaction 1331767dc078714475864f05a882b865d545e84695797a93bc927f37b8a2793d
2025-09-15 22:49:22.204 TRACE : trigger interaction 0xc0005a41e0 346/1200
[TRACE] Decoding transaction bytes of length: 230
[TRACE] Transaction type: 6
[TRACE] Successfully decoded transaction with hash: 8602ca792b0ed8c6f0de7ee3ef3dd9f539210d9af7ad3ff0c14545a641f49d82
2025-09-15 22:49:22.204 TRACE client[0]: Processing transaction with hash: 8602ca792b0ed8c6f0de7ee3ef3dd9f539210d9af7ad3ff0c14545a641f49d82
2025-09-15 22:49:22.204 DEBUG client[0]: Submitting transaction 8602ca792b0ed8c6f0de7ee3ef3dd9f539210d9af7ad3ff0c14545a641f49d82
2025-09-15 22:49:22.287 TRACE : trigger interaction 0xc0005a42d0 347/1200
[TRACE] Decoding transaction bytes of length: 230
[TRACE] Transaction type: 6
[TRACE] Successfully decoded transaction with hash: 55703552f214438ed6c9ec344ae131c5ebd10251cd80b3407814415a23868ad3
2025-09-15 22:49:22.287 TRACE client[0]: Processing transaction with hash: 55703552f214438ed6c9ec344ae131c5ebd10251cd80b3407814415a23868ad3
2025-09-15 22:49:22.287 DEBUG client[0]: Submitting transaction 55703552f214438ed6c9ec344ae131c5ebd10251cd80b3407814415a23868ad3
2025-09-15 22:49:22.371 TRACE : trigger interaction 0xc0005a43c0 348/1200
[TRACE] Decoding transaction bytes of length: 230
[TRACE] Transaction type: 6
[TRACE] Successfully decoded transaction with hash: 56f4f2c759d3dafa2291612a197b7878124a19d8c3c5fd1cbabd1d1828bbca09
2025-09-15 22:49:22.371 TRACE client[0]: Processing transaction with hash: 56f4f2c759d3dafa2291612a197b7878124a19d8c3c5fd1cbabd1d1828bbca09
2025-09-15 22:49:22.371 DEBUG client[0]: Submitting transaction 56f4f2c759d3dafa2291612a197b7878124a19d8c3c5fd1cbabd1d1828bbca09
2025-09-15 22:49:22.454 TRACE : trigger interaction 0xc0005a44b0 349/1200
[TRACE] Decoding transaction bytes of length: 230
[TRACE] Transaction type: 6
[TRACE] Successfully decoded transaction with hash: fd96b145e897144e97f9067998b1ae146477560df7289b712fd632473c704a19
2025-09-15 22:49:22.454 TRACE client[0]: Processing transaction with hash: fd96b145e897144e97f9067998b1ae146477560df7289b712fd632473c704a19
2025-09-15 22:49:22.454 DEBUG client[0]: Submitting transaction fd96b145e897144e97f9067998b1ae146477560df7289b712fd632473c704a19
2025-09-15 22:49:22.537 TRACE : trigger interaction 0xc0005a45a0 350/1200
[TRACE] Decoding transaction bytes of length: 230
[TRACE] Transaction type: 6
[TRACE] Successfully decoded transaction with hash: bcf2dc0d792076361082c1e2516d2b4896a6b4cd04c8c87c368a7f2a4f1fca12
2025-09-15 22:49:22.537 TRACE client[0]: Processing transaction with hash: bcf2dc0d792076361082c1e2516d2b4896a6b4cd04c8c87c368a7f2a4f1fca12
2025-09-15 22:49:22.537 DEBUG client[0]: Submitting transaction bcf2dc0d792076361082c1e2516d2b4896a6b4cd04c8c87c368a7f2a4f1fca12
2025-09-15 22:49:22.620 TRACE : trigger interaction 0xc000518d20 351/1200
[TRACE] Decoding transaction bytes of length: 230
[TRACE] Transaction type: 6
[TRACE] Successfully decoded transaction with hash: 101614699954eda4d8792105e5e781eaeea3079273141eeff17d4ef4e2787f77
2025-09-15 22:49:22.621 TRACE client[0]: Processing transaction with hash: 101614699954eda4d8792105e5e781eaeea3079273141eeff17d4ef4e2787f77
2025-09-15 22:49:22.621 DEBUG client[0]: Submitting transaction 101614699954eda4d8792105e5e781eaeea3079273141eeff17d4ef4e2787f77
2025-09-15 22:49:22.704 TRACE : trigger interaction 0xc000518e10 352/1200
[TRACE] Decoding transaction bytes of length: 230
[TRACE] Transaction type: 6
[TRACE] Successfully decoded transaction with hash: 83835348484297aa6c49281b5e3b95905e374264b9956383c05331c1a0354440
2025-09-15 22:49:22.704 TRACE client[0]: Processing transaction with hash: 83835348484297aa6c49281b5e3b95905e374264b9956383c05331c1a0354440
2025-09-15 22:49:22.704 DEBUG client[0]: Submitting transaction 83835348484297aa6c49281b5e3b95905e374264b9956383c05331c1a0354440
2025-09-15 22:49:22.787 TRACE : trigger interaction 0xc000518f00 353/1200
[TRACE] Decoding transaction bytes of length: 230
[TRACE] Transaction type: 6
[TRACE] Successfully decoded transaction with hash: 573b8343509bcb2f49e16a5d9447717198a5122eb8a586142c2dd5dbe7d5a3eb
2025-09-15 22:49:22.787 TRACE client[0]: Processing transaction with hash: 573b8343509bcb2f49e16a5d9447717198a5122eb8a586142c2dd5dbe7d5a3eb
2025-09-15 22:49:22.787 DEBUG client[0]: Submitting transaction 573b8343509bcb2f49e16a5d9447717198a5122eb8a586142c2dd5dbe7d5a3eb
2025-09-15 22:49:22.871 TRACE : trigger interaction 0xc000518ff0 354/1200
[TRACE] Decoding transaction bytes of length: 230
[TRACE] Transaction type: 6
[TRACE] Successfully decoded transaction with hash: 5cbcf780e5d540f22efff01557159aff643910b2ed5c02d61c717ec641fc1866
2025-09-15 22:49:22.871 TRACE client[0]: Processing transaction with hash: 5cbcf780e5d540f22efff01557159aff643910b2ed5c02d61c717ec641fc1866
2025-09-15 22:49:22.871 DEBUG client[0]: Submitting transaction 5cbcf780e5d540f22efff01557159aff643910b2ed5c02d61c717ec641fc1866
2025-09-15 22:49:22.954 TRACE : trigger interaction 0xc0005190e0 355/1200
[TRACE] Decoding transaction bytes of length: 230
[TRACE] Transaction type: 6
[TRACE] Successfully decoded transaction with hash: 444ef438d95d26e07a0332c3c26f51208d28e83a801eff21e9810452cca8ec47
2025-09-15 22:49:22.954 TRACE client[0]: Processing transaction with hash: 444ef438d95d26e07a0332c3c26f51208d28e83a801eff21e9810452cca8ec47
2025-09-15 22:49:22.954 DEBUG client[0]: Submitting transaction 444ef438d95d26e07a0332c3c26f51208d28e83a801eff21e9810452cca8ec47
2025-09-15 22:49:23.033 TRACE client[0]: Found transaction in block: da5b3cd7e768bc861664b28a10f38bb0de249d1e349ae1f09a5b24629c115d07
2025-09-15 22:49:23.033 TRACE client[0]: Found transaction in block: 0a70c5af35292242a575de1b0cfeb5d6a276673420f39a24601dc84a9adda383
2025-09-15 22:49:23.033 TRACE client[0]: Found transaction in block: 64f4b135667d907d27a720e44d256f4441b65af4bc30cc805643a0ab6eb2441c
2025-09-15 22:49:23.033 TRACE client[0]: Found transaction in block: 5aec2c5144c021831ecf4bc979b829d260e9d6631b7d479b2e1bcbbe24ffc4ea
2025-09-15 22:49:23.033 TRACE client[0]: Found transaction in block: 66bd5c9ffdc7a679bb1b87ac0009ddcaaecc12d971fdb3055a1ba62845095c7a
2025-09-15 22:49:23.033 TRACE client[0]: Found transaction in block: 8067f11078280588d9d0528dacad7e418389ca336ef6e9271ff3ed3f363023a0
2025-09-15 22:49:23.033 TRACE client[0]: Found transaction in block: d3946c8cc27b427410b8a2d54b32af90b03ec70f9f4d6ea1677b5e58b2855d02
2025-09-15 22:49:23.033 TRACE client[0]: Found transaction in block: 160ee3987d1ae2a6466e5256afb7093df1a4d26e810d447190c51432f4861407
2025-09-15 22:49:23.033 TRACE client[0]: Found transaction in block: a03bdf280217a8ec85eb6d9c9414c9a0e3f9c184c86e1fa8796f937e3ff81ce5
2025-09-15 22:49:23.033 TRACE client[0]: Found transaction in block: 3917840f5380fe1f9854686cc79eff3c9a5440fb20e426da88528d927c57a8d2
2025-09-15 22:49:23.033 TRACE client[0]: Found transaction in block: ca3e0db6cc0be0333d72a910d8900b08b38a6c1cf187cb395ae2b145fa871a27
2025-09-15 22:49:23.033 TRACE client[0]: Found transaction in block: 81a4e1149acbb0c7c545389abff6912481bfec6f244194db0c49653ec5dd2405
2025-09-15 22:49:23.033 TRACE client[0]: Found transaction in block: ad48057468eb8e99c26c3321eb7ddad77c53a948725bdcdc99e5652808068c79
2025-09-15 22:49:23.033 TRACE client[0]: Found transaction in block: 14183ca492993b3066dfa6795c8a551a8dc451e16262be8b620ac8586fc945f2
2025-09-15 22:49:23.033 TRACE client[0]: Found transaction in block: 69c2c7271a3bbf60927ddb66a3b98bff2d09d889654caa08c747fdf3a78e59a4
2025-09-15 22:49:23.033 TRACE client[0]: Found transaction in block: fb15ce844fb17637015c87d1a8d921f28a3e5569d0b071e1e5b09c6dc1545994
2025-09-15 22:49:23.033 TRACE client[0]: Found transaction in block: 0b937becc19eab8bd8105951bfbd655ff5d9667a8554cd60eea18973da363278
2025-09-15 22:49:23.033 TRACE client[0]: Found transaction in block: e1bde898ffadc2faf02e62598a3dc00d32b04d9336c6beb07e74a7f0888aa34d
2025-09-15 22:49:23.033 TRACE client[0]: Found transaction in block: 19f437e7da6dbdf11b45c09ff2bbe4d621cd9c864119f45da5cf92bbaa7be3f4
2025-09-15 22:49:23.033 TRACE client[0]: Found transaction in block: 72d1b6688b1d701626046290c1cdddb366c423bad25119e1d252bf4c9354e979
2025-09-15 22:49:23.033 TRACE client[0]: Found transaction in block: bf610d54328bb1bad3e1b2957571c5ee70ff6240191b2526663f10a304091f28
2025-09-15 22:49:23.033 TRACE client[0]: Found transaction in block: 491a4b537b80fc01bf7eb2105bf48f84ceef26f88dd06aee00cefec9b0de5a49
2025-09-15 22:49:23.033 TRACE client[0]: Found transaction in block: 79c0379a4765e1cabfc52cab5c9c7b4cfe402e2f7e4c443928fed56efc030be8
2025-09-15 22:49:23.033 TRACE client[0]: Found transaction in block: d296c4318498f91ba5ef861b3d909bf258d4ea1a6255bb251680bde2b623605a
2025-09-15 22:49:23.033 TRACE client[0]: Found transaction in block: 369f0dc90efed35940a14ca888d61999ca40ec5070a5c55a1d214df68464e6ca
2025-09-15 22:49:23.033 TRACE client[0]: Found transaction in block: 831be228a978be5864b61c241016c63a6604357dc9a9cec0ce4088ed99b987eb
2025-09-15 22:49:23.033 TRACE client[0]: Found transaction in block: dbf045bd4b7e8a46f1f827500820680e1f19ba386eeaab4cbe6358fdf6ea8417
2025-09-15 22:49:23.033 TRACE client[0]: Found transaction in block: 76897ea56472095798d016ac10a2c5d3efa56b6c9e462dc1e107e9e67222ca30
2025-09-15 22:49:23.033 TRACE client[0]: Found transaction in block: c924cd4dc20617915a762062b59703a227ff5f38764af4d30503398290c16180
2025-09-15 22:49:23.033 TRACE client[0]: Found transaction in block: 2bead38b1b8caf3d5efcda0a67108f07713e4d946c49f37b8869605ebe5d9617
2025-09-15 22:49:23.033 TRACE client[0]: Found transaction in block: 4f7c0eca761018dc2621eddf2daaf77c6134796d97206b67ebb046e30393142a
2025-09-15 22:49:23.033 TRACE client[0]: Found transaction in block: 2283a34c529ff6884debe29353b43e67b4e2c20985331d4f669fbb07522a936f
2025-09-15 22:49:23.033 TRACE client[0]: Found transaction in block: 09d84177a6ce1c66a900bfcaa1d4318da784e44a569cd2f7a7176124d21c90d3
2025-09-15 22:49:23.033 TRACE client[0]: Found transaction in block: 9be22de35be170c427b04c4a3ac28c06fabf79b22afaa0af16c04ec509a5fdff
2025-09-15 22:49:23.033 TRACE client[0]: Found transaction in block: 746a77f167198f666160d709f5a5e55352bd125fa754ae99597dee7488e1732c
2025-09-15 22:49:23.033 TRACE client[0]: Found transaction in block: 951c52d6ebd599b0299904cd9306726188f1bd469b557c950031dbf5ff377581
2025-09-15 22:49:23.033 TRACE client[0]: Found transaction in block: 4b2606b966fda5fda5f372cf1b1df3f1a49dd06eaff4f2cafeecd5dc22e78bc3
2025-09-15 22:49:23.033 TRACE client[0]: Found transaction in block: 11349861ddb78b65ef7d81ff52d112d1f61d3ec69f64aa4955ec1a4ed1b816ff
2025-09-15 22:49:23.033 TRACE client[0]: Found transaction in block: 6e08070689f32fcda7120ccf188c2f24b17383a178ef5c522c2ce1da22ab7d5f
2025-09-15 22:49:23.033 TRACE client[0]: Found transaction in block: 18ae28560b2413948a7ed4a01ab65af1f28827da07f7e469a2e9c0d5d61ae05c
2025-09-15 22:49:23.033 TRACE client[0]: Found transaction in block: a8aff1c4249c2c9811c7d327a88fc12101481a8294bec7855255ce072bf1957e
2025-09-15 22:49:23.033 TRACE client[0]: Found transaction in block: eabffcb3a8f3446733c0ac70a10157ff98875d3fc1827f94f34b4f3613822167
2025-09-15 22:49:23.033 TRACE client[0]: Found transaction in block: 4d1e8e3a12e51ba50958a0fe82fede141338d30ed5e7f98774ace30ee3c84dfe
2025-09-15 22:49:23.033 TRACE client[0]: Found transaction in block: c1aedbbbb4c995b05b5d664995019ff5f90570b957f05925795f0225ad729a8d
2025-09-15 22:49:23.033 TRACE client[0]: Found transaction in block: 6701e4841d343c741fa97c1ab443adfc348620c20ee22bc123ee3a0987ddcd71
2025-09-15 22:49:23.033 TRACE client[0]: Found transaction in block: d41441078b2b582c3a9372aa24f3dcc0e1a3d8b63c40cc1fe199e37726cba2e3
2025-09-15 22:49:23.033 TRACE client[0]: Found transaction in block: ffd6deb83887a94a60acca98e6df896c1a93fe479cd0a4ab85ee374b10d14f60
2025-09-15 22:49:23.033 TRACE client[0]: Found transaction in block: 1331767dc078714475864f05a882b865d545e84695797a93bc927f37b8a2793d
2025-09-15 22:49:23.033 TRACE client[0]: Found transaction in block: 8602ca792b0ed8c6f0de7ee3ef3dd9f539210d9af7ad3ff0c14545a641f49d82
2025-09-15 22:49:23.033 TRACE client[0]: Found transaction in block: 55703552f214438ed6c9ec344ae131c5ebd10251cd80b3407814415a23868ad3
2025-09-15 22:49:23.033 TRACE client[0]: Found transaction in block: 56f4f2c759d3dafa2291612a197b7878124a19d8c3c5fd1cbabd1d1828bbca09
2025-09-15 22:49:23.033 TRACE client[0]: Found transaction in block: fd96b145e897144e97f9067998b1ae146477560df7289b712fd632473c704a19
2025-09-15 22:49:23.033 TRACE client[0]: Found transaction in block: bcf2dc0d792076361082c1e2516d2b4896a6b4cd04c8c87c368a7f2a4f1fca12
2025-09-15 22:49:23.033 TRACE client[0]: Found transaction in block: 101614699954eda4d8792105e5e781eaeea3079273141eeff17d4ef4e2787f77
2025-09-15 22:49:23.033 TRACE client[0]: Found transaction in block: 83835348484297aa6c49281b5e3b95905e374264b9956383c05331c1a0354440
2025-09-15 22:49:23.033 TRACE client[0]: Found transaction in block: 573b8343509bcb2f49e16a5d9447717198a5122eb8a586142c2dd5dbe7d5a3eb
2025-09-15 22:49:23.033 TRACE client[0]: Found transaction in block: 5cbcf780e5d540f22efff01557159aff643910b2ed5c02d61c717ec641fc1866
2025-09-15 22:49:23.033 TRACE client[0]: Found transaction in block: 444ef438d95d26e07a0332c3c26f51208d28e83a801eff21e9810452cca8ec47
2025-09-15 22:49:23.037 TRACE : trigger interaction 0xc0005191d0 356/1200
[TRACE] Decoding transaction bytes of length: 230
[TRACE] Transaction type: 6
[TRACE] Successfully decoded transaction with hash: 30f0c67da84957270d30842a0cc0e1ff12ec7d90c76ab58e38da258d7695ed95
2025-09-15 22:49:23.037 TRACE client[0]: Processing transaction with hash: 30f0c67da84957270d30842a0cc0e1ff12ec7d90c76ab58e38da258d7695ed95
2025-09-15 22:49:23.037 DEBUG client[0]: Submitting transaction 30f0c67da84957270d30842a0cc0e1ff12ec7d90c76ab58e38da258d7695ed95
2025-09-15 22:49:23.120 TRACE : trigger interaction 0xc0005192c0 357/1200
[TRACE] Decoding transaction bytes of length: 230
[TRACE] Transaction type: 6
[TRACE] Successfully decoded transaction with hash: 2a2bba8def3cfa56217f8193bfb7e6e541e020326f018f5dde5fde1be48e0442
2025-09-15 22:49:23.121 TRACE client[0]: Processing transaction with hash: 2a2bba8def3cfa56217f8193bfb7e6e541e020326f018f5dde5fde1be48e0442
2025-09-15 22:49:23.121 DEBUG client[0]: Submitting transaction 2a2bba8def3cfa56217f8193bfb7e6e541e020326f018f5dde5fde1be48e0442
2025-09-15 22:49:23.204 TRACE : trigger interaction 0xc0005193b0 358/1200
[TRACE] Decoding transaction bytes of length: 230
[TRACE] Transaction type: 6
[TRACE] Successfully decoded transaction with hash: 4f49258b895db4de2d687bc5f7f8e42a30d785c2acb8a290092bec0ad28127a6
2025-09-15 22:49:23.205 TRACE client[0]: Processing transaction with hash: 4f49258b895db4de2d687bc5f7f8e42a30d785c2acb8a290092bec0ad28127a6
2025-09-15 22:49:23.205 DEBUG client[0]: Submitting transaction 4f49258b895db4de2d687bc5f7f8e42a30d785c2acb8a290092bec0ad28127a6
2025-09-15 22:49:23.287 TRACE : trigger interaction 0xc0005194a0 359/1200
[TRACE] Decoding transaction bytes of length: 230
[TRACE] Transaction type: 6
[TRACE] Successfully decoded transaction with hash: 8d316547d0a4273a656f0d591dd25f65e302b9a1293b2db0f0a1b1ea756e96f5
2025-09-15 22:49:23.288 TRACE client[0]: Processing transaction with hash: 8d316547d0a4273a656f0d591dd25f65e302b9a1293b2db0f0a1b1ea756e96f5
2025-09-15 22:49:23.288 DEBUG client[0]: Submitting transaction 8d316547d0a4273a656f0d591dd25f65e302b9a1293b2db0f0a1b1ea756e96f5
2025-09-15 22:49:23.370 TRACE : trigger interaction 0xc000519590 360/1200
[TRACE] Decoding transaction bytes of length: 230
[TRACE] Transaction type: 6
[TRACE] Successfully decoded transaction with hash: 746a87fd6aae1d9a986c9761aac5eea3e6df1c33e4b30ad361988a05c089c47b
2025-09-15 22:49:23.371 TRACE client[0]: Processing transaction with hash: 746a87fd6aae1d9a986c9761aac5eea3e6df1c33e4b30ad361988a05c089c47b
2025-09-15 22:49:23.371 DEBUG client[0]: Submitting transaction 746a87fd6aae1d9a986c9761aac5eea3e6df1c33e4b30ad361988a05c089c47b
2025-09-15 22:49:23.453 TRACE : trigger interaction 0xc000519680 361/1200
[TRACE] Decoding transaction bytes of length: 230
[TRACE] Transaction type: 6
[TRACE] Successfully decoded transaction with hash: aef92ae6e11fd4b808b052bcd0c51a74c689557002340e2308faa5381445bc14
2025-09-15 22:49:23.454 TRACE client[0]: Processing transaction with hash: aef92ae6e11fd4b808b052bcd0c51a74c689557002340e2308faa5381445bc14
2025-09-15 22:49:23.454 DEBUG client[0]: Submitting transaction aef92ae6e11fd4b808b052bcd0c51a74c689557002340e2308faa5381445bc14
2025-09-15 22:49:23.537 TRACE : trigger interaction 0xc000519770 362/1200
[TRACE] Decoding transaction bytes of length: 230
[TRACE] Transaction type: 6
[TRACE] Successfully decoded transaction with hash: b99f3381fa4d80fd8c8261d7404d4faa209a32cd179650c2f0395e9697af7cd0
2025-09-15 22:49:23.538 TRACE client[0]: Processing transaction with hash: b99f3381fa4d80fd8c8261d7404d4faa209a32cd179650c2f0395e9697af7cd0
2025-09-15 22:49:23.538 DEBUG client[0]: Submitting transaction b99f3381fa4d80fd8c8261d7404d4faa209a32cd179650c2f0395e9697af7cd0
2025-09-15 22:49:23.620 TRACE : trigger interaction 0xc000519860 363/1200
[TRACE] Decoding transaction bytes of length: 230
[TRACE] Transaction type: 6
[TRACE] Successfully decoded transaction with hash: bf87f98eb1e111aa4164638cc9d6c1b8f9572c0d7e0e5f7338dd050b9a426577
2025-09-15 22:49:23.621 TRACE client[0]: Processing transaction with hash: bf87f98eb1e111aa4164638cc9d6c1b8f9572c0d7e0e5f7338dd050b9a426577
2025-09-15 22:49:23.621 DEBUG client[0]: Submitting transaction bf87f98eb1e111aa4164638cc9d6c1b8f9572c0d7e0e5f7338dd050b9a426577
2025-09-15 22:49:23.704 TRACE : trigger interaction 0xc000519950 364/1200
[TRACE] Decoding transaction bytes of length: 230
[TRACE] Transaction type: 6
[TRACE] Successfully decoded transaction with hash: cc4e2254629a9564032bcf5fbdc2227c7021746a41733c8258868cd91e7db599
2025-09-15 22:49:23.704 TRACE client[0]: Processing transaction with hash: cc4e2254629a9564032bcf5fbdc2227c7021746a41733c8258868cd91e7db599
2025-09-15 22:49:23.704 DEBUG client[0]: Submitting transaction cc4e2254629a9564032bcf5fbdc2227c7021746a41733c8258868cd91e7db599
2025-09-15 22:49:23.787 TRACE : trigger interaction 0xc000519a40 365/1200
[TRACE] Decoding transaction bytes of length: 230
[TRACE] Transaction type: 6
[TRACE] Successfully decoded transaction with hash: 9279373c17ec4b67ae45f4c6a84e6c256294db7f40aaedffbf43cf77852669ea
2025-09-15 22:49:23.787 TRACE client[0]: Processing transaction with hash: 9279373c17ec4b67ae45f4c6a84e6c256294db7f40aaedffbf43cf77852669ea
2025-09-15 22:49:23.787 DEBUG client[0]: Submitting transaction 9279373c17ec4b67ae45f4c6a84e6c256294db7f40aaedffbf43cf77852669ea
2025-09-15 22:49:23.870 TRACE : trigger interaction 0xc000519b30 366/1200
[TRACE] Decoding transaction bytes of length: 230
[TRACE] Transaction type: 6
[TRACE] Successfully decoded transaction with hash: 6314642a1d7d0f24292718aad14e1786fb2da2c42050ed38e4db52d74e12f229
2025-09-15 22:49:23.870 TRACE client[0]: Processing transaction with hash: 6314642a1d7d0f24292718aad14e1786fb2da2c42050ed38e4db52d74e12f229
2025-09-15 22:49:23.870 DEBUG client[0]: Submitting transaction 6314642a1d7d0f24292718aad14e1786fb2da2c42050ed38e4db52d74e12f229
2025-09-15 22:49:23.954 TRACE : trigger interaction 0xc000519c20 367/1200
[TRACE] Decoding transaction bytes of length: 230
[TRACE] Transaction type: 6
[TRACE] Successfully decoded transaction with hash: 8f0877ea40d12b7832d93108c9e32afeffe5e2a93cec3931f0d5d5575ef1c495
2025-09-15 22:49:23.954 TRACE client[0]: Processing transaction with hash: 8f0877ea40d12b7832d93108c9e32afeffe5e2a93cec3931f0d5d5575ef1c495
2025-09-15 22:49:23.954 DEBUG client[0]: Submitting transaction 8f0877ea40d12b7832d93108c9e32afeffe5e2a93cec3931f0d5d5575ef1c495
2025-09-15 22:49:24.037 TRACE : trigger interaction 0xc000431950 368/1200
[TRACE] Decoding transaction bytes of length: 230
[TRACE] Transaction type: 6
[TRACE] Successfully decoded transaction with hash: 7f8dd21f0bf5acb862d311e1742e23f7f8bd969e0426c30bffea80cf150a3f71
2025-09-15 22:49:24.037 TRACE client[0]: Processing transaction with hash: 7f8dd21f0bf5acb862d311e1742e23f7f8bd969e0426c30bffea80cf150a3f71
2025-09-15 22:49:24.037 DEBUG client[0]: Submitting transaction 7f8dd21f0bf5acb862d311e1742e23f7f8bd969e0426c30bffea80cf150a3f71
2025-09-15 22:49:24.120 TRACE : trigger interaction 0xc000431a40 369/1200
[TRACE] Decoding transaction bytes of length: 230
[TRACE] Transaction type: 6
[TRACE] Successfully decoded transaction with hash: b92e32f91fea73dd594f921e168aa14c4a9e5fdea22a06791c69c4faceb6015d
2025-09-15 22:49:24.121 TRACE client[0]: Processing transaction with hash: b92e32f91fea73dd594f921e168aa14c4a9e5fdea22a06791c69c4faceb6015d
2025-09-15 22:49:24.121 DEBUG client[0]: Submitting transaction b92e32f91fea73dd594f921e168aa14c4a9e5fdea22a06791c69c4faceb6015d
2025-09-15 22:49:24.204 TRACE : trigger interaction 0xc000431b30 370/1200
[TRACE] Decoding transaction bytes of length: 230
[TRACE] Transaction type: 6
[TRACE] Successfully decoded transaction with hash: 3daf7eb42467c4432d6b2bffcebbbf95c6ce0f9de0c82983a918ccdc0dc170e6
2025-09-15 22:49:24.204 TRACE client[0]: Processing transaction with hash: 3daf7eb42467c4432d6b2bffcebbbf95c6ce0f9de0c82983a918ccdc0dc170e6
2025-09-15 22:49:24.204 DEBUG client[0]: Submitting transaction 3daf7eb42467c4432d6b2bffcebbbf95c6ce0f9de0c82983a918ccdc0dc170e6
2025-09-15 22:49:24.287 TRACE : trigger interaction 0xc000431c20 371/1200
[TRACE] Decoding transaction bytes of length: 230
[TRACE] Transaction type: 6
[TRACE] Successfully decoded transaction with hash: 7573a956fe8e6fe458510a8a09544a84ea61a8a2cd57a70e6d9516115a2f21ab
2025-09-15 22:49:24.287 TRACE client[0]: Processing transaction with hash: 7573a956fe8e6fe458510a8a09544a84ea61a8a2cd57a70e6d9516115a2f21ab
2025-09-15 22:49:24.288 DEBUG client[0]: Submitting transaction 7573a956fe8e6fe458510a8a09544a84ea61a8a2cd57a70e6d9516115a2f21ab
2025-09-15 22:49:24.370 TRACE : trigger interaction 0xc000431d10 372/1200
[TRACE] Decoding transaction bytes of length: 230
[TRACE] Transaction type: 6
[TRACE] Successfully decoded transaction with hash: 51ecf007c80ce3540d5c212cab4890a1944092e4b3db729634a124df1b1cb3bf
2025-09-15 22:49:24.370 TRACE client[0]: Processing transaction with hash: 51ecf007c80ce3540d5c212cab4890a1944092e4b3db729634a124df1b1cb3bf
2025-09-15 22:49:24.370 DEBUG client[0]: Submitting transaction 51ecf007c80ce3540d5c212cab4890a1944092e4b3db729634a124df1b1cb3bf
2025-09-15 22:49:24.408 TRACE client[0]: Found transaction in block: 30f0c67da84957270d30842a0cc0e1ff12ec7d90c76ab58e38da258d7695ed95
2025-09-15 22:49:24.408 TRACE client[0]: Found transaction in block: 2a2bba8def3cfa56217f8193bfb7e6e541e020326f018f5dde5fde1be48e0442
2025-09-15 22:49:24.408 TRACE client[0]: Found transaction in block: 4f49258b895db4de2d687bc5f7f8e42a30d785c2acb8a290092bec0ad28127a6
2025-09-15 22:49:24.408 TRACE client[0]: Found transaction in block: 8d316547d0a4273a656f0d591dd25f65e302b9a1293b2db0f0a1b1ea756e96f5
2025-09-15 22:49:24.408 TRACE client[0]: Found transaction in block: 746a87fd6aae1d9a986c9761aac5eea3e6df1c33e4b30ad361988a05c089c47b
2025-09-15 22:49:24.408 TRACE client[0]: Found transaction in block: aef92ae6e11fd4b808b052bcd0c51a74c689557002340e2308faa5381445bc14
2025-09-15 22:49:24.408 TRACE client[0]: Found transaction in block: b99f3381fa4d80fd8c8261d7404d4faa209a32cd179650c2f0395e9697af7cd0
2025-09-15 22:49:24.408 TRACE client[0]: Found transaction in block: bf87f98eb1e111aa4164638cc9d6c1b8f9572c0d7e0e5f7338dd050b9a426577
2025-09-15 22:49:24.408 TRACE client[0]: Found transaction in block: cc4e2254629a9564032bcf5fbdc2227c7021746a41733c8258868cd91e7db599
2025-09-15 22:49:24.408 TRACE client[0]: Found transaction in block: 9279373c17ec4b67ae45f4c6a84e6c256294db7f40aaedffbf43cf77852669ea
2025-09-15 22:49:24.408 TRACE client[0]: Found transaction in block: 6314642a1d7d0f24292718aad14e1786fb2da2c42050ed38e4db52d74e12f229
2025-09-15 22:49:24.408 TRACE client[0]: Found transaction in block: 8f0877ea40d12b7832d93108c9e32afeffe5e2a93cec3931f0d5d5575ef1c495
2025-09-15 22:49:24.408 TRACE client[0]: Found transaction in block: 7f8dd21f0bf5acb862d311e1742e23f7f8bd969e0426c30bffea80cf150a3f71
2025-09-15 22:49:24.408 TRACE client[0]: Found transaction in block: b92e32f91fea73dd594f921e168aa14c4a9e5fdea22a06791c69c4faceb6015d
2025-09-15 22:49:24.408 TRACE client[0]: Found transaction in block: 3daf7eb42467c4432d6b2bffcebbbf95c6ce0f9de0c82983a918ccdc0dc170e6
2025-09-15 22:49:24.408 TRACE client[0]: Found transaction in block: 7573a956fe8e6fe458510a8a09544a84ea61a8a2cd57a70e6d9516115a2f21ab
2025-09-15 22:49:24.408 TRACE client[0]: Found transaction in block: 51ecf007c80ce3540d5c212cab4890a1944092e4b3db729634a124df1b1cb3bf
2025-09-15 22:49:24.453 TRACE : trigger interaction 0xc000431e00 373/1200
[TRACE] Decoding transaction bytes of length: 230
[TRACE] Transaction type: 6
[TRACE] Successfully decoded transaction with hash: 73ba2d90615d601bd04a63f1802533cec00d2dcc8b22473a61af470832e4288e
2025-09-15 22:49:24.454 TRACE client[0]: Processing transaction with hash: 73ba2d90615d601bd04a63f1802533cec00d2dcc8b22473a61af470832e4288e
2025-09-15 22:49:24.454 DEBUG client[0]: Submitting transaction 73ba2d90615d601bd04a63f1802533cec00d2dcc8b22473a61af470832e4288e
2025-09-15 22:49:24.537 TRACE : trigger interaction 0xc000431ef0 374/1200
[TRACE] Decoding transaction bytes of length: 230
[TRACE] Transaction type: 6
[TRACE] Successfully decoded transaction with hash: 33799207d9c2f8a92dbb30f1d29ec6fe247c22cc8fd8b71a5bcb5be730931bcf
2025-09-15 22:49:24.538 TRACE client[0]: Processing transaction with hash: 33799207d9c2f8a92dbb30f1d29ec6fe247c22cc8fd8b71a5bcb5be730931bcf
2025-09-15 22:49:24.538 DEBUG client[0]: Submitting transaction 33799207d9c2f8a92dbb30f1d29ec6fe247c22cc8fd8b71a5bcb5be730931bcf
2025-09-15 22:49:24.620 TRACE : trigger interaction 0xc00044a000 375/1200
[TRACE] Decoding transaction bytes of length: 230
[TRACE] Transaction type: 6
[TRACE] Successfully decoded transaction with hash: ae62b7a21dd83afa06ee123b6b8528b8595361d66b03c9a4d8f190ddfb3948f5
2025-09-15 22:49:24.621 TRACE client[0]: Processing transaction with hash: ae62b7a21dd83afa06ee123b6b8528b8595361d66b03c9a4d8f190ddfb3948f5
2025-09-15 22:49:24.621 DEBUG client[0]: Submitting transaction ae62b7a21dd83afa06ee123b6b8528b8595361d66b03c9a4d8f190ddfb3948f5
2025-09-15 22:49:24.703 TRACE : trigger interaction 0xc00044a0f0 376/1200
[TRACE] Decoding transaction bytes of length: 230
[TRACE] Transaction type: 6
[TRACE] Successfully decoded transaction with hash: e20dbdcfa9a1da403b396d4dce05df9d329eb67f4a1cccbd009c5ff2bbd3af62
2025-09-15 22:49:24.703 TRACE client[0]: Processing transaction with hash: e20dbdcfa9a1da403b396d4dce05df9d329eb67f4a1cccbd009c5ff2bbd3af62
2025-09-15 22:49:24.703 DEBUG client[0]: Submitting transaction e20dbdcfa9a1da403b396d4dce05df9d329eb67f4a1cccbd009c5ff2bbd3af62
2025-09-15 22:49:24.787 TRACE : trigger interaction 0xc00044a1e0 377/1200
[TRACE] Decoding transaction bytes of length: 230
[TRACE] Transaction type: 6
[TRACE] Successfully decoded transaction with hash: f46d6d5dbb3366f882999041c7f21671184db08043eb3fd46d8e78803b801dab
2025-09-15 22:49:24.787 TRACE client[0]: Processing transaction with hash: f46d6d5dbb3366f882999041c7f21671184db08043eb3fd46d8e78803b801dab
2025-09-15 22:49:24.787 DEBUG client[0]: Submitting transaction f46d6d5dbb3366f882999041c7f21671184db08043eb3fd46d8e78803b801dab
2025-09-15 22:49:24.870 TRACE : trigger interaction 0xc00044a2d0 378/1200
[TRACE] Decoding transaction bytes of length: 230
[TRACE] Transaction type: 6
[TRACE] Successfully decoded transaction with hash: b1df3553ebba390cb0156151681d231413afd2f51a748ef86c1acb368e32410a
2025-09-15 22:49:24.870 TRACE client[0]: Processing transaction with hash: b1df3553ebba390cb0156151681d231413afd2f51a748ef86c1acb368e32410a
2025-09-15 22:49:24.870 DEBUG client[0]: Submitting transaction b1df3553ebba390cb0156151681d231413afd2f51a748ef86c1acb368e32410a
2025-09-15 22:49:24.954 TRACE : trigger interaction 0xc00044a3c0 379/1200
[TRACE] Decoding transaction bytes of length: 230
[TRACE] Transaction type: 6
[TRACE] Successfully decoded transaction with hash: 53c2af67b60c91b5edda1de6902f092a04dfb3d82466df60438d08347c81b982
2025-09-15 22:49:24.954 TRACE client[0]: Processing transaction with hash: 53c2af67b60c91b5edda1de6902f092a04dfb3d82466df60438d08347c81b982
2025-09-15 22:49:24.954 DEBUG client[0]: Submitting transaction 53c2af67b60c91b5edda1de6902f092a04dfb3d82466df60438d08347c81b982
2025-09-15 22:49:25.038 TRACE : trigger interaction 0xc00044a4b0 380/1200
[TRACE] Decoding transaction bytes of length: 230
[TRACE] Transaction type: 6
[TRACE] Successfully decoded transaction with hash: 1f2be50650e8474ca763c72cadb1a20edfb81723a52656d97bd831bfcd80f0b1
2025-09-15 22:49:25.038 TRACE client[0]: Processing transaction with hash: 1f2be50650e8474ca763c72cadb1a20edfb81723a52656d97bd831bfcd80f0b1
2025-09-15 22:49:25.038 DEBUG client[0]: Submitting transaction 1f2be50650e8474ca763c72cadb1a20edfb81723a52656d97bd831bfcd80f0b1
2025-09-15 22:49:25.121 TRACE : trigger interaction 0xc00044a5a0 381/1200
[TRACE] Decoding transaction bytes of length: 230
[TRACE] Transaction type: 6
[TRACE] Successfully decoded transaction with hash: 162031bea464539b442b06db101559be603c47f309f9f11ae714adcba05a0230
2025-09-15 22:49:25.121 TRACE client[0]: Processing transaction with hash: 162031bea464539b442b06db101559be603c47f309f9f11ae714adcba05a0230
2025-09-15 22:49:25.121 DEBUG client[0]: Submitting transaction 162031bea464539b442b06db101559be603c47f309f9f11ae714adcba05a0230
2025-09-15 22:49:25.204 TRACE : trigger interaction 0xc00044a690 382/1200
[TRACE] Decoding transaction bytes of length: 230
[TRACE] Transaction type: 6
[TRACE] Successfully decoded transaction with hash: 4d13f92e004779321d99e605338e49ddd30bca8da701ff2584a1126740dc9241
2025-09-15 22:49:25.204 TRACE client[0]: Processing transaction with hash: 4d13f92e004779321d99e605338e49ddd30bca8da701ff2584a1126740dc9241
2025-09-15 22:49:25.204 DEBUG client[0]: Submitting transaction 4d13f92e004779321d99e605338e49ddd30bca8da701ff2584a1126740dc9241
2025-09-15 22:49:25.287 TRACE : trigger interaction 0xc00044a780 383/1200
[TRACE] Decoding transaction bytes of length: 230
[TRACE] Transaction type: 6
[TRACE] Successfully decoded transaction with hash: 76b730c77476ef25ef19594942f97187f1ea68cde51f34f497aff42baa6bb72d
2025-09-15 22:49:25.287 TRACE client[0]: Processing transaction with hash: 76b730c77476ef25ef19594942f97187f1ea68cde51f34f497aff42baa6bb72d
2025-09-15 22:49:25.287 DEBUG client[0]: Submitting transaction 76b730c77476ef25ef19594942f97187f1ea68cde51f34f497aff42baa6bb72d
2025-09-15 22:49:25.371 TRACE : trigger interaction 0xc000519d10 384/1200
[TRACE] Decoding transaction bytes of length: 230
[TRACE] Transaction type: 6
[TRACE] Successfully decoded transaction with hash: e427eb64e6a77f1840b5382a861fb5213b4b68dc241ddd8def947a47ffe9ae6e
2025-09-15 22:49:25.371 TRACE client[0]: Processing transaction with hash: e427eb64e6a77f1840b5382a861fb5213b4b68dc241ddd8def947a47ffe9ae6e
2025-09-15 22:49:25.371 DEBUG client[0]: Submitting transaction e427eb64e6a77f1840b5382a861fb5213b4b68dc241ddd8def947a47ffe9ae6e
2025-09-15 22:49:25.454 TRACE : trigger interaction 0xc000519e00 385/1200
[TRACE] Decoding transaction bytes of length: 230
[TRACE] Transaction type: 6
[TRACE] Successfully decoded transaction with hash: e12199c035639f0407f9ae0405e7ff8e6f80e5e9bf47166128f9dfa43c031de8
2025-09-15 22:49:25.454 TRACE client[0]: Processing transaction with hash: e12199c035639f0407f9ae0405e7ff8e6f80e5e9bf47166128f9dfa43c031de8
2025-09-15 22:49:25.454 DEBUG client[0]: Submitting transaction e12199c035639f0407f9ae0405e7ff8e6f80e5e9bf47166128f9dfa43c031de8
2025-09-15 22:49:25.537 TRACE : trigger interaction 0xc000519ef0 386/1200
[TRACE] Decoding transaction bytes of length: 230
[TRACE] Transaction type: 6
[TRACE] Successfully decoded transaction with hash: b988e6e40d0bddddce0bd5eff4e6705b9c9037ecd0ae959d63c1b6e41c8e3b7d
2025-09-15 22:49:25.537 TRACE client[0]: Processing transaction with hash: b988e6e40d0bddddce0bd5eff4e6705b9c9037ecd0ae959d63c1b6e41c8e3b7d
2025-09-15 22:49:25.537 DEBUG client[0]: Submitting transaction b988e6e40d0bddddce0bd5eff4e6705b9c9037ecd0ae959d63c1b6e41c8e3b7d
2025-09-15 22:49:25.620 TRACE : trigger interaction 0xc000530000 387/1200
[TRACE] Decoding transaction bytes of length: 230
[TRACE] Transaction type: 6
[TRACE] Successfully decoded transaction with hash: bf86c62ad671233e055c3345b3d9657185a1865ce3565ccf502ab9a3ff0daee4
2025-09-15 22:49:25.621 TRACE client[0]: Processing transaction with hash: bf86c62ad671233e055c3345b3d9657185a1865ce3565ccf502ab9a3ff0daee4
2025-09-15 22:49:25.621 DEBUG client[0]: Submitting transaction bf86c62ad671233e055c3345b3d9657185a1865ce3565ccf502ab9a3ff0daee4
2025-09-15 22:49:25.704 TRACE : trigger interaction 0xc0005300f0 388/1200
[TRACE] Decoding transaction bytes of length: 230
[TRACE] Transaction type: 6
[TRACE] Successfully decoded transaction with hash: c88cd7a326a6d7673245e92a3b80aa1d18752a55d2ce5dac2ef191ee1d71c6bd
2025-09-15 22:49:25.704 TRACE client[0]: Processing transaction with hash: c88cd7a326a6d7673245e92a3b80aa1d18752a55d2ce5dac2ef191ee1d71c6bd
2025-09-15 22:49:25.704 DEBUG client[0]: Submitting transaction c88cd7a326a6d7673245e92a3b80aa1d18752a55d2ce5dac2ef191ee1d71c6bd
2025-09-15 22:49:25.787 TRACE : trigger interaction 0xc0005301e0 389/1200
[TRACE] Decoding transaction bytes of length: 230
[TRACE] Transaction type: 6
[TRACE] Successfully decoded transaction with hash: 7963e0ffa516cb2edd4ca1d01bbf3f8d2d1dc5700d1eaa25c0aab737304d556f
2025-09-15 22:49:25.787 TRACE client[0]: Processing transaction with hash: 7963e0ffa516cb2edd4ca1d01bbf3f8d2d1dc5700d1eaa25c0aab737304d556f
2025-09-15 22:49:25.787 DEBUG client[0]: Submitting transaction 7963e0ffa516cb2edd4ca1d01bbf3f8d2d1dc5700d1eaa25c0aab737304d556f
2025-09-15 22:49:25.870 TRACE : trigger interaction 0xc0005302d0 390/1200
[TRACE] Decoding transaction bytes of length: 230
[TRACE] Transaction type: 6
[TRACE] Successfully decoded transaction with hash: 6034d3aae91e063b7be3883f91fd4da84ea27db734a901c0e7c137ec3f44c617
2025-09-15 22:49:25.871 TRACE client[0]: Processing transaction with hash: 6034d3aae91e063b7be3883f91fd4da84ea27db734a901c0e7c137ec3f44c617
2025-09-15 22:49:25.871 DEBUG client[0]: Submitting transaction 6034d3aae91e063b7be3883f91fd4da84ea27db734a901c0e7c137ec3f44c617
2025-09-15 22:49:25.953 TRACE : trigger interaction 0xc0005303c0 391/1200
[TRACE] Decoding transaction bytes of length: 230
[TRACE] Transaction type: 6
[TRACE] Successfully decoded transaction with hash: 496d12a132ed7792c31ee134753b1aabbd96043ad4a85138cb89f1265b76be14
2025-09-15 22:49:25.954 TRACE client[0]: Processing transaction with hash: 496d12a132ed7792c31ee134753b1aabbd96043ad4a85138cb89f1265b76be14
2025-09-15 22:49:25.954 DEBUG client[0]: Submitting transaction 496d12a132ed7792c31ee134753b1aabbd96043ad4a85138cb89f1265b76be14
2025-09-15 22:49:26.037 TRACE : trigger interaction 0xc0005304b0 392/1200
[TRACE] Decoding transaction bytes of length: 230
[TRACE] Transaction type: 6
[TRACE] Successfully decoded transaction with hash: bca24eca059ef495c99d784030a6696be6e7e3ad1d5ae8419414a814d39943e9
2025-09-15 22:49:26.038 TRACE client[0]: Processing transaction with hash: bca24eca059ef495c99d784030a6696be6e7e3ad1d5ae8419414a814d39943e9
2025-09-15 22:49:26.038 DEBUG client[0]: Submitting transaction bca24eca059ef495c99d784030a6696be6e7e3ad1d5ae8419414a814d39943e9
2025-09-15 22:49:26.120 TRACE : trigger interaction 0xc0005305a0 393/1200
[TRACE] Decoding transaction bytes of length: 230
[TRACE] Transaction type: 6
[TRACE] Successfully decoded transaction with hash: aca0be173cf6f4cb6b5726e342ae3655c3a2d0d7172f445a7a5746ba3c2b53fd
2025-09-15 22:49:26.121 TRACE client[0]: Processing transaction with hash: aca0be173cf6f4cb6b5726e342ae3655c3a2d0d7172f445a7a5746ba3c2b53fd
2025-09-15 22:49:26.121 DEBUG client[0]: Submitting transaction aca0be173cf6f4cb6b5726e342ae3655c3a2d0d7172f445a7a5746ba3c2b53fd
2025-09-15 22:49:26.203 TRACE : trigger interaction 0xc000530690 394/1200
[TRACE] Decoding transaction bytes of length: 230
[TRACE] Transaction type: 6
[TRACE] Successfully decoded transaction with hash: b8332a3e572f6d2ccd6a2468121322aed807a767e16f82d1abc52689513c45c6
2025-09-15 22:49:26.204 TRACE client[0]: Processing transaction with hash: b8332a3e572f6d2ccd6a2468121322aed807a767e16f82d1abc52689513c45c6
2025-09-15 22:49:26.204 DEBUG client[0]: Submitting transaction b8332a3e572f6d2ccd6a2468121322aed807a767e16f82d1abc52689513c45c6
2025-09-15 22:49:26.287 TRACE : trigger interaction 0xc000530780 395/1200
[TRACE] Decoding transaction bytes of length: 230
[TRACE] Transaction type: 6
[TRACE] Successfully decoded transaction with hash: 6db2cd9eda8fcd7bed5c121a3eaf71d40fcf608373fe61553f255c725091bf62
2025-09-15 22:49:26.287 TRACE client[0]: Processing transaction with hash: 6db2cd9eda8fcd7bed5c121a3eaf71d40fcf608373fe61553f255c725091bf62
2025-09-15 22:49:26.287 DEBUG client[0]: Submitting transaction 6db2cd9eda8fcd7bed5c121a3eaf71d40fcf608373fe61553f255c725091bf62
2025-09-15 22:49:26.370 TRACE : trigger interaction 0xc000530870 396/1200
[TRACE] Decoding transaction bytes of length: 230
[TRACE] Transaction type: 6
[TRACE] Successfully decoded transaction with hash: e762f680b62946e02f3b311073a41625a53770611684932fca7f3aff5e578027
2025-09-15 22:49:26.371 TRACE client[0]: Processing transaction with hash: e762f680b62946e02f3b311073a41625a53770611684932fca7f3aff5e578027
2025-09-15 22:49:26.371 DEBUG client[0]: Submitting transaction e762f680b62946e02f3b311073a41625a53770611684932fca7f3aff5e578027
2025-09-15 22:49:26.454 TRACE : trigger interaction 0xc000530960 397/1200
[TRACE] Decoding transaction bytes of length: 230
[TRACE] Transaction type: 6
[TRACE] Successfully decoded transaction with hash: 55999a4603a9c6234d211f6e23b4e2aaf805cebffe6265dfa32d7a96dcb34afb
2025-09-15 22:49:26.455 TRACE client[0]: Processing transaction with hash: 55999a4603a9c6234d211f6e23b4e2aaf805cebffe6265dfa32d7a96dcb34afb
2025-09-15 22:49:26.455 DEBUG client[0]: Submitting transaction 55999a4603a9c6234d211f6e23b4e2aaf805cebffe6265dfa32d7a96dcb34afb
2025-09-15 22:49:26.537 TRACE : trigger interaction 0xc000530a50 398/1200
[TRACE] Decoding transaction bytes of length: 230
[TRACE] Transaction type: 6
[TRACE] Successfully decoded transaction with hash: e7c75629976077152b90478547cc1933616a80b36679ee10e52fddc2558391a6
2025-09-15 22:49:26.537 TRACE client[0]: Processing transaction with hash: e7c75629976077152b90478547cc1933616a80b36679ee10e52fddc2558391a6
2025-09-15 22:49:26.537 DEBUG client[0]: Submitting transaction e7c75629976077152b90478547cc1933616a80b36679ee10e52fddc2558391a6
2025-09-15 22:49:26.620 TRACE : trigger interaction 0xc000530b40 399/1200
[TRACE] Decoding transaction bytes of length: 230
[TRACE] Transaction type: 6
[TRACE] Successfully decoded transaction with hash: 24bcfe4d503c1826529f46c28f8fe64b5bf34cbb5927c82b91e641df43d6d201
2025-09-15 22:49:26.620 TRACE client[0]: Processing transaction with hash: 24bcfe4d503c1826529f46c28f8fe64b5bf34cbb5927c82b91e641df43d6d201
2025-09-15 22:49:26.620 DEBUG client[0]: Submitting transaction 24bcfe4d503c1826529f46c28f8fe64b5bf34cbb5927c82b91e641df43d6d201
2025-09-15 22:49:26.704 TRACE : trigger interaction 0xc000530c30 400/1200
[TRACE] Decoding transaction bytes of length: 230
[TRACE] Transaction type: 6
[TRACE] Successfully decoded transaction with hash: dbb83f202e99bb780435bde6ab37a84d3872507f4017f650026df90d74272c1c
2025-09-15 22:49:26.704 TRACE client[0]: Processing transaction with hash: dbb83f202e99bb780435bde6ab37a84d3872507f4017f650026df90d74272c1c
2025-09-15 22:49:26.704 DEBUG client[0]: Submitting transaction dbb83f202e99bb780435bde6ab37a84d3872507f4017f650026df90d74272c1c
2025-09-15 22:49:26.787 TRACE : trigger interaction 0xc00044a870 401/1200
[TRACE] Decoding transaction bytes of length: 230
[TRACE] Transaction type: 6
[TRACE] Successfully decoded transaction with hash: a92d4f1dd958bd482817529682ea21da6b4dc09c96c962814658aa6bfcae6e9a
2025-09-15 22:49:26.787 TRACE client[0]: Processing transaction with hash: a92d4f1dd958bd482817529682ea21da6b4dc09c96c962814658aa6bfcae6e9a
2025-09-15 22:49:26.787 DEBUG client[0]: Submitting transaction a92d4f1dd958bd482817529682ea21da6b4dc09c96c962814658aa6bfcae6e9a
2025-09-15 22:49:26.870 TRACE : trigger interaction 0xc00044a960 402/1200
[TRACE] Decoding transaction bytes of length: 229
[TRACE] Transaction type: 6
[TRACE] Successfully decoded transaction with hash: df4f390d4a27c2c03a77428dec78d95585220a906554c0dfd5bb8633b8309afa
2025-09-15 22:49:26.871 TRACE client[0]: Processing transaction with hash: df4f390d4a27c2c03a77428dec78d95585220a906554c0dfd5bb8633b8309afa
2025-09-15 22:49:26.871 DEBUG client[0]: Submitting transaction df4f390d4a27c2c03a77428dec78d95585220a906554c0dfd5bb8633b8309afa
2025-09-15 22:49:26.954 TRACE : trigger interaction 0xc00044aa50 403/1200
[TRACE] Decoding transaction bytes of length: 229
[TRACE] Transaction type: 6
[TRACE] Successfully decoded transaction with hash: 870b0b8bee7896581b34e048ab4cdc2017d6372debe2e3dfe8fb8f7e66a2f313
2025-09-15 22:49:26.954 TRACE client[0]: Processing transaction with hash: 870b0b8bee7896581b34e048ab4cdc2017d6372debe2e3dfe8fb8f7e66a2f313
2025-09-15 22:49:26.954 DEBUG client[0]: Submitting transaction 870b0b8bee7896581b34e048ab4cdc2017d6372debe2e3dfe8fb8f7e66a2f313
2025-09-15 22:49:27.037 TRACE : trigger interaction 0xc00044ab40 404/1200
[TRACE] Decoding transaction bytes of length: 229
[TRACE] Transaction type: 6
[TRACE] Successfully decoded transaction with hash: 3d6ea2a252f1f118d31b7b0860b33817e06af2555c63cd73660401f9e555f23e
2025-09-15 22:49:27.037 TRACE client[0]: Processing transaction with hash: 3d6ea2a252f1f118d31b7b0860b33817e06af2555c63cd73660401f9e555f23e
2025-09-15 22:49:27.037 DEBUG client[0]: Submitting transaction 3d6ea2a252f1f118d31b7b0860b33817e06af2555c63cd73660401f9e555f23e
2025-09-15 22:49:27.120 TRACE : trigger interaction 0xc00044ac30 405/1200
[TRACE] Decoding transaction bytes of length: 229
[TRACE] Transaction type: 6
[TRACE] Successfully decoded transaction with hash: 43a17ffd8eb974eb47f696ea9dc1b114e05530a2040e7f70bf9d88283d763003
2025-09-15 22:49:27.120 TRACE client[0]: Processing transaction with hash: 43a17ffd8eb974eb47f696ea9dc1b114e05530a2040e7f70bf9d88283d763003
2025-09-15 22:49:27.120 DEBUG client[0]: Submitting transaction 43a17ffd8eb974eb47f696ea9dc1b114e05530a2040e7f70bf9d88283d763003
2025-09-15 22:49:27.204 TRACE : trigger interaction 0xc00044ad20 406/1200
[TRACE] Decoding transaction bytes of length: 229
[TRACE] Transaction type: 6
[TRACE] Successfully decoded transaction with hash: 44f93de15725db69bd2435f7b1f8758212a5b4630be37f2837a1d213acaa1f4c
2025-09-15 22:49:27.204 TRACE client[0]: Processing transaction with hash: 44f93de15725db69bd2435f7b1f8758212a5b4630be37f2837a1d213acaa1f4c
2025-09-15 22:49:27.204 DEBUG client[0]: Submitting transaction 44f93de15725db69bd2435f7b1f8758212a5b4630be37f2837a1d213acaa1f4c
2025-09-15 22:49:27.287 TRACE : trigger interaction 0xc00044ae10 407/1200
[TRACE] Decoding transaction bytes of length: 229
[TRACE] Transaction type: 6
[TRACE] Successfully decoded transaction with hash: ac3a264c5acd382c6d109e5e6d202836d2dda0541e4aa144707f4dd84dedfcef
2025-09-15 22:49:27.287 TRACE client[0]: Processing transaction with hash: ac3a264c5acd382c6d109e5e6d202836d2dda0541e4aa144707f4dd84dedfcef
2025-09-15 22:49:27.287 DEBUG client[0]: Submitting transaction ac3a264c5acd382c6d109e5e6d202836d2dda0541e4aa144707f4dd84dedfcef
2025-09-15 22:49:27.370 TRACE : trigger interaction 0xc00044af00 408/1200
[TRACE] Decoding transaction bytes of length: 229
[TRACE] Transaction type: 6
[TRACE] Successfully decoded transaction with hash: 97a38aa09d6e75933a58c3287dc06824da1d2d912de4a96b914d9d980907b1d7
2025-09-15 22:49:27.370 TRACE client[0]: Processing transaction with hash: 97a38aa09d6e75933a58c3287dc06824da1d2d912de4a96b914d9d980907b1d7
2025-09-15 22:49:27.370 DEBUG client[0]: Submitting transaction 97a38aa09d6e75933a58c3287dc06824da1d2d912de4a96b914d9d980907b1d7
2025-09-15 22:49:27.454 TRACE : trigger interaction 0xc00044aff0 409/1200
[TRACE] Decoding transaction bytes of length: 229
[TRACE] Transaction type: 6
[TRACE] Successfully decoded transaction with hash: 389d146b1415c146bf1c93e083872c7423b23efc31ac857b4e2b5ae0288b45a2
2025-09-15 22:49:27.454 TRACE client[0]: Processing transaction with hash: 389d146b1415c146bf1c93e083872c7423b23efc31ac857b4e2b5ae0288b45a2
2025-09-15 22:49:27.454 DEBUG client[0]: Submitting transaction 389d146b1415c146bf1c93e083872c7423b23efc31ac857b4e2b5ae0288b45a2
2025-09-15 22:49:27.537 TRACE : trigger interaction 0xc00044b0e0 410/1200
[TRACE] Decoding transaction bytes of length: 229
[TRACE] Transaction type: 6
[TRACE] Successfully decoded transaction with hash: 44d2d4e7c7b58b2dbc06ae4550387430ef9372b643498c5073b7267e375ea15d
2025-09-15 22:49:27.537 TRACE client[0]: Processing transaction with hash: 44d2d4e7c7b58b2dbc06ae4550387430ef9372b643498c5073b7267e375ea15d
2025-09-15 22:49:27.537 DEBUG client[0]: Submitting transaction 44d2d4e7c7b58b2dbc06ae4550387430ef9372b643498c5073b7267e375ea15d
2025-09-15 22:49:27.620 TRACE : trigger interaction 0xc00044b1d0 411/1200
[TRACE] Decoding transaction bytes of length: 229
[TRACE] Transaction type: 6
[TRACE] Successfully decoded transaction with hash: 848d09a14ed7d8d48a80ce4a64c17637ebea5074b075a99841f3789f4c588a1a
2025-09-15 22:49:27.620 TRACE client[0]: Processing transaction with hash: 848d09a14ed7d8d48a80ce4a64c17637ebea5074b075a99841f3789f4c588a1a
2025-09-15 22:49:27.620 DEBUG client[0]: Submitting transaction 848d09a14ed7d8d48a80ce4a64c17637ebea5074b075a99841f3789f4c588a1a
2025-09-15 22:49:27.704 TRACE : trigger interaction 0xc00044b2c0 412/1200
[TRACE] Decoding transaction bytes of length: 229
[TRACE] Transaction type: 6
[TRACE] Successfully decoded transaction with hash: 771633dd766239ab73fb41a90c26158c7a58972c4126743225861d4f24edbadc
2025-09-15 22:49:27.705 TRACE client[0]: Processing transaction with hash: 771633dd766239ab73fb41a90c26158c7a58972c4126743225861d4f24edbadc
2025-09-15 22:49:27.705 DEBUG client[0]: Submitting transaction 771633dd766239ab73fb41a90c26158c7a58972c4126743225861d4f24edbadc
2025-09-15 22:49:27.787 TRACE : trigger interaction 0xc00044b3b0 413/1200
[TRACE] Decoding transaction bytes of length: 229
[TRACE] Transaction type: 6
[TRACE] Successfully decoded transaction with hash: 53374d3fb498b694e96c41440f479d24f18b6ed61651a70d272f4ffb3f7c6fba
2025-09-15 22:49:27.787 TRACE client[0]: Processing transaction with hash: 53374d3fb498b694e96c41440f479d24f18b6ed61651a70d272f4ffb3f7c6fba
2025-09-15 22:49:27.787 DEBUG client[0]: Submitting transaction 53374d3fb498b694e96c41440f479d24f18b6ed61651a70d272f4ffb3f7c6fba
2025-09-15 22:49:27.871 TRACE : trigger interaction 0xc00044b4a0 414/1200
[TRACE] Decoding transaction bytes of length: 229
[TRACE] Transaction type: 6
[TRACE] Successfully decoded transaction with hash: 880b86b8609fb1267f7497a97dba4c23113b920ce94d75e2606e715b07063df4
2025-09-15 22:49:27.871 TRACE client[0]: Processing transaction with hash: 880b86b8609fb1267f7497a97dba4c23113b920ce94d75e2606e715b07063df4
2025-09-15 22:49:27.871 DEBUG client[0]: Submitting transaction 880b86b8609fb1267f7497a97dba4c23113b920ce94d75e2606e715b07063df4
2025-09-15 22:49:27.954 TRACE : trigger interaction 0xc00044b590 415/1200
[TRACE] Decoding transaction bytes of length: 229
[TRACE] Transaction type: 6
[TRACE] Successfully decoded transaction with hash: ca2a76fb4893b9926b4a3fcccae0ff8f98b868c3a72c7b35168fdead4fa4d371
2025-09-15 22:49:27.954 TRACE client[0]: Processing transaction with hash: ca2a76fb4893b9926b4a3fcccae0ff8f98b868c3a72c7b35168fdead4fa4d371
2025-09-15 22:49:27.954 DEBUG client[0]: Submitting transaction ca2a76fb4893b9926b4a3fcccae0ff8f98b868c3a72c7b35168fdead4fa4d371
2025-09-15 22:49:28.037 TRACE : trigger interaction 0xc00044b680 416/1200
[TRACE] Decoding transaction bytes of length: 229
[TRACE] Transaction type: 6
[TRACE] Successfully decoded transaction with hash: c1119ee47986cfd2c56e6de92580d26f828f556885197d69aaf33780d2227ae3
2025-09-15 22:49:28.038 TRACE client[0]: Processing transaction with hash: c1119ee47986cfd2c56e6de92580d26f828f556885197d69aaf33780d2227ae3
2025-09-15 22:49:28.038 DEBUG client[0]: Submitting transaction c1119ee47986cfd2c56e6de92580d26f828f556885197d69aaf33780d2227ae3
2025-09-15 22:49:28.121 TRACE : trigger interaction 0xc00044b770 417/1200
[TRACE] Decoding transaction bytes of length: 229
[TRACE] Transaction type: 6
[TRACE] Successfully decoded transaction with hash: c86d5856979275cc5a8b3bb4a4d87c1f54d302c14bb38fe0163ffeff2d0f4f95
2025-09-15 22:49:28.121 TRACE client[0]: Processing transaction with hash: c86d5856979275cc5a8b3bb4a4d87c1f54d302c14bb38fe0163ffeff2d0f4f95
2025-09-15 22:49:28.121 DEBUG client[0]: Submitting transaction c86d5856979275cc5a8b3bb4a4d87c1f54d302c14bb38fe0163ffeff2d0f4f95
2025-09-15 22:49:28.203 TRACE : trigger interaction 0xc0005a4690 418/1200
[TRACE] Decoding transaction bytes of length: 229
[TRACE] Transaction type: 6
[TRACE] Successfully decoded transaction with hash: ce3110e376cd13f87d2d9f880a9cbef61be7f1fc22124baedf07f7ec920b999e
2025-09-15 22:49:28.204 TRACE client[0]: Processing transaction with hash: ce3110e376cd13f87d2d9f880a9cbef61be7f1fc22124baedf07f7ec920b999e
2025-09-15 22:49:28.204 DEBUG client[0]: Submitting transaction ce3110e376cd13f87d2d9f880a9cbef61be7f1fc22124baedf07f7ec920b999e
2025-09-15 22:49:28.287 TRACE : trigger interaction 0xc0005a4780 419/1200
[TRACE] Decoding transaction bytes of length: 229
[TRACE] Transaction type: 6
[TRACE] Successfully decoded transaction with hash: a552bd53f35a05bad7f2315884dd4d2cb85ac7842e88f3bcae4c349a59901d1c
2025-09-15 22:49:28.288 TRACE client[0]: Processing transaction with hash: a552bd53f35a05bad7f2315884dd4d2cb85ac7842e88f3bcae4c349a59901d1c
2025-09-15 22:49:28.288 DEBUG client[0]: Submitting transaction a552bd53f35a05bad7f2315884dd4d2cb85ac7842e88f3bcae4c349a59901d1c
2025-09-15 22:49:28.371 TRACE : trigger interaction 0xc0005a4870 420/1200
[TRACE] Decoding transaction bytes of length: 229
[TRACE] Transaction type: 6
[TRACE] Successfully decoded transaction with hash: ef3825144abcda00acb978867c06889c2c26cb71475c9b58b2f040c77beb8575
2025-09-15 22:49:28.371 TRACE client[0]: Processing transaction with hash: ef3825144abcda00acb978867c06889c2c26cb71475c9b58b2f040c77beb8575
2025-09-15 22:49:28.371 DEBUG client[0]: Submitting transaction ef3825144abcda00acb978867c06889c2c26cb71475c9b58b2f040c77beb8575
2025-09-15 22:49:28.454 TRACE : trigger interaction 0xc0005a4960 421/1200
[TRACE] Decoding transaction bytes of length: 229
[TRACE] Transaction type: 6
[TRACE] Successfully decoded transaction with hash: de652a602abf81e82a40d596682d7968656091d1a98535aa2e7d9bf1596ce78e
2025-09-15 22:49:28.454 TRACE client[0]: Processing transaction with hash: de652a602abf81e82a40d596682d7968656091d1a98535aa2e7d9bf1596ce78e
2025-09-15 22:49:28.454 DEBUG client[0]: Submitting transaction de652a602abf81e82a40d596682d7968656091d1a98535aa2e7d9bf1596ce78e
2025-09-15 22:49:28.537 TRACE : trigger interaction 0xc0005a4a50 422/1200
[TRACE] Decoding transaction bytes of length: 229
[TRACE] Transaction type: 6
[TRACE] Successfully decoded transaction with hash: dc9a68d6036a49663ab681189d0b767388c81d6567b38ffb5680989b59d2d909
2025-09-15 22:49:28.537 TRACE client[0]: Processing transaction with hash: dc9a68d6036a49663ab681189d0b767388c81d6567b38ffb5680989b59d2d909
2025-09-15 22:49:28.537 DEBUG client[0]: Submitting transaction dc9a68d6036a49663ab681189d0b767388c81d6567b38ffb5680989b59d2d909
2025-09-15 22:49:28.618 TRACE client[0]: Found transaction in block: 73ba2d90615d601bd04a63f1802533cec00d2dcc8b22473a61af470832e4288e
2025-09-15 22:49:28.618 TRACE client[0]: Found transaction in block: 33799207d9c2f8a92dbb30f1d29ec6fe247c22cc8fd8b71a5bcb5be730931bcf
2025-09-15 22:49:28.618 TRACE client[0]: Found transaction in block: ae62b7a21dd83afa06ee123b6b8528b8595361d66b03c9a4d8f190ddfb3948f5
2025-09-15 22:49:28.618 TRACE client[0]: Found transaction in block: e20dbdcfa9a1da403b396d4dce05df9d329eb67f4a1cccbd009c5ff2bbd3af62
2025-09-15 22:49:28.618 TRACE client[0]: Found transaction in block: f46d6d5dbb3366f882999041c7f21671184db08043eb3fd46d8e78803b801dab
2025-09-15 22:49:28.618 TRACE client[0]: Found transaction in block: b1df3553ebba390cb0156151681d231413afd2f51a748ef86c1acb368e32410a
2025-09-15 22:49:28.618 TRACE client[0]: Found transaction in block: 53c2af67b60c91b5edda1de6902f092a04dfb3d82466df60438d08347c81b982
2025-09-15 22:49:28.618 TRACE client[0]: Found transaction in block: 1f2be50650e8474ca763c72cadb1a20edfb81723a52656d97bd831bfcd80f0b1
2025-09-15 22:49:28.618 TRACE client[0]: Found transaction in block: 162031bea464539b442b06db101559be603c47f309f9f11ae714adcba05a0230
2025-09-15 22:49:28.618 TRACE client[0]: Found transaction in block: 4d13f92e004779321d99e605338e49ddd30bca8da701ff2584a1126740dc9241
2025-09-15 22:49:28.618 TRACE client[0]: Found transaction in block: 76b730c77476ef25ef19594942f97187f1ea68cde51f34f497aff42baa6bb72d
2025-09-15 22:49:28.618 TRACE client[0]: Found transaction in block: e427eb64e6a77f1840b5382a861fb5213b4b68dc241ddd8def947a47ffe9ae6e
2025-09-15 22:49:28.618 TRACE client[0]: Found transaction in block: e12199c035639f0407f9ae0405e7ff8e6f80e5e9bf47166128f9dfa43c031de8
2025-09-15 22:49:28.618 TRACE client[0]: Found transaction in block: b988e6e40d0bddddce0bd5eff4e6705b9c9037ecd0ae959d63c1b6e41c8e3b7d
2025-09-15 22:49:28.618 TRACE client[0]: Found transaction in block: bf86c62ad671233e055c3345b3d9657185a1865ce3565ccf502ab9a3ff0daee4
2025-09-15 22:49:28.618 TRACE client[0]: Found transaction in block: c88cd7a326a6d7673245e92a3b80aa1d18752a55d2ce5dac2ef191ee1d71c6bd
2025-09-15 22:49:28.618 TRACE client[0]: Found transaction in block: 7963e0ffa516cb2edd4ca1d01bbf3f8d2d1dc5700d1eaa25c0aab737304d556f
2025-09-15 22:49:28.618 TRACE client[0]: Found transaction in block: 6034d3aae91e063b7be3883f91fd4da84ea27db734a901c0e7c137ec3f44c617
2025-09-15 22:49:28.618 TRACE client[0]: Found transaction in block: 496d12a132ed7792c31ee134753b1aabbd96043ad4a85138cb89f1265b76be14
2025-09-15 22:49:28.618 TRACE client[0]: Found transaction in block: bca24eca059ef495c99d784030a6696be6e7e3ad1d5ae8419414a814d39943e9
2025-09-15 22:49:28.618 TRACE client[0]: Found transaction in block: aca0be173cf6f4cb6b5726e342ae3655c3a2d0d7172f445a7a5746ba3c2b53fd
2025-09-15 22:49:28.618 TRACE client[0]: Found transaction in block: b8332a3e572f6d2ccd6a2468121322aed807a767e16f82d1abc52689513c45c6
2025-09-15 22:49:28.618 TRACE client[0]: Found transaction in block: 6db2cd9eda8fcd7bed5c121a3eaf71d40fcf608373fe61553f255c725091bf62
2025-09-15 22:49:28.618 TRACE client[0]: Found transaction in block: e762f680b62946e02f3b311073a41625a53770611684932fca7f3aff5e578027
2025-09-15 22:49:28.618 TRACE client[0]: Found transaction in block: 55999a4603a9c6234d211f6e23b4e2aaf805cebffe6265dfa32d7a96dcb34afb
2025-09-15 22:49:28.618 TRACE client[0]: Found transaction in block: e7c75629976077152b90478547cc1933616a80b36679ee10e52fddc2558391a6
2025-09-15 22:49:28.618 TRACE client[0]: Found transaction in block: 24bcfe4d503c1826529f46c28f8fe64b5bf34cbb5927c82b91e641df43d6d201
2025-09-15 22:49:28.618 TRACE client[0]: Found transaction in block: dbb83f202e99bb780435bde6ab37a84d3872507f4017f650026df90d74272c1c
2025-09-15 22:49:28.618 TRACE client[0]: Found transaction in block: a92d4f1dd958bd482817529682ea21da6b4dc09c96c962814658aa6bfcae6e9a
2025-09-15 22:49:28.618 TRACE client[0]: Found transaction in block: df4f390d4a27c2c03a77428dec78d95585220a906554c0dfd5bb8633b8309afa
2025-09-15 22:49:28.618 TRACE client[0]: Found transaction in block: 870b0b8bee7896581b34e048ab4cdc2017d6372debe2e3dfe8fb8f7e66a2f313
2025-09-15 22:49:28.618 TRACE client[0]: Found transaction in block: 3d6ea2a252f1f118d31b7b0860b33817e06af2555c63cd73660401f9e555f23e
2025-09-15 22:49:28.618 TRACE client[0]: Found transaction in block: 43a17ffd8eb974eb47f696ea9dc1b114e05530a2040e7f70bf9d88283d763003
2025-09-15 22:49:28.618 TRACE client[0]: Found transaction in block: 44f93de15725db69bd2435f7b1f8758212a5b4630be37f2837a1d213acaa1f4c
2025-09-15 22:49:28.618 TRACE client[0]: Found transaction in block: ac3a264c5acd382c6d109e5e6d202836d2dda0541e4aa144707f4dd84dedfcef
2025-09-15 22:49:28.618 TRACE client[0]: Found transaction in block: 97a38aa09d6e75933a58c3287dc06824da1d2d912de4a96b914d9d980907b1d7
2025-09-15 22:49:28.618 TRACE client[0]: Found transaction in block: 389d146b1415c146bf1c93e083872c7423b23efc31ac857b4e2b5ae0288b45a2
2025-09-15 22:49:28.618 TRACE client[0]: Found transaction in block: 44d2d4e7c7b58b2dbc06ae4550387430ef9372b643498c5073b7267e375ea15d
2025-09-15 22:49:28.618 TRACE client[0]: Found transaction in block: 848d09a14ed7d8d48a80ce4a64c17637ebea5074b075a99841f3789f4c588a1a
2025-09-15 22:49:28.618 TRACE client[0]: Found transaction in block: 771633dd766239ab73fb41a90c26158c7a58972c4126743225861d4f24edbadc
2025-09-15 22:49:28.618 TRACE client[0]: Found transaction in block: 53374d3fb498b694e96c41440f479d24f18b6ed61651a70d272f4ffb3f7c6fba
2025-09-15 22:49:28.618 TRACE client[0]: Found transaction in block: 880b86b8609fb1267f7497a97dba4c23113b920ce94d75e2606e715b07063df4
2025-09-15 22:49:28.618 TRACE client[0]: Found transaction in block: ca2a76fb4893b9926b4a3fcccae0ff8f98b868c3a72c7b35168fdead4fa4d371
2025-09-15 22:49:28.618 TRACE client[0]: Found transaction in block: c1119ee47986cfd2c56e6de92580d26f828f556885197d69aaf33780d2227ae3
2025-09-15 22:49:28.618 TRACE client[0]: Found transaction in block: c86d5856979275cc5a8b3bb4a4d87c1f54d302c14bb38fe0163ffeff2d0f4f95
2025-09-15 22:49:28.618 TRACE client[0]: Found transaction in block: ce3110e376cd13f87d2d9f880a9cbef61be7f1fc22124baedf07f7ec920b999e
2025-09-15 22:49:28.618 TRACE client[0]: Found transaction in block: a552bd53f35a05bad7f2315884dd4d2cb85ac7842e88f3bcae4c349a59901d1c
2025-09-15 22:49:28.618 TRACE client[0]: Found transaction in block: ef3825144abcda00acb978867c06889c2c26cb71475c9b58b2f040c77beb8575
2025-09-15 22:49:28.618 TRACE client[0]: Found transaction in block: de652a602abf81e82a40d596682d7968656091d1a98535aa2e7d9bf1596ce78e
2025-09-15 22:49:28.618 TRACE client[0]: Found transaction in block: dc9a68d6036a49663ab681189d0b767388c81d6567b38ffb5680989b59d2d909
2025-09-15 22:49:28.620 TRACE : trigger interaction 0xc0005a4b40 423/1200
[TRACE] Decoding transaction bytes of length: 229
[TRACE] Transaction type: 6
[TRACE] Successfully decoded transaction with hash: 90b54f09e6a4be323477ba6dc336cb5ddf7645a05d0083979d8d07fe7c97e7fa
2025-09-15 22:49:28.620 TRACE client[0]: Processing transaction with hash: 90b54f09e6a4be323477ba6dc336cb5ddf7645a05d0083979d8d07fe7c97e7fa
2025-09-15 22:49:28.620 DEBUG client[0]: Submitting transaction 90b54f09e6a4be323477ba6dc336cb5ddf7645a05d0083979d8d07fe7c97e7fa
2025-09-15 22:49:28.703 TRACE : trigger interaction 0xc0005a4c30 424/1200
[TRACE] Decoding transaction bytes of length: 229
[TRACE] Transaction type: 6
[TRACE] Successfully decoded transaction with hash: 17fd219e8084e931a6b6f07f8018457e7ba821def2071407b67b93f5aff5b392
2025-09-15 22:49:28.704 TRACE client[0]: Processing transaction with hash: 17fd219e8084e931a6b6f07f8018457e7ba821def2071407b67b93f5aff5b392
2025-09-15 22:49:28.704 DEBUG client[0]: Submitting transaction 17fd219e8084e931a6b6f07f8018457e7ba821def2071407b67b93f5aff5b392
2025-09-15 22:49:28.787 TRACE : trigger interaction 0xc0005a4d20 425/1200
[TRACE] Decoding transaction bytes of length: 229
[TRACE] Transaction type: 6
[TRACE] Successfully decoded transaction with hash: 1515a551e735be4234c6d3ce7933998befd006d50ae4acc572f5fc3955c847d6
2025-09-15 22:49:28.787 TRACE client[0]: Processing transaction with hash: 1515a551e735be4234c6d3ce7933998befd006d50ae4acc572f5fc3955c847d6
2025-09-15 22:49:28.787 DEBUG client[0]: Submitting transaction 1515a551e735be4234c6d3ce7933998befd006d50ae4acc572f5fc3955c847d6
2025-09-15 22:49:28.870 TRACE : trigger interaction 0xc0005a4e10 426/1200
[TRACE] Decoding transaction bytes of length: 230
[TRACE] Transaction type: 6
[TRACE] Successfully decoded transaction with hash: 572909435f2dac158e975c27118745270f78de5fccf6c7619b6b7a2c9eee440a
2025-09-15 22:49:28.871 TRACE client[0]: Processing transaction with hash: 572909435f2dac158e975c27118745270f78de5fccf6c7619b6b7a2c9eee440a
2025-09-15 22:49:28.871 DEBUG client[0]: Submitting transaction 572909435f2dac158e975c27118745270f78de5fccf6c7619b6b7a2c9eee440a
2025-09-15 22:49:28.953 TRACE : trigger interaction 0xc0005a4f00 427/1200
[TRACE] Decoding transaction bytes of length: 230
[TRACE] Transaction type: 6
[TRACE] Successfully decoded transaction with hash: a54259cba9180184a8018ecbf887161116eef4b4eeb462c71fab343cf62da332
2025-09-15 22:49:28.954 TRACE client[0]: Processing transaction with hash: a54259cba9180184a8018ecbf887161116eef4b4eeb462c71fab343cf62da332
2025-09-15 22:49:28.954 DEBUG client[0]: Submitting transaction a54259cba9180184a8018ecbf887161116eef4b4eeb462c71fab343cf62da332
2025-09-15 22:49:29.037 TRACE : trigger interaction 0xc0005a4ff0 428/1200
[TRACE] Decoding transaction bytes of length: 230
[TRACE] Transaction type: 6
[TRACE] Successfully decoded transaction with hash: bb0627df3a50fe76e9408c4d4cb9c3d44eae5f6ad9bfff540498c5859a8f42e0
2025-09-15 22:49:29.037 TRACE client[0]: Processing transaction with hash: bb0627df3a50fe76e9408c4d4cb9c3d44eae5f6ad9bfff540498c5859a8f42e0
2025-09-15 22:49:29.037 DEBUG client[0]: Submitting transaction bb0627df3a50fe76e9408c4d4cb9c3d44eae5f6ad9bfff540498c5859a8f42e0
2025-09-15 22:49:29.120 TRACE : trigger interaction 0xc0005a50e0 429/1200
[TRACE] Decoding transaction bytes of length: 230
[TRACE] Transaction type: 6
[TRACE] Successfully decoded transaction with hash: e126ed704523a4f1c40c5c284fa76c57a48c12bac2f6a96dabcd3f0235408cb3
2025-09-15 22:49:29.121 TRACE client[0]: Processing transaction with hash: e126ed704523a4f1c40c5c284fa76c57a48c12bac2f6a96dabcd3f0235408cb3
2025-09-15 22:49:29.121 DEBUG client[0]: Submitting transaction e126ed704523a4f1c40c5c284fa76c57a48c12bac2f6a96dabcd3f0235408cb3
2025-09-15 22:49:29.204 TRACE : trigger interaction 0xc0005a51d0 430/1200
[TRACE] Decoding transaction bytes of length: 230
[TRACE] Transaction type: 6
[TRACE] Successfully decoded transaction with hash: 1ff81a18ff7e80e2df32a3b5e5eb09fd3c5a28314d56a9f6d71dedac168befd8
2025-09-15 22:49:29.205 TRACE client[0]: Processing transaction with hash: 1ff81a18ff7e80e2df32a3b5e5eb09fd3c5a28314d56a9f6d71dedac168befd8
2025-09-15 22:49:29.205 DEBUG client[0]: Submitting transaction 1ff81a18ff7e80e2df32a3b5e5eb09fd3c5a28314d56a9f6d71dedac168befd8
2025-09-15 22:49:29.287 TRACE : trigger interaction 0xc0005a52c0 431/1200
[TRACE] Decoding transaction bytes of length: 230
[TRACE] Transaction type: 6
[TRACE] Successfully decoded transaction with hash: 48d42b1fee54b2ff5d8121f92516044d7f09582552836da0f09d6fb2f8dac135
2025-09-15 22:49:29.287 TRACE client[0]: Processing transaction with hash: 48d42b1fee54b2ff5d8121f92516044d7f09582552836da0f09d6fb2f8dac135
2025-09-15 22:49:29.287 DEBUG client[0]: Submitting transaction 48d42b1fee54b2ff5d8121f92516044d7f09582552836da0f09d6fb2f8dac135
2025-09-15 22:49:29.370 TRACE : trigger interaction 0xc0005a53b0 432/1200
[TRACE] Decoding transaction bytes of length: 230
[TRACE] Transaction type: 6
[TRACE] Successfully decoded transaction with hash: 597e0afc0667a0635056496e0eafa297ff0afb5f58446623b3e529924581336d
2025-09-15 22:49:29.371 TRACE client[0]: Processing transaction with hash: 597e0afc0667a0635056496e0eafa297ff0afb5f58446623b3e529924581336d
2025-09-15 22:49:29.371 DEBUG client[0]: Submitting transaction 597e0afc0667a0635056496e0eafa297ff0afb5f58446623b3e529924581336d
2025-09-15 22:49:29.453 TRACE : trigger interaction 0xc0005a54a0 433/1200
[TRACE] Decoding transaction bytes of length: 230
[TRACE] Transaction type: 6
[TRACE] Successfully decoded transaction with hash: 3573203f2c93bf27e819fa1234ceefe871aad4ae70f3fee9cdb7c1b9ecd328a9
2025-09-15 22:49:29.454 TRACE client[0]: Processing transaction with hash: 3573203f2c93bf27e819fa1234ceefe871aad4ae70f3fee9cdb7c1b9ecd328a9
2025-09-15 22:49:29.454 DEBUG client[0]: Submitting transaction 3573203f2c93bf27e819fa1234ceefe871aad4ae70f3fee9cdb7c1b9ecd328a9
2025-09-15 22:49:29.537 TRACE : trigger interaction 0xc000530d20 434/1200
[TRACE] Decoding transaction bytes of length: 230
[TRACE] Transaction type: 6
[TRACE] Successfully decoded transaction with hash: e50435ff8679889aec83fdd19eb71f1c4c121a7d65eefda671030c3f27d3a6a1
2025-09-15 22:49:29.537 TRACE client[0]: Processing transaction with hash: e50435ff8679889aec83fdd19eb71f1c4c121a7d65eefda671030c3f27d3a6a1
2025-09-15 22:49:29.537 DEBUG client[0]: Submitting transaction e50435ff8679889aec83fdd19eb71f1c4c121a7d65eefda671030c3f27d3a6a1
2025-09-15 22:49:29.620 TRACE : trigger interaction 0xc000530e10 435/1200
[TRACE] Decoding transaction bytes of length: 230
[TRACE] Transaction type: 6
[TRACE] Successfully decoded transaction with hash: 981d64d6060395c8c073a7ac9a0703c61ed318b94a1122baef80317a7b82aff7
2025-09-15 22:49:29.620 TRACE client[0]: Processing transaction with hash: 981d64d6060395c8c073a7ac9a0703c61ed318b94a1122baef80317a7b82aff7
2025-09-15 22:49:29.620 DEBUG client[0]: Submitting transaction 981d64d6060395c8c073a7ac9a0703c61ed318b94a1122baef80317a7b82aff7
2025-09-15 22:49:29.704 TRACE : trigger interaction 0xc000530f00 436/1200
[TRACE] Decoding transaction bytes of length: 230
[TRACE] Transaction type: 6
[TRACE] Successfully decoded transaction with hash: 6d4c28bb8d9b0c6bd3942a09d817d205b4a45cb7b7d4efa625fb1f55b9ee1223
2025-09-15 22:49:29.704 TRACE client[0]: Processing transaction with hash: 6d4c28bb8d9b0c6bd3942a09d817d205b4a45cb7b7d4efa625fb1f55b9ee1223
2025-09-15 22:49:29.704 DEBUG client[0]: Submitting transaction 6d4c28bb8d9b0c6bd3942a09d817d205b4a45cb7b7d4efa625fb1f55b9ee1223
2025-09-15 22:49:29.787 TRACE : trigger interaction 0xc000530ff0 437/1200
[TRACE] Decoding transaction bytes of length: 230
[TRACE] Transaction type: 6
[TRACE] Successfully decoded transaction with hash: aec398eca06dfa40b7e69254bd88f8771d8261d7bf3b9985fb4cc06b9a6092c5
2025-09-15 22:49:29.788 TRACE client[0]: Processing transaction with hash: aec398eca06dfa40b7e69254bd88f8771d8261d7bf3b9985fb4cc06b9a6092c5
2025-09-15 22:49:29.788 DEBUG client[0]: Submitting transaction aec398eca06dfa40b7e69254bd88f8771d8261d7bf3b9985fb4cc06b9a6092c5
2025-09-15 22:49:29.870 TRACE : trigger interaction 0xc0005310e0 438/1200
[TRACE] Decoding transaction bytes of length: 230
[TRACE] Transaction type: 6
[TRACE] Successfully decoded transaction with hash: 0cee163520ff803e66a1d0d98990f15ec717769a808a344367bf5e29611d9147
2025-09-15 22:49:29.871 TRACE client[0]: Processing transaction with hash: 0cee163520ff803e66a1d0d98990f15ec717769a808a344367bf5e29611d9147
2025-09-15 22:49:29.871 DEBUG client[0]: Submitting transaction 0cee163520ff803e66a1d0d98990f15ec717769a808a344367bf5e29611d9147
2025-09-15 22:49:29.953 TRACE : trigger interaction 0xc0005311d0 439/1200
[TRACE] Decoding transaction bytes of length: 230
[TRACE] Transaction type: 6
[TRACE] Successfully decoded transaction with hash: 1f3327189618780c97dff49264a03992d2106af6f2aa17ee08725703102019ef
2025-09-15 22:49:29.954 TRACE client[0]: Processing transaction with hash: 1f3327189618780c97dff49264a03992d2106af6f2aa17ee08725703102019ef
2025-09-15 22:49:29.954 DEBUG client[0]: Submitting transaction 1f3327189618780c97dff49264a03992d2106af6f2aa17ee08725703102019ef
2025-09-15 22:49:30.037 TRACE : trigger interaction 0xc0005312c0 440/1200
[TRACE] Decoding transaction bytes of length: 230
[TRACE] Transaction type: 6
[TRACE] Successfully decoded transaction with hash: 989ed143b276e9d6ba6fabff60e4082e58689e42529ecbcd60072f74a2f19586
2025-09-15 22:49:30.038 TRACE client[0]: Processing transaction with hash: 989ed143b276e9d6ba6fabff60e4082e58689e42529ecbcd60072f74a2f19586
2025-09-15 22:49:30.038 DEBUG client[0]: Submitting transaction 989ed143b276e9d6ba6fabff60e4082e58689e42529ecbcd60072f74a2f19586
2025-09-15 22:49:30.121 TRACE : trigger interaction 0xc0005313b0 441/1200
[TRACE] Decoding transaction bytes of length: 230
[TRACE] Transaction type: 6
[TRACE] Successfully decoded transaction with hash: d93b3769202d03e16671a7440b567824d8b1da609059b54aba3aaa77bbcaaed6
2025-09-15 22:49:30.121 TRACE client[0]: Processing transaction with hash: d93b3769202d03e16671a7440b567824d8b1da609059b54aba3aaa77bbcaaed6
2025-09-15 22:49:30.121 DEBUG client[0]: Submitting transaction d93b3769202d03e16671a7440b567824d8b1da609059b54aba3aaa77bbcaaed6
2025-09-15 22:49:30.204 TRACE : trigger interaction 0xc0005314a0 442/1200
[TRACE] Decoding transaction bytes of length: 230
[TRACE] Transaction type: 6
[TRACE] Successfully decoded transaction with hash: 754cafba81e110293bed83f6ae2d90cc47e4953aaf412dc40aa54df5dfbcf4c4
2025-09-15 22:49:30.204 TRACE client[0]: Processing transaction with hash: 754cafba81e110293bed83f6ae2d90cc47e4953aaf412dc40aa54df5dfbcf4c4
2025-09-15 22:49:30.204 DEBUG client[0]: Submitting transaction 754cafba81e110293bed83f6ae2d90cc47e4953aaf412dc40aa54df5dfbcf4c4
2025-09-15 22:49:30.287 TRACE : trigger interaction 0xc000531590 443/1200
[TRACE] Decoding transaction bytes of length: 230
[TRACE] Transaction type: 6
[TRACE] Successfully decoded transaction with hash: 2e5fe8b4dbd4ab9285a63fc924e27fd73c765ab691ca793ebbcdba177510741e
2025-09-15 22:49:30.288 TRACE client[0]: Processing transaction with hash: 2e5fe8b4dbd4ab9285a63fc924e27fd73c765ab691ca793ebbcdba177510741e
2025-09-15 22:49:30.288 DEBUG client[0]: Submitting transaction 2e5fe8b4dbd4ab9285a63fc924e27fd73c765ab691ca793ebbcdba177510741e
2025-09-15 22:49:30.370 TRACE : trigger interaction 0xc000531680 444/1200
[TRACE] Decoding transaction bytes of length: 230
[TRACE] Transaction type: 6
[TRACE] Successfully decoded transaction with hash: bb13880772e59dc3b1a7d677a744a68af76033bfbe2a9e0ae8b8b1a287dcae98
2025-09-15 22:49:30.371 TRACE client[0]: Processing transaction with hash: bb13880772e59dc3b1a7d677a744a68af76033bfbe2a9e0ae8b8b1a287dcae98
2025-09-15 22:49:30.371 DEBUG client[0]: Submitting transaction bb13880772e59dc3b1a7d677a744a68af76033bfbe2a9e0ae8b8b1a287dcae98
2025-09-15 22:49:30.453 TRACE : trigger interaction 0xc000531770 445/1200
[TRACE] Decoding transaction bytes of length: 230
[TRACE] Transaction type: 6
[TRACE] Successfully decoded transaction with hash: 0a51a4c8ba3b5fc0deabd9f6a8bbd1bf9e039fb8cad2ed599e9ce56fcfa7e998
2025-09-15 22:49:30.454 TRACE client[0]: Processing transaction with hash: 0a51a4c8ba3b5fc0deabd9f6a8bbd1bf9e039fb8cad2ed599e9ce56fcfa7e998
2025-09-15 22:49:30.454 DEBUG client[0]: Submitting transaction 0a51a4c8ba3b5fc0deabd9f6a8bbd1bf9e039fb8cad2ed599e9ce56fcfa7e998
2025-09-15 22:49:30.537 TRACE : trigger interaction 0xc000531860 446/1200
[TRACE] Decoding transaction bytes of length: 230
[TRACE] Transaction type: 6
[TRACE] Successfully decoded transaction with hash: 37a91ffaa17c78a0eff7f08ad680987daa1962ce1e4876ce0690b90314119688
2025-09-15 22:49:30.537 TRACE client[0]: Processing transaction with hash: 37a91ffaa17c78a0eff7f08ad680987daa1962ce1e4876ce0690b90314119688
2025-09-15 22:49:30.537 DEBUG client[0]: Submitting transaction 37a91ffaa17c78a0eff7f08ad680987daa1962ce1e4876ce0690b90314119688
2025-09-15 22:49:30.620 TRACE : trigger interaction 0xc000531950 447/1200
[TRACE] Decoding transaction bytes of length: 230
[TRACE] Transaction type: 6
[TRACE] Successfully decoded transaction with hash: 793f70f5ddc2031da342502bf3301340c5cd22b262f2c8a401d4cc6495af2076
2025-09-15 22:49:30.620 TRACE client[0]: Processing transaction with hash: 793f70f5ddc2031da342502bf3301340c5cd22b262f2c8a401d4cc6495af2076
2025-09-15 22:49:30.620 DEBUG client[0]: Submitting transaction 793f70f5ddc2031da342502bf3301340c5cd22b262f2c8a401d4cc6495af2076
2025-09-15 22:49:30.704 TRACE : trigger interaction 0xc000531a40 448/1200
[TRACE] Decoding transaction bytes of length: 230
[TRACE] Transaction type: 6
[TRACE] Successfully decoded transaction with hash: 4f0adcc29845e8fb2d5e22f51a1e0df7d830f04a45a5878f5a03349f2df8f2c3
2025-09-15 22:49:30.704 TRACE client[0]: Processing transaction with hash: 4f0adcc29845e8fb2d5e22f51a1e0df7d830f04a45a5878f5a03349f2df8f2c3
2025-09-15 22:49:30.704 DEBUG client[0]: Submitting transaction 4f0adcc29845e8fb2d5e22f51a1e0df7d830f04a45a5878f5a03349f2df8f2c3
2025-09-15 22:49:30.787 TRACE : trigger interaction 0xc000531b30 449/1200
[TRACE] Decoding transaction bytes of length: 230
[TRACE] Transaction type: 6
[TRACE] Successfully decoded transaction with hash: 1975e46fd2321e39e7e7ba37e614782ff1697eefad4d5c8e4b6ee8584b26fc6e
2025-09-15 22:49:30.787 TRACE client[0]: Processing transaction with hash: 1975e46fd2321e39e7e7ba37e614782ff1697eefad4d5c8e4b6ee8584b26fc6e
2025-09-15 22:49:30.787 DEBUG client[0]: Submitting transaction 1975e46fd2321e39e7e7ba37e614782ff1697eefad4d5c8e4b6ee8584b26fc6e
2025-09-15 22:49:30.871 TRACE : trigger interaction 0xc000531c20 450/1200
[TRACE] Decoding transaction bytes of length: 230
[TRACE] Transaction type: 6
[TRACE] Successfully decoded transaction with hash: 8b7f2e35d0201a1c994357d4bcf7ca1828d718590bb5e6bf045862c7dac767a7
2025-09-15 22:49:30.871 TRACE client[0]: Processing transaction with hash: 8b7f2e35d0201a1c994357d4bcf7ca1828d718590bb5e6bf045862c7dac767a7
2025-09-15 22:49:30.871 DEBUG client[0]: Submitting transaction 8b7f2e35d0201a1c994357d4bcf7ca1828d718590bb5e6bf045862c7dac767a7
2025-09-15 22:49:30.954 TRACE : trigger interaction 0xc00044b860 451/1200
[TRACE] Decoding transaction bytes of length: 230
[TRACE] Transaction type: 6
[TRACE] Successfully decoded transaction with hash: 4077d3f4e3e84bd96b04408f65942a04c6fa52de813dac8ba72246a524550d77
2025-09-15 22:49:30.954 TRACE client[0]: Processing transaction with hash: 4077d3f4e3e84bd96b04408f65942a04c6fa52de813dac8ba72246a524550d77
2025-09-15 22:49:30.954 DEBUG client[0]: Submitting transaction 4077d3f4e3e84bd96b04408f65942a04c6fa52de813dac8ba72246a524550d77
2025-09-15 22:49:31.012 TRACE client[0]: Found transaction in block: 90b54f09e6a4be323477ba6dc336cb5ddf7645a05d0083979d8d07fe7c97e7fa
2025-09-15 22:49:31.012 TRACE client[0]: Found transaction in block: 17fd219e8084e931a6b6f07f8018457e7ba821def2071407b67b93f5aff5b392
2025-09-15 22:49:31.012 TRACE client[0]: Found transaction in block: 1515a551e735be4234c6d3ce7933998befd006d50ae4acc572f5fc3955c847d6
2025-09-15 22:49:31.012 TRACE client[0]: Found transaction in block: 572909435f2dac158e975c27118745270f78de5fccf6c7619b6b7a2c9eee440a
2025-09-15 22:49:31.012 TRACE client[0]: Found transaction in block: a54259cba9180184a8018ecbf887161116eef4b4eeb462c71fab343cf62da332
2025-09-15 22:49:31.012 TRACE client[0]: Found transaction in block: bb0627df3a50fe76e9408c4d4cb9c3d44eae5f6ad9bfff540498c5859a8f42e0
2025-09-15 22:49:31.012 TRACE client[0]: Found transaction in block: e126ed704523a4f1c40c5c284fa76c57a48c12bac2f6a96dabcd3f0235408cb3
2025-09-15 22:49:31.012 TRACE client[0]: Found transaction in block: 1ff81a18ff7e80e2df32a3b5e5eb09fd3c5a28314d56a9f6d71dedac168befd8
2025-09-15 22:49:31.012 TRACE client[0]: Found transaction in block: 48d42b1fee54b2ff5d8121f92516044d7f09582552836da0f09d6fb2f8dac135
2025-09-15 22:49:31.012 TRACE client[0]: Found transaction in block: 597e0afc0667a0635056496e0eafa297ff0afb5f58446623b3e529924581336d
2025-09-15 22:49:31.012 TRACE client[0]: Found transaction in block: 3573203f2c93bf27e819fa1234ceefe871aad4ae70f3fee9cdb7c1b9ecd328a9
2025-09-15 22:49:31.012 TRACE client[0]: Found transaction in block: e50435ff8679889aec83fdd19eb71f1c4c121a7d65eefda671030c3f27d3a6a1
2025-09-15 22:49:31.012 TRACE client[0]: Found transaction in block: 981d64d6060395c8c073a7ac9a0703c61ed318b94a1122baef80317a7b82aff7
2025-09-15 22:49:31.012 TRACE client[0]: Found transaction in block: 6d4c28bb8d9b0c6bd3942a09d817d205b4a45cb7b7d4efa625fb1f55b9ee1223
2025-09-15 22:49:31.012 TRACE client[0]: Found transaction in block: aec398eca06dfa40b7e69254bd88f8771d8261d7bf3b9985fb4cc06b9a6092c5
2025-09-15 22:49:31.012 TRACE client[0]: Found transaction in block: 0cee163520ff803e66a1d0d98990f15ec717769a808a344367bf5e29611d9147
2025-09-15 22:49:31.012 TRACE client[0]: Found transaction in block: 1f3327189618780c97dff49264a03992d2106af6f2aa17ee08725703102019ef
2025-09-15 22:49:31.012 TRACE client[0]: Found transaction in block: 989ed143b276e9d6ba6fabff60e4082e58689e42529ecbcd60072f74a2f19586
2025-09-15 22:49:31.012 TRACE client[0]: Found transaction in block: d93b3769202d03e16671a7440b567824d8b1da609059b54aba3aaa77bbcaaed6
2025-09-15 22:49:31.012 TRACE client[0]: Found transaction in block: 754cafba81e110293bed83f6ae2d90cc47e4953aaf412dc40aa54df5dfbcf4c4
2025-09-15 22:49:31.012 TRACE client[0]: Found transaction in block: 2e5fe8b4dbd4ab9285a63fc924e27fd73c765ab691ca793ebbcdba177510741e
2025-09-15 22:49:31.012 TRACE client[0]: Found transaction in block: bb13880772e59dc3b1a7d677a744a68af76033bfbe2a9e0ae8b8b1a287dcae98
2025-09-15 22:49:31.012 TRACE client[0]: Found transaction in block: 0a51a4c8ba3b5fc0deabd9f6a8bbd1bf9e039fb8cad2ed599e9ce56fcfa7e998
2025-09-15 22:49:31.012 TRACE client[0]: Found transaction in block: 37a91ffaa17c78a0eff7f08ad680987daa1962ce1e4876ce0690b90314119688
2025-09-15 22:49:31.012 TRACE client[0]: Found transaction in block: 793f70f5ddc2031da342502bf3301340c5cd22b262f2c8a401d4cc6495af2076
2025-09-15 22:49:31.012 TRACE client[0]: Found transaction in block: 4f0adcc29845e8fb2d5e22f51a1e0df7d830f04a45a5878f5a03349f2df8f2c3
2025-09-15 22:49:31.012 TRACE client[0]: Found transaction in block: 1975e46fd2321e39e7e7ba37e614782ff1697eefad4d5c8e4b6ee8584b26fc6e
2025-09-15 22:49:31.012 TRACE client[0]: Found transaction in block: 8b7f2e35d0201a1c994357d4bcf7ca1828d718590bb5e6bf045862c7dac767a7
2025-09-15 22:49:31.012 TRACE client[0]: Found transaction in block: 4077d3f4e3e84bd96b04408f65942a04c6fa52de813dac8ba72246a524550d77
2025-09-15 22:49:31.038 TRACE : trigger interaction 0xc00044b950 452/1200
[TRACE] Decoding transaction bytes of length: 230
[TRACE] Transaction type: 6
[TRACE] Successfully decoded transaction with hash: e4ce949b8e313bff6edc730ba2a88f316a4e1197f10f5149e49cd54debd08cfb
2025-09-15 22:49:31.038 TRACE client[0]: Processing transaction with hash: e4ce949b8e313bff6edc730ba2a88f316a4e1197f10f5149e49cd54debd08cfb
2025-09-15 22:49:31.038 DEBUG client[0]: Submitting transaction e4ce949b8e313bff6edc730ba2a88f316a4e1197f10f5149e49cd54debd08cfb
2025-09-15 22:49:31.121 TRACE : trigger interaction 0xc00044ba40 453/1200
[TRACE] Decoding transaction bytes of length: 230
[TRACE] Transaction type: 6
[TRACE] Successfully decoded transaction with hash: e533950554f59d2e90c5662a6ee056af67215dcdf427f6e08437e46b9af10848
2025-09-15 22:49:31.121 TRACE client[0]: Processing transaction with hash: e533950554f59d2e90c5662a6ee056af67215dcdf427f6e08437e46b9af10848
2025-09-15 22:49:31.121 DEBUG client[0]: Submitting transaction e533950554f59d2e90c5662a6ee056af67215dcdf427f6e08437e46b9af10848
2025-09-15 22:49:31.204 TRACE : trigger interaction 0xc00044bb30 454/1200
[TRACE] Decoding transaction bytes of length: 230
[TRACE] Transaction type: 6
[TRACE] Successfully decoded transaction with hash: 76ac470a76aef3949e1495dfe0daa5dcf9204cab33549412756bcb0598ccff91
2025-09-15 22:49:31.204 TRACE client[0]: Processing transaction with hash: 76ac470a76aef3949e1495dfe0daa5dcf9204cab33549412756bcb0598ccff91
2025-09-15 22:49:31.204 DEBUG client[0]: Submitting transaction 76ac470a76aef3949e1495dfe0daa5dcf9204cab33549412756bcb0598ccff91
2025-09-15 22:49:31.287 TRACE : trigger interaction 0xc00044bc20 455/1200
[TRACE] Decoding transaction bytes of length: 230
[TRACE] Transaction type: 6
[TRACE] Successfully decoded transaction with hash: 5fc51c59e933d96905c598136f0ed5336708f1a469df21cb733a4e5a0ac2525b
2025-09-15 22:49:31.288 TRACE client[0]: Processing transaction with hash: 5fc51c59e933d96905c598136f0ed5336708f1a469df21cb733a4e5a0ac2525b
2025-09-15 22:49:31.288 DEBUG client[0]: Submitting transaction 5fc51c59e933d96905c598136f0ed5336708f1a469df21cb733a4e5a0ac2525b
2025-09-15 22:49:31.370 TRACE : trigger interaction 0xc00044bd10 456/1200
[TRACE] Decoding transaction bytes of length: 230
[TRACE] Transaction type: 6
[TRACE] Successfully decoded transaction with hash: 1c38fa4dbcee6bfd322bf921234983bd3cc83359279d3469c5924d0940c0b0b0
2025-09-15 22:49:31.371 TRACE client[0]: Processing transaction with hash: 1c38fa4dbcee6bfd322bf921234983bd3cc83359279d3469c5924d0940c0b0b0
2025-09-15 22:49:31.371 DEBUG client[0]: Submitting transaction 1c38fa4dbcee6bfd322bf921234983bd3cc83359279d3469c5924d0940c0b0b0
2025-09-15 22:49:31.453 TRACE : trigger interaction 0xc00044be00 457/1200
[TRACE] Decoding transaction bytes of length: 230
[TRACE] Transaction type: 6
[TRACE] Successfully decoded transaction with hash: bc7d3b340fbc51181e2aa84f2eaba3c530f9268aab9e46415db24348a97522c6
2025-09-15 22:49:31.454 TRACE client[0]: Processing transaction with hash: bc7d3b340fbc51181e2aa84f2eaba3c530f9268aab9e46415db24348a97522c6
2025-09-15 22:49:31.454 DEBUG client[0]: Submitting transaction bc7d3b340fbc51181e2aa84f2eaba3c530f9268aab9e46415db24348a97522c6
2025-09-15 22:49:31.537 TRACE : trigger interaction 0xc00044bef0 458/1200
[TRACE] Decoding transaction bytes of length: 230
[TRACE] Transaction type: 6
[TRACE] Successfully decoded transaction with hash: 7a1888c6b61ddaf53c57d6e29393d4f62e0f0742cb1faa7f4bba140aa8a96992
2025-09-15 22:49:31.538 TRACE client[0]: Processing transaction with hash: 7a1888c6b61ddaf53c57d6e29393d4f62e0f0742cb1faa7f4bba140aa8a96992
2025-09-15 22:49:31.538 DEBUG client[0]: Submitting transaction 7a1888c6b61ddaf53c57d6e29393d4f62e0f0742cb1faa7f4bba140aa8a96992
2025-09-15 22:49:31.620 TRACE : trigger interaction 0xc000464000 459/1200
[TRACE] Decoding transaction bytes of length: 230
[TRACE] Transaction type: 6
[TRACE] Successfully decoded transaction with hash: db4970e7f10b4be4ef6b50caa90094a6ab97512a457f0dc8976092e879f3a2da
2025-09-15 22:49:31.620 TRACE client[0]: Processing transaction with hash: db4970e7f10b4be4ef6b50caa90094a6ab97512a457f0dc8976092e879f3a2da
2025-09-15 22:49:31.620 DEBUG client[0]: Submitting transaction db4970e7f10b4be4ef6b50caa90094a6ab97512a457f0dc8976092e879f3a2da
2025-09-15 22:49:31.704 TRACE : trigger interaction 0xc0004640f0 460/1200
[TRACE] Decoding transaction bytes of length: 230
[TRACE] Transaction type: 6
[TRACE] Successfully decoded transaction with hash: 754893f9c9d6c68c652b6b70759543e0cee447cf157fbdfa0a4131494fcb5e51
2025-09-15 22:49:31.704 TRACE client[0]: Processing transaction with hash: 754893f9c9d6c68c652b6b70759543e0cee447cf157fbdfa0a4131494fcb5e51
2025-09-15 22:49:31.704 DEBUG client[0]: Submitting transaction 754893f9c9d6c68c652b6b70759543e0cee447cf157fbdfa0a4131494fcb5e51
2025-09-15 22:49:31.787 TRACE : trigger interaction 0xc0004641e0 461/1200
[TRACE] Decoding transaction bytes of length: 230
[TRACE] Transaction type: 6
[TRACE] Successfully decoded transaction with hash: 7f24cc561160cb7e5e483f73d1bc6fa7726ca7004b0293c100541e9811f1d934
2025-09-15 22:49:31.787 TRACE client[0]: Processing transaction with hash: 7f24cc561160cb7e5e483f73d1bc6fa7726ca7004b0293c100541e9811f1d934
2025-09-15 22:49:31.787 DEBUG client[0]: Submitting transaction 7f24cc561160cb7e5e483f73d1bc6fa7726ca7004b0293c100541e9811f1d934
2025-09-15 22:49:31.870 TRACE : trigger interaction 0xc0004642d0 462/1200
[TRACE] Decoding transaction bytes of length: 230
[TRACE] Transaction type: 6
[TRACE] Successfully decoded transaction with hash: b07fcdfadfb7d3eae63f3d5c43bebb50580eac47fe3744ad07bbd6d28ea5b9f5
2025-09-15 22:49:31.870 TRACE client[0]: Processing transaction with hash: b07fcdfadfb7d3eae63f3d5c43bebb50580eac47fe3744ad07bbd6d28ea5b9f5
2025-09-15 22:49:31.870 DEBUG client[0]: Submitting transaction b07fcdfadfb7d3eae63f3d5c43bebb50580eac47fe3744ad07bbd6d28ea5b9f5
2025-09-15 22:49:31.954 TRACE : trigger interaction 0xc0004643c0 463/1200
[TRACE] Decoding transaction bytes of length: 230
[TRACE] Transaction type: 6
[TRACE] Successfully decoded transaction with hash: f50bc4cfd9670ef688d9a39f9e796e9a846f36b42cdce7bc48a2112280790cf8
2025-09-15 22:49:31.955 TRACE client[0]: Processing transaction with hash: f50bc4cfd9670ef688d9a39f9e796e9a846f36b42cdce7bc48a2112280790cf8
2025-09-15 22:49:31.955 DEBUG client[0]: Submitting transaction f50bc4cfd9670ef688d9a39f9e796e9a846f36b42cdce7bc48a2112280790cf8
2025-09-15 22:49:32.037 TRACE : trigger interaction 0xc0004644b0 464/1200
[TRACE] Decoding transaction bytes of length: 230
[TRACE] Transaction type: 6
[TRACE] Successfully decoded transaction with hash: d94ab7c51e2346e74d589ebd899f0b88521c88169bd0b345b2005deec61f6d17
2025-09-15 22:49:32.038 TRACE client[0]: Processing transaction with hash: d94ab7c51e2346e74d589ebd899f0b88521c88169bd0b345b2005deec61f6d17
2025-09-15 22:49:32.038 DEBUG client[0]: Submitting transaction d94ab7c51e2346e74d589ebd899f0b88521c88169bd0b345b2005deec61f6d17
2025-09-15 22:49:32.120 TRACE : trigger interaction 0xc0004645a0 465/1200
[TRACE] Decoding transaction bytes of length: 230
[TRACE] Transaction type: 6
[TRACE] Successfully decoded transaction with hash: 782beb22a17e81512bdbb863f089b0a4e8eee83f8606bb20da97649c0da1a6bd
2025-09-15 22:49:32.121 TRACE client[0]: Processing transaction with hash: 782beb22a17e81512bdbb863f089b0a4e8eee83f8606bb20da97649c0da1a6bd
2025-09-15 22:49:32.121 DEBUG client[0]: Submitting transaction 782beb22a17e81512bdbb863f089b0a4e8eee83f8606bb20da97649c0da1a6bd
2025-09-15 22:49:32.203 TRACE : trigger interaction 0xc000464690 466/1200
[TRACE] Decoding transaction bytes of length: 230
[TRACE] Transaction type: 6
[TRACE] Successfully decoded transaction with hash: 05ee4d5f86226b4a23c12c5dabcfc7680fc88475f6288d42d0570953eb3292e1
2025-09-15 22:49:32.204 TRACE client[0]: Processing transaction with hash: 05ee4d5f86226b4a23c12c5dabcfc7680fc88475f6288d42d0570953eb3292e1
2025-09-15 22:49:32.204 DEBUG client[0]: Submitting transaction 05ee4d5f86226b4a23c12c5dabcfc7680fc88475f6288d42d0570953eb3292e1
2025-09-15 22:49:32.287 TRACE : trigger interaction 0xc000464780 467/1200
[TRACE] Decoding transaction bytes of length: 230
[TRACE] Transaction type: 6
[TRACE] Successfully decoded transaction with hash: 3f00352db54653b09984efb5b35824335dc025616cda98eb8b9c465d14f1a37f
2025-09-15 22:49:32.287 TRACE client[0]: Processing transaction with hash: 3f00352db54653b09984efb5b35824335dc025616cda98eb8b9c465d14f1a37f
2025-09-15 22:49:32.287 DEBUG client[0]: Submitting transaction 3f00352db54653b09984efb5b35824335dc025616cda98eb8b9c465d14f1a37f
2025-09-15 22:49:32.370 TRACE : trigger interaction 0xc000531d10 468/1200
[TRACE] Decoding transaction bytes of length: 230
[TRACE] Transaction type: 6
[TRACE] Successfully decoded transaction with hash: 5e1811d4542d742f5f2f0981fe1d5f1aa76dd4359885c4a873982ae14c4e356a
2025-09-15 22:49:32.371 TRACE client[0]: Processing transaction with hash: 5e1811d4542d742f5f2f0981fe1d5f1aa76dd4359885c4a873982ae14c4e356a
2025-09-15 22:49:32.371 DEBUG client[0]: Submitting transaction 5e1811d4542d742f5f2f0981fe1d5f1aa76dd4359885c4a873982ae14c4e356a
2025-09-15 22:49:32.453 TRACE : trigger interaction 0xc000531e00 469/1200
[TRACE] Decoding transaction bytes of length: 230
[TRACE] Transaction type: 6
[TRACE] Successfully decoded transaction with hash: d4283ed2c5028deaaeb0e8beb4967aa0ac4bb6c4dfc74a6eb778ecadb4f0c140
2025-09-15 22:49:32.454 TRACE client[0]: Processing transaction with hash: d4283ed2c5028deaaeb0e8beb4967aa0ac4bb6c4dfc74a6eb778ecadb4f0c140
2025-09-15 22:49:32.454 DEBUG client[0]: Submitting transaction d4283ed2c5028deaaeb0e8beb4967aa0ac4bb6c4dfc74a6eb778ecadb4f0c140
2025-09-15 22:49:32.537 TRACE : trigger interaction 0xc000531ef0 470/1200
[TRACE] Decoding transaction bytes of length: 230
[TRACE] Transaction type: 6
[TRACE] Successfully decoded transaction with hash: 84737cb4fa3ced85f295ea09dac5ed4f241d56c1f141fd38bc3de4b556c365e4
2025-09-15 22:49:32.537 TRACE client[0]: Processing transaction with hash: 84737cb4fa3ced85f295ea09dac5ed4f241d56c1f141fd38bc3de4b556c365e4
2025-09-15 22:49:32.537 DEBUG client[0]: Submitting transaction 84737cb4fa3ced85f295ea09dac5ed4f241d56c1f141fd38bc3de4b556c365e4
2025-09-15 22:49:32.620 TRACE : trigger interaction 0xc000546000 471/1200
[TRACE] Decoding transaction bytes of length: 230
[TRACE] Transaction type: 6
[TRACE] Successfully decoded transaction with hash: 424e3657feef56971ac60398e6622ba6de9fc929358bd14bd260dd2732d055c9
2025-09-15 22:49:32.620 TRACE client[0]: Processing transaction with hash: 424e3657feef56971ac60398e6622ba6de9fc929358bd14bd260dd2732d055c9
2025-09-15 22:49:32.620 DEBUG client[0]: Submitting transaction 424e3657feef56971ac60398e6622ba6de9fc929358bd14bd260dd2732d055c9
2025-09-15 22:49:32.704 TRACE : trigger interaction 0xc0005460f0 472/1200
[TRACE] Decoding transaction bytes of length: 230
[TRACE] Transaction type: 6
[TRACE] Successfully decoded transaction with hash: 73ad1ba0018ac7ba0dcc3ece058dc8b32cc0ea6bf875aa6168521ca5eea2b97b
2025-09-15 22:49:32.704 TRACE client[0]: Processing transaction with hash: 73ad1ba0018ac7ba0dcc3ece058dc8b32cc0ea6bf875aa6168521ca5eea2b97b
2025-09-15 22:49:32.704 DEBUG client[0]: Submitting transaction 73ad1ba0018ac7ba0dcc3ece058dc8b32cc0ea6bf875aa6168521ca5eea2b97b
2025-09-15 22:49:32.787 TRACE : trigger interaction 0xc0005461e0 473/1200
[TRACE] Decoding transaction bytes of length: 230
[TRACE] Transaction type: 6
[TRACE] Successfully decoded transaction with hash: 0f0a982abd8c05c41aa21b6a2ab77abb0c73272865d6e67bc9ce756993f0e085
2025-09-15 22:49:32.787 TRACE client[0]: Processing transaction with hash: 0f0a982abd8c05c41aa21b6a2ab77abb0c73272865d6e67bc9ce756993f0e085
2025-09-15 22:49:32.787 DEBUG client[0]: Submitting transaction 0f0a982abd8c05c41aa21b6a2ab77abb0c73272865d6e67bc9ce756993f0e085
2025-09-15 22:49:32.870 TRACE : trigger interaction 0xc0005462d0 474/1200
[TRACE] Decoding transaction bytes of length: 230
[TRACE] Transaction type: 6
[TRACE] Successfully decoded transaction with hash: 452bddff96a93646f85636f82fd60afd97572f9776ea1c52bc426da6ab52e997
2025-09-15 22:49:32.870 TRACE client[0]: Processing transaction with hash: 452bddff96a93646f85636f82fd60afd97572f9776ea1c52bc426da6ab52e997
2025-09-15 22:49:32.870 DEBUG client[0]: Submitting transaction 452bddff96a93646f85636f82fd60afd97572f9776ea1c52bc426da6ab52e997
2025-09-15 22:49:32.954 TRACE : trigger interaction 0xc0005463c0 475/1200
[TRACE] Decoding transaction bytes of length: 230
[TRACE] Transaction type: 6
[TRACE] Successfully decoded transaction with hash: 3a92f38d0bdb1e58e1b90a0b2e3f07b69c8766c0f0a22d427f40c62e15070c98
2025-09-15 22:49:32.954 TRACE client[0]: Processing transaction with hash: 3a92f38d0bdb1e58e1b90a0b2e3f07b69c8766c0f0a22d427f40c62e15070c98
2025-09-15 22:49:32.954 DEBUG client[0]: Submitting transaction 3a92f38d0bdb1e58e1b90a0b2e3f07b69c8766c0f0a22d427f40c62e15070c98
2025-09-15 22:49:33.037 TRACE : trigger interaction 0xc0005464b0 476/1200
[TRACE] Decoding transaction bytes of length: 230
[TRACE] Transaction type: 6
[TRACE] Successfully decoded transaction with hash: 5b88f7f4b98c7a033582453b5eb7538cf4e7fffd411096f39095c9e933ed2d31
2025-09-15 22:49:33.037 TRACE client[0]: Processing transaction with hash: 5b88f7f4b98c7a033582453b5eb7538cf4e7fffd411096f39095c9e933ed2d31
2025-09-15 22:49:33.037 DEBUG client[0]: Submitting transaction 5b88f7f4b98c7a033582453b5eb7538cf4e7fffd411096f39095c9e933ed2d31
2025-09-15 22:49:33.120 TRACE : trigger interaction 0xc0005465a0 477/1200
[TRACE] Decoding transaction bytes of length: 230
[TRACE] Transaction type: 6
[TRACE] Successfully decoded transaction with hash: 754d4818e5801db8b340a90523b8ba1c2aa6315f73783d23b071896398c12d97
2025-09-15 22:49:33.121 TRACE client[0]: Processing transaction with hash: 754d4818e5801db8b340a90523b8ba1c2aa6315f73783d23b071896398c12d97
2025-09-15 22:49:33.121 DEBUG client[0]: Submitting transaction 754d4818e5801db8b340a90523b8ba1c2aa6315f73783d23b071896398c12d97
2025-09-15 22:49:33.203 TRACE : trigger interaction 0xc000546690 478/1200
[TRACE] Decoding transaction bytes of length: 230
[TRACE] Transaction type: 6
[TRACE] Successfully decoded transaction with hash: 22e00d215f1c274768858588019366c10b65e5ab08ddb63f4829274ae4c6db43
2025-09-15 22:49:33.204 TRACE client[0]: Processing transaction with hash: 22e00d215f1c274768858588019366c10b65e5ab08ddb63f4829274ae4c6db43
2025-09-15 22:49:33.204 DEBUG client[0]: Submitting transaction 22e00d215f1c274768858588019366c10b65e5ab08ddb63f4829274ae4c6db43
2025-09-15 22:49:33.287 TRACE : trigger interaction 0xc000546780 479/1200
[TRACE] Decoding transaction bytes of length: 230
[TRACE] Transaction type: 6
[TRACE] Successfully decoded transaction with hash: 85359296301e997ac0b61de872fb8e6c428e7d4fd8cfce170abe20333df7c2a1
2025-09-15 22:49:33.287 TRACE client[0]: Processing transaction with hash: 85359296301e997ac0b61de872fb8e6c428e7d4fd8cfce170abe20333df7c2a1
2025-09-15 22:49:33.287 DEBUG client[0]: Submitting transaction 85359296301e997ac0b61de872fb8e6c428e7d4fd8cfce170abe20333df7c2a1
2025-09-15 22:49:33.370 TRACE : trigger interaction 0xc000546870 480/1200
[TRACE] Decoding transaction bytes of length: 230
[TRACE] Transaction type: 6
[TRACE] Successfully decoded transaction with hash: cc3cf442efedf4b6469f902af414ab28a12296588da912d694518e21b4a50c05
2025-09-15 22:49:33.371 TRACE client[0]: Processing transaction with hash: cc3cf442efedf4b6469f902af414ab28a12296588da912d694518e21b4a50c05
2025-09-15 22:49:33.371 DEBUG client[0]: Submitting transaction cc3cf442efedf4b6469f902af414ab28a12296588da912d694518e21b4a50c05
2025-09-15 22:49:33.454 TRACE : trigger interaction 0xc000546960 481/1200
[TRACE] Decoding transaction bytes of length: 230
[TRACE] Transaction type: 6
[TRACE] Successfully decoded transaction with hash: 5476747184c70c4a81ad94162f48a497c556cb5ef21b9b63b207e840931ca99e
2025-09-15 22:49:33.454 TRACE client[0]: Processing transaction with hash: 5476747184c70c4a81ad94162f48a497c556cb5ef21b9b63b207e840931ca99e
2025-09-15 22:49:33.454 DEBUG client[0]: Submitting transaction 5476747184c70c4a81ad94162f48a497c556cb5ef21b9b63b207e840931ca99e
2025-09-15 22:49:33.537 TRACE : trigger interaction 0xc000546a50 482/1200
[TRACE] Decoding transaction bytes of length: 230
[TRACE] Transaction type: 6
[TRACE] Successfully decoded transaction with hash: 7e12c55d263eb4fc83b600c81418078053ec242220db082dd89284afc3353801
2025-09-15 22:49:33.538 TRACE client[0]: Processing transaction with hash: 7e12c55d263eb4fc83b600c81418078053ec242220db082dd89284afc3353801
2025-09-15 22:49:33.538 DEBUG client[0]: Submitting transaction 7e12c55d263eb4fc83b600c81418078053ec242220db082dd89284afc3353801
2025-09-15 22:49:33.620 TRACE : trigger interaction 0xc000546b40 483/1200
[TRACE] Decoding transaction bytes of length: 230
[TRACE] Transaction type: 6
[TRACE] Successfully decoded transaction with hash: c4d0e00c651c5cd71b7682f2117edaadde60e7636cd2042cf1bca44a52463445
2025-09-15 22:49:33.621 TRACE client[0]: Processing transaction with hash: c4d0e00c651c5cd71b7682f2117edaadde60e7636cd2042cf1bca44a52463445
2025-09-15 22:49:33.621 DEBUG client[0]: Submitting transaction c4d0e00c651c5cd71b7682f2117edaadde60e7636cd2042cf1bca44a52463445
2025-09-15 22:49:33.704 TRACE : trigger interaction 0xc000464870 484/1200
[TRACE] Decoding transaction bytes of length: 230
[TRACE] Transaction type: 6
[TRACE] Successfully decoded transaction with hash: e775c9d05eeb4e31dc74723306ff60c87ee31b8f18d3107dd28d35017d0758bd
2025-09-15 22:49:33.704 TRACE client[0]: Processing transaction with hash: e775c9d05eeb4e31dc74723306ff60c87ee31b8f18d3107dd28d35017d0758bd
2025-09-15 22:49:33.704 DEBUG client[0]: Submitting transaction e775c9d05eeb4e31dc74723306ff60c87ee31b8f18d3107dd28d35017d0758bd
2025-09-15 22:49:33.787 TRACE : trigger interaction 0xc000464960 485/1200
[TRACE] Decoding transaction bytes of length: 230
[TRACE] Transaction type: 6
[TRACE] Successfully decoded transaction with hash: f75b234d4e8a09f6c59339afe0d6bf61dcc96fdff01140dda4ff8963ec8434f9
2025-09-15 22:49:33.787 TRACE client[0]: Processing transaction with hash: f75b234d4e8a09f6c59339afe0d6bf61dcc96fdff01140dda4ff8963ec8434f9
2025-09-15 22:49:33.787 DEBUG client[0]: Submitting transaction f75b234d4e8a09f6c59339afe0d6bf61dcc96fdff01140dda4ff8963ec8434f9
2025-09-15 22:49:33.870 TRACE : trigger interaction 0xc000464a50 486/1200
[TRACE] Decoding transaction bytes of length: 230
[TRACE] Transaction type: 6
[TRACE] Successfully decoded transaction with hash: aef8f1c876dd2887f97f31850495a0530c02e29e169112153cbabf81f0a7109f
2025-09-15 22:49:33.871 TRACE client[0]: Processing transaction with hash: aef8f1c876dd2887f97f31850495a0530c02e29e169112153cbabf81f0a7109f
2025-09-15 22:49:33.871 DEBUG client[0]: Submitting transaction aef8f1c876dd2887f97f31850495a0530c02e29e169112153cbabf81f0a7109f
2025-09-15 22:49:33.954 TRACE : trigger interaction 0xc000464b40 487/1200
[TRACE] Decoding transaction bytes of length: 230
[TRACE] Transaction type: 6
[TRACE] Successfully decoded transaction with hash: 366661eb70446caf339eacaa3c9cd62837fcc809cdd81fe0956b8f53b5b49648
2025-09-15 22:49:33.954 TRACE client[0]: Processing transaction with hash: 366661eb70446caf339eacaa3c9cd62837fcc809cdd81fe0956b8f53b5b49648
2025-09-15 22:49:33.954 DEBUG client[0]: Submitting transaction 366661eb70446caf339eacaa3c9cd62837fcc809cdd81fe0956b8f53b5b49648
2025-09-15 22:49:34.037 TRACE : trigger interaction 0xc000464c30 488/1200
[TRACE] Decoding transaction bytes of length: 230
[TRACE] Transaction type: 6
[TRACE] Successfully decoded transaction with hash: 02e0bb9e1b5e5042a1a1875eccf52a760f7be9cd3f1841c52c90895478f24449
2025-09-15 22:49:34.037 TRACE client[0]: Processing transaction with hash: 02e0bb9e1b5e5042a1a1875eccf52a760f7be9cd3f1841c52c90895478f24449
2025-09-15 22:49:34.037 DEBUG client[0]: Submitting transaction 02e0bb9e1b5e5042a1a1875eccf52a760f7be9cd3f1841c52c90895478f24449
2025-09-15 22:49:34.120 TRACE : trigger interaction 0xc000464d20 489/1200
[TRACE] Decoding transaction bytes of length: 230
[TRACE] Transaction type: 6
[TRACE] Successfully decoded transaction with hash: 4a3550eff4986f16fd3e5778b41b8fa2c82702f56612cbc1cd2277a35ac3ba67
2025-09-15 22:49:34.120 TRACE client[0]: Processing transaction with hash: 4a3550eff4986f16fd3e5778b41b8fa2c82702f56612cbc1cd2277a35ac3ba67
2025-09-15 22:49:34.120 DEBUG client[0]: Submitting transaction 4a3550eff4986f16fd3e5778b41b8fa2c82702f56612cbc1cd2277a35ac3ba67
2025-09-15 22:49:34.204 TRACE : trigger interaction 0xc000464e10 490/1200
[TRACE] Decoding transaction bytes of length: 230
[TRACE] Transaction type: 6
[TRACE] Successfully decoded transaction with hash: f69771bde7f5aadbde0872e33c369f2841665ec1c46db4a842fc0ced2c76f8bb
2025-09-15 22:49:34.204 TRACE client[0]: Processing transaction with hash: f69771bde7f5aadbde0872e33c369f2841665ec1c46db4a842fc0ced2c76f8bb
2025-09-15 22:49:34.204 DEBUG client[0]: Submitting transaction f69771bde7f5aadbde0872e33c369f2841665ec1c46db4a842fc0ced2c76f8bb
2025-09-15 22:49:34.287 TRACE : trigger interaction 0xc000464f00 491/1200
[TRACE] Decoding transaction bytes of length: 230
[TRACE] Transaction type: 6
[TRACE] Successfully decoded transaction with hash: 51e463408819e130102a56d19ae0faf8b9d8164fa3cd40908f7cebac840fd781
2025-09-15 22:49:34.288 TRACE client[0]: Processing transaction with hash: 51e463408819e130102a56d19ae0faf8b9d8164fa3cd40908f7cebac840fd781
2025-09-15 22:49:34.288 DEBUG client[0]: Submitting transaction 51e463408819e130102a56d19ae0faf8b9d8164fa3cd40908f7cebac840fd781
2025-09-15 22:49:34.370 TRACE : trigger interaction 0xc000464ff0 492/1200
[TRACE] Decoding transaction bytes of length: 230
[TRACE] Transaction type: 6
[TRACE] Successfully decoded transaction with hash: b4a248bdc14a97560e21e99c3feef6e90d3f94ac96cd376aadff25a0c3ead859
2025-09-15 22:49:34.371 TRACE client[0]: Processing transaction with hash: b4a248bdc14a97560e21e99c3feef6e90d3f94ac96cd376aadff25a0c3ead859
2025-09-15 22:49:34.371 DEBUG client[0]: Submitting transaction b4a248bdc14a97560e21e99c3feef6e90d3f94ac96cd376aadff25a0c3ead859
2025-09-15 22:49:34.453 TRACE : trigger interaction 0xc0004650e0 493/1200
[TRACE] Decoding transaction bytes of length: 230
[TRACE] Transaction type: 6
[TRACE] Successfully decoded transaction with hash: caa3cf65a482d048db7ec8dee6196797286c200b73d01836d82346b430d592c6
2025-09-15 22:49:34.453 TRACE client[0]: Processing transaction with hash: caa3cf65a482d048db7ec8dee6196797286c200b73d01836d82346b430d592c6
2025-09-15 22:49:34.453 DEBUG client[0]: Submitting transaction caa3cf65a482d048db7ec8dee6196797286c200b73d01836d82346b430d592c6
2025-09-15 22:49:34.537 TRACE : trigger interaction 0xc0004651d0 494/1200
[TRACE] Decoding transaction bytes of length: 230
[TRACE] Transaction type: 6
[TRACE] Successfully decoded transaction with hash: ba4e4e742add98ffc8fecb31654d18cf8ad19c894c277618776970554076c884
2025-09-15 22:49:34.537 TRACE client[0]: Processing transaction with hash: ba4e4e742add98ffc8fecb31654d18cf8ad19c894c277618776970554076c884
2025-09-15 22:49:34.537 DEBUG client[0]: Submitting transaction ba4e4e742add98ffc8fecb31654d18cf8ad19c894c277618776970554076c884
2025-09-15 22:49:34.620 TRACE : trigger interaction 0xc0004652c0 495/1200
[TRACE] Decoding transaction bytes of length: 230
[TRACE] Transaction type: 6
[TRACE] Successfully decoded transaction with hash: 6c36274cc7efe6371e1d2ad76c2e376e995e164debd85b64509a947c2f64319a
2025-09-15 22:49:34.620 TRACE client[0]: Processing transaction with hash: 6c36274cc7efe6371e1d2ad76c2e376e995e164debd85b64509a947c2f64319a
2025-09-15 22:49:34.620 DEBUG client[0]: Submitting transaction 6c36274cc7efe6371e1d2ad76c2e376e995e164debd85b64509a947c2f64319a
2025-09-15 22:49:34.704 TRACE : trigger interaction 0xc0004653b0 496/1200
[TRACE] Decoding transaction bytes of length: 230
[TRACE] Transaction type: 6
[TRACE] Successfully decoded transaction with hash: 3839f714ad684f4aea14b7d37068dbbb3b2a7e82880532e844871435d74e7608
2025-09-15 22:49:34.704 TRACE client[0]: Processing transaction with hash: 3839f714ad684f4aea14b7d37068dbbb3b2a7e82880532e844871435d74e7608
2025-09-15 22:49:34.704 DEBUG client[0]: Submitting transaction 3839f714ad684f4aea14b7d37068dbbb3b2a7e82880532e844871435d74e7608
2025-09-15 22:49:34.787 TRACE : trigger interaction 0xc0004654a0 497/1200
[TRACE] Decoding transaction bytes of length: 230
[TRACE] Transaction type: 6
[TRACE] Successfully decoded transaction with hash: 8e37fe1ee47ff8098064f6cbd0693a951caba56ea02a7e7f5aa67ad54b1b5d46
2025-09-15 22:49:34.787 TRACE client[0]: Processing transaction with hash: 8e37fe1ee47ff8098064f6cbd0693a951caba56ea02a7e7f5aa67ad54b1b5d46
2025-09-15 22:49:34.787 DEBUG client[0]: Submitting transaction 8e37fe1ee47ff8098064f6cbd0693a951caba56ea02a7e7f5aa67ad54b1b5d46
2025-09-15 22:49:34.870 TRACE : trigger interaction 0xc000465590 498/1200
[TRACE] Decoding transaction bytes of length: 230
[TRACE] Transaction type: 6
[TRACE] Successfully decoded transaction with hash: 1cb29909a0c2977980177d95e320c1d5afa0c3a9eea7e025cfe335387cce4cdc
2025-09-15 22:49:34.871 TRACE client[0]: Processing transaction with hash: 1cb29909a0c2977980177d95e320c1d5afa0c3a9eea7e025cfe335387cce4cdc
2025-09-15 22:49:34.871 DEBUG client[0]: Submitting transaction 1cb29909a0c2977980177d95e320c1d5afa0c3a9eea7e025cfe335387cce4cdc
2025-09-15 22:49:34.953 TRACE : trigger interaction 0xc000465680 499/1200
[TRACE] Decoding transaction bytes of length: 230
[TRACE] Transaction type: 6
[TRACE] Successfully decoded transaction with hash: a63a727870202183619e343ee332d0cba04c1b2df9f65d5e928b1d4b6ae72acf
2025-09-15 22:49:34.954 TRACE client[0]: Processing transaction with hash: a63a727870202183619e343ee332d0cba04c1b2df9f65d5e928b1d4b6ae72acf
2025-09-15 22:49:34.954 DEBUG client[0]: Submitting transaction a63a727870202183619e343ee332d0cba04c1b2df9f65d5e928b1d4b6ae72acf
2025-09-15 22:49:35.037 TRACE : trigger interaction 0xc000465770 500/1200
[TRACE] Decoding transaction bytes of length: 230
[TRACE] Transaction type: 6
[TRACE] Successfully decoded transaction with hash: dde45ad63c6f57d128c515176ac34b8f4095022b241f7cfcb07ec6da275d6a66
2025-09-15 22:49:35.038 TRACE client[0]: Processing transaction with hash: dde45ad63c6f57d128c515176ac34b8f4095022b241f7cfcb07ec6da275d6a66
2025-09-15 22:49:35.038 DEBUG client[0]: Submitting transaction dde45ad63c6f57d128c515176ac34b8f4095022b241f7cfcb07ec6da275d6a66
2025-09-15 22:49:35.121 TRACE : trigger interaction 0xc000546c30 501/1200
[TRACE] Decoding transaction bytes of length: 230
[TRACE] Transaction type: 6
[TRACE] Successfully decoded transaction with hash: a3df72123325d8a5cd2e761a3cd40ce8237f2e3a5658f79817e2391cb81e9c10
2025-09-15 22:49:35.121 TRACE client[0]: Processing transaction with hash: a3df72123325d8a5cd2e761a3cd40ce8237f2e3a5658f79817e2391cb81e9c10
2025-09-15 22:49:35.121 DEBUG client[0]: Submitting transaction a3df72123325d8a5cd2e761a3cd40ce8237f2e3a5658f79817e2391cb81e9c10
2025-09-15 22:49:35.204 TRACE : trigger interaction 0xc000546d20 502/1200
[TRACE] Decoding transaction bytes of length: 230
[TRACE] Transaction type: 6
[TRACE] Successfully decoded transaction with hash: 790fbcfbdd5caee7296ce6f215da67177cc94fb090adbf0fdde33fff76dadc16
2025-09-15 22:49:35.205 TRACE client[0]: Processing transaction with hash: 790fbcfbdd5caee7296ce6f215da67177cc94fb090adbf0fdde33fff76dadc16
2025-09-15 22:49:35.205 DEBUG client[0]: Submitting transaction 790fbcfbdd5caee7296ce6f215da67177cc94fb090adbf0fdde33fff76dadc16
2025-09-15 22:49:35.287 TRACE : trigger interaction 0xc000546e10 503/1200
[TRACE] Decoding transaction bytes of length: 230
[TRACE] Transaction type: 6
[TRACE] Successfully decoded transaction with hash: 0a457b4f53398fef87326c0a4ad5a2a379b672917ad06d8feb5557348e0aa7a1
2025-09-15 22:49:35.288 TRACE client[0]: Processing transaction with hash: 0a457b4f53398fef87326c0a4ad5a2a379b672917ad06d8feb5557348e0aa7a1
2025-09-15 22:49:35.288 DEBUG client[0]: Submitting transaction 0a457b4f53398fef87326c0a4ad5a2a379b672917ad06d8feb5557348e0aa7a1
2025-09-15 22:49:35.370 TRACE : trigger interaction 0xc000465860 504/1200
[TRACE] Decoding transaction bytes of length: 230
[TRACE] Transaction type: 6
[TRACE] Successfully decoded transaction with hash: 9663b894685f51a45f8bb2e4d10f32dab6635762e4ec60408fbaa9b0513f780b
2025-09-15 22:49:35.371 TRACE client[0]: Processing transaction with hash: 9663b894685f51a45f8bb2e4d10f32dab6635762e4ec60408fbaa9b0513f780b
2025-09-15 22:49:35.371 DEBUG client[0]: Submitting transaction 9663b894685f51a45f8bb2e4d10f32dab6635762e4ec60408fbaa9b0513f780b
2025-09-15 22:49:35.453 TRACE : trigger interaction 0xc000465950 505/1200
[TRACE] Decoding transaction bytes of length: 230
[TRACE] Transaction type: 6
[TRACE] Successfully decoded transaction with hash: 00d62dc3df1baab85beaa17d1f2029405e79876209bf33b3b1c8b29b5fdfe39c
2025-09-15 22:49:35.454 TRACE client[0]: Processing transaction with hash: 00d62dc3df1baab85beaa17d1f2029405e79876209bf33b3b1c8b29b5fdfe39c
2025-09-15 22:49:35.454 DEBUG client[0]: Submitting transaction 00d62dc3df1baab85beaa17d1f2029405e79876209bf33b3b1c8b29b5fdfe39c
2025-09-15 22:49:35.537 TRACE : trigger interaction 0xc000465a40 506/1200
[TRACE] Decoding transaction bytes of length: 230
[TRACE] Transaction type: 6
[TRACE] Successfully decoded transaction with hash: 3482f24ac9772e7d1799fb90a8124ba10f5dc3ce26079b45e7b4142402f155e9
2025-09-15 22:49:35.537 TRACE client[0]: Processing transaction with hash: 3482f24ac9772e7d1799fb90a8124ba10f5dc3ce26079b45e7b4142402f155e9
2025-09-15 22:49:35.537 DEBUG client[0]: Submitting transaction 3482f24ac9772e7d1799fb90a8124ba10f5dc3ce26079b45e7b4142402f155e9
2025-09-15 22:49:35.620 TRACE : trigger interaction 0xc000465b30 507/1200
[TRACE] Decoding transaction bytes of length: 230
[TRACE] Transaction type: 6
[TRACE] Successfully decoded transaction with hash: d48cfeb8d1d55166faab1f241dc03022e996d2c3b0e73c8bbb7bc97fed33d7e4
2025-09-15 22:49:35.620 TRACE client[0]: Processing transaction with hash: d48cfeb8d1d55166faab1f241dc03022e996d2c3b0e73c8bbb7bc97fed33d7e4
2025-09-15 22:49:35.620 DEBUG client[0]: Submitting transaction d48cfeb8d1d55166faab1f241dc03022e996d2c3b0e73c8bbb7bc97fed33d7e4
2025-09-15 22:49:35.704 TRACE : trigger interaction 0xc000465c20 508/1200
[TRACE] Decoding transaction bytes of length: 230
[TRACE] Transaction type: 6
[TRACE] Successfully decoded transaction with hash: ea96996ab1eb971c59e0641431dbf75b5c431c0a4308e36491fb6360daf8fb65
2025-09-15 22:49:35.704 TRACE client[0]: Processing transaction with hash: ea96996ab1eb971c59e0641431dbf75b5c431c0a4308e36491fb6360daf8fb65
2025-09-15 22:49:35.704 DEBUG client[0]: Submitting transaction ea96996ab1eb971c59e0641431dbf75b5c431c0a4308e36491fb6360daf8fb65
2025-09-15 22:49:35.787 TRACE : trigger interaction 0xc000465d10 509/1200
[TRACE] Decoding transaction bytes of length: 230
[TRACE] Transaction type: 6
[TRACE] Successfully decoded transaction with hash: 802e1e2b4e5f196c36b89b815bc0d0e75c7c7c1ee033fa60ae314fd917022c54
2025-09-15 22:49:35.787 TRACE client[0]: Processing transaction with hash: 802e1e2b4e5f196c36b89b815bc0d0e75c7c7c1ee033fa60ae314fd917022c54
2025-09-15 22:49:35.787 DEBUG client[0]: Submitting transaction 802e1e2b4e5f196c36b89b815bc0d0e75c7c7c1ee033fa60ae314fd917022c54
2025-09-15 22:49:35.870 TRACE : trigger interaction 0xc000465e00 510/1200
[TRACE] Decoding transaction bytes of length: 230
[TRACE] Transaction type: 6
[TRACE] Successfully decoded transaction with hash: d82a0ac8ce5939ef24beec8ddd01c024dd12d373629f3cd26a333c5c6d42a9c0
2025-09-15 22:49:35.871 TRACE client[0]: Processing transaction with hash: d82a0ac8ce5939ef24beec8ddd01c024dd12d373629f3cd26a333c5c6d42a9c0
2025-09-15 22:49:35.871 DEBUG client[0]: Submitting transaction d82a0ac8ce5939ef24beec8ddd01c024dd12d373629f3cd26a333c5c6d42a9c0
2025-09-15 22:49:35.954 TRACE : trigger interaction 0xc000465ef0 511/1200
[TRACE] Decoding transaction bytes of length: 230
[TRACE] Transaction type: 6
[TRACE] Successfully decoded transaction with hash: 0e876bbe2a4b920d59d46b2371eed760649ff833a7c2029f4302969c1ebd8f06
2025-09-15 22:49:35.955 TRACE client[0]: Processing transaction with hash: 0e876bbe2a4b920d59d46b2371eed760649ff833a7c2029f4302969c1ebd8f06
2025-09-15 22:49:35.955 DEBUG client[0]: Submitting transaction 0e876bbe2a4b920d59d46b2371eed760649ff833a7c2029f4302969c1ebd8f06
2025-09-15 22:49:36.037 TRACE : trigger interaction 0xc00047a000 512/1200
[TRACE] Decoding transaction bytes of length: 230
[TRACE] Transaction type: 6
[TRACE] Successfully decoded transaction with hash: 5ae97bc06f75588226768114467052002de4933354e63b3db43fc875c8de9738
2025-09-15 22:49:36.038 TRACE client[0]: Processing transaction with hash: 5ae97bc06f75588226768114467052002de4933354e63b3db43fc875c8de9738
2025-09-15 22:49:36.038 DEBUG client[0]: Submitting transaction 5ae97bc06f75588226768114467052002de4933354e63b3db43fc875c8de9738
2025-09-15 22:49:36.120 TRACE : trigger interaction 0xc00047a0f0 513/1200
[TRACE] Decoding transaction bytes of length: 230
[TRACE] Transaction type: 6
[TRACE] Successfully decoded transaction with hash: 930795aec4de70599ffad4ec79cd9c6c4d6932cc65e09876567d143a2979e9ed
2025-09-15 22:49:36.121 TRACE client[0]: Processing transaction with hash: 930795aec4de70599ffad4ec79cd9c6c4d6932cc65e09876567d143a2979e9ed
2025-09-15 22:49:36.121 DEBUG client[0]: Submitting transaction 930795aec4de70599ffad4ec79cd9c6c4d6932cc65e09876567d143a2979e9ed
2025-09-15 22:49:36.203 TRACE : trigger interaction 0xc00047a1e0 514/1200
[TRACE] Decoding transaction bytes of length: 230
[TRACE] Transaction type: 6
[TRACE] Successfully decoded transaction with hash: a09d5b18cd18096cc087a334445e013d4c3b1c57391f83699a83699019fcc04f
2025-09-15 22:49:36.204 TRACE client[0]: Processing transaction with hash: a09d5b18cd18096cc087a334445e013d4c3b1c57391f83699a83699019fcc04f
2025-09-15 22:49:36.204 DEBUG client[0]: Submitting transaction a09d5b18cd18096cc087a334445e013d4c3b1c57391f83699a83699019fcc04f
2025-09-15 22:49:36.288 TRACE : trigger interaction 0xc00047a2d0 515/1200
[TRACE] Decoding transaction bytes of length: 230
[TRACE] Transaction type: 6
[TRACE] Successfully decoded transaction with hash: c1120836dd8fa371b691db2dfd87241197523ceeea14a558cd3322390034e304
2025-09-15 22:49:36.288 TRACE client[0]: Processing transaction with hash: c1120836dd8fa371b691db2dfd87241197523ceeea14a558cd3322390034e304
2025-09-15 22:49:36.288 DEBUG client[0]: Submitting transaction c1120836dd8fa371b691db2dfd87241197523ceeea14a558cd3322390034e304
2025-09-15 22:49:36.370 TRACE : trigger interaction 0xc00047a3c0 516/1200
[TRACE] Decoding transaction bytes of length: 230
[TRACE] Transaction type: 6
[TRACE] Successfully decoded transaction with hash: 6ab2332899752e55533c5132aad5d7ef1d37837e9e46212bdfc59ca2ac60151a
2025-09-15 22:49:36.371 TRACE client[0]: Processing transaction with hash: 6ab2332899752e55533c5132aad5d7ef1d37837e9e46212bdfc59ca2ac60151a
2025-09-15 22:49:36.371 DEBUG client[0]: Submitting transaction 6ab2332899752e55533c5132aad5d7ef1d37837e9e46212bdfc59ca2ac60151a
2025-09-15 22:49:36.453 TRACE : trigger interaction 0xc00047a4b0 517/1200
[TRACE] Decoding transaction bytes of length: 230
[TRACE] Transaction type: 6
[TRACE] Successfully decoded transaction with hash: 70d788e5aa841d5837426fcac6ce59d61e940346d8cd2077ccf154558e041389
2025-09-15 22:49:36.453 TRACE client[0]: Processing transaction with hash: 70d788e5aa841d5837426fcac6ce59d61e940346d8cd2077ccf154558e041389
2025-09-15 22:49:36.453 DEBUG client[0]: Submitting transaction 70d788e5aa841d5837426fcac6ce59d61e940346d8cd2077ccf154558e041389
2025-09-15 22:49:36.537 TRACE : trigger interaction 0xc0005a5590 518/1200
[TRACE] Decoding transaction bytes of length: 230
[TRACE] Transaction type: 6
[TRACE] Successfully decoded transaction with hash: 77e68a49e71701fb71e84123cb755a7a3f930a80167c3e952a77d78dd79a96da
2025-09-15 22:49:36.537 TRACE client[0]: Processing transaction with hash: 77e68a49e71701fb71e84123cb755a7a3f930a80167c3e952a77d78dd79a96da
2025-09-15 22:49:36.537 DEBUG client[0]: Submitting transaction 77e68a49e71701fb71e84123cb755a7a3f930a80167c3e952a77d78dd79a96da
2025-09-15 22:49:36.620 TRACE : trigger interaction 0xc0005a5680 519/1200
[TRACE] Decoding transaction bytes of length: 230
[TRACE] Transaction type: 6
[TRACE] Successfully decoded transaction with hash: fca65033b5d45ff66bc2504753dc61eb389998009ea1c70d10e1f57b9eb8c2c2
2025-09-15 22:49:36.620 TRACE client[0]: Processing transaction with hash: fca65033b5d45ff66bc2504753dc61eb389998009ea1c70d10e1f57b9eb8c2c2
2025-09-15 22:49:36.620 DEBUG client[0]: Submitting transaction fca65033b5d45ff66bc2504753dc61eb389998009ea1c70d10e1f57b9eb8c2c2
2025-09-15 22:49:36.704 TRACE : trigger interaction 0xc0005a5770 520/1200
[TRACE] Decoding transaction bytes of length: 230
[TRACE] Transaction type: 6
[TRACE] Successfully decoded transaction with hash: 825da61e73be26e3e02a8561ebc4a03dc9226897cd66e05cecad471b7cee1081
2025-09-15 22:49:36.704 TRACE client[0]: Processing transaction with hash: 825da61e73be26e3e02a8561ebc4a03dc9226897cd66e05cecad471b7cee1081
2025-09-15 22:49:36.704 DEBUG client[0]: Submitting transaction 825da61e73be26e3e02a8561ebc4a03dc9226897cd66e05cecad471b7cee1081
2025-09-15 22:49:36.787 TRACE : trigger interaction 0xc0005a5860 521/1200
[TRACE] Decoding transaction bytes of length: 230
[TRACE] Transaction type: 6
[TRACE] Successfully decoded transaction with hash: ba234664f8dd7a11d968c773d8c41e5e20ce2513b941bbdccd8576cfa2b40bb2
2025-09-15 22:49:36.788 TRACE client[0]: Processing transaction with hash: ba234664f8dd7a11d968c773d8c41e5e20ce2513b941bbdccd8576cfa2b40bb2
2025-09-15 22:49:36.788 DEBUG client[0]: Submitting transaction ba234664f8dd7a11d968c773d8c41e5e20ce2513b941bbdccd8576cfa2b40bb2
2025-09-15 22:49:36.870 TRACE : trigger interaction 0xc0005a5950 522/1200
[TRACE] Decoding transaction bytes of length: 230
[TRACE] Transaction type: 6
[TRACE] Successfully decoded transaction with hash: 884b5cb406db23c91b199d2abcb24449db066f96fc93d10b88415b77a3f2e6cb
2025-09-15 22:49:36.871 TRACE client[0]: Processing transaction with hash: 884b5cb406db23c91b199d2abcb24449db066f96fc93d10b88415b77a3f2e6cb
2025-09-15 22:49:36.871 DEBUG client[0]: Submitting transaction 884b5cb406db23c91b199d2abcb24449db066f96fc93d10b88415b77a3f2e6cb
2025-09-15 22:49:36.953 TRACE : trigger interaction 0xc0005a5a40 523/1200
[TRACE] Decoding transaction bytes of length: 230
[TRACE] Transaction type: 6
[TRACE] Successfully decoded transaction with hash: c985a26e50fa4c473307516cef4fd2245eba4782e09e3fe154b49b748083b14d
2025-09-15 22:49:36.954 TRACE client[0]: Processing transaction with hash: c985a26e50fa4c473307516cef4fd2245eba4782e09e3fe154b49b748083b14d
2025-09-15 22:49:36.954 DEBUG client[0]: Submitting transaction c985a26e50fa4c473307516cef4fd2245eba4782e09e3fe154b49b748083b14d
2025-09-15 22:49:37.037 TRACE : trigger interaction 0xc0005a5b30 524/1200
[TRACE] Decoding transaction bytes of length: 230
[TRACE] Transaction type: 6
[TRACE] Successfully decoded transaction with hash: f04d988dd1be5086883330f3720dd936e4e40e07db2f41cc5c26b4660f8b0b48
2025-09-15 22:49:37.038 TRACE client[0]: Processing transaction with hash: f04d988dd1be5086883330f3720dd936e4e40e07db2f41cc5c26b4660f8b0b48
2025-09-15 22:49:37.038 DEBUG client[0]: Submitting transaction f04d988dd1be5086883330f3720dd936e4e40e07db2f41cc5c26b4660f8b0b48
2025-09-15 22:49:37.120 TRACE : trigger interaction 0xc0005a5c20 525/1200
[TRACE] Decoding transaction bytes of length: 230
[TRACE] Transaction type: 6
[TRACE] Successfully decoded transaction with hash: eda977c916bc633833e6a45a30b5012cda5195421841865387cb9d9f54d6d02b
2025-09-15 22:49:37.121 TRACE client[0]: Processing transaction with hash: eda977c916bc633833e6a45a30b5012cda5195421841865387cb9d9f54d6d02b
2025-09-15 22:49:37.121 DEBUG client[0]: Submitting transaction eda977c916bc633833e6a45a30b5012cda5195421841865387cb9d9f54d6d02b
2025-09-15 22:49:37.203 TRACE : trigger interaction 0xc0005a5d10 526/1200
[TRACE] Decoding transaction bytes of length: 230
[TRACE] Transaction type: 6
[TRACE] Successfully decoded transaction with hash: d8fe80aae91fb8671ff1cd45ca927c2aa0b6b859de5e2fda6767f653ca8bdd73
2025-09-15 22:49:37.203 TRACE client[0]: Processing transaction with hash: d8fe80aae91fb8671ff1cd45ca927c2aa0b6b859de5e2fda6767f653ca8bdd73
2025-09-15 22:49:37.203 DEBUG client[0]: Submitting transaction d8fe80aae91fb8671ff1cd45ca927c2aa0b6b859de5e2fda6767f653ca8bdd73
2025-09-15 22:49:37.287 TRACE : trigger interaction 0xc0005a5e00 527/1200
[TRACE] Decoding transaction bytes of length: 230
[TRACE] Transaction type: 6
[TRACE] Successfully decoded transaction with hash: 097d564562c8b17a9df3ed366a488a5b4f3eb76037e0180b5f1dde8fdd9ec579
2025-09-15 22:49:37.287 TRACE client[0]: Processing transaction with hash: 097d564562c8b17a9df3ed366a488a5b4f3eb76037e0180b5f1dde8fdd9ec579
2025-09-15 22:49:37.287 DEBUG client[0]: Submitting transaction 097d564562c8b17a9df3ed366a488a5b4f3eb76037e0180b5f1dde8fdd9ec579
2025-09-15 22:49:37.370 TRACE : trigger interaction 0xc0005a5ef0 528/1200
[TRACE] Decoding transaction bytes of length: 230
[TRACE] Transaction type: 6
[TRACE] Successfully decoded transaction with hash: f3de777aaa96b0f58dabe501685bd86a27740a03785e901527dc7c2c45411047
2025-09-15 22:49:37.371 TRACE client[0]: Processing transaction with hash: f3de777aaa96b0f58dabe501685bd86a27740a03785e901527dc7c2c45411047
2025-09-15 22:49:37.371 DEBUG client[0]: Submitting transaction f3de777aaa96b0f58dabe501685bd86a27740a03785e901527dc7c2c45411047
2025-09-15 22:49:37.454 TRACE : trigger interaction 0xc000546f00 529/1200
[TRACE] Decoding transaction bytes of length: 230
[TRACE] Transaction type: 6
[TRACE] Successfully decoded transaction with hash: 420b584e97d01a42053197d87e0c2cb34076b99e43a3211e1e3fbb3a280e1e18
2025-09-15 22:49:37.454 TRACE client[0]: Processing transaction with hash: 420b584e97d01a42053197d87e0c2cb34076b99e43a3211e1e3fbb3a280e1e18
2025-09-15 22:49:37.454 DEBUG client[0]: Submitting transaction 420b584e97d01a42053197d87e0c2cb34076b99e43a3211e1e3fbb3a280e1e18
2025-09-15 22:49:37.537 TRACE : trigger interaction 0xc000546ff0 530/1200
[TRACE] Decoding transaction bytes of length: 230
[TRACE] Transaction type: 6
[TRACE] Successfully decoded transaction with hash: 9c3e5ad5fd3888f3d90c425c1ee3721a08a5848d00f2d34aeb3fac15a797d2b9
2025-09-15 22:49:37.537 TRACE client[0]: Processing transaction with hash: 9c3e5ad5fd3888f3d90c425c1ee3721a08a5848d00f2d34aeb3fac15a797d2b9
2025-09-15 22:49:37.537 DEBUG client[0]: Submitting transaction 9c3e5ad5fd3888f3d90c425c1ee3721a08a5848d00f2d34aeb3fac15a797d2b9
2025-09-15 22:49:37.620 TRACE : trigger interaction 0xc0005470e0 531/1200
[TRACE] Decoding transaction bytes of length: 230
[TRACE] Transaction type: 6
[TRACE] Successfully decoded transaction with hash: 63dd4b9121fc1edd3c16f9749711d8f7457091068be31eaf3f1baf222fd45d9c
2025-09-15 22:49:37.621 TRACE client[0]: Processing transaction with hash: 63dd4b9121fc1edd3c16f9749711d8f7457091068be31eaf3f1baf222fd45d9c
2025-09-15 22:49:37.621 DEBUG client[0]: Submitting transaction 63dd4b9121fc1edd3c16f9749711d8f7457091068be31eaf3f1baf222fd45d9c
2025-09-15 22:49:37.704 TRACE : trigger interaction 0xc0005471d0 532/1200
[TRACE] Decoding transaction bytes of length: 230
[TRACE] Transaction type: 6
[TRACE] Successfully decoded transaction with hash: 826ed2f2f91f378f3f44aea11caf2a3b8f4c795b8a2f99c5a7fdb38d18d67398
2025-09-15 22:49:37.705 TRACE client[0]: Processing transaction with hash: 826ed2f2f91f378f3f44aea11caf2a3b8f4c795b8a2f99c5a7fdb38d18d67398
2025-09-15 22:49:37.705 DEBUG client[0]: Submitting transaction 826ed2f2f91f378f3f44aea11caf2a3b8f4c795b8a2f99c5a7fdb38d18d67398
2025-09-15 22:49:37.787 TRACE : trigger interaction 0xc0005472c0 533/1200
[TRACE] Decoding transaction bytes of length: 230
[TRACE] Transaction type: 6
[TRACE] Successfully decoded transaction with hash: 9267a824a4a752ee3767207ab3897ae5ed2caa9c56171a89996a1ba901558812
2025-09-15 22:49:37.788 TRACE client[0]: Processing transaction with hash: 9267a824a4a752ee3767207ab3897ae5ed2caa9c56171a89996a1ba901558812
2025-09-15 22:49:37.788 DEBUG client[0]: Submitting transaction 9267a824a4a752ee3767207ab3897ae5ed2caa9c56171a89996a1ba901558812
2025-09-15 22:49:37.870 TRACE : trigger interaction 0xc0005473b0 534/1200
[TRACE] Decoding transaction bytes of length: 230
[TRACE] Transaction type: 6
[TRACE] Successfully decoded transaction with hash: daaa244bb2dbe6ba7073e8b67989af8eb2888773077d1a71924e1ba2c1b67162
2025-09-15 22:49:37.871 TRACE client[0]: Processing transaction with hash: daaa244bb2dbe6ba7073e8b67989af8eb2888773077d1a71924e1ba2c1b67162
2025-09-15 22:49:37.871 DEBUG client[0]: Submitting transaction daaa244bb2dbe6ba7073e8b67989af8eb2888773077d1a71924e1ba2c1b67162
2025-09-15 22:49:37.953 TRACE : trigger interaction 0xc0005474a0 535/1200
[TRACE] Decoding transaction bytes of length: 230
[TRACE] Transaction type: 6
[TRACE] Successfully decoded transaction with hash: 7fc10aee195c0324064dc654e219cd99c740c678096897e1db3ae844faaeba54
2025-09-15 22:49:37.953 TRACE client[0]: Processing transaction with hash: 7fc10aee195c0324064dc654e219cd99c740c678096897e1db3ae844faaeba54
2025-09-15 22:49:37.954 DEBUG client[0]: Submitting transaction 7fc10aee195c0324064dc654e219cd99c740c678096897e1db3ae844faaeba54
2025-09-15 22:49:38.037 TRACE : trigger interaction 0xc000547590 536/1200
[TRACE] Decoding transaction bytes of length: 230
[TRACE] Transaction type: 6
[TRACE] Successfully decoded transaction with hash: e1c28e4133b1775523f6e7c0b86ce02ce7bda71c66198d6e58e99a9045ec32e2
2025-09-15 22:49:38.037 TRACE client[0]: Processing transaction with hash: e1c28e4133b1775523f6e7c0b86ce02ce7bda71c66198d6e58e99a9045ec32e2
2025-09-15 22:49:38.037 DEBUG client[0]: Submitting transaction e1c28e4133b1775523f6e7c0b86ce02ce7bda71c66198d6e58e99a9045ec32e2
2025-09-15 22:49:38.120 TRACE : trigger interaction 0xc000547680 537/1200
[TRACE] Decoding transaction bytes of length: 230
[TRACE] Transaction type: 6
[TRACE] Successfully decoded transaction with hash: 56ba5f6d859a938c9be20016e3e80f62dc0526f4fc3b832926304afabbdb0378
2025-09-15 22:49:38.120 TRACE client[0]: Processing transaction with hash: 56ba5f6d859a938c9be20016e3e80f62dc0526f4fc3b832926304afabbdb0378
2025-09-15 22:49:38.120 DEBUG client[0]: Submitting transaction 56ba5f6d859a938c9be20016e3e80f62dc0526f4fc3b832926304afabbdb0378
2025-09-15 22:49:38.204 TRACE : trigger interaction 0xc000547770 538/1200
[TRACE] Decoding transaction bytes of length: 230
[TRACE] Transaction type: 6
[TRACE] Successfully decoded transaction with hash: cca2b6409734fc2b9f7951053443ddb6a3db571b14fc9fbfb2c551a60e81b55f
2025-09-15 22:49:38.204 TRACE client[0]: Processing transaction with hash: cca2b6409734fc2b9f7951053443ddb6a3db571b14fc9fbfb2c551a60e81b55f
2025-09-15 22:49:38.204 DEBUG client[0]: Submitting transaction cca2b6409734fc2b9f7951053443ddb6a3db571b14fc9fbfb2c551a60e81b55f
2025-09-15 22:49:38.287 TRACE : trigger interaction 0xc000547860 539/1200
[TRACE] Decoding transaction bytes of length: 230
[TRACE] Transaction type: 6
[TRACE] Successfully decoded transaction with hash: e245340411e33f2352bbde5f251db5f98c399e153a3b0338c4e14b63ca86174f
2025-09-15 22:49:38.288 TRACE client[0]: Processing transaction with hash: e245340411e33f2352bbde5f251db5f98c399e153a3b0338c4e14b63ca86174f
2025-09-15 22:49:38.288 DEBUG client[0]: Submitting transaction e245340411e33f2352bbde5f251db5f98c399e153a3b0338c4e14b63ca86174f
2025-09-15 22:49:38.371 TRACE : trigger interaction 0xc000547950 540/1200
[TRACE] Decoding transaction bytes of length: 230
[TRACE] Transaction type: 6
[TRACE] Successfully decoded transaction with hash: 0a762dcc08834a69cee4085f3ce7c95a12e9382cc33552d17bc71265df331266
2025-09-15 22:49:38.371 TRACE client[0]: Processing transaction with hash: 0a762dcc08834a69cee4085f3ce7c95a12e9382cc33552d17bc71265df331266
2025-09-15 22:49:38.371 DEBUG client[0]: Submitting transaction 0a762dcc08834a69cee4085f3ce7c95a12e9382cc33552d17bc71265df331266
2025-09-15 22:49:38.453 TRACE : trigger interaction 0xc000547a40 541/1200
[TRACE] Decoding transaction bytes of length: 230
[TRACE] Transaction type: 6
[TRACE] Successfully decoded transaction with hash: 49c150c135559b377b36e745138a5865c66caba87f46301922809750c8eba91d
2025-09-15 22:49:38.454 TRACE client[0]: Processing transaction with hash: 49c150c135559b377b36e745138a5865c66caba87f46301922809750c8eba91d
2025-09-15 22:49:38.454 DEBUG client[0]: Submitting transaction 49c150c135559b377b36e745138a5865c66caba87f46301922809750c8eba91d
2025-09-15 22:49:38.537 TRACE : trigger interaction 0xc000547b30 542/1200
[TRACE] Decoding transaction bytes of length: 230
[TRACE] Transaction type: 6
[TRACE] Successfully decoded transaction with hash: cfd86561d2a49fb20c7335188b065f65ee6bd72fa151b77274986568c8603a2b
2025-09-15 22:49:38.538 TRACE client[0]: Processing transaction with hash: cfd86561d2a49fb20c7335188b065f65ee6bd72fa151b77274986568c8603a2b
2025-09-15 22:49:38.538 DEBUG client[0]: Submitting transaction cfd86561d2a49fb20c7335188b065f65ee6bd72fa151b77274986568c8603a2b
2025-09-15 22:49:38.620 TRACE : trigger interaction 0xc000547c20 543/1200
[TRACE] Decoding transaction bytes of length: 230
[TRACE] Transaction type: 6
[TRACE] Successfully decoded transaction with hash: 40d172c932c652badf9f99ab7e11e001bf3487780350b537dec0dd97ca0e14de
2025-09-15 22:49:38.621 TRACE client[0]: Processing transaction with hash: 40d172c932c652badf9f99ab7e11e001bf3487780350b537dec0dd97ca0e14de
2025-09-15 22:49:38.621 DEBUG client[0]: Submitting transaction 40d172c932c652badf9f99ab7e11e001bf3487780350b537dec0dd97ca0e14de
2025-09-15 22:49:38.704 TRACE : trigger interaction 0xc000547d10 544/1200
[TRACE] Decoding transaction bytes of length: 230
[TRACE] Transaction type: 6
[TRACE] Successfully decoded transaction with hash: 3e9bb879dc05e50bd07b19c32ec3b17ea23a39cb33d9cec2f3d06e330c60be37
2025-09-15 22:49:38.704 TRACE client[0]: Processing transaction with hash: 3e9bb879dc05e50bd07b19c32ec3b17ea23a39cb33d9cec2f3d06e330c60be37
2025-09-15 22:49:38.704 DEBUG client[0]: Submitting transaction 3e9bb879dc05e50bd07b19c32ec3b17ea23a39cb33d9cec2f3d06e330c60be37
2025-09-15 22:49:38.788 TRACE : trigger interaction 0xc000547e00 545/1200
[TRACE] Decoding transaction bytes of length: 230
[TRACE] Transaction type: 6
[TRACE] Successfully decoded transaction with hash: 24d759cbb8b0b5109320e007ffae62e5e8a3c172f4070cbade07dd8ae54340b3
2025-09-15 22:49:38.788 TRACE client[0]: Processing transaction with hash: 24d759cbb8b0b5109320e007ffae62e5e8a3c172f4070cbade07dd8ae54340b3
2025-09-15 22:49:38.788 DEBUG client[0]: Submitting transaction 24d759cbb8b0b5109320e007ffae62e5e8a3c172f4070cbade07dd8ae54340b3
2025-09-15 22:49:38.871 TRACE : trigger interaction 0xc000547ef0 546/1200
[TRACE] Decoding transaction bytes of length: 230
[TRACE] Transaction type: 6
[TRACE] Successfully decoded transaction with hash: fa85533e618110dffe9532ea3c8e974bf1c456788fd3f844b90d518bf8906466
2025-09-15 22:49:38.871 TRACE client[0]: Processing transaction with hash: fa85533e618110dffe9532ea3c8e974bf1c456788fd3f844b90d518bf8906466
2025-09-15 22:49:38.871 DEBUG client[0]: Submitting transaction fa85533e618110dffe9532ea3c8e974bf1c456788fd3f844b90d518bf8906466
2025-09-15 22:49:38.953 TRACE : trigger interaction 0xc0004e25a0 547/1200
[TRACE] Decoding transaction bytes of length: 230
[TRACE] Transaction type: 6
[TRACE] Successfully decoded transaction with hash: 76090c6075fa64244ebcfb5a52a2bc339100b7d8ff2fd401f3cb3974ed43d8fb
2025-09-15 22:49:38.954 TRACE client[0]: Processing transaction with hash: 76090c6075fa64244ebcfb5a52a2bc339100b7d8ff2fd401f3cb3974ed43d8fb
2025-09-15 22:49:38.954 DEBUG client[0]: Submitting transaction 76090c6075fa64244ebcfb5a52a2bc339100b7d8ff2fd401f3cb3974ed43d8fb
2025-09-15 22:49:39.037 TRACE : trigger interaction 0xc0004e2690 548/1200
[TRACE] Decoding transaction bytes of length: 230
[TRACE] Transaction type: 6
[TRACE] Successfully decoded transaction with hash: c6cb6956abdf4c6d177c60e6a075152419b8094dbebcbed7730be3c1a03eee97
2025-09-15 22:49:39.038 TRACE client[0]: Processing transaction with hash: c6cb6956abdf4c6d177c60e6a075152419b8094dbebcbed7730be3c1a03eee97
2025-09-15 22:49:39.038 DEBUG client[0]: Submitting transaction c6cb6956abdf4c6d177c60e6a075152419b8094dbebcbed7730be3c1a03eee97
2025-09-15 22:49:39.120 TRACE : trigger interaction 0xc0004e2780 549/1200
[TRACE] Decoding transaction bytes of length: 230
[TRACE] Transaction type: 6
[TRACE] Successfully decoded transaction with hash: 70fb6a7b25874d90ea6e43f843727a55b81e6a4af1030b43e69515f3cc281096
2025-09-15 22:49:39.121 TRACE client[0]: Processing transaction with hash: 70fb6a7b25874d90ea6e43f843727a55b81e6a4af1030b43e69515f3cc281096
2025-09-15 22:49:39.121 DEBUG client[0]: Submitting transaction 70fb6a7b25874d90ea6e43f843727a55b81e6a4af1030b43e69515f3cc281096
2025-09-15 22:49:39.203 TRACE : trigger interaction 0xc0004e2870 550/1200
[TRACE] Decoding transaction bytes of length: 230
[TRACE] Transaction type: 6
[TRACE] Successfully decoded transaction with hash: 917c10dde84ff735e428f36a8944fd3719c665f20a996147b669b5a89852dcf9
2025-09-15 22:49:39.204 TRACE client[0]: Processing transaction with hash: 917c10dde84ff735e428f36a8944fd3719c665f20a996147b669b5a89852dcf9
2025-09-15 22:49:39.204 DEBUG client[0]: Submitting transaction 917c10dde84ff735e428f36a8944fd3719c665f20a996147b669b5a89852dcf9
2025-09-15 22:49:39.287 TRACE : trigger interaction 0xc00047a5a0 551/1200
[TRACE] Decoding transaction bytes of length: 230
[TRACE] Transaction type: 6
[TRACE] Successfully decoded transaction with hash: f2515e5716af78baab89fe63cb1790c78cb77f401593fe69e617d593c1999f5a
2025-09-15 22:49:39.287 TRACE client[0]: Processing transaction with hash: f2515e5716af78baab89fe63cb1790c78cb77f401593fe69e617d593c1999f5a
2025-09-15 22:49:39.287 DEBUG client[0]: Submitting transaction f2515e5716af78baab89fe63cb1790c78cb77f401593fe69e617d593c1999f5a
2025-09-15 22:49:39.370 TRACE : trigger interaction 0xc00047a690 552/1200
[TRACE] Decoding transaction bytes of length: 230
[TRACE] Transaction type: 6
[TRACE] Successfully decoded transaction with hash: 44ec2616e02d3fd2c46eb1379c655403b99105c0b34e03a54ead7f4c328f7886
2025-09-15 22:49:39.370 TRACE client[0]: Processing transaction with hash: 44ec2616e02d3fd2c46eb1379c655403b99105c0b34e03a54ead7f4c328f7886
2025-09-15 22:49:39.370 DEBUG client[0]: Submitting transaction 44ec2616e02d3fd2c46eb1379c655403b99105c0b34e03a54ead7f4c328f7886
2025-09-15 22:49:39.454 TRACE : trigger interaction 0xc00047a780 553/1200
[TRACE] Decoding transaction bytes of length: 230
[TRACE] Transaction type: 6
[TRACE] Successfully decoded transaction with hash: 365c265decde5e2ee27d144c92bfff360b516a9f917bbd4d94e92d3de2dd8331
2025-09-15 22:49:39.454 TRACE client[0]: Processing transaction with hash: 365c265decde5e2ee27d144c92bfff360b516a9f917bbd4d94e92d3de2dd8331
2025-09-15 22:49:39.454 DEBUG client[0]: Submitting transaction 365c265decde5e2ee27d144c92bfff360b516a9f917bbd4d94e92d3de2dd8331
2025-09-15 22:49:39.537 TRACE : trigger interaction 0xc00047a870 554/1200
[TRACE] Decoding transaction bytes of length: 230
[TRACE] Transaction type: 6
[TRACE] Successfully decoded transaction with hash: 9b78edb3d2c37d6afd752a4f7efe419934ea104a23f713002da2e76e3c5cd1b2
2025-09-15 22:49:39.538 TRACE client[0]: Processing transaction with hash: 9b78edb3d2c37d6afd752a4f7efe419934ea104a23f713002da2e76e3c5cd1b2
2025-09-15 22:49:39.538 DEBUG client[0]: Submitting transaction 9b78edb3d2c37d6afd752a4f7efe419934ea104a23f713002da2e76e3c5cd1b2
2025-09-15 22:49:39.620 TRACE : trigger interaction 0xc00047a960 555/1200
[TRACE] Decoding transaction bytes of length: 230
[TRACE] Transaction type: 6
[TRACE] Successfully decoded transaction with hash: 42f3db37a72ca6d249fb03acd6cd097ea0a4258bbdf8dc08c24e06aee540a4df
2025-09-15 22:49:39.621 TRACE client[0]: Processing transaction with hash: 42f3db37a72ca6d249fb03acd6cd097ea0a4258bbdf8dc08c24e06aee540a4df
2025-09-15 22:49:39.621 DEBUG client[0]: Submitting transaction 42f3db37a72ca6d249fb03acd6cd097ea0a4258bbdf8dc08c24e06aee540a4df
2025-09-15 22:49:39.703 TRACE : trigger interaction 0xc00047aa50 556/1200
[TRACE] Decoding transaction bytes of length: 230
[TRACE] Transaction type: 6
[TRACE] Successfully decoded transaction with hash: 9f26bbc664998940a58f997f49dafe9f091be298e64f74993d7a7128a25e12cc
2025-09-15 22:49:39.704 TRACE client[0]: Processing transaction with hash: 9f26bbc664998940a58f997f49dafe9f091be298e64f74993d7a7128a25e12cc
2025-09-15 22:49:39.704 DEBUG client[0]: Submitting transaction 9f26bbc664998940a58f997f49dafe9f091be298e64f74993d7a7128a25e12cc
2025-09-15 22:49:39.787 TRACE : trigger interaction 0xc00047ab40 557/1200
[TRACE] Decoding transaction bytes of length: 230
[TRACE] Transaction type: 6
[TRACE] Successfully decoded transaction with hash: f2396e532c1763dba51bf2d0fe3bc7ae03a45cee71760f147fe5da29c5244934
2025-09-15 22:49:39.787 TRACE client[0]: Processing transaction with hash: f2396e532c1763dba51bf2d0fe3bc7ae03a45cee71760f147fe5da29c5244934
2025-09-15 22:49:39.787 DEBUG client[0]: Submitting transaction f2396e532c1763dba51bf2d0fe3bc7ae03a45cee71760f147fe5da29c5244934
2025-09-15 22:49:39.871 TRACE : trigger interaction 0xc00047ac30 558/1200
[TRACE] Decoding transaction bytes of length: 230
[TRACE] Transaction type: 6
[TRACE] Successfully decoded transaction with hash: 9e5664c470281c349e037e67b40f3a7112a591760758ed05634b80d957205a15
2025-09-15 22:49:39.871 TRACE client[0]: Processing transaction with hash: 9e5664c470281c349e037e67b40f3a7112a591760758ed05634b80d957205a15
2025-09-15 22:49:39.871 DEBUG client[0]: Submitting transaction 9e5664c470281c349e037e67b40f3a7112a591760758ed05634b80d957205a15
2025-09-15 22:49:39.954 TRACE : trigger interaction 0xc00047ad20 559/1200
[TRACE] Decoding transaction bytes of length: 230
[TRACE] Transaction type: 6
[TRACE] Successfully decoded transaction with hash: 57052358bff3c3801be63727d5efd9f22d3ca29d401938fbd30ae2203a4d1919
2025-09-15 22:49:39.954 TRACE client[0]: Processing transaction with hash: 57052358bff3c3801be63727d5efd9f22d3ca29d401938fbd30ae2203a4d1919
2025-09-15 22:49:39.954 DEBUG client[0]: Submitting transaction 57052358bff3c3801be63727d5efd9f22d3ca29d401938fbd30ae2203a4d1919
2025-09-15 22:49:40.037 TRACE : trigger interaction 0xc00047ae10 560/1200
[TRACE] Decoding transaction bytes of length: 230
[TRACE] Transaction type: 6
[TRACE] Successfully decoded transaction with hash: 5326f2b7c1fe989529e06063bfb33f34fdb6f52a765877ae59c18bc11dfb082b
2025-09-15 22:49:40.037 TRACE client[0]: Processing transaction with hash: 5326f2b7c1fe989529e06063bfb33f34fdb6f52a765877ae59c18bc11dfb082b
2025-09-15 22:49:40.037 DEBUG client[0]: Submitting transaction 5326f2b7c1fe989529e06063bfb33f34fdb6f52a765877ae59c18bc11dfb082b
2025-09-15 22:49:40.121 TRACE : trigger interaction 0xc00047af00 561/1200
[TRACE] Decoding transaction bytes of length: 230
[TRACE] Transaction type: 6
[TRACE] Successfully decoded transaction with hash: 8b9ea27ba31b20d3502d2204057f12c4b895b4112f45f48b49fb197f6489ba0d
2025-09-15 22:49:40.121 TRACE client[0]: Processing transaction with hash: 8b9ea27ba31b20d3502d2204057f12c4b895b4112f45f48b49fb197f6489ba0d
2025-09-15 22:49:40.121 DEBUG client[0]: Submitting transaction 8b9ea27ba31b20d3502d2204057f12c4b895b4112f45f48b49fb197f6489ba0d
2025-09-15 22:49:40.204 TRACE : trigger interaction 0xc00047aff0 562/1200
[TRACE] Decoding transaction bytes of length: 230
[TRACE] Transaction type: 6
[TRACE] Successfully decoded transaction with hash: 3c45f68133b608ea94bc307127c07bc1ac7e3a2da450adef4b25b33d8e5ca998
2025-09-15 22:49:40.204 TRACE client[0]: Processing transaction with hash: 3c45f68133b608ea94bc307127c07bc1ac7e3a2da450adef4b25b33d8e5ca998
2025-09-15 22:49:40.204 DEBUG client[0]: Submitting transaction 3c45f68133b608ea94bc307127c07bc1ac7e3a2da450adef4b25b33d8e5ca998
2025-09-15 22:49:40.287 TRACE : trigger interaction 0xc00047b0e0 563/1200
[TRACE] Decoding transaction bytes of length: 230
[TRACE] Transaction type: 6
[TRACE] Successfully decoded transaction with hash: db958fc2b72f2cf25ada1e2c8ccc06f4749a3f77ebbff19a5d6a6e2988a60348
2025-09-15 22:49:40.288 TRACE client[0]: Processing transaction with hash: db958fc2b72f2cf25ada1e2c8ccc06f4749a3f77ebbff19a5d6a6e2988a60348
2025-09-15 22:49:40.288 DEBUG client[0]: Submitting transaction db958fc2b72f2cf25ada1e2c8ccc06f4749a3f77ebbff19a5d6a6e2988a60348
2025-09-15 22:49:40.370 TRACE : trigger interaction 0xc00047b1d0 564/1200
[TRACE] Decoding transaction bytes of length: 230
[TRACE] Transaction type: 6
[TRACE] Successfully decoded transaction with hash: d611561feb05a5bebf1dc766f6fbb077367cbad9a944c95d86d073922ed884ef
2025-09-15 22:49:40.371 TRACE client[0]: Processing transaction with hash: d611561feb05a5bebf1dc766f6fbb077367cbad9a944c95d86d073922ed884ef
2025-09-15 22:49:40.371 DEBUG client[0]: Submitting transaction d611561feb05a5bebf1dc766f6fbb077367cbad9a944c95d86d073922ed884ef
2025-09-15 22:49:40.453 TRACE : trigger interaction 0xc00047b2c0 565/1200
[TRACE] Decoding transaction bytes of length: 230
[TRACE] Transaction type: 6
[TRACE] Successfully decoded transaction with hash: 76db948ab5929fd8bb137ca56b768ed886252e6fd68f964ee983ea04a542ef83
2025-09-15 22:49:40.453 TRACE client[0]: Processing transaction with hash: 76db948ab5929fd8bb137ca56b768ed886252e6fd68f964ee983ea04a542ef83
2025-09-15 22:49:40.453 DEBUG client[0]: Submitting transaction 76db948ab5929fd8bb137ca56b768ed886252e6fd68f964ee983ea04a542ef83
2025-09-15 22:49:40.537 TRACE : trigger interaction 0xc00047b3b0 566/1200
[TRACE] Decoding transaction bytes of length: 230
[TRACE] Transaction type: 6
[TRACE] Successfully decoded transaction with hash: 9944942671b5487f32ce965d84ead055b06507b341b5609df637d40ce298c58b
2025-09-15 22:49:40.537 TRACE client[0]: Processing transaction with hash: 9944942671b5487f32ce965d84ead055b06507b341b5609df637d40ce298c58b
2025-09-15 22:49:40.537 DEBUG client[0]: Submitting transaction 9944942671b5487f32ce965d84ead055b06507b341b5609df637d40ce298c58b
2025-09-15 22:49:40.620 TRACE : trigger interaction 0xc00047b4a0 567/1200
[TRACE] Decoding transaction bytes of length: 230
[TRACE] Transaction type: 6
[TRACE] Successfully decoded transaction with hash: c86dbd56b67b0d2d4c70a477cc2b8714a36aa439c352cea1829f26091189b44f
2025-09-15 22:49:40.620 TRACE client[0]: Processing transaction with hash: c86dbd56b67b0d2d4c70a477cc2b8714a36aa439c352cea1829f26091189b44f
2025-09-15 22:49:40.620 DEBUG client[0]: Submitting transaction c86dbd56b67b0d2d4c70a477cc2b8714a36aa439c352cea1829f26091189b44f
2025-09-15 22:49:40.704 TRACE : trigger interaction 0xc0004e2960 568/1200
[TRACE] Decoding transaction bytes of length: 230
[TRACE] Transaction type: 6
[TRACE] Successfully decoded transaction with hash: bdfdded972957ba77beedb56032967bc1cb0719ed2f738b7a27a13d5aeda067c
2025-09-15 22:49:40.704 TRACE client[0]: Processing transaction with hash: bdfdded972957ba77beedb56032967bc1cb0719ed2f738b7a27a13d5aeda067c
2025-09-15 22:49:40.704 DEBUG client[0]: Submitting transaction bdfdded972957ba77beedb56032967bc1cb0719ed2f738b7a27a13d5aeda067c
2025-09-15 22:49:40.787 TRACE : trigger interaction 0xc0004e2a50 569/1200
[TRACE] Decoding transaction bytes of length: 230
[TRACE] Transaction type: 6
[TRACE] Successfully decoded transaction with hash: 4d30deaf7efac7bf46f24bc0146c09ca5cf467409ac810cab6fc647866dc17fe
2025-09-15 22:49:40.787 TRACE client[0]: Processing transaction with hash: 4d30deaf7efac7bf46f24bc0146c09ca5cf467409ac810cab6fc647866dc17fe
2025-09-15 22:49:40.787 DEBUG client[0]: Submitting transaction 4d30deaf7efac7bf46f24bc0146c09ca5cf467409ac810cab6fc647866dc17fe
2025-09-15 22:49:40.870 TRACE : trigger interaction 0xc0004e2b40 570/1200
[TRACE] Decoding transaction bytes of length: 230
[TRACE] Transaction type: 6
[TRACE] Successfully decoded transaction with hash: 7b97678f1bd36395a457317d1d069c250f328df963b3937b9514a94128add680
2025-09-15 22:49:40.870 TRACE client[0]: Processing transaction with hash: 7b97678f1bd36395a457317d1d069c250f328df963b3937b9514a94128add680
2025-09-15 22:49:40.870 DEBUG client[0]: Submitting transaction 7b97678f1bd36395a457317d1d069c250f328df963b3937b9514a94128add680
2025-09-15 22:49:40.954 TRACE : trigger interaction 0xc0004e2c30 571/1200
[TRACE] Decoding transaction bytes of length: 230
[TRACE] Transaction type: 6
[TRACE] Successfully decoded transaction with hash: 485638e9141f8bc08bde649bbb3830eed5a230a41c9ada67c5177674e681c400
2025-09-15 22:49:40.954 TRACE client[0]: Processing transaction with hash: 485638e9141f8bc08bde649bbb3830eed5a230a41c9ada67c5177674e681c400
2025-09-15 22:49:40.954 DEBUG client[0]: Submitting transaction 485638e9141f8bc08bde649bbb3830eed5a230a41c9ada67c5177674e681c400
2025-09-15 22:49:41.037 TRACE : trigger interaction 0xc0004e2d20 572/1200
[TRACE] Decoding transaction bytes of length: 230
[TRACE] Transaction type: 6
[TRACE] Successfully decoded transaction with hash: 319ea0db4e4333737608bc29b8db830c9f18f799f667decf733cbfeefe1f5988
2025-09-15 22:49:41.038 TRACE client[0]: Processing transaction with hash: 319ea0db4e4333737608bc29b8db830c9f18f799f667decf733cbfeefe1f5988
2025-09-15 22:49:41.038 DEBUG client[0]: Submitting transaction 319ea0db4e4333737608bc29b8db830c9f18f799f667decf733cbfeefe1f5988
2025-09-15 22:49:41.120 TRACE : trigger interaction 0xc0004e2e10 573/1200
[TRACE] Decoding transaction bytes of length: 230
[TRACE] Transaction type: 6
[TRACE] Successfully decoded transaction with hash: d93d6732491b926e8ff7dee3bc6cdb521b0185e35c14899350ef425b59abfe6a
2025-09-15 22:49:41.121 TRACE client[0]: Processing transaction with hash: d93d6732491b926e8ff7dee3bc6cdb521b0185e35c14899350ef425b59abfe6a
2025-09-15 22:49:41.121 DEBUG client[0]: Submitting transaction d93d6732491b926e8ff7dee3bc6cdb521b0185e35c14899350ef425b59abfe6a
2025-09-15 22:49:41.203 TRACE : trigger interaction 0xc0004e2f00 574/1200
[TRACE] Decoding transaction bytes of length: 230
[TRACE] Transaction type: 6
[TRACE] Successfully decoded transaction with hash: 42a4707b110743805f6826bf1d6a57d74c31e04336120b0a1c9747d6910ee2c0
2025-09-15 22:49:41.204 TRACE client[0]: Processing transaction with hash: 42a4707b110743805f6826bf1d6a57d74c31e04336120b0a1c9747d6910ee2c0
2025-09-15 22:49:41.204 DEBUG client[0]: Submitting transaction 42a4707b110743805f6826bf1d6a57d74c31e04336120b0a1c9747d6910ee2c0
2025-09-15 22:49:41.287 TRACE : trigger interaction 0xc0004e2ff0 575/1200
[TRACE] Decoding transaction bytes of length: 230
[TRACE] Transaction type: 6
[TRACE] Successfully decoded transaction with hash: a5907921c6c753ca05c6884cad6ea6a69aac9871d8612003b7cc89fcee49b079
2025-09-15 22:49:41.288 TRACE client[0]: Processing transaction with hash: a5907921c6c753ca05c6884cad6ea6a69aac9871d8612003b7cc89fcee49b079
2025-09-15 22:49:41.288 DEBUG client[0]: Submitting transaction a5907921c6c753ca05c6884cad6ea6a69aac9871d8612003b7cc89fcee49b079
2025-09-15 22:49:41.370 TRACE : trigger interaction 0xc0004e30e0 576/1200
[TRACE] Decoding transaction bytes of length: 230
[TRACE] Transaction type: 6
[TRACE] Successfully decoded transaction with hash: 6565d811927118b1ae7af00e89f47b77f8b877648a468031873b66ce2b5a72af
2025-09-15 22:49:41.371 TRACE client[0]: Processing transaction with hash: 6565d811927118b1ae7af00e89f47b77f8b877648a468031873b66ce2b5a72af
2025-09-15 22:49:41.371 DEBUG client[0]: Submitting transaction 6565d811927118b1ae7af00e89f47b77f8b877648a468031873b66ce2b5a72af
2025-09-15 22:49:41.454 TRACE : trigger interaction 0xc0004e31d0 577/1200
[TRACE] Decoding transaction bytes of length: 230
[TRACE] Transaction type: 6
[TRACE] Successfully decoded transaction with hash: 9f4df1bcef0cc8cb9777ea712717a28fa10b448c447cc145a5bf35becf1d47bb
2025-09-15 22:49:41.454 TRACE client[0]: Processing transaction with hash: 9f4df1bcef0cc8cb9777ea712717a28fa10b448c447cc145a5bf35becf1d47bb
2025-09-15 22:49:41.454 DEBUG client[0]: Submitting transaction 9f4df1bcef0cc8cb9777ea712717a28fa10b448c447cc145a5bf35becf1d47bb
2025-09-15 22:49:41.537 TRACE : trigger interaction 0xc0004e32c0 578/1200
[TRACE] Decoding transaction bytes of length: 230
[TRACE] Transaction type: 6
[TRACE] Successfully decoded transaction with hash: 11162a53b48f8ddc17bc88fe7c62a33797040f14bb3b1705b9fcc861b9667a98
2025-09-15 22:49:41.537 TRACE client[0]: Processing transaction with hash: 11162a53b48f8ddc17bc88fe7c62a33797040f14bb3b1705b9fcc861b9667a98
2025-09-15 22:49:41.537 DEBUG client[0]: Submitting transaction 11162a53b48f8ddc17bc88fe7c62a33797040f14bb3b1705b9fcc861b9667a98
2025-09-15 22:49:41.621 TRACE : trigger interaction 0xc0004e33b0 579/1200
[TRACE] Decoding transaction bytes of length: 230
[TRACE] Transaction type: 6
[TRACE] Successfully decoded transaction with hash: e8a4fc5f88554beb883e5dff0415904c06b9bceab4185d5750b7b1eca499e538
2025-09-15 22:49:41.621 TRACE client[0]: Processing transaction with hash: e8a4fc5f88554beb883e5dff0415904c06b9bceab4185d5750b7b1eca499e538
2025-09-15 22:49:41.621 DEBUG client[0]: Submitting transaction e8a4fc5f88554beb883e5dff0415904c06b9bceab4185d5750b7b1eca499e538
2025-09-15 22:49:41.704 TRACE : trigger interaction 0xc0004e34a0 580/1200
[TRACE] Decoding transaction bytes of length: 230
[TRACE] Transaction type: 6
[TRACE] Successfully decoded transaction with hash: 8076136e12d90e925554f5bd9302a0309472a95eaf4f8d82cd4b4e940069ad47
2025-09-15 22:49:41.704 TRACE client[0]: Processing transaction with hash: 8076136e12d90e925554f5bd9302a0309472a95eaf4f8d82cd4b4e940069ad47
2025-09-15 22:49:41.704 DEBUG client[0]: Submitting transaction 8076136e12d90e925554f5bd9302a0309472a95eaf4f8d82cd4b4e940069ad47
2025-09-15 22:49:41.787 TRACE : trigger interaction 0xc0004e3590 581/1200
[TRACE] Decoding transaction bytes of length: 230
[TRACE] Transaction type: 6
[TRACE] Successfully decoded transaction with hash: 49bca649fb68519c88066dab6582f2b5ada8702bdc9f1c702cadd1a85b6bea2e
2025-09-15 22:49:41.788 TRACE client[0]: Processing transaction with hash: 49bca649fb68519c88066dab6582f2b5ada8702bdc9f1c702cadd1a85b6bea2e
2025-09-15 22:49:41.788 DEBUG client[0]: Submitting transaction 49bca649fb68519c88066dab6582f2b5ada8702bdc9f1c702cadd1a85b6bea2e
2025-09-15 22:49:41.870 TRACE : trigger interaction 0xc0004e3680 582/1200
[TRACE] Decoding transaction bytes of length: 230
[TRACE] Transaction type: 6
[TRACE] Successfully decoded transaction with hash: 300f30072da81e4e762b4e523ee17dfdb60876313f3cd7ee0d66e0f89ade1644
2025-09-15 22:49:41.871 TRACE client[0]: Processing transaction with hash: 300f30072da81e4e762b4e523ee17dfdb60876313f3cd7ee0d66e0f89ade1644
2025-09-15 22:49:41.871 DEBUG client[0]: Submitting transaction 300f30072da81e4e762b4e523ee17dfdb60876313f3cd7ee0d66e0f89ade1644
2025-09-15 22:49:41.953 TRACE : trigger interaction 0xc0004e3770 583/1200
[TRACE] Decoding transaction bytes of length: 230
[TRACE] Transaction type: 6
[TRACE] Successfully decoded transaction with hash: aa6f6a70fc9b455a8fe474cec71f1724a9972b13509aad5ebe5b63821fa9ecfa
2025-09-15 22:49:41.953 TRACE client[0]: Processing transaction with hash: aa6f6a70fc9b455a8fe474cec71f1724a9972b13509aad5ebe5b63821fa9ecfa
2025-09-15 22:49:41.953 DEBUG client[0]: Submitting transaction aa6f6a70fc9b455a8fe474cec71f1724a9972b13509aad5ebe5b63821fa9ecfa
2025-09-15 22:49:42.037 TRACE : trigger interaction 0xc00047b590 584/1200
[TRACE] Decoding transaction bytes of length: 230
[TRACE] Transaction type: 6
[TRACE] Successfully decoded transaction with hash: 6db32014b57706ce8fada4bb4192726e0c52ade1380708b9b54ed3df040ebe67
2025-09-15 22:49:42.037 TRACE client[0]: Processing transaction with hash: 6db32014b57706ce8fada4bb4192726e0c52ade1380708b9b54ed3df040ebe67
2025-09-15 22:49:42.037 DEBUG client[0]: Submitting transaction 6db32014b57706ce8fada4bb4192726e0c52ade1380708b9b54ed3df040ebe67
2025-09-15 22:49:42.120 TRACE : trigger interaction 0xc00047b680 585/1200
[TRACE] Decoding transaction bytes of length: 230
[TRACE] Transaction type: 6
[TRACE] Successfully decoded transaction with hash: 59a572b6d743da83677a3cf91ffed4f435f97bde2ff544c098c40a6f1f48280b
2025-09-15 22:49:42.120 TRACE client[0]: Processing transaction with hash: 59a572b6d743da83677a3cf91ffed4f435f97bde2ff544c098c40a6f1f48280b
2025-09-15 22:49:42.120 DEBUG client[0]: Submitting transaction 59a572b6d743da83677a3cf91ffed4f435f97bde2ff544c098c40a6f1f48280b
2025-09-15 22:49:42.204 TRACE : trigger interaction 0xc00047b770 586/1200
[TRACE] Decoding transaction bytes of length: 230
[TRACE] Transaction type: 6
[TRACE] Successfully decoded transaction with hash: 2c6bdecc1817225a3656f1972a68d19323738350ec6c2c1446cfa2b0952e9752
2025-09-15 22:49:42.204 TRACE client[0]: Processing transaction with hash: 2c6bdecc1817225a3656f1972a68d19323738350ec6c2c1446cfa2b0952e9752
2025-09-15 22:49:42.204 DEBUG client[0]: Submitting transaction 2c6bdecc1817225a3656f1972a68d19323738350ec6c2c1446cfa2b0952e9752
2025-09-15 22:49:42.287 TRACE : trigger interaction 0xc00047b860 587/1200
[TRACE] Decoding transaction bytes of length: 230
[TRACE] Transaction type: 6
[TRACE] Successfully decoded transaction with hash: 788204a79ab8c67e0480e3f9a895add84950b0e7f50ab6dbbab8dafe7a755d50
2025-09-15 22:49:42.287 TRACE client[0]: Processing transaction with hash: 788204a79ab8c67e0480e3f9a895add84950b0e7f50ab6dbbab8dafe7a755d50
2025-09-15 22:49:42.287 DEBUG client[0]: Submitting transaction 788204a79ab8c67e0480e3f9a895add84950b0e7f50ab6dbbab8dafe7a755d50
2025-09-15 22:49:42.370 TRACE : trigger interaction 0xc00047b950 588/1200
[TRACE] Decoding transaction bytes of length: 230
[TRACE] Transaction type: 6
[TRACE] Successfully decoded transaction with hash: d4b93724f101b4148bcb9158cb2d198f64d631d161cd147375f56a2231ff87b6
2025-09-15 22:49:42.371 TRACE client[0]: Processing transaction with hash: d4b93724f101b4148bcb9158cb2d198f64d631d161cd147375f56a2231ff87b6
2025-09-15 22:49:42.371 DEBUG client[0]: Submitting transaction d4b93724f101b4148bcb9158cb2d198f64d631d161cd147375f56a2231ff87b6
2025-09-15 22:49:42.453 TRACE : trigger interaction 0xc00047ba40 589/1200
[TRACE] Decoding transaction bytes of length: 230
[TRACE] Transaction type: 6
[TRACE] Successfully decoded transaction with hash: 14d8490c3de52dbaf2d36a9d3f03734570b48d840ab3305ab6ddfdc6e7360ef9
2025-09-15 22:49:42.454 TRACE client[0]: Processing transaction with hash: 14d8490c3de52dbaf2d36a9d3f03734570b48d840ab3305ab6ddfdc6e7360ef9
2025-09-15 22:49:42.454 DEBUG client[0]: Submitting transaction 14d8490c3de52dbaf2d36a9d3f03734570b48d840ab3305ab6ddfdc6e7360ef9
2025-09-15 22:49:42.537 TRACE : trigger interaction 0xc00047bb30 590/1200
[TRACE] Decoding transaction bytes of length: 230
[TRACE] Transaction type: 6
[TRACE] Successfully decoded transaction with hash: f109a744a54a9484a729c0d9961393fccd468c4e0ec526e3095c2dbe6b0e6c25
2025-09-15 22:49:42.538 TRACE client[0]: Processing transaction with hash: f109a744a54a9484a729c0d9961393fccd468c4e0ec526e3095c2dbe6b0e6c25
2025-09-15 22:49:42.538 DEBUG client[0]: Submitting transaction f109a744a54a9484a729c0d9961393fccd468c4e0ec526e3095c2dbe6b0e6c25
2025-09-15 22:49:42.620 TRACE : trigger interaction 0xc00047bc20 591/1200
[TRACE] Decoding transaction bytes of length: 230
[TRACE] Transaction type: 6
[TRACE] Successfully decoded transaction with hash: 0c0f2e6a9c5eb2f93f94e1dad15cee9fae8d751b1a94c00ca621d513c22295eb
2025-09-15 22:49:42.621 TRACE client[0]: Processing transaction with hash: 0c0f2e6a9c5eb2f93f94e1dad15cee9fae8d751b1a94c00ca621d513c22295eb
2025-09-15 22:49:42.621 DEBUG client[0]: Submitting transaction 0c0f2e6a9c5eb2f93f94e1dad15cee9fae8d751b1a94c00ca621d513c22295eb
2025-09-15 22:49:42.703 TRACE : trigger interaction 0xc00047bd10 592/1200
[TRACE] Decoding transaction bytes of length: 230
[TRACE] Transaction type: 6
[TRACE] Successfully decoded transaction with hash: 571ccfe40ab0719a6781f4569515675419503899560e0a72cf0f991a6bf63b25
2025-09-15 22:49:42.703 TRACE client[0]: Processing transaction with hash: 571ccfe40ab0719a6781f4569515675419503899560e0a72cf0f991a6bf63b25
2025-09-15 22:49:42.703 DEBUG client[0]: Submitting transaction 571ccfe40ab0719a6781f4569515675419503899560e0a72cf0f991a6bf63b25
2025-09-15 22:49:42.787 TRACE : trigger interaction 0xc00047be00 593/1200
[TRACE] Decoding transaction bytes of length: 230
[TRACE] Transaction type: 6
[TRACE] Successfully decoded transaction with hash: 8f2a385f7514e0ce4b3a0572f17f24d789c24d8912cb7158fe5dcea463ddfdf2
2025-09-15 22:49:42.787 TRACE client[0]: Processing transaction with hash: 8f2a385f7514e0ce4b3a0572f17f24d789c24d8912cb7158fe5dcea463ddfdf2
2025-09-15 22:49:42.787 DEBUG client[0]: Submitting transaction 8f2a385f7514e0ce4b3a0572f17f24d789c24d8912cb7158fe5dcea463ddfdf2
2025-09-15 22:49:42.870 TRACE : trigger interaction 0xc00047bef0 594/1200
[TRACE] Decoding transaction bytes of length: 230
[TRACE] Transaction type: 6
[TRACE] Successfully decoded transaction with hash: b1a31ab70aa412e89c12ce29a25005a32ef722775448fa7f32c632ddb9acb572
2025-09-15 22:49:42.870 TRACE client[0]: Processing transaction with hash: b1a31ab70aa412e89c12ce29a25005a32ef722775448fa7f32c632ddb9acb572
2025-09-15 22:49:42.870 DEBUG client[0]: Submitting transaction b1a31ab70aa412e89c12ce29a25005a32ef722775448fa7f32c632ddb9acb572
2025-09-15 22:49:42.954 TRACE : trigger interaction 0xc0001821e0 595/1200
[TRACE] Decoding transaction bytes of length: 230
[TRACE] Transaction type: 6
[TRACE] Successfully decoded transaction with hash: 9e7eaf70ae7e0838e37c47b965bb078153940d9671ac945e6b88ee209739d5ea
2025-09-15 22:49:42.954 TRACE client[0]: Processing transaction with hash: 9e7eaf70ae7e0838e37c47b965bb078153940d9671ac945e6b88ee209739d5ea
2025-09-15 22:49:42.954 DEBUG client[0]: Submitting transaction 9e7eaf70ae7e0838e37c47b965bb078153940d9671ac945e6b88ee209739d5ea
2025-09-15 22:49:43.037 TRACE : trigger interaction 0xc0001822d0 596/1200
[TRACE] Decoding transaction bytes of length: 230
[TRACE] Transaction type: 6
[TRACE] Successfully decoded transaction with hash: 034f1ac7b1f1ea070a483462bae6fa11a1eb1086fa81192b23a2ad4d0f9ae07f
2025-09-15 22:49:43.037 TRACE client[0]: Processing transaction with hash: 034f1ac7b1f1ea070a483462bae6fa11a1eb1086fa81192b23a2ad4d0f9ae07f
2025-09-15 22:49:43.037 DEBUG client[0]: Submitting transaction 034f1ac7b1f1ea070a483462bae6fa11a1eb1086fa81192b23a2ad4d0f9ae07f
2025-09-15 22:49:43.120 TRACE : trigger interaction 0xc0001823c0 597/1200
[TRACE] Decoding transaction bytes of length: 230
[TRACE] Transaction type: 6
[TRACE] Successfully decoded transaction with hash: a8c08d4823ecd2addb5d40b9b7868f180b5e146ac5601175e544ced9940599d1
2025-09-15 22:49:43.120 TRACE client[0]: Processing transaction with hash: a8c08d4823ecd2addb5d40b9b7868f180b5e146ac5601175e544ced9940599d1
2025-09-15 22:49:43.120 DEBUG client[0]: Submitting transaction a8c08d4823ecd2addb5d40b9b7868f180b5e146ac5601175e544ced9940599d1
2025-09-15 22:49:43.204 TRACE : trigger interaction 0xc0001825a0 598/1200
[TRACE] Decoding transaction bytes of length: 230
[TRACE] Transaction type: 6
[TRACE] Successfully decoded transaction with hash: 11037a6244f043837038a57e11000716bc54b59614f1adc83ae3e8608bd878dd
2025-09-15 22:49:43.205 TRACE client[0]: Processing transaction with hash: 11037a6244f043837038a57e11000716bc54b59614f1adc83ae3e8608bd878dd
2025-09-15 22:49:43.205 DEBUG client[0]: Submitting transaction 11037a6244f043837038a57e11000716bc54b59614f1adc83ae3e8608bd878dd
2025-09-15 22:49:43.287 TRACE : trigger interaction 0xc000182780 599/1200
[TRACE] Decoding transaction bytes of length: 230
[TRACE] Transaction type: 6
[TRACE] Successfully decoded transaction with hash: 0677de62dc2316713010cabf4d918340c425de1fd3f95949230341e64a4ad476
2025-09-15 22:49:43.287 TRACE client[0]: Processing transaction with hash: 0677de62dc2316713010cabf4d918340c425de1fd3f95949230341e64a4ad476
2025-09-15 22:49:43.287 DEBUG client[0]: Submitting transaction 0677de62dc2316713010cabf4d918340c425de1fd3f95949230341e64a4ad476
2025-09-15 22:49:43.370 TRACE : trigger interaction 0xc000182870 600/1200
[TRACE] Decoding transaction bytes of length: 230
[TRACE] Transaction type: 6
[TRACE] Successfully decoded transaction with hash: d8ac17e6557c44795ca7ad0679a4879bf964382b61561e48641f986029ce5d35
2025-09-15 22:49:43.371 TRACE client[0]: Processing transaction with hash: d8ac17e6557c44795ca7ad0679a4879bf964382b61561e48641f986029ce5d35
2025-09-15 22:49:43.371 DEBUG client[0]: Submitting transaction d8ac17e6557c44795ca7ad0679a4879bf964382b61561e48641f986029ce5d35
2025-09-15 22:49:43.454 TRACE : trigger interaction 0xc00021e000 601/1200
[TRACE] Decoding transaction bytes of length: 230
[TRACE] Transaction type: 6
[TRACE] Successfully decoded transaction with hash: 76a97e69a6603253421bca9f6f2b0c1e2060c91d1cf2aa1eea2807b705cdade2
2025-09-15 22:49:43.455 TRACE client[0]: Processing transaction with hash: 76a97e69a6603253421bca9f6f2b0c1e2060c91d1cf2aa1eea2807b705cdade2
2025-09-15 22:49:43.455 DEBUG client[0]: Submitting transaction 76a97e69a6603253421bca9f6f2b0c1e2060c91d1cf2aa1eea2807b705cdade2
2025-09-15 22:49:43.537 TRACE : trigger interaction 0xc00021e0f0 602/1200
[TRACE] Decoding transaction bytes of length: 229
[TRACE] Transaction type: 6
[TRACE] Successfully decoded transaction with hash: 6f06fac5fc7c436c3ce481fc6bd4d879c43060a912117387fd8d53a9a53deb4d
2025-09-15 22:49:43.538 TRACE client[0]: Processing transaction with hash: 6f06fac5fc7c436c3ce481fc6bd4d879c43060a912117387fd8d53a9a53deb4d
2025-09-15 22:49:43.538 DEBUG client[0]: Submitting transaction 6f06fac5fc7c436c3ce481fc6bd4d879c43060a912117387fd8d53a9a53deb4d
2025-09-15 22:49:43.620 TRACE : trigger interaction 0xc00021e1e0 603/1200
[TRACE] Decoding transaction bytes of length: 229
[TRACE] Transaction type: 6
[TRACE] Successfully decoded transaction with hash: db21f0d0b72ebce45f6b2271b0a886a113574eb8d5ce988de910c72892484d9c
2025-09-15 22:49:43.621 TRACE client[0]: Processing transaction with hash: db21f0d0b72ebce45f6b2271b0a886a113574eb8d5ce988de910c72892484d9c
2025-09-15 22:49:43.621 DEBUG client[0]: Submitting transaction db21f0d0b72ebce45f6b2271b0a886a113574eb8d5ce988de910c72892484d9c
2025-09-15 22:49:43.703 TRACE : trigger interaction 0xc00021e2d0 604/1200
[TRACE] Decoding transaction bytes of length: 229
[TRACE] Transaction type: 6
[TRACE] Successfully decoded transaction with hash: 6eb68fa1c3441ac2a463d2c89df70e1a40881194d5cbf79e5a4c88e616d1f588
2025-09-15 22:49:43.704 TRACE client[0]: Processing transaction with hash: 6eb68fa1c3441ac2a463d2c89df70e1a40881194d5cbf79e5a4c88e616d1f588
2025-09-15 22:49:43.704 DEBUG client[0]: Submitting transaction 6eb68fa1c3441ac2a463d2c89df70e1a40881194d5cbf79e5a4c88e616d1f588
2025-09-15 22:49:43.787 TRACE : trigger interaction 0xc00021e3c0 605/1200
[TRACE] Decoding transaction bytes of length: 229
[TRACE] Transaction type: 6
[TRACE] Successfully decoded transaction with hash: 5f287ed5fa69cd1dba2f66990f4861432bbdc2279c916baccb4cae86268ee50e
2025-09-15 22:49:43.788 TRACE client[0]: Processing transaction with hash: 5f287ed5fa69cd1dba2f66990f4861432bbdc2279c916baccb4cae86268ee50e
2025-09-15 22:49:43.788 DEBUG client[0]: Submitting transaction 5f287ed5fa69cd1dba2f66990f4861432bbdc2279c916baccb4cae86268ee50e
2025-09-15 22:49:43.870 TRACE : trigger interaction 0xc00021e4b0 606/1200
[TRACE] Decoding transaction bytes of length: 229
[TRACE] Transaction type: 6
[TRACE] Successfully decoded transaction with hash: 4c73054ae55413d2940d654c14fb96c590321652059f2e241507f8f87014ee9e
2025-09-15 22:49:43.871 TRACE client[0]: Processing transaction with hash: 4c73054ae55413d2940d654c14fb96c590321652059f2e241507f8f87014ee9e
2025-09-15 22:49:43.871 DEBUG client[0]: Submitting transaction 4c73054ae55413d2940d654c14fb96c590321652059f2e241507f8f87014ee9e
2025-09-15 22:49:43.953 TRACE : trigger interaction 0xc00021e5a0 607/1200
[TRACE] Decoding transaction bytes of length: 229
[TRACE] Transaction type: 6
[TRACE] Successfully decoded transaction with hash: 2a613130924a23ddf60b182ef59a574d7060ac46862174a496f9f7b1f6d4279e
2025-09-15 22:49:43.954 TRACE client[0]: Processing transaction with hash: 2a613130924a23ddf60b182ef59a574d7060ac46862174a496f9f7b1f6d4279e
2025-09-15 22:49:43.954 DEBUG client[0]: Submitting transaction 2a613130924a23ddf60b182ef59a574d7060ac46862174a496f9f7b1f6d4279e
2025-09-15 22:49:44.037 TRACE : trigger interaction 0xc00021e690 608/1200
[TRACE] Decoding transaction bytes of length: 229
[TRACE] Transaction type: 6
[TRACE] Successfully decoded transaction with hash: b88b52c0457a441fbec7087e0e04358bbe7c398de61e69f0deb62d655e8aa32f
2025-09-15 22:49:44.037 TRACE client[0]: Processing transaction with hash: b88b52c0457a441fbec7087e0e04358bbe7c398de61e69f0deb62d655e8aa32f
2025-09-15 22:49:44.037 DEBUG client[0]: Submitting transaction b88b52c0457a441fbec7087e0e04358bbe7c398de61e69f0deb62d655e8aa32f
2025-09-15 22:49:44.121 TRACE : trigger interaction 0xc00021e780 609/1200
[TRACE] Decoding transaction bytes of length: 229
[TRACE] Transaction type: 6
[TRACE] Successfully decoded transaction with hash: 5fe078c878b6a255b2319cc39a66cf02e4a2368acf972f5a5519532a4b8235ac
2025-09-15 22:49:44.121 TRACE client[0]: Processing transaction with hash: 5fe078c878b6a255b2319cc39a66cf02e4a2368acf972f5a5519532a4b8235ac
2025-09-15 22:49:44.121 DEBUG client[0]: Submitting transaction 5fe078c878b6a255b2319cc39a66cf02e4a2368acf972f5a5519532a4b8235ac
2025-09-15 22:49:44.204 TRACE : trigger interaction 0xc00021e870 610/1200
[TRACE] Decoding transaction bytes of length: 229
[TRACE] Transaction type: 6
[TRACE] Successfully decoded transaction with hash: e65f100353906c70273e8e8c4b9499ba466d552ab57e1f70b9bf9d54810a34d3
2025-09-15 22:49:44.204 TRACE client[0]: Processing transaction with hash: e65f100353906c70273e8e8c4b9499ba466d552ab57e1f70b9bf9d54810a34d3
2025-09-15 22:49:44.204 DEBUG client[0]: Submitting transaction e65f100353906c70273e8e8c4b9499ba466d552ab57e1f70b9bf9d54810a34d3
2025-09-15 22:49:44.287 TRACE : trigger interaction 0xc00021e960 611/1200
[TRACE] Decoding transaction bytes of length: 229
[TRACE] Transaction type: 6
[TRACE] Successfully decoded transaction with hash: 75d339f0642f9b27615cdd506c89b0cd846caef1f59396bf9231be0a032a22a4
2025-09-15 22:49:44.288 TRACE client[0]: Processing transaction with hash: 75d339f0642f9b27615cdd506c89b0cd846caef1f59396bf9231be0a032a22a4
2025-09-15 22:49:44.288 DEBUG client[0]: Submitting transaction 75d339f0642f9b27615cdd506c89b0cd846caef1f59396bf9231be0a032a22a4
2025-09-15 22:49:44.371 TRACE : trigger interaction 0xc00021ea50 612/1200
[TRACE] Decoding transaction bytes of length: 229
[TRACE] Transaction type: 6
[TRACE] Successfully decoded transaction with hash: 5df1ab1714e53da803ea42229acdaf2357c8db1ef69a34a6de9b81b5bd1fe886
2025-09-15 22:49:44.371 TRACE client[0]: Processing transaction with hash: 5df1ab1714e53da803ea42229acdaf2357c8db1ef69a34a6de9b81b5bd1fe886
2025-09-15 22:49:44.371 DEBUG client[0]: Submitting transaction 5df1ab1714e53da803ea42229acdaf2357c8db1ef69a34a6de9b81b5bd1fe886
2025-09-15 22:49:44.454 TRACE : trigger interaction 0xc00021eb40 613/1200
[TRACE] Decoding transaction bytes of length: 229
[TRACE] Transaction type: 6
[TRACE] Successfully decoded transaction with hash: e7d708428ca7497120e2eeffd2343d17930bb9ff163a37282ae51f85a4930e52
2025-09-15 22:49:44.454 TRACE client[0]: Processing transaction with hash: e7d708428ca7497120e2eeffd2343d17930bb9ff163a37282ae51f85a4930e52
2025-09-15 22:49:44.454 DEBUG client[0]: Submitting transaction e7d708428ca7497120e2eeffd2343d17930bb9ff163a37282ae51f85a4930e52
2025-09-15 22:49:44.537 TRACE : trigger interaction 0xc00021ec30 614/1200
[TRACE] Decoding transaction bytes of length: 229
[TRACE] Transaction type: 6
[TRACE] Successfully decoded transaction with hash: 05b95536f07f6da4840c17a3f46dac635c618a8392ab9560736e3aa4319731aa
2025-09-15 22:49:44.537 TRACE client[0]: Processing transaction with hash: 05b95536f07f6da4840c17a3f46dac635c618a8392ab9560736e3aa4319731aa
2025-09-15 22:49:44.537 DEBUG client[0]: Submitting transaction 05b95536f07f6da4840c17a3f46dac635c618a8392ab9560736e3aa4319731aa
2025-09-15 22:49:44.620 TRACE : trigger interaction 0xc00021ed20 615/1200
[TRACE] Decoding transaction bytes of length: 229
[TRACE] Transaction type: 6
[TRACE] Successfully decoded transaction with hash: cd52d8bc1f63d87c140906e2903603d21f1d39273edcbd8ec6e7d00a78adba2d
2025-09-15 22:49:44.621 TRACE client[0]: Processing transaction with hash: cd52d8bc1f63d87c140906e2903603d21f1d39273edcbd8ec6e7d00a78adba2d
2025-09-15 22:49:44.621 DEBUG client[0]: Submitting transaction cd52d8bc1f63d87c140906e2903603d21f1d39273edcbd8ec6e7d00a78adba2d
2025-09-15 22:49:44.703 TRACE : trigger interaction 0xc00021ee10 616/1200
[TRACE] Decoding transaction bytes of length: 229
[TRACE] Transaction type: 6
[TRACE] Successfully decoded transaction with hash: fd2c7f35f1254d946b46aa7a86c2eece04bc7f15c28d3a6a4752054b8c2dbb47
2025-09-15 22:49:44.703 TRACE client[0]: Processing transaction with hash: fd2c7f35f1254d946b46aa7a86c2eece04bc7f15c28d3a6a4752054b8c2dbb47
2025-09-15 22:49:44.703 DEBUG client[0]: Submitting transaction fd2c7f35f1254d946b46aa7a86c2eece04bc7f15c28d3a6a4752054b8c2dbb47
2025-09-15 22:49:44.787 TRACE : trigger interaction 0xc00021ef00 617/1200
[TRACE] Decoding transaction bytes of length: 229
[TRACE] Transaction type: 6
[TRACE] Successfully decoded transaction with hash: f0d308a4f8e88425d31e54c2523f295d425d7d7138079169bccc8073ee7722a1
2025-09-15 22:49:44.787 TRACE client[0]: Processing transaction with hash: f0d308a4f8e88425d31e54c2523f295d425d7d7138079169bccc8073ee7722a1
2025-09-15 22:49:44.787 DEBUG client[0]: Submitting transaction f0d308a4f8e88425d31e54c2523f295d425d7d7138079169bccc8073ee7722a1
2025-09-15 22:49:44.870 TRACE : trigger interaction 0xc0004e3860 618/1200
[TRACE] Decoding transaction bytes of length: 229
[TRACE] Transaction type: 6
[TRACE] Successfully decoded transaction with hash: 03ba381b24e863fef70956e8cf16b6688990beb8e377d573ae1cbeca55e1d072
2025-09-15 22:49:44.871 TRACE client[0]: Processing transaction with hash: 03ba381b24e863fef70956e8cf16b6688990beb8e377d573ae1cbeca55e1d072
2025-09-15 22:49:44.871 DEBUG client[0]: Submitting transaction 03ba381b24e863fef70956e8cf16b6688990beb8e377d573ae1cbeca55e1d072
2025-09-15 22:49:44.954 TRACE : trigger interaction 0xc0004e3950 619/1200
[TRACE] Decoding transaction bytes of length: 229
[TRACE] Transaction type: 6
[TRACE] Successfully decoded transaction with hash: b1a03c07908f98a02365c02cf5597887b51cfd613aa07fad85f33c47881c29fe
2025-09-15 22:49:44.955 TRACE client[0]: Processing transaction with hash: b1a03c07908f98a02365c02cf5597887b51cfd613aa07fad85f33c47881c29fe
2025-09-15 22:49:44.955 DEBUG client[0]: Submitting transaction b1a03c07908f98a02365c02cf5597887b51cfd613aa07fad85f33c47881c29fe
2025-09-15 22:49:45.037 TRACE : trigger interaction 0xc0004e3a40 620/1200
[TRACE] Decoding transaction bytes of length: 229
[TRACE] Transaction type: 6
[TRACE] Successfully decoded transaction with hash: eca17e1787fda706a4fbf28d62c42f9f8793ff1f6abfc93d00535bde113a0fe0
2025-09-15 22:49:45.038 TRACE client[0]: Processing transaction with hash: eca17e1787fda706a4fbf28d62c42f9f8793ff1f6abfc93d00535bde113a0fe0
2025-09-15 22:49:45.038 DEBUG client[0]: Submitting transaction eca17e1787fda706a4fbf28d62c42f9f8793ff1f6abfc93d00535bde113a0fe0
2025-09-15 22:49:45.120 TRACE : trigger interaction 0xc0004e3b30 621/1200
[TRACE] Decoding transaction bytes of length: 229
[TRACE] Transaction type: 6
[TRACE] Successfully decoded transaction with hash: 6e2beebcf3e5a99fad09fd3f4c6f3f599c5a8ed6a9ead7112650c0b581976437
2025-09-15 22:49:45.121 TRACE client[0]: Processing transaction with hash: 6e2beebcf3e5a99fad09fd3f4c6f3f599c5a8ed6a9ead7112650c0b581976437
2025-09-15 22:49:45.121 DEBUG client[0]: Submitting transaction 6e2beebcf3e5a99fad09fd3f4c6f3f599c5a8ed6a9ead7112650c0b581976437
2025-09-15 22:49:45.203 TRACE : trigger interaction 0xc0004e3c20 622/1200
[TRACE] Decoding transaction bytes of length: 229
[TRACE] Transaction type: 6
[TRACE] Successfully decoded transaction with hash: 91b9ad56f0b7ba392289e3364975e1ec6eabd3578fa71705a0dcb989efdb6dee
2025-09-15 22:49:45.204 TRACE client[0]: Processing transaction with hash: 91b9ad56f0b7ba392289e3364975e1ec6eabd3578fa71705a0dcb989efdb6dee
2025-09-15 22:49:45.204 DEBUG client[0]: Submitting transaction 91b9ad56f0b7ba392289e3364975e1ec6eabd3578fa71705a0dcb989efdb6dee
2025-09-15 22:49:45.256 TRACE client[0]: Found transaction in block: e4ce949b8e313bff6edc730ba2a88f316a4e1197f10f5149e49cd54debd08cfb
2025-09-15 22:49:45.256 TRACE client[0]: Found transaction in block: e533950554f59d2e90c5662a6ee056af67215dcdf427f6e08437e46b9af10848
2025-09-15 22:49:45.256 TRACE client[0]: Found transaction in block: 76ac470a76aef3949e1495dfe0daa5dcf9204cab33549412756bcb0598ccff91
2025-09-15 22:49:45.256 TRACE client[0]: Found transaction in block: 5fc51c59e933d96905c598136f0ed5336708f1a469df21cb733a4e5a0ac2525b
2025-09-15 22:49:45.256 TRACE client[0]: Found transaction in block: 1c38fa4dbcee6bfd322bf921234983bd3cc83359279d3469c5924d0940c0b0b0
2025-09-15 22:49:45.256 TRACE client[0]: Found transaction in block: bc7d3b340fbc51181e2aa84f2eaba3c530f9268aab9e46415db24348a97522c6
2025-09-15 22:49:45.256 TRACE client[0]: Found transaction in block: 7a1888c6b61ddaf53c57d6e29393d4f62e0f0742cb1faa7f4bba140aa8a96992
2025-09-15 22:49:45.256 TRACE client[0]: Found transaction in block: db4970e7f10b4be4ef6b50caa90094a6ab97512a457f0dc8976092e879f3a2da
2025-09-15 22:49:45.256 TRACE client[0]: Found transaction in block: 754893f9c9d6c68c652b6b70759543e0cee447cf157fbdfa0a4131494fcb5e51
2025-09-15 22:49:45.256 TRACE client[0]: Found transaction in block: 7f24cc561160cb7e5e483f73d1bc6fa7726ca7004b0293c100541e9811f1d934
2025-09-15 22:49:45.256 TRACE client[0]: Found transaction in block: b07fcdfadfb7d3eae63f3d5c43bebb50580eac47fe3744ad07bbd6d28ea5b9f5
2025-09-15 22:49:45.256 TRACE client[0]: Found transaction in block: f50bc4cfd9670ef688d9a39f9e796e9a846f36b42cdce7bc48a2112280790cf8
2025-09-15 22:49:45.256 TRACE client[0]: Found transaction in block: d94ab7c51e2346e74d589ebd899f0b88521c88169bd0b345b2005deec61f6d17
2025-09-15 22:49:45.256 TRACE client[0]: Found transaction in block: 782beb22a17e81512bdbb863f089b0a4e8eee83f8606bb20da97649c0da1a6bd
2025-09-15 22:49:45.256 TRACE client[0]: Found transaction in block: 05ee4d5f86226b4a23c12c5dabcfc7680fc88475f6288d42d0570953eb3292e1
2025-09-15 22:49:45.256 TRACE client[0]: Found transaction in block: 3f00352db54653b09984efb5b35824335dc025616cda98eb8b9c465d14f1a37f
2025-09-15 22:49:45.256 TRACE client[0]: Found transaction in block: 5e1811d4542d742f5f2f0981fe1d5f1aa76dd4359885c4a873982ae14c4e356a
2025-09-15 22:49:45.256 TRACE client[0]: Found transaction in block: d4283ed2c5028deaaeb0e8beb4967aa0ac4bb6c4dfc74a6eb778ecadb4f0c140
2025-09-15 22:49:45.256 TRACE client[0]: Found transaction in block: 84737cb4fa3ced85f295ea09dac5ed4f241d56c1f141fd38bc3de4b556c365e4
2025-09-15 22:49:45.256 TRACE client[0]: Found transaction in block: 424e3657feef56971ac60398e6622ba6de9fc929358bd14bd260dd2732d055c9
2025-09-15 22:49:45.256 TRACE client[0]: Found transaction in block: 73ad1ba0018ac7ba0dcc3ece058dc8b32cc0ea6bf875aa6168521ca5eea2b97b
2025-09-15 22:49:45.256 TRACE client[0]: Found transaction in block: 0f0a982abd8c05c41aa21b6a2ab77abb0c73272865d6e67bc9ce756993f0e085
2025-09-15 22:49:45.256 TRACE client[0]: Found transaction in block: 452bddff96a93646f85636f82fd60afd97572f9776ea1c52bc426da6ab52e997
2025-09-15 22:49:45.256 TRACE client[0]: Found transaction in block: 3a92f38d0bdb1e58e1b90a0b2e3f07b69c8766c0f0a22d427f40c62e15070c98
2025-09-15 22:49:45.256 TRACE client[0]: Found transaction in block: 5b88f7f4b98c7a033582453b5eb7538cf4e7fffd411096f39095c9e933ed2d31
2025-09-15 22:49:45.256 TRACE client[0]: Found transaction in block: 754d4818e5801db8b340a90523b8ba1c2aa6315f73783d23b071896398c12d97
2025-09-15 22:49:45.256 TRACE client[0]: Found transaction in block: 22e00d215f1c274768858588019366c10b65e5ab08ddb63f4829274ae4c6db43
2025-09-15 22:49:45.256 TRACE client[0]: Found transaction in block: 85359296301e997ac0b61de872fb8e6c428e7d4fd8cfce170abe20333df7c2a1
2025-09-15 22:49:45.256 TRACE client[0]: Found transaction in block: cc3cf442efedf4b6469f902af414ab28a12296588da912d694518e21b4a50c05
2025-09-15 22:49:45.256 TRACE client[0]: Found transaction in block: 5476747184c70c4a81ad94162f48a497c556cb5ef21b9b63b207e840931ca99e
2025-09-15 22:49:45.256 TRACE client[0]: Found transaction in block: 7e12c55d263eb4fc83b600c81418078053ec242220db082dd89284afc3353801
2025-09-15 22:49:45.256 TRACE client[0]: Found transaction in block: c4d0e00c651c5cd71b7682f2117edaadde60e7636cd2042cf1bca44a52463445
2025-09-15 22:49:45.256 TRACE client[0]: Found transaction in block: e775c9d05eeb4e31dc74723306ff60c87ee31b8f18d3107dd28d35017d0758bd
2025-09-15 22:49:45.256 TRACE client[0]: Found transaction in block: f75b234d4e8a09f6c59339afe0d6bf61dcc96fdff01140dda4ff8963ec8434f9
2025-09-15 22:49:45.256 TRACE client[0]: Found transaction in block: aef8f1c876dd2887f97f31850495a0530c02e29e169112153cbabf81f0a7109f
2025-09-15 22:49:45.256 TRACE client[0]: Found transaction in block: 366661eb70446caf339eacaa3c9cd62837fcc809cdd81fe0956b8f53b5b49648
2025-09-15 22:49:45.256 TRACE client[0]: Found transaction in block: 02e0bb9e1b5e5042a1a1875eccf52a760f7be9cd3f1841c52c90895478f24449
2025-09-15 22:49:45.256 TRACE client[0]: Found transaction in block: 4a3550eff4986f16fd3e5778b41b8fa2c82702f56612cbc1cd2277a35ac3ba67
2025-09-15 22:49:45.256 TRACE client[0]: Found transaction in block: f69771bde7f5aadbde0872e33c369f2841665ec1c46db4a842fc0ced2c76f8bb
2025-09-15 22:49:45.256 TRACE client[0]: Found transaction in block: 51e463408819e130102a56d19ae0faf8b9d8164fa3cd40908f7cebac840fd781
2025-09-15 22:49:45.256 TRACE client[0]: Found transaction in block: b4a248bdc14a97560e21e99c3feef6e90d3f94ac96cd376aadff25a0c3ead859
2025-09-15 22:49:45.256 TRACE client[0]: Found transaction in block: caa3cf65a482d048db7ec8dee6196797286c200b73d01836d82346b430d592c6
2025-09-15 22:49:45.256 TRACE client[0]: Found transaction in block: ba4e4e742add98ffc8fecb31654d18cf8ad19c894c277618776970554076c884
2025-09-15 22:49:45.256 TRACE client[0]: Found transaction in block: 6c36274cc7efe6371e1d2ad76c2e376e995e164debd85b64509a947c2f64319a
2025-09-15 22:49:45.256 TRACE client[0]: Found transaction in block: 3839f714ad684f4aea14b7d37068dbbb3b2a7e82880532e844871435d74e7608
2025-09-15 22:49:45.256 TRACE client[0]: Found transaction in block: 8e37fe1ee47ff8098064f6cbd0693a951caba56ea02a7e7f5aa67ad54b1b5d46
2025-09-15 22:49:45.256 TRACE client[0]: Found transaction in block: 1cb29909a0c2977980177d95e320c1d5afa0c3a9eea7e025cfe335387cce4cdc
2025-09-15 22:49:45.256 TRACE client[0]: Found transaction in block: a63a727870202183619e343ee332d0cba04c1b2df9f65d5e928b1d4b6ae72acf
2025-09-15 22:49:45.256 TRACE client[0]: Found transaction in block: dde45ad63c6f57d128c515176ac34b8f4095022b241f7cfcb07ec6da275d6a66
2025-09-15 22:49:45.256 TRACE client[0]: Found transaction in block: a3df72123325d8a5cd2e761a3cd40ce8237f2e3a5658f79817e2391cb81e9c10
2025-09-15 22:49:45.256 TRACE client[0]: Found transaction in block: 790fbcfbdd5caee7296ce6f215da67177cc94fb090adbf0fdde33fff76dadc16
2025-09-15 22:49:45.256 TRACE client[0]: Found transaction in block: 0a457b4f53398fef87326c0a4ad5a2a379b672917ad06d8feb5557348e0aa7a1
2025-09-15 22:49:45.256 TRACE client[0]: Found transaction in block: 9663b894685f51a45f8bb2e4d10f32dab6635762e4ec60408fbaa9b0513f780b
2025-09-15 22:49:45.256 TRACE client[0]: Found transaction in block: 00d62dc3df1baab85beaa17d1f2029405e79876209bf33b3b1c8b29b5fdfe39c
2025-09-15 22:49:45.256 TRACE client[0]: Found transaction in block: 3482f24ac9772e7d1799fb90a8124ba10f5dc3ce26079b45e7b4142402f155e9
2025-09-15 22:49:45.256 TRACE client[0]: Found transaction in block: d48cfeb8d1d55166faab1f241dc03022e996d2c3b0e73c8bbb7bc97fed33d7e4
2025-09-15 22:49:45.256 TRACE client[0]: Found transaction in block: ea96996ab1eb971c59e0641431dbf75b5c431c0a4308e36491fb6360daf8fb65
2025-09-15 22:49:45.256 TRACE client[0]: Found transaction in block: 802e1e2b4e5f196c36b89b815bc0d0e75c7c7c1ee033fa60ae314fd917022c54
2025-09-15 22:49:45.256 TRACE client[0]: Found transaction in block: d82a0ac8ce5939ef24beec8ddd01c024dd12d373629f3cd26a333c5c6d42a9c0
2025-09-15 22:49:45.256 TRACE client[0]: Found transaction in block: 0e876bbe2a4b920d59d46b2371eed760649ff833a7c2029f4302969c1ebd8f06
2025-09-15 22:49:45.256 TRACE client[0]: Found transaction in block: 5ae97bc06f75588226768114467052002de4933354e63b3db43fc875c8de9738
2025-09-15 22:49:45.256 TRACE client[0]: Found transaction in block: 930795aec4de70599ffad4ec79cd9c6c4d6932cc65e09876567d143a2979e9ed
2025-09-15 22:49:45.256 TRACE client[0]: Found transaction in block: a09d5b18cd18096cc087a334445e013d4c3b1c57391f83699a83699019fcc04f
2025-09-15 22:49:45.256 TRACE client[0]: Found transaction in block: c1120836dd8fa371b691db2dfd87241197523ceeea14a558cd3322390034e304
2025-09-15 22:49:45.256 TRACE client[0]: Found transaction in block: 6ab2332899752e55533c5132aad5d7ef1d37837e9e46212bdfc59ca2ac60151a
2025-09-15 22:49:45.256 TRACE client[0]: Found transaction in block: 70d788e5aa841d5837426fcac6ce59d61e940346d8cd2077ccf154558e041389
2025-09-15 22:49:45.256 TRACE client[0]: Found transaction in block: 77e68a49e71701fb71e84123cb755a7a3f930a80167c3e952a77d78dd79a96da
2025-09-15 22:49:45.256 TRACE client[0]: Found transaction in block: fca65033b5d45ff66bc2504753dc61eb389998009ea1c70d10e1f57b9eb8c2c2
2025-09-15 22:49:45.256 TRACE client[0]: Found transaction in block: 825da61e73be26e3e02a8561ebc4a03dc9226897cd66e05cecad471b7cee1081
2025-09-15 22:49:45.256 TRACE client[0]: Found transaction in block: ba234664f8dd7a11d968c773d8c41e5e20ce2513b941bbdccd8576cfa2b40bb2
2025-09-15 22:49:45.256 TRACE client[0]: Found transaction in block: 884b5cb406db23c91b199d2abcb24449db066f96fc93d10b88415b77a3f2e6cb
2025-09-15 22:49:45.256 TRACE client[0]: Found transaction in block: c985a26e50fa4c473307516cef4fd2245eba4782e09e3fe154b49b748083b14d
2025-09-15 22:49:45.256 TRACE client[0]: Found transaction in block: f04d988dd1be5086883330f3720dd936e4e40e07db2f41cc5c26b4660f8b0b48
2025-09-15 22:49:45.256 TRACE client[0]: Found transaction in block: eda977c916bc633833e6a45a30b5012cda5195421841865387cb9d9f54d6d02b
2025-09-15 22:49:45.256 TRACE client[0]: Found transaction in block: d8fe80aae91fb8671ff1cd45ca927c2aa0b6b859de5e2fda6767f653ca8bdd73
2025-09-15 22:49:45.256 TRACE client[0]: Found transaction in block: 097d564562c8b17a9df3ed366a488a5b4f3eb76037e0180b5f1dde8fdd9ec579
2025-09-15 22:49:45.256 TRACE client[0]: Found transaction in block: f3de777aaa96b0f58dabe501685bd86a27740a03785e901527dc7c2c45411047
2025-09-15 22:49:45.256 TRACE client[0]: Found transaction in block: 420b584e97d01a42053197d87e0c2cb34076b99e43a3211e1e3fbb3a280e1e18
2025-09-15 22:49:45.256 TRACE client[0]: Found transaction in block: 9c3e5ad5fd3888f3d90c425c1ee3721a08a5848d00f2d34aeb3fac15a797d2b9
2025-09-15 22:49:45.256 TRACE client[0]: Found transaction in block: 63dd4b9121fc1edd3c16f9749711d8f7457091068be31eaf3f1baf222fd45d9c
2025-09-15 22:49:45.256 TRACE client[0]: Found transaction in block: 826ed2f2f91f378f3f44aea11caf2a3b8f4c795b8a2f99c5a7fdb38d18d67398
2025-09-15 22:49:45.256 TRACE client[0]: Found transaction in block: 9267a824a4a752ee3767207ab3897ae5ed2caa9c56171a89996a1ba901558812
2025-09-15 22:49:45.256 TRACE client[0]: Found transaction in block: daaa244bb2dbe6ba7073e8b67989af8eb2888773077d1a71924e1ba2c1b67162
2025-09-15 22:49:45.256 TRACE client[0]: Found transaction in block: 7fc10aee195c0324064dc654e219cd99c740c678096897e1db3ae844faaeba54
2025-09-15 22:49:45.256 TRACE client[0]: Found transaction in block: e1c28e4133b1775523f6e7c0b86ce02ce7bda71c66198d6e58e99a9045ec32e2
2025-09-15 22:49:45.256 TRACE client[0]: Found transaction in block: 56ba5f6d859a938c9be20016e3e80f62dc0526f4fc3b832926304afabbdb0378
2025-09-15 22:49:45.256 TRACE client[0]: Found transaction in block: cca2b6409734fc2b9f7951053443ddb6a3db571b14fc9fbfb2c551a60e81b55f
2025-09-15 22:49:45.256 TRACE client[0]: Found transaction in block: e245340411e33f2352bbde5f251db5f98c399e153a3b0338c4e14b63ca86174f
2025-09-15 22:49:45.256 TRACE client[0]: Found transaction in block: 0a762dcc08834a69cee4085f3ce7c95a12e9382cc33552d17bc71265df331266
2025-09-15 22:49:45.256 TRACE client[0]: Found transaction in block: 49c150c135559b377b36e745138a5865c66caba87f46301922809750c8eba91d
2025-09-15 22:49:45.256 TRACE client[0]: Found transaction in block: cfd86561d2a49fb20c7335188b065f65ee6bd72fa151b77274986568c8603a2b
2025-09-15 22:49:45.256 TRACE client[0]: Found transaction in block: 40d172c932c652badf9f99ab7e11e001bf3487780350b537dec0dd97ca0e14de
2025-09-15 22:49:45.256 TRACE client[0]: Found transaction in block: 3e9bb879dc05e50bd07b19c32ec3b17ea23a39cb33d9cec2f3d06e330c60be37
2025-09-15 22:49:45.256 TRACE client[0]: Found transaction in block: 24d759cbb8b0b5109320e007ffae62e5e8a3c172f4070cbade07dd8ae54340b3
2025-09-15 22:49:45.256 TRACE client[0]: Found transaction in block: fa85533e618110dffe9532ea3c8e974bf1c456788fd3f844b90d518bf8906466
2025-09-15 22:49:45.256 TRACE client[0]: Found transaction in block: 76090c6075fa64244ebcfb5a52a2bc339100b7d8ff2fd401f3cb3974ed43d8fb
2025-09-15 22:49:45.256 TRACE client[0]: Found transaction in block: c6cb6956abdf4c6d177c60e6a075152419b8094dbebcbed7730be3c1a03eee97
2025-09-15 22:49:45.256 TRACE client[0]: Found transaction in block: 70fb6a7b25874d90ea6e43f843727a55b81e6a4af1030b43e69515f3cc281096
2025-09-15 22:49:45.256 TRACE client[0]: Found transaction in block: 917c10dde84ff735e428f36a8944fd3719c665f20a996147b669b5a89852dcf9
2025-09-15 22:49:45.256 TRACE client[0]: Found transaction in block: f2515e5716af78baab89fe63cb1790c78cb77f401593fe69e617d593c1999f5a
2025-09-15 22:49:45.256 TRACE client[0]: Found transaction in block: 44ec2616e02d3fd2c46eb1379c655403b99105c0b34e03a54ead7f4c328f7886
2025-09-15 22:49:45.256 TRACE client[0]: Found transaction in block: 365c265decde5e2ee27d144c92bfff360b516a9f917bbd4d94e92d3de2dd8331
2025-09-15 22:49:45.256 TRACE client[0]: Found transaction in block: 9b78edb3d2c37d6afd752a4f7efe419934ea104a23f713002da2e76e3c5cd1b2
2025-09-15 22:49:45.256 TRACE client[0]: Found transaction in block: 42f3db37a72ca6d249fb03acd6cd097ea0a4258bbdf8dc08c24e06aee540a4df
2025-09-15 22:49:45.256 TRACE client[0]: Found transaction in block: 9f26bbc664998940a58f997f49dafe9f091be298e64f74993d7a7128a25e12cc
2025-09-15 22:49:45.256 TRACE client[0]: Found transaction in block: f2396e532c1763dba51bf2d0fe3bc7ae03a45cee71760f147fe5da29c5244934
2025-09-15 22:49:45.256 TRACE client[0]: Found transaction in block: 9e5664c470281c349e037e67b40f3a7112a591760758ed05634b80d957205a15
2025-09-15 22:49:45.256 TRACE client[0]: Found transaction in block: 57052358bff3c3801be63727d5efd9f22d3ca29d401938fbd30ae2203a4d1919
2025-09-15 22:49:45.256 TRACE client[0]: Found transaction in block: 5326f2b7c1fe989529e06063bfb33f34fdb6f52a765877ae59c18bc11dfb082b
2025-09-15 22:49:45.256 TRACE client[0]: Found transaction in block: 8b9ea27ba31b20d3502d2204057f12c4b895b4112f45f48b49fb197f6489ba0d
2025-09-15 22:49:45.256 TRACE client[0]: Found transaction in block: 3c45f68133b608ea94bc307127c07bc1ac7e3a2da450adef4b25b33d8e5ca998
2025-09-15 22:49:45.256 TRACE client[0]: Found transaction in block: db958fc2b72f2cf25ada1e2c8ccc06f4749a3f77ebbff19a5d6a6e2988a60348
2025-09-15 22:49:45.256 TRACE client[0]: Found transaction in block: d611561feb05a5bebf1dc766f6fbb077367cbad9a944c95d86d073922ed884ef
2025-09-15 22:49:45.256 TRACE client[0]: Found transaction in block: 76db948ab5929fd8bb137ca56b768ed886252e6fd68f964ee983ea04a542ef83
2025-09-15 22:49:45.256 TRACE client[0]: Found transaction in block: 9944942671b5487f32ce965d84ead055b06507b341b5609df637d40ce298c58b
2025-09-15 22:49:45.256 TRACE client[0]: Found transaction in block: c86dbd56b67b0d2d4c70a477cc2b8714a36aa439c352cea1829f26091189b44f
2025-09-15 22:49:45.256 TRACE client[0]: Found transaction in block: bdfdded972957ba77beedb56032967bc1cb0719ed2f738b7a27a13d5aeda067c
2025-09-15 22:49:45.256 TRACE client[0]: Found transaction in block: 4d30deaf7efac7bf46f24bc0146c09ca5cf467409ac810cab6fc647866dc17fe
2025-09-15 22:49:45.256 TRACE client[0]: Found transaction in block: 7b97678f1bd36395a457317d1d069c250f328df963b3937b9514a94128add680
2025-09-15 22:49:45.256 TRACE client[0]: Found transaction in block: 485638e9141f8bc08bde649bbb3830eed5a230a41c9ada67c5177674e681c400
2025-09-15 22:49:45.256 TRACE client[0]: Found transaction in block: 319ea0db4e4333737608bc29b8db830c9f18f799f667decf733cbfeefe1f5988
2025-09-15 22:49:45.256 TRACE client[0]: Found transaction in block: d93d6732491b926e8ff7dee3bc6cdb521b0185e35c14899350ef425b59abfe6a
2025-09-15 22:49:45.256 TRACE client[0]: Found transaction in block: 42a4707b110743805f6826bf1d6a57d74c31e04336120b0a1c9747d6910ee2c0
2025-09-15 22:49:45.256 TRACE client[0]: Found transaction in block: a5907921c6c753ca05c6884cad6ea6a69aac9871d8612003b7cc89fcee49b079
2025-09-15 22:49:45.256 TRACE client[0]: Found transaction in block: 6565d811927118b1ae7af00e89f47b77f8b877648a468031873b66ce2b5a72af
2025-09-15 22:49:45.256 TRACE client[0]: Found transaction in block: 9f4df1bcef0cc8cb9777ea712717a28fa10b448c447cc145a5bf35becf1d47bb
2025-09-15 22:49:45.256 TRACE client[0]: Found transaction in block: 11162a53b48f8ddc17bc88fe7c62a33797040f14bb3b1705b9fcc861b9667a98
2025-09-15 22:49:45.256 TRACE client[0]: Found transaction in block: e8a4fc5f88554beb883e5dff0415904c06b9bceab4185d5750b7b1eca499e538
2025-09-15 22:49:45.256 TRACE client[0]: Found transaction in block: 8076136e12d90e925554f5bd9302a0309472a95eaf4f8d82cd4b4e940069ad47
2025-09-15 22:49:45.256 TRACE client[0]: Found transaction in block: 49bca649fb68519c88066dab6582f2b5ada8702bdc9f1c702cadd1a85b6bea2e
2025-09-15 22:49:45.256 TRACE client[0]: Found transaction in block: 300f30072da81e4e762b4e523ee17dfdb60876313f3cd7ee0d66e0f89ade1644
2025-09-15 22:49:45.256 TRACE client[0]: Found transaction in block: aa6f6a70fc9b455a8fe474cec71f1724a9972b13509aad5ebe5b63821fa9ecfa
2025-09-15 22:49:45.256 TRACE client[0]: Found transaction in block: 6db32014b57706ce8fada4bb4192726e0c52ade1380708b9b54ed3df040ebe67
2025-09-15 22:49:45.256 TRACE client[0]: Found transaction in block: 59a572b6d743da83677a3cf91ffed4f435f97bde2ff544c098c40a6f1f48280b
2025-09-15 22:49:45.256 TRACE client[0]: Found transaction in block: 2c6bdecc1817225a3656f1972a68d19323738350ec6c2c1446cfa2b0952e9752
2025-09-15 22:49:45.256 TRACE client[0]: Found transaction in block: 788204a79ab8c67e0480e3f9a895add84950b0e7f50ab6dbbab8dafe7a755d50
2025-09-15 22:49:45.256 TRACE client[0]: Found transaction in block: d4b93724f101b4148bcb9158cb2d198f64d631d161cd147375f56a2231ff87b6
2025-09-15 22:49:45.256 TRACE client[0]: Found transaction in block: 14d8490c3de52dbaf2d36a9d3f03734570b48d840ab3305ab6ddfdc6e7360ef9
2025-09-15 22:49:45.256 TRACE client[0]: Found transaction in block: f109a744a54a9484a729c0d9961393fccd468c4e0ec526e3095c2dbe6b0e6c25
2025-09-15 22:49:45.256 TRACE client[0]: Found transaction in block: 0c0f2e6a9c5eb2f93f94e1dad15cee9fae8d751b1a94c00ca621d513c22295eb
2025-09-15 22:49:45.256 TRACE client[0]: Found transaction in block: 571ccfe40ab0719a6781f4569515675419503899560e0a72cf0f991a6bf63b25
2025-09-15 22:49:45.256 TRACE client[0]: Found transaction in block: 8f2a385f7514e0ce4b3a0572f17f24d789c24d8912cb7158fe5dcea463ddfdf2
2025-09-15 22:49:45.256 TRACE client[0]: Found transaction in block: b1a31ab70aa412e89c12ce29a25005a32ef722775448fa7f32c632ddb9acb572
2025-09-15 22:49:45.256 TRACE client[0]: Found transaction in block: 9e7eaf70ae7e0838e37c47b965bb078153940d9671ac945e6b88ee209739d5ea
2025-09-15 22:49:45.256 TRACE client[0]: Found transaction in block: 034f1ac7b1f1ea070a483462bae6fa11a1eb1086fa81192b23a2ad4d0f9ae07f
2025-09-15 22:49:45.256 TRACE client[0]: Found transaction in block: a8c08d4823ecd2addb5d40b9b7868f180b5e146ac5601175e544ced9940599d1
2025-09-15 22:49:45.256 TRACE client[0]: Found transaction in block: 11037a6244f043837038a57e11000716bc54b59614f1adc83ae3e8608bd878dd
2025-09-15 22:49:45.257 TRACE client[0]: Found transaction in block: 0677de62dc2316713010cabf4d918340c425de1fd3f95949230341e64a4ad476
2025-09-15 22:49:45.257 TRACE client[0]: Found transaction in block: d8ac17e6557c44795ca7ad0679a4879bf964382b61561e48641f986029ce5d35
2025-09-15 22:49:45.257 TRACE client[0]: Found transaction in block: 76a97e69a6603253421bca9f6f2b0c1e2060c91d1cf2aa1eea2807b705cdade2
2025-09-15 22:49:45.257 TRACE client[0]: Found transaction in block: 6f06fac5fc7c436c3ce481fc6bd4d879c43060a912117387fd8d53a9a53deb4d
2025-09-15 22:49:45.257 TRACE client[0]: Found transaction in block: db21f0d0b72ebce45f6b2271b0a886a113574eb8d5ce988de910c72892484d9c
2025-09-15 22:49:45.257 TRACE client[0]: Found transaction in block: 6eb68fa1c3441ac2a463d2c89df70e1a40881194d5cbf79e5a4c88e616d1f588
2025-09-15 22:49:45.257 TRACE client[0]: Found transaction in block: 5f287ed5fa69cd1dba2f66990f4861432bbdc2279c916baccb4cae86268ee50e
2025-09-15 22:49:45.257 TRACE client[0]: Found transaction in block: 4c73054ae55413d2940d654c14fb96c590321652059f2e241507f8f87014ee9e
2025-09-15 22:49:45.257 TRACE client[0]: Found transaction in block: 2a613130924a23ddf60b182ef59a574d7060ac46862174a496f9f7b1f6d4279e
2025-09-15 22:49:45.257 TRACE client[0]: Found transaction in block: b88b52c0457a441fbec7087e0e04358bbe7c398de61e69f0deb62d655e8aa32f
2025-09-15 22:49:45.257 TRACE client[0]: Found transaction in block: 5fe078c878b6a255b2319cc39a66cf02e4a2368acf972f5a5519532a4b8235ac
2025-09-15 22:49:45.257 TRACE client[0]: Found transaction in block: e65f100353906c70273e8e8c4b9499ba466d552ab57e1f70b9bf9d54810a34d3
2025-09-15 22:49:45.257 TRACE client[0]: Found transaction in block: 75d339f0642f9b27615cdd506c89b0cd846caef1f59396bf9231be0a032a22a4
2025-09-15 22:49:45.257 TRACE client[0]: Found transaction in block: 5df1ab1714e53da803ea42229acdaf2357c8db1ef69a34a6de9b81b5bd1fe886
2025-09-15 22:49:45.257 TRACE client[0]: Found transaction in block: e7d708428ca7497120e2eeffd2343d17930bb9ff163a37282ae51f85a4930e52
2025-09-15 22:49:45.257 TRACE client[0]: Found transaction in block: 05b95536f07f6da4840c17a3f46dac635c618a8392ab9560736e3aa4319731aa
2025-09-15 22:49:45.257 TRACE client[0]: Found transaction in block: cd52d8bc1f63d87c140906e2903603d21f1d39273edcbd8ec6e7d00a78adba2d
2025-09-15 22:49:45.257 TRACE client[0]: Found transaction in block: fd2c7f35f1254d946b46aa7a86c2eece04bc7f15c28d3a6a4752054b8c2dbb47
2025-09-15 22:49:45.257 TRACE client[0]: Found transaction in block: f0d308a4f8e88425d31e54c2523f295d425d7d7138079169bccc8073ee7722a1
2025-09-15 22:49:45.257 TRACE client[0]: Found transaction in block: 03ba381b24e863fef70956e8cf16b6688990beb8e377d573ae1cbeca55e1d072
2025-09-15 22:49:45.257 TRACE client[0]: Found transaction in block: b1a03c07908f98a02365c02cf5597887b51cfd613aa07fad85f33c47881c29fe
2025-09-15 22:49:45.257 TRACE client[0]: Found transaction in block: eca17e1787fda706a4fbf28d62c42f9f8793ff1f6abfc93d00535bde113a0fe0
2025-09-15 22:49:45.257 TRACE client[0]: Found transaction in block: 6e2beebcf3e5a99fad09fd3f4c6f3f599c5a8ed6a9ead7112650c0b581976437
2025-09-15 22:49:45.287 TRACE : trigger interaction 0xc0004e3d10 623/1200
[TRACE] Decoding transaction bytes of length: 229
[TRACE] Transaction type: 6
[TRACE] Successfully decoded transaction with hash: 8e2a89d2522e4df57e8080606f137a85df4ef3184da40f7f77c7545526f0164b
2025-09-15 22:49:45.288 TRACE client[0]: Processing transaction with hash: 8e2a89d2522e4df57e8080606f137a85df4ef3184da40f7f77c7545526f0164b
2025-09-15 22:49:45.288 DEBUG client[0]: Submitting transaction 8e2a89d2522e4df57e8080606f137a85df4ef3184da40f7f77c7545526f0164b
2025-09-15 22:49:45.371 TRACE : trigger interaction 0xc0004e3e00 624/1200
[TRACE] Decoding transaction bytes of length: 229
[TRACE] Transaction type: 6
[TRACE] Successfully decoded transaction with hash: 30c06391d3587c96d2bb06aedf71f5d7990944393eeb08f3aaccc0ea96b9b0fe
2025-09-15 22:49:45.371 TRACE client[0]: Processing transaction with hash: 30c06391d3587c96d2bb06aedf71f5d7990944393eeb08f3aaccc0ea96b9b0fe
2025-09-15 22:49:45.371 DEBUG client[0]: Submitting transaction 30c06391d3587c96d2bb06aedf71f5d7990944393eeb08f3aaccc0ea96b9b0fe
2025-09-15 22:49:45.454 TRACE : trigger interaction 0xc0004e3ef0 625/1200
[TRACE] Decoding transaction bytes of length: 229
[TRACE] Transaction type: 6
[TRACE] Successfully decoded transaction with hash: e20916adf3706c9800ecfd7fcce92b6dc17f50b20a878f14ad320764e9c1ea25
2025-09-15 22:49:45.454 TRACE client[0]: Processing transaction with hash: e20916adf3706c9800ecfd7fcce92b6dc17f50b20a878f14ad320764e9c1ea25
2025-09-15 22:49:45.454 DEBUG client[0]: Submitting transaction e20916adf3706c9800ecfd7fcce92b6dc17f50b20a878f14ad320764e9c1ea25
2025-09-15 22:49:45.537 TRACE : trigger interaction 0xc000030000 626/1200
[TRACE] Decoding transaction bytes of length: 230
[TRACE] Transaction type: 6
[TRACE] Successfully decoded transaction with hash: a4670a5071e6bd5556c63d231d68bb6766a76ed3c4b1580b869188b398959b92
2025-09-15 22:49:45.537 TRACE client[0]: Processing transaction with hash: a4670a5071e6bd5556c63d231d68bb6766a76ed3c4b1580b869188b398959b92
2025-09-15 22:49:45.537 DEBUG client[0]: Submitting transaction a4670a5071e6bd5556c63d231d68bb6766a76ed3c4b1580b869188b398959b92
2025-09-15 22:49:45.620 TRACE : trigger interaction 0xc0000300f0 627/1200
[TRACE] Decoding transaction bytes of length: 230
[TRACE] Transaction type: 6
[TRACE] Successfully decoded transaction with hash: b73be838ae2e3caba2c61a98cb94dc45fdfa7bd85e681ab4236e92c349301965
2025-09-15 22:49:45.621 TRACE client[0]: Processing transaction with hash: b73be838ae2e3caba2c61a98cb94dc45fdfa7bd85e681ab4236e92c349301965
2025-09-15 22:49:45.621 DEBUG client[0]: Submitting transaction b73be838ae2e3caba2c61a98cb94dc45fdfa7bd85e681ab4236e92c349301965
2025-09-15 22:49:45.703 TRACE : trigger interaction 0xc0000301e0 628/1200
[TRACE] Decoding transaction bytes of length: 230
[TRACE] Transaction type: 6
[TRACE] Successfully decoded transaction with hash: 41db5854ee525b8a41b572eea832fd62ef86ec0f4a3d0ff2305494e16b8e0a42
2025-09-15 22:49:45.704 TRACE client[0]: Processing transaction with hash: 41db5854ee525b8a41b572eea832fd62ef86ec0f4a3d0ff2305494e16b8e0a42
2025-09-15 22:49:45.704 DEBUG client[0]: Submitting transaction 41db5854ee525b8a41b572eea832fd62ef86ec0f4a3d0ff2305494e16b8e0a42
2025-09-15 22:49:45.787 TRACE : trigger interaction 0xc0000302d0 629/1200
[TRACE] Decoding transaction bytes of length: 230
[TRACE] Transaction type: 6
[TRACE] Successfully decoded transaction with hash: 19bb78a6a18019d48b95bd8470a58ea1aa94766bebae8254780edef8231d7793
2025-09-15 22:49:45.788 TRACE client[0]: Processing transaction with hash: 19bb78a6a18019d48b95bd8470a58ea1aa94766bebae8254780edef8231d7793
2025-09-15 22:49:45.788 DEBUG client[0]: Submitting transaction 19bb78a6a18019d48b95bd8470a58ea1aa94766bebae8254780edef8231d7793
2025-09-15 22:49:45.871 TRACE : trigger interaction 0xc0000303c0 630/1200
[TRACE] Decoding transaction bytes of length: 230
[TRACE] Transaction type: 6
[TRACE] Successfully decoded transaction with hash: 83ac6be7f2f96d8028aa167d621f0a98b90c53901ac59a2e990748110da3e0e3
2025-09-15 22:49:45.871 TRACE client[0]: Processing transaction with hash: 83ac6be7f2f96d8028aa167d621f0a98b90c53901ac59a2e990748110da3e0e3
2025-09-15 22:49:45.871 DEBUG client[0]: Submitting transaction 83ac6be7f2f96d8028aa167d621f0a98b90c53901ac59a2e990748110da3e0e3
2025-09-15 22:49:45.954 TRACE : trigger interaction 0xc0000304b0 631/1200
[TRACE] Decoding transaction bytes of length: 230
[TRACE] Transaction type: 6
[TRACE] Successfully decoded transaction with hash: 55ae9b6f9fbdc3df6f6e61612908385516002e782af63533fa329519e3881437
2025-09-15 22:49:45.954 TRACE client[0]: Processing transaction with hash: 55ae9b6f9fbdc3df6f6e61612908385516002e782af63533fa329519e3881437
2025-09-15 22:49:45.954 DEBUG client[0]: Submitting transaction 55ae9b6f9fbdc3df6f6e61612908385516002e782af63533fa329519e3881437
2025-09-15 22:49:46.037 TRACE : trigger interaction 0xc0000305a0 632/1200
[TRACE] Decoding transaction bytes of length: 230
[TRACE] Transaction type: 6
[TRACE] Successfully decoded transaction with hash: ef74497d9628b12c4da8fe93018975e48b03d45bc0b7027e58fe94d7c1d77eba
2025-09-15 22:49:46.038 TRACE client[0]: Processing transaction with hash: ef74497d9628b12c4da8fe93018975e48b03d45bc0b7027e58fe94d7c1d77eba
2025-09-15 22:49:46.038 DEBUG client[0]: Submitting transaction ef74497d9628b12c4da8fe93018975e48b03d45bc0b7027e58fe94d7c1d77eba
2025-09-15 22:49:46.121 TRACE : trigger interaction 0xc000030690 633/1200
[TRACE] Decoding transaction bytes of length: 230
[TRACE] Transaction type: 6
[TRACE] Successfully decoded transaction with hash: c3f77a42802f745bb604779563c8e52a74a8ee74d20320e671f5c58bca6f17c7
2025-09-15 22:49:46.121 TRACE client[0]: Processing transaction with hash: c3f77a42802f745bb604779563c8e52a74a8ee74d20320e671f5c58bca6f17c7
2025-09-15 22:49:46.121 DEBUG client[0]: Submitting transaction c3f77a42802f745bb604779563c8e52a74a8ee74d20320e671f5c58bca6f17c7
2025-09-15 22:49:46.204 TRACE : trigger interaction 0xc0000b0000 634/1200
[TRACE] Decoding transaction bytes of length: 230
[TRACE] Transaction type: 6
[TRACE] Successfully decoded transaction with hash: ab2183e2d2f8285b086c275b7074a314f00bfae54c086aeca467c4acbd039623
2025-09-15 22:49:46.204 TRACE client[0]: Processing transaction with hash: ab2183e2d2f8285b086c275b7074a314f00bfae54c086aeca467c4acbd039623
2025-09-15 22:49:46.204 DEBUG client[0]: Submitting transaction ab2183e2d2f8285b086c275b7074a314f00bfae54c086aeca467c4acbd039623
2025-09-15 22:49:46.288 TRACE : trigger interaction 0xc0000b00f0 635/1200
[TRACE] Decoding transaction bytes of length: 230
[TRACE] Transaction type: 6
[TRACE] Successfully decoded transaction with hash: a1170a3062eae20ec86db704ae6cd0b0d27d0474403c29c2c768cb060f138079
2025-09-15 22:49:46.288 TRACE client[0]: Processing transaction with hash: a1170a3062eae20ec86db704ae6cd0b0d27d0474403c29c2c768cb060f138079
2025-09-15 22:49:46.288 DEBUG client[0]: Submitting transaction a1170a3062eae20ec86db704ae6cd0b0d27d0474403c29c2c768cb060f138079
2025-09-15 22:49:46.370 TRACE : trigger interaction 0xc0000b01e0 636/1200
[TRACE] Decoding transaction bytes of length: 230
[TRACE] Transaction type: 6
[TRACE] Successfully decoded transaction with hash: 84d1ee6f388ade1c1f5b0c340a9fa61431477e3dd8ec28178b9ebcacd589e9b8
2025-09-15 22:49:46.371 TRACE client[0]: Processing transaction with hash: 84d1ee6f388ade1c1f5b0c340a9fa61431477e3dd8ec28178b9ebcacd589e9b8
2025-09-15 22:49:46.371 DEBUG client[0]: Submitting transaction 84d1ee6f388ade1c1f5b0c340a9fa61431477e3dd8ec28178b9ebcacd589e9b8
2025-09-15 22:49:46.407 TRACE client[0]: Found transaction in block: 91b9ad56f0b7ba392289e3364975e1ec6eabd3578fa71705a0dcb989efdb6dee
2025-09-15 22:49:46.407 TRACE client[0]: Found transaction in block: 8e2a89d2522e4df57e8080606f137a85df4ef3184da40f7f77c7545526f0164b
2025-09-15 22:49:46.407 TRACE client[0]: Found transaction in block: 30c06391d3587c96d2bb06aedf71f5d7990944393eeb08f3aaccc0ea96b9b0fe
2025-09-15 22:49:46.407 TRACE client[0]: Found transaction in block: e20916adf3706c9800ecfd7fcce92b6dc17f50b20a878f14ad320764e9c1ea25
2025-09-15 22:49:46.407 TRACE client[0]: Found transaction in block: a4670a5071e6bd5556c63d231d68bb6766a76ed3c4b1580b869188b398959b92
2025-09-15 22:49:46.407 TRACE client[0]: Found transaction in block: b73be838ae2e3caba2c61a98cb94dc45fdfa7bd85e681ab4236e92c349301965
2025-09-15 22:49:46.407 TRACE client[0]: Found transaction in block: 41db5854ee525b8a41b572eea832fd62ef86ec0f4a3d0ff2305494e16b8e0a42
2025-09-15 22:49:46.407 TRACE client[0]: Found transaction in block: 19bb78a6a18019d48b95bd8470a58ea1aa94766bebae8254780edef8231d7793
2025-09-15 22:49:46.407 TRACE client[0]: Found transaction in block: 83ac6be7f2f96d8028aa167d621f0a98b90c53901ac59a2e990748110da3e0e3
2025-09-15 22:49:46.407 TRACE client[0]: Found transaction in block: 55ae9b6f9fbdc3df6f6e61612908385516002e782af63533fa329519e3881437
2025-09-15 22:49:46.407 TRACE client[0]: Found transaction in block: ef74497d9628b12c4da8fe93018975e48b03d45bc0b7027e58fe94d7c1d77eba
2025-09-15 22:49:46.407 TRACE client[0]: Found transaction in block: c3f77a42802f745bb604779563c8e52a74a8ee74d20320e671f5c58bca6f17c7
2025-09-15 22:49:46.407 TRACE client[0]: Found transaction in block: ab2183e2d2f8285b086c275b7074a314f00bfae54c086aeca467c4acbd039623
2025-09-15 22:49:46.407 TRACE client[0]: Found transaction in block: a1170a3062eae20ec86db704ae6cd0b0d27d0474403c29c2c768cb060f138079
2025-09-15 22:49:46.407 TRACE client[0]: Found transaction in block: 84d1ee6f388ade1c1f5b0c340a9fa61431477e3dd8ec28178b9ebcacd589e9b8
2025-09-15 22:49:46.453 TRACE : trigger interaction 0xc0000b02d0 637/1200
[TRACE] Decoding transaction bytes of length: 230
[TRACE] Transaction type: 6
[TRACE] Successfully decoded transaction with hash: f223376a4c4a8539979fd0f27c29a05ade4555159bc2276865ab686b7c7a57f7
2025-09-15 22:49:46.454 TRACE client[0]: Processing transaction with hash: f223376a4c4a8539979fd0f27c29a05ade4555159bc2276865ab686b7c7a57f7
2025-09-15 22:49:46.454 DEBUG client[0]: Submitting transaction f223376a4c4a8539979fd0f27c29a05ade4555159bc2276865ab686b7c7a57f7
2025-09-15 22:49:46.537 TRACE : trigger interaction 0xc0000b03c0 638/1200
[TRACE] Decoding transaction bytes of length: 230
[TRACE] Transaction type: 6
[TRACE] Successfully decoded transaction with hash: 44f47b602cb3b18dbc2f6e78eff72d2986201aa5b8245cc6847ed3c246905e71
2025-09-15 22:49:46.538 TRACE client[0]: Processing transaction with hash: 44f47b602cb3b18dbc2f6e78eff72d2986201aa5b8245cc6847ed3c246905e71
2025-09-15 22:49:46.538 DEBUG client[0]: Submitting transaction 44f47b602cb3b18dbc2f6e78eff72d2986201aa5b8245cc6847ed3c246905e71
2025-09-15 22:49:46.621 TRACE : trigger interaction 0xc0000b04b0 639/1200
[TRACE] Decoding transaction bytes of length: 230
[TRACE] Transaction type: 6
[TRACE] Successfully decoded transaction with hash: 73d61678d01ebf586c4b560f9c62bc065e02ecabbfb3f5f78ab5e9f36d133682
2025-09-15 22:49:46.621 TRACE client[0]: Processing transaction with hash: 73d61678d01ebf586c4b560f9c62bc065e02ecabbfb3f5f78ab5e9f36d133682
2025-09-15 22:49:46.621 DEBUG client[0]: Submitting transaction 73d61678d01ebf586c4b560f9c62bc065e02ecabbfb3f5f78ab5e9f36d133682
2025-09-15 22:49:46.703 TRACE : trigger interaction 0xc0000b05a0 640/1200
[TRACE] Decoding transaction bytes of length: 230
[TRACE] Transaction type: 6
[TRACE] Successfully decoded transaction with hash: 02e8f8c1aba91443e58739a569915844b82c3e7b317406340dc87b4de131b78f
2025-09-15 22:49:46.703 TRACE client[0]: Processing transaction with hash: 02e8f8c1aba91443e58739a569915844b82c3e7b317406340dc87b4de131b78f
2025-09-15 22:49:46.703 DEBUG client[0]: Submitting transaction 02e8f8c1aba91443e58739a569915844b82c3e7b317406340dc87b4de131b78f
2025-09-15 22:49:46.787 TRACE : trigger interaction 0xc0000b0690 641/1200
[TRACE] Decoding transaction bytes of length: 230
[TRACE] Transaction type: 6
[TRACE] Successfully decoded transaction with hash: 850a9831d5433c967c60848cc6020bf27c37e2f09df16ca2cec5804a8900469c
2025-09-15 22:49:46.787 TRACE client[0]: Processing transaction with hash: 850a9831d5433c967c60848cc6020bf27c37e2f09df16ca2cec5804a8900469c
2025-09-15 22:49:46.787 DEBUG client[0]: Submitting transaction 850a9831d5433c967c60848cc6020bf27c37e2f09df16ca2cec5804a8900469c
2025-09-15 22:49:46.870 TRACE : trigger interaction 0xc0000b0780 642/1200
[TRACE] Decoding transaction bytes of length: 230
[TRACE] Transaction type: 6
[TRACE] Successfully decoded transaction with hash: ce55199d7d5e78b46fa8ea62ed743cb3e64a62a1cee1804f9168a3282bafccfb
2025-09-15 22:49:46.870 TRACE client[0]: Processing transaction with hash: ce55199d7d5e78b46fa8ea62ed743cb3e64a62a1cee1804f9168a3282bafccfb
2025-09-15 22:49:46.870 DEBUG client[0]: Submitting transaction ce55199d7d5e78b46fa8ea62ed743cb3e64a62a1cee1804f9168a3282bafccfb
2025-09-15 22:49:46.954 TRACE : trigger interaction 0xc0000b0870 643/1200
[TRACE] Decoding transaction bytes of length: 230
[TRACE] Transaction type: 6
[TRACE] Successfully decoded transaction with hash: b6f41b550ff4d4c942e68a7966d6b197aa749ba35ce10081b30e5d581ffb70d2
2025-09-15 22:49:46.954 TRACE client[0]: Processing transaction with hash: b6f41b550ff4d4c942e68a7966d6b197aa749ba35ce10081b30e5d581ffb70d2
2025-09-15 22:49:46.954 DEBUG client[0]: Submitting transaction b6f41b550ff4d4c942e68a7966d6b197aa749ba35ce10081b30e5d581ffb70d2
2025-09-15 22:49:47.037 TRACE : trigger interaction 0xc0000b0960 644/1200
[TRACE] Decoding transaction bytes of length: 230
[TRACE] Transaction type: 6
[TRACE] Successfully decoded transaction with hash: f7347cdbad2090eb8a869a06453b0fee72b676517841196665ad544ab54fa90a
2025-09-15 22:49:47.038 TRACE client[0]: Processing transaction with hash: f7347cdbad2090eb8a869a06453b0fee72b676517841196665ad544ab54fa90a
2025-09-15 22:49:47.038 DEBUG client[0]: Submitting transaction f7347cdbad2090eb8a869a06453b0fee72b676517841196665ad544ab54fa90a
2025-09-15 22:49:47.120 TRACE : trigger interaction 0xc0000b0a50 645/1200
[TRACE] Decoding transaction bytes of length: 230
[TRACE] Transaction type: 6
[TRACE] Successfully decoded transaction with hash: e047d00be67cc5a21287c0735f676a3f9e2714a22cba55029c5824defb3d99ce
2025-09-15 22:49:47.121 TRACE client[0]: Processing transaction with hash: e047d00be67cc5a21287c0735f676a3f9e2714a22cba55029c5824defb3d99ce
2025-09-15 22:49:47.121 DEBUG client[0]: Submitting transaction e047d00be67cc5a21287c0735f676a3f9e2714a22cba55029c5824defb3d99ce
2025-09-15 22:49:47.203 TRACE : trigger interaction 0xc0000b0b40 646/1200
[TRACE] Decoding transaction bytes of length: 230
[TRACE] Transaction type: 6
[TRACE] Successfully decoded transaction with hash: e0a46e4426d366a7ac35e8e16fee9c5419c49914f183b24935a5c7dacf20828b
2025-09-15 22:49:47.204 TRACE client[0]: Processing transaction with hash: e0a46e4426d366a7ac35e8e16fee9c5419c49914f183b24935a5c7dacf20828b
2025-09-15 22:49:47.204 DEBUG client[0]: Submitting transaction e0a46e4426d366a7ac35e8e16fee9c5419c49914f183b24935a5c7dacf20828b
2025-09-15 22:49:47.288 TRACE : trigger interaction 0xc0000b0c30 647/1200
[TRACE] Decoding transaction bytes of length: 230
[TRACE] Transaction type: 6
[TRACE] Successfully decoded transaction with hash: 8fbba9703e82bfd859357a8fe65fcbde889f5eba4d120ff8ebd1416dbac5cf0a
2025-09-15 22:49:47.288 TRACE client[0]: Processing transaction with hash: 8fbba9703e82bfd859357a8fe65fcbde889f5eba4d120ff8ebd1416dbac5cf0a
2025-09-15 22:49:47.288 DEBUG client[0]: Submitting transaction 8fbba9703e82bfd859357a8fe65fcbde889f5eba4d120ff8ebd1416dbac5cf0a
2025-09-15 22:49:47.370 TRACE : trigger interaction 0xc0000b0d20 648/1200
[TRACE] Decoding transaction bytes of length: 230
[TRACE] Transaction type: 6
[TRACE] Successfully decoded transaction with hash: 93f3282f695a6352f48d81f4bc90e16e4293be3fb1fddfb76a031b60faddb08b
2025-09-15 22:49:47.371 TRACE client[0]: Processing transaction with hash: 93f3282f695a6352f48d81f4bc90e16e4293be3fb1fddfb76a031b60faddb08b
2025-09-15 22:49:47.371 DEBUG client[0]: Submitting transaction 93f3282f695a6352f48d81f4bc90e16e4293be3fb1fddfb76a031b60faddb08b
2025-09-15 22:49:47.453 TRACE : trigger interaction 0xc0000b0e10 649/1200
[TRACE] Decoding transaction bytes of length: 230
[TRACE] Transaction type: 6
[TRACE] Successfully decoded transaction with hash: bc14ce222c4bdae1b37fb86077d82d30b0ae4df81216b6ebf9af8620561ee566
2025-09-15 22:49:47.453 TRACE client[0]: Processing transaction with hash: bc14ce222c4bdae1b37fb86077d82d30b0ae4df81216b6ebf9af8620561ee566
2025-09-15 22:49:47.453 DEBUG client[0]: Submitting transaction bc14ce222c4bdae1b37fb86077d82d30b0ae4df81216b6ebf9af8620561ee566
2025-09-15 22:49:47.537 TRACE : trigger interaction 0xc0000b0f00 650/1200
[TRACE] Decoding transaction bytes of length: 230
[TRACE] Transaction type: 6
[TRACE] Successfully decoded transaction with hash: 0626d59104dd72659657809c830726e9d3f4e1242b9b249295cc2e71e0b972eb
2025-09-15 22:49:47.538 TRACE client[0]: Processing transaction with hash: 0626d59104dd72659657809c830726e9d3f4e1242b9b249295cc2e71e0b972eb
2025-09-15 22:49:47.538 DEBUG client[0]: Submitting transaction 0626d59104dd72659657809c830726e9d3f4e1242b9b249295cc2e71e0b972eb
2025-09-15 22:49:47.620 TRACE : trigger interaction 0xc000030780 651/1200
[TRACE] Decoding transaction bytes of length: 230
[TRACE] Transaction type: 6
[TRACE] Successfully decoded transaction with hash: 23f3344a29709fd8373c2e9efffb9e71b4bc9fdaac82074f2ec7231365df6c4f
2025-09-15 22:49:47.621 TRACE client[0]: Processing transaction with hash: 23f3344a29709fd8373c2e9efffb9e71b4bc9fdaac82074f2ec7231365df6c4f
2025-09-15 22:49:47.621 DEBUG client[0]: Submitting transaction 23f3344a29709fd8373c2e9efffb9e71b4bc9fdaac82074f2ec7231365df6c4f
2025-09-15 22:49:47.703 TRACE : trigger interaction 0xc000030870 652/1200
[TRACE] Decoding transaction bytes of length: 230
[TRACE] Transaction type: 6
[TRACE] Successfully decoded transaction with hash: 44207c33af894fe468cc5f9be21fc3404da93915758cd04824529e8441375385
2025-09-15 22:49:47.704 TRACE client[0]: Processing transaction with hash: 44207c33af894fe468cc5f9be21fc3404da93915758cd04824529e8441375385
2025-09-15 22:49:47.704 DEBUG client[0]: Submitting transaction 44207c33af894fe468cc5f9be21fc3404da93915758cd04824529e8441375385
2025-09-15 22:49:47.787 TRACE : trigger interaction 0xc000030960 653/1200
[TRACE] Decoding transaction bytes of length: 230
[TRACE] Transaction type: 6
[TRACE] Successfully decoded transaction with hash: ce0d7b732d85c4c3d678724d49b34e66deee8c476217e07eb036444b666f5dfb
2025-09-15 22:49:47.788 TRACE client[0]: Processing transaction with hash: ce0d7b732d85c4c3d678724d49b34e66deee8c476217e07eb036444b666f5dfb
2025-09-15 22:49:47.788 DEBUG client[0]: Submitting transaction ce0d7b732d85c4c3d678724d49b34e66deee8c476217e07eb036444b666f5dfb
2025-09-15 22:49:47.871 TRACE : trigger interaction 0xc000030a50 654/1200
[TRACE] Decoding transaction bytes of length: 230
[TRACE] Transaction type: 6
[TRACE] Successfully decoded transaction with hash: d5ad429c13f70222173f085173eb1be13b8cccfad036ebc00317f409e0d46d8c
2025-09-15 22:49:47.871 TRACE client[0]: Processing transaction with hash: d5ad429c13f70222173f085173eb1be13b8cccfad036ebc00317f409e0d46d8c
2025-09-15 22:49:47.871 DEBUG client[0]: Submitting transaction d5ad429c13f70222173f085173eb1be13b8cccfad036ebc00317f409e0d46d8c
2025-09-15 22:49:47.954 TRACE : trigger interaction 0xc000030b40 655/1200
[TRACE] Decoding transaction bytes of length: 230
[TRACE] Transaction type: 6
[TRACE] Successfully decoded transaction with hash: 6c2fcc68b94cdb8246b708875fc371cfdac4377053dc7b734e647d2ca7685737
2025-09-15 22:49:47.954 TRACE client[0]: Processing transaction with hash: 6c2fcc68b94cdb8246b708875fc371cfdac4377053dc7b734e647d2ca7685737
2025-09-15 22:49:47.954 DEBUG client[0]: Submitting transaction 6c2fcc68b94cdb8246b708875fc371cfdac4377053dc7b734e647d2ca7685737
2025-09-15 22:49:48.037 TRACE : trigger interaction 0xc000030c30 656/1200
[TRACE] Decoding transaction bytes of length: 230
[TRACE] Transaction type: 6
[TRACE] Successfully decoded transaction with hash: 9e1083be022f8ed7efc1fd6ef816085bd71fd8c1c92e10ca35d587cfeed8b7db
2025-09-15 22:49:48.037 TRACE client[0]: Processing transaction with hash: 9e1083be022f8ed7efc1fd6ef816085bd71fd8c1c92e10ca35d587cfeed8b7db
2025-09-15 22:49:48.037 DEBUG client[0]: Submitting transaction 9e1083be022f8ed7efc1fd6ef816085bd71fd8c1c92e10ca35d587cfeed8b7db
2025-09-15 22:49:48.121 TRACE : trigger interaction 0xc000030d20 657/1200
[TRACE] Decoding transaction bytes of length: 230
[TRACE] Transaction type: 6
[TRACE] Successfully decoded transaction with hash: 3344c4b0c85f77ffecd046e60088bd19d2ca2d68945ba98382710e79035810fe
2025-09-15 22:49:48.121 TRACE client[0]: Processing transaction with hash: 3344c4b0c85f77ffecd046e60088bd19d2ca2d68945ba98382710e79035810fe
2025-09-15 22:49:48.121 DEBUG client[0]: Submitting transaction 3344c4b0c85f77ffecd046e60088bd19d2ca2d68945ba98382710e79035810fe
2025-09-15 22:49:48.204 TRACE : trigger interaction 0xc000030e10 658/1200
[TRACE] Decoding transaction bytes of length: 230
[TRACE] Transaction type: 6
[TRACE] Successfully decoded transaction with hash: 55bd931a4fdc7745e9d748332b1c125fc58cd68014d91f79bca52e28f00d3609
2025-09-15 22:49:48.204 TRACE client[0]: Processing transaction with hash: 55bd931a4fdc7745e9d748332b1c125fc58cd68014d91f79bca52e28f00d3609
2025-09-15 22:49:48.204 DEBUG client[0]: Submitting transaction 55bd931a4fdc7745e9d748332b1c125fc58cd68014d91f79bca52e28f00d3609
2025-09-15 22:49:48.287 TRACE : trigger interaction 0xc000030f00 659/1200
[TRACE] Decoding transaction bytes of length: 230
[TRACE] Transaction type: 6
[TRACE] Successfully decoded transaction with hash: b8eba2168d449d4ffa3f30de32ef578486d93a67530ee2355fd732eae9c098d1
2025-09-15 22:49:48.288 TRACE client[0]: Processing transaction with hash: b8eba2168d449d4ffa3f30de32ef578486d93a67530ee2355fd732eae9c098d1
2025-09-15 22:49:48.288 DEBUG client[0]: Submitting transaction b8eba2168d449d4ffa3f30de32ef578486d93a67530ee2355fd732eae9c098d1
2025-09-15 22:49:48.370 TRACE : trigger interaction 0xc000030ff0 660/1200
[TRACE] Decoding transaction bytes of length: 230
[TRACE] Transaction type: 6
[TRACE] Successfully decoded transaction with hash: 8386521793d6f3fdcbb10d62933616b6c2fedbf0611acf6c094934d234436fe6
2025-09-15 22:49:48.371 TRACE client[0]: Processing transaction with hash: 8386521793d6f3fdcbb10d62933616b6c2fedbf0611acf6c094934d234436fe6
2025-09-15 22:49:48.371 DEBUG client[0]: Submitting transaction 8386521793d6f3fdcbb10d62933616b6c2fedbf0611acf6c094934d234436fe6
2025-09-15 22:49:48.454 TRACE : trigger interaction 0xc0000310e0 661/1200
[TRACE] Decoding transaction bytes of length: 230
[TRACE] Transaction type: 6
[TRACE] Successfully decoded transaction with hash: cc69d5643967339972c3a59778eb4ff8a8ffc983c7cda964c6f4b0b9cc74a3aa
2025-09-15 22:49:48.454 TRACE client[0]: Processing transaction with hash: cc69d5643967339972c3a59778eb4ff8a8ffc983c7cda964c6f4b0b9cc74a3aa
2025-09-15 22:49:48.454 DEBUG client[0]: Submitting transaction cc69d5643967339972c3a59778eb4ff8a8ffc983c7cda964c6f4b0b9cc74a3aa
2025-09-15 22:49:48.537 TRACE : trigger interaction 0xc0000311d0 662/1200
[TRACE] Decoding transaction bytes of length: 230
[TRACE] Transaction type: 6
[TRACE] Successfully decoded transaction with hash: 23bd5e8ea2de404c476f25709ad4ceec14eba51dbb2120e0135ea5d7351d7477
2025-09-15 22:49:48.537 TRACE client[0]: Processing transaction with hash: 23bd5e8ea2de404c476f25709ad4ceec14eba51dbb2120e0135ea5d7351d7477
2025-09-15 22:49:48.537 DEBUG client[0]: Submitting transaction 23bd5e8ea2de404c476f25709ad4ceec14eba51dbb2120e0135ea5d7351d7477
2025-09-15 22:49:48.620 TRACE : trigger interaction 0xc0000312c0 663/1200
[TRACE] Decoding transaction bytes of length: 230
[TRACE] Transaction type: 6
[TRACE] Successfully decoded transaction with hash: 65b87fcf3c67884b2a54842438c7eb1af675fa4d94dc009c93dea1f7309dfd25
2025-09-15 22:49:48.621 TRACE client[0]: Processing transaction with hash: 65b87fcf3c67884b2a54842438c7eb1af675fa4d94dc009c93dea1f7309dfd25
2025-09-15 22:49:48.621 DEBUG client[0]: Submitting transaction 65b87fcf3c67884b2a54842438c7eb1af675fa4d94dc009c93dea1f7309dfd25
2025-09-15 22:49:48.704 TRACE : trigger interaction 0xc0000313b0 664/1200
[TRACE] Decoding transaction bytes of length: 230
[TRACE] Transaction type: 6
[TRACE] Successfully decoded transaction with hash: 805b360fda514eee669d963c131389b0cf6edeaa17742b3f5138564edeeca927
2025-09-15 22:49:48.704 TRACE client[0]: Processing transaction with hash: 805b360fda514eee669d963c131389b0cf6edeaa17742b3f5138564edeeca927
2025-09-15 22:49:48.704 DEBUG client[0]: Submitting transaction 805b360fda514eee669d963c131389b0cf6edeaa17742b3f5138564edeeca927
2025-09-15 22:49:48.788 TRACE : trigger interaction 0xc0000314a0 665/1200
[TRACE] Decoding transaction bytes of length: 230
[TRACE] Transaction type: 6
[TRACE] Successfully decoded transaction with hash: 5b8aaaf56f505641c33da9b7acc150b2f59cfde33ec94309cc820a9cc76f80cb
2025-09-15 22:49:48.788 TRACE client[0]: Processing transaction with hash: 5b8aaaf56f505641c33da9b7acc150b2f59cfde33ec94309cc820a9cc76f80cb
2025-09-15 22:49:48.788 DEBUG client[0]: Submitting transaction 5b8aaaf56f505641c33da9b7acc150b2f59cfde33ec94309cc820a9cc76f80cb
2025-09-15 22:49:48.870 TRACE : trigger interaction 0xc000031590 666/1200
[TRACE] Decoding transaction bytes of length: 230
[TRACE] Transaction type: 6
[TRACE] Successfully decoded transaction with hash: 68b56d25a68a67684d77eacecec4ad36e045fcfe3775a0160a212e69111c4b9f
2025-09-15 22:49:48.871 TRACE client[0]: Processing transaction with hash: 68b56d25a68a67684d77eacecec4ad36e045fcfe3775a0160a212e69111c4b9f
2025-09-15 22:49:48.871 DEBUG client[0]: Submitting transaction 68b56d25a68a67684d77eacecec4ad36e045fcfe3775a0160a212e69111c4b9f
2025-09-15 22:49:48.953 TRACE : trigger interaction 0xc000031680 667/1200
[TRACE] Decoding transaction bytes of length: 230
[TRACE] Transaction type: 6
[TRACE] Successfully decoded transaction with hash: 03c6a75f251716d0049522f7b73f1bc6444d70f7c65b4c299f233af916036cfb
2025-09-15 22:49:48.954 TRACE client[0]: Processing transaction with hash: 03c6a75f251716d0049522f7b73f1bc6444d70f7c65b4c299f233af916036cfb
2025-09-15 22:49:48.954 DEBUG client[0]: Submitting transaction 03c6a75f251716d0049522f7b73f1bc6444d70f7c65b4c299f233af916036cfb
2025-09-15 22:49:49.037 TRACE : trigger interaction 0xc0000b0ff0 668/1200
[TRACE] Decoding transaction bytes of length: 230
[TRACE] Transaction type: 6
[TRACE] Successfully decoded transaction with hash: f5e3e5738edf6187c856a1c8bd4378aa7a25d8a7873b884eb9ffc03976b20e3e
2025-09-15 22:49:49.038 TRACE client[0]: Processing transaction with hash: f5e3e5738edf6187c856a1c8bd4378aa7a25d8a7873b884eb9ffc03976b20e3e
2025-09-15 22:49:49.038 DEBUG client[0]: Submitting transaction f5e3e5738edf6187c856a1c8bd4378aa7a25d8a7873b884eb9ffc03976b20e3e
2025-09-15 22:49:49.120 TRACE : trigger interaction 0xc0000b10e0 669/1200
[TRACE] Decoding transaction bytes of length: 230
[TRACE] Transaction type: 6
[TRACE] Successfully decoded transaction with hash: 5bdabd3d40a4d7da76199e6c05e9487b8c9b3d0054e2061a346e0523fe5a9431
2025-09-15 22:49:49.121 TRACE client[0]: Processing transaction with hash: 5bdabd3d40a4d7da76199e6c05e9487b8c9b3d0054e2061a346e0523fe5a9431
2025-09-15 22:49:49.121 DEBUG client[0]: Submitting transaction 5bdabd3d40a4d7da76199e6c05e9487b8c9b3d0054e2061a346e0523fe5a9431
2025-09-15 22:49:49.203 TRACE : trigger interaction 0xc0000b11d0 670/1200
[TRACE] Decoding transaction bytes of length: 230
[TRACE] Transaction type: 6
[TRACE] Successfully decoded transaction with hash: b44b0f4771b8af11c15d0c09edd7c3affb423b4e00adfcbd288a3b7a6293a12d
2025-09-15 22:49:49.204 TRACE client[0]: Processing transaction with hash: b44b0f4771b8af11c15d0c09edd7c3affb423b4e00adfcbd288a3b7a6293a12d
2025-09-15 22:49:49.204 DEBUG client[0]: Submitting transaction b44b0f4771b8af11c15d0c09edd7c3affb423b4e00adfcbd288a3b7a6293a12d
2025-09-15 22:49:49.287 TRACE : trigger interaction 0xc0000b12c0 671/1200
[TRACE] Decoding transaction bytes of length: 230
[TRACE] Transaction type: 6
[TRACE] Successfully decoded transaction with hash: 574e30ff1337a9d0a8a3aeef2f9699de64b2acee8f11b804effa8a7d0012ef46
2025-09-15 22:49:49.287 TRACE client[0]: Processing transaction with hash: 574e30ff1337a9d0a8a3aeef2f9699de64b2acee8f11b804effa8a7d0012ef46
2025-09-15 22:49:49.287 DEBUG client[0]: Submitting transaction 574e30ff1337a9d0a8a3aeef2f9699de64b2acee8f11b804effa8a7d0012ef46
2025-09-15 22:49:49.370 TRACE : trigger interaction 0xc0000b13b0 672/1200
[TRACE] Decoding transaction bytes of length: 230
[TRACE] Transaction type: 6
[TRACE] Successfully decoded transaction with hash: 3bbc11269fec4f65523bf6eed0a7d46d9b521188dc4d1befbf008264d41d9375
2025-09-15 22:49:49.370 TRACE client[0]: Processing transaction with hash: 3bbc11269fec4f65523bf6eed0a7d46d9b521188dc4d1befbf008264d41d9375
2025-09-15 22:49:49.370 DEBUG client[0]: Submitting transaction 3bbc11269fec4f65523bf6eed0a7d46d9b521188dc4d1befbf008264d41d9375
2025-09-15 22:49:49.454 TRACE : trigger interaction 0xc0000b14a0 673/1200
[TRACE] Decoding transaction bytes of length: 230
[TRACE] Transaction type: 6
[TRACE] Successfully decoded transaction with hash: feef9c2291990ec697aa777c2e8d9e676fb430e9404a1e953fd8b2cbc0b382bf
2025-09-15 22:49:49.455 TRACE client[0]: Processing transaction with hash: feef9c2291990ec697aa777c2e8d9e676fb430e9404a1e953fd8b2cbc0b382bf
2025-09-15 22:49:49.455 DEBUG client[0]: Submitting transaction feef9c2291990ec697aa777c2e8d9e676fb430e9404a1e953fd8b2cbc0b382bf
2025-09-15 22:49:49.537 TRACE : trigger interaction 0xc0000b1590 674/1200
[TRACE] Decoding transaction bytes of length: 230
[TRACE] Transaction type: 6
[TRACE] Successfully decoded transaction with hash: 332cd3369b721e3f630b3264b64e629e67d19d062e0621e74694e0824cba6d7f
2025-09-15 22:49:49.537 TRACE client[0]: Processing transaction with hash: 332cd3369b721e3f630b3264b64e629e67d19d062e0621e74694e0824cba6d7f
2025-09-15 22:49:49.537 DEBUG client[0]: Submitting transaction 332cd3369b721e3f630b3264b64e629e67d19d062e0621e74694e0824cba6d7f
2025-09-15 22:49:49.620 TRACE : trigger interaction 0xc0000b1680 675/1200
[TRACE] Decoding transaction bytes of length: 230
[TRACE] Transaction type: 6
[TRACE] Successfully decoded transaction with hash: c43431c57c3677605d6d9a082e391b5809a63d7f4a9841e00c2e77682e3a8a9f
2025-09-15 22:49:49.621 TRACE client[0]: Processing transaction with hash: c43431c57c3677605d6d9a082e391b5809a63d7f4a9841e00c2e77682e3a8a9f
2025-09-15 22:49:49.621 DEBUG client[0]: Submitting transaction c43431c57c3677605d6d9a082e391b5809a63d7f4a9841e00c2e77682e3a8a9f
2025-09-15 22:49:49.704 TRACE : trigger interaction 0xc0000b1770 676/1200
[TRACE] Decoding transaction bytes of length: 230
[TRACE] Transaction type: 6
[TRACE] Successfully decoded transaction with hash: 861810171390b01fec795451fb6159937a3c962cc18dfa26a6d74de04ddc0548
2025-09-15 22:49:49.704 TRACE client[0]: Processing transaction with hash: 861810171390b01fec795451fb6159937a3c962cc18dfa26a6d74de04ddc0548
2025-09-15 22:49:49.704 DEBUG client[0]: Submitting transaction 861810171390b01fec795451fb6159937a3c962cc18dfa26a6d74de04ddc0548
2025-09-15 22:49:49.787 TRACE : trigger interaction 0xc0000b1860 677/1200
[TRACE] Decoding transaction bytes of length: 230
[TRACE] Transaction type: 6
[TRACE] Successfully decoded transaction with hash: 01db5ea7e25d46933a29d91e00a119916698efe8208e6925924f5a9006605d1a
2025-09-15 22:49:49.788 TRACE client[0]: Processing transaction with hash: 01db5ea7e25d46933a29d91e00a119916698efe8208e6925924f5a9006605d1a
2025-09-15 22:49:49.788 DEBUG client[0]: Submitting transaction 01db5ea7e25d46933a29d91e00a119916698efe8208e6925924f5a9006605d1a
2025-09-15 22:49:49.870 TRACE : trigger interaction 0xc0000b1950 678/1200
[TRACE] Decoding transaction bytes of length: 230
[TRACE] Transaction type: 6
[TRACE] Successfully decoded transaction with hash: 453a60fa20d3b81b9e28e72950b5444b425fd2c20e16fd19a7bd7f2946d3819a
2025-09-15 22:49:49.871 TRACE client[0]: Processing transaction with hash: 453a60fa20d3b81b9e28e72950b5444b425fd2c20e16fd19a7bd7f2946d3819a
2025-09-15 22:49:49.871 DEBUG client[0]: Submitting transaction 453a60fa20d3b81b9e28e72950b5444b425fd2c20e16fd19a7bd7f2946d3819a
2025-09-15 22:49:49.953 TRACE : trigger interaction 0xc0000b1a40 679/1200
[TRACE] Decoding transaction bytes of length: 230
[TRACE] Transaction type: 6
[TRACE] Successfully decoded transaction with hash: 234e45626fa65b7b823aef6e90eb0e9fb8f883706ce46eb700e7a992b848470d
2025-09-15 22:49:49.954 TRACE client[0]: Processing transaction with hash: 234e45626fa65b7b823aef6e90eb0e9fb8f883706ce46eb700e7a992b848470d
2025-09-15 22:49:49.954 DEBUG client[0]: Submitting transaction 234e45626fa65b7b823aef6e90eb0e9fb8f883706ce46eb700e7a992b848470d
2025-09-15 22:49:50.038 TRACE : trigger interaction 0xc0000b1b30 680/1200
[TRACE] Decoding transaction bytes of length: 230
[TRACE] Transaction type: 6
[TRACE] Successfully decoded transaction with hash: d3159f38c967ff99c96fff8d30c4513b9bc1fbec8030a2bdb9c70f76c6c03022
2025-09-15 22:49:50.038 TRACE client[0]: Processing transaction with hash: d3159f38c967ff99c96fff8d30c4513b9bc1fbec8030a2bdb9c70f76c6c03022
2025-09-15 22:49:50.038 DEBUG client[0]: Submitting transaction d3159f38c967ff99c96fff8d30c4513b9bc1fbec8030a2bdb9c70f76c6c03022
2025-09-15 22:49:50.121 TRACE : trigger interaction 0xc0000b1c20 681/1200
[TRACE] Decoding transaction bytes of length: 230
[TRACE] Transaction type: 6
[TRACE] Successfully decoded transaction with hash: 6f3fe9e5f3c9dab8ba1a63f88b9c4c8a909421060b0aad0950fbaad9a5b7ca45
2025-09-15 22:49:50.121 TRACE client[0]: Processing transaction with hash: 6f3fe9e5f3c9dab8ba1a63f88b9c4c8a909421060b0aad0950fbaad9a5b7ca45
2025-09-15 22:49:50.121 DEBUG client[0]: Submitting transaction 6f3fe9e5f3c9dab8ba1a63f88b9c4c8a909421060b0aad0950fbaad9a5b7ca45
2025-09-15 22:49:50.203 TRACE : trigger interaction 0xc0000b1d10 682/1200
[TRACE] Decoding transaction bytes of length: 230
[TRACE] Transaction type: 6
[TRACE] Successfully decoded transaction with hash: b8f4374d552e8d476581f5e7b24c4230aff0989514aeb94638688b94d92c848d
2025-09-15 22:49:50.204 TRACE client[0]: Processing transaction with hash: b8f4374d552e8d476581f5e7b24c4230aff0989514aeb94638688b94d92c848d
2025-09-15 22:49:50.204 DEBUG client[0]: Submitting transaction b8f4374d552e8d476581f5e7b24c4230aff0989514aeb94638688b94d92c848d
2025-09-15 22:49:50.288 TRACE : trigger interaction 0xc0000b1e00 683/1200
[TRACE] Decoding transaction bytes of length: 230
[TRACE] Transaction type: 6
[TRACE] Successfully decoded transaction with hash: 27b4e7586cd89fdb04db1e47908a6872b0eec337cceb9074165dcde075883d90
2025-09-15 22:49:50.288 TRACE client[0]: Processing transaction with hash: 27b4e7586cd89fdb04db1e47908a6872b0eec337cceb9074165dcde075883d90
2025-09-15 22:49:50.288 DEBUG client[0]: Submitting transaction 27b4e7586cd89fdb04db1e47908a6872b0eec337cceb9074165dcde075883d90
2025-09-15 22:49:50.370 TRACE : trigger interaction 0xc00021eff0 684/1200
[TRACE] Decoding transaction bytes of length: 230
[TRACE] Transaction type: 6
[TRACE] Successfully decoded transaction with hash: c21a93cb033a6e212396b50dddffcf3c294434427188c3735b8a4a8bebcf13b5
2025-09-15 22:49:50.371 TRACE client[0]: Processing transaction with hash: c21a93cb033a6e212396b50dddffcf3c294434427188c3735b8a4a8bebcf13b5
2025-09-15 22:49:50.371 DEBUG client[0]: Submitting transaction c21a93cb033a6e212396b50dddffcf3c294434427188c3735b8a4a8bebcf13b5
2025-09-15 22:49:50.454 TRACE : trigger interaction 0xc00021f0e0 685/1200
[TRACE] Decoding transaction bytes of length: 230
[TRACE] Transaction type: 6
[TRACE] Successfully decoded transaction with hash: 6965c28118e62edc59fadd76449059fed386f65f2d34c0768bc5009c44ff92b2
2025-09-15 22:49:50.454 TRACE client[0]: Processing transaction with hash: 6965c28118e62edc59fadd76449059fed386f65f2d34c0768bc5009c44ff92b2
2025-09-15 22:49:50.454 DEBUG client[0]: Submitting transaction 6965c28118e62edc59fadd76449059fed386f65f2d34c0768bc5009c44ff92b2
2025-09-15 22:49:50.537 TRACE : trigger interaction 0xc00021f1d0 686/1200
[TRACE] Decoding transaction bytes of length: 230
[TRACE] Transaction type: 6
[TRACE] Successfully decoded transaction with hash: efce4edb5bea5ff26ddacf311835e704993220421ed32e495bb09e3561bf2b91
2025-09-15 22:49:50.537 TRACE client[0]: Processing transaction with hash: efce4edb5bea5ff26ddacf311835e704993220421ed32e495bb09e3561bf2b91
2025-09-15 22:49:50.537 DEBUG client[0]: Submitting transaction efce4edb5bea5ff26ddacf311835e704993220421ed32e495bb09e3561bf2b91
2025-09-15 22:49:50.621 TRACE : trigger interaction 0xc00021f2c0 687/1200
[TRACE] Decoding transaction bytes of length: 230
[TRACE] Transaction type: 6
[TRACE] Successfully decoded transaction with hash: 8014e73c78b59056997b7c349181b32d073f18f5b91428e4403d11746a2e9e40
2025-09-15 22:49:50.621 TRACE client[0]: Processing transaction with hash: 8014e73c78b59056997b7c349181b32d073f18f5b91428e4403d11746a2e9e40
2025-09-15 22:49:50.621 DEBUG client[0]: Submitting transaction 8014e73c78b59056997b7c349181b32d073f18f5b91428e4403d11746a2e9e40
2025-09-15 22:49:50.704 TRACE : trigger interaction 0xc00021f3b0 688/1200
[TRACE] Decoding transaction bytes of length: 230
[TRACE] Transaction type: 6
[TRACE] Successfully decoded transaction with hash: f95a9853b3ab3e364556f5846fe94da4ec95273d45ce9a0eddd89f8911d8068a
2025-09-15 22:49:50.704 TRACE client[0]: Processing transaction with hash: f95a9853b3ab3e364556f5846fe94da4ec95273d45ce9a0eddd89f8911d8068a
2025-09-15 22:49:50.704 DEBUG client[0]: Submitting transaction f95a9853b3ab3e364556f5846fe94da4ec95273d45ce9a0eddd89f8911d8068a
2025-09-15 22:49:50.787 TRACE : trigger interaction 0xc00021f4a0 689/1200
[TRACE] Decoding transaction bytes of length: 230
[TRACE] Transaction type: 6
[TRACE] Successfully decoded transaction with hash: 41afe8bcfd9f5f82a5756a53271d574af7e0cf74176334f45cf9f531528149d8
2025-09-15 22:49:50.788 TRACE client[0]: Processing transaction with hash: 41afe8bcfd9f5f82a5756a53271d574af7e0cf74176334f45cf9f531528149d8
2025-09-15 22:49:50.788 DEBUG client[0]: Submitting transaction 41afe8bcfd9f5f82a5756a53271d574af7e0cf74176334f45cf9f531528149d8
2025-09-15 22:49:50.871 TRACE : trigger interaction 0xc00021f590 690/1200
[TRACE] Decoding transaction bytes of length: 230
[TRACE] Transaction type: 6
[TRACE] Successfully decoded transaction with hash: 29b0b77620b46aa5f7c9925afe7a3f17b2726d0a66046388f2548662cb578cf6
2025-09-15 22:49:50.871 TRACE client[0]: Processing transaction with hash: 29b0b77620b46aa5f7c9925afe7a3f17b2726d0a66046388f2548662cb578cf6
2025-09-15 22:49:50.871 DEBUG client[0]: Submitting transaction 29b0b77620b46aa5f7c9925afe7a3f17b2726d0a66046388f2548662cb578cf6
2025-09-15 22:49:50.954 TRACE : trigger interaction 0xc00021f680 691/1200
[TRACE] Decoding transaction bytes of length: 230
[TRACE] Transaction type: 6
[TRACE] Successfully decoded transaction with hash: 599882e5d06f6d3079156c46cae22e8f7a03eada638470c9b828bf0b084470d0
2025-09-15 22:49:50.954 TRACE client[0]: Processing transaction with hash: 599882e5d06f6d3079156c46cae22e8f7a03eada638470c9b828bf0b084470d0
2025-09-15 22:49:50.954 DEBUG client[0]: Submitting transaction 599882e5d06f6d3079156c46cae22e8f7a03eada638470c9b828bf0b084470d0
2025-09-15 22:49:51.037 TRACE : trigger interaction 0xc00021f770 692/1200
[TRACE] Decoding transaction bytes of length: 230
[TRACE] Transaction type: 6
[TRACE] Successfully decoded transaction with hash: c76a84636c41a711d0dcb1d6cbaeeaf7a8cc6754d9a2a63ee1068ae3c2e3cf5e
2025-09-15 22:49:51.038 TRACE client[0]: Processing transaction with hash: c76a84636c41a711d0dcb1d6cbaeeaf7a8cc6754d9a2a63ee1068ae3c2e3cf5e
2025-09-15 22:49:51.038 DEBUG client[0]: Submitting transaction c76a84636c41a711d0dcb1d6cbaeeaf7a8cc6754d9a2a63ee1068ae3c2e3cf5e
2025-09-15 22:49:51.121 TRACE : trigger interaction 0xc00021f860 693/1200
[TRACE] Decoding transaction bytes of length: 230
[TRACE] Transaction type: 6
[TRACE] Successfully decoded transaction with hash: 0619ceecedb2d7d1c4a22ee6b51b7c69b4527713f9b830408468e00a1223246c
2025-09-15 22:49:51.121 TRACE client[0]: Processing transaction with hash: 0619ceecedb2d7d1c4a22ee6b51b7c69b4527713f9b830408468e00a1223246c
2025-09-15 22:49:51.121 DEBUG client[0]: Submitting transaction 0619ceecedb2d7d1c4a22ee6b51b7c69b4527713f9b830408468e00a1223246c
2025-09-15 22:49:51.204 TRACE : trigger interaction 0xc00021f950 694/1200
[TRACE] Decoding transaction bytes of length: 230
[TRACE] Transaction type: 6
[TRACE] Successfully decoded transaction with hash: 7feb422c5cf0320fbd5261d3f4f2b414b7ffc842b1846a381ab767fef8f8a422
2025-09-15 22:49:51.204 TRACE client[0]: Processing transaction with hash: 7feb422c5cf0320fbd5261d3f4f2b414b7ffc842b1846a381ab767fef8f8a422
2025-09-15 22:49:51.204 DEBUG client[0]: Submitting transaction 7feb422c5cf0320fbd5261d3f4f2b414b7ffc842b1846a381ab767fef8f8a422
2025-09-15 22:49:51.287 TRACE : trigger interaction 0xc00021fa40 695/1200
[TRACE] Decoding transaction bytes of length: 230
[TRACE] Transaction type: 6
[TRACE] Successfully decoded transaction with hash: 1e7000cf80a07e47e385ef8e711a87e0d6d379b1f8046d126b15c58ff23f9f59
2025-09-15 22:49:51.287 TRACE client[0]: Processing transaction with hash: 1e7000cf80a07e47e385ef8e711a87e0d6d379b1f8046d126b15c58ff23f9f59
2025-09-15 22:49:51.287 DEBUG client[0]: Submitting transaction 1e7000cf80a07e47e385ef8e711a87e0d6d379b1f8046d126b15c58ff23f9f59
2025-09-15 22:49:51.371 TRACE : trigger interaction 0xc00021fb30 696/1200
[TRACE] Decoding transaction bytes of length: 230
[TRACE] Transaction type: 6
[TRACE] Successfully decoded transaction with hash: 6b3c5c7b83224b83f05eb82f5fce822853228425543ec5f9e348f1170c6bf598
2025-09-15 22:49:51.371 TRACE client[0]: Processing transaction with hash: 6b3c5c7b83224b83f05eb82f5fce822853228425543ec5f9e348f1170c6bf598
2025-09-15 22:49:51.371 DEBUG client[0]: Submitting transaction 6b3c5c7b83224b83f05eb82f5fce822853228425543ec5f9e348f1170c6bf598
2025-09-15 22:49:51.454 TRACE : trigger interaction 0xc00021fc20 697/1200
[TRACE] Decoding transaction bytes of length: 230
[TRACE] Transaction type: 6
[TRACE] Successfully decoded transaction with hash: 07b2d5de154acdf3b75a586efadebe49fc5cb9c382956ba99542ea3628eea8d2
2025-09-15 22:49:51.454 TRACE client[0]: Processing transaction with hash: 07b2d5de154acdf3b75a586efadebe49fc5cb9c382956ba99542ea3628eea8d2
2025-09-15 22:49:51.454 DEBUG client[0]: Submitting transaction 07b2d5de154acdf3b75a586efadebe49fc5cb9c382956ba99542ea3628eea8d2
2025-09-15 22:49:51.538 TRACE : trigger interaction 0xc00021fd10 698/1200
[TRACE] Decoding transaction bytes of length: 230
[TRACE] Transaction type: 6
[TRACE] Successfully decoded transaction with hash: 8192b79d9ec3a98598175e2b47de606ba01d8e406d78e054f0331531049e082a
2025-09-15 22:49:51.538 TRACE client[0]: Processing transaction with hash: 8192b79d9ec3a98598175e2b47de606ba01d8e406d78e054f0331531049e082a
2025-09-15 22:49:51.538 DEBUG client[0]: Submitting transaction 8192b79d9ec3a98598175e2b47de606ba01d8e406d78e054f0331531049e082a
2025-09-15 22:49:51.621 TRACE : trigger interaction 0xc00021fe00 699/1200
[TRACE] Decoding transaction bytes of length: 230
[TRACE] Transaction type: 6
[TRACE] Successfully decoded transaction with hash: f38f897d8be191d333701d20643a6d977fa95b558fdee577bd540f6a92050002
2025-09-15 22:49:51.621 TRACE client[0]: Processing transaction with hash: f38f897d8be191d333701d20643a6d977fa95b558fdee577bd540f6a92050002
2025-09-15 22:49:51.621 DEBUG client[0]: Submitting transaction f38f897d8be191d333701d20643a6d977fa95b558fdee577bd540f6a92050002
2025-09-15 22:49:51.703 TRACE : trigger interaction 0xc00021fef0 700/1200
[TRACE] Decoding transaction bytes of length: 230
[TRACE] Transaction type: 6
[TRACE] Successfully decoded transaction with hash: 7a0d5ff8b7c49ac0c6afd3f04afa8b8850f08f80ca9431590b066964e3eb1fc3
2025-09-15 22:49:51.704 TRACE client[0]: Processing transaction with hash: 7a0d5ff8b7c49ac0c6afd3f04afa8b8850f08f80ca9431590b066964e3eb1fc3
2025-09-15 22:49:51.704 DEBUG client[0]: Submitting transaction 7a0d5ff8b7c49ac0c6afd3f04afa8b8850f08f80ca9431590b066964e3eb1fc3
2025-09-15 22:49:51.787 TRACE : trigger interaction 0xc0000b1ef0 701/1200
[TRACE] Decoding transaction bytes of length: 230
[TRACE] Transaction type: 6
[TRACE] Successfully decoded transaction with hash: af46985d487e1d8e73192f507b912b73ec25755fdc3142de0ea77f780afb925e
2025-09-15 22:49:51.787 TRACE client[0]: Processing transaction with hash: af46985d487e1d8e73192f507b912b73ec25755fdc3142de0ea77f780afb925e
2025-09-15 22:49:51.787 DEBUG client[0]: Submitting transaction af46985d487e1d8e73192f507b912b73ec25755fdc3142de0ea77f780afb925e
2025-09-15 22:49:51.870 TRACE : trigger interaction 0xc0000fe000 702/1200
[TRACE] Decoding transaction bytes of length: 230
[TRACE] Transaction type: 6
[TRACE] Successfully decoded transaction with hash: 5034b6ddc9fe1609cd14c60c169c7b8967000dd3f01b55d9a532472f4eca07e2
2025-09-15 22:49:51.871 TRACE client[0]: Processing transaction with hash: 5034b6ddc9fe1609cd14c60c169c7b8967000dd3f01b55d9a532472f4eca07e2
2025-09-15 22:49:51.871 DEBUG client[0]: Submitting transaction 5034b6ddc9fe1609cd14c60c169c7b8967000dd3f01b55d9a532472f4eca07e2
2025-09-15 22:49:51.954 TRACE : trigger interaction 0xc0000fe0f0 703/1200
[TRACE] Decoding transaction bytes of length: 230
[TRACE] Transaction type: 6
[TRACE] Successfully decoded transaction with hash: 0e105ec2fea72490606a9e284d9762f1feec779a74ec04d5ed3398b91505b019
2025-09-15 22:49:51.954 TRACE client[0]: Processing transaction with hash: 0e105ec2fea72490606a9e284d9762f1feec779a74ec04d5ed3398b91505b019
2025-09-15 22:49:51.954 DEBUG client[0]: Submitting transaction 0e105ec2fea72490606a9e284d9762f1feec779a74ec04d5ed3398b91505b019
2025-09-15 22:49:52.037 TRACE : trigger interaction 0xc0000fe1e0 704/1200
[TRACE] Decoding transaction bytes of length: 230
[TRACE] Transaction type: 6
[TRACE] Successfully decoded transaction with hash: b2f314f8a19846bc1d72166eb3b4ffd67407b8270131f8e0b879c4c95577e4c4
2025-09-15 22:49:52.037 TRACE client[0]: Processing transaction with hash: b2f314f8a19846bc1d72166eb3b4ffd67407b8270131f8e0b879c4c95577e4c4
2025-09-15 22:49:52.037 DEBUG client[0]: Submitting transaction b2f314f8a19846bc1d72166eb3b4ffd67407b8270131f8e0b879c4c95577e4c4
2025-09-15 22:49:52.120 TRACE : trigger interaction 0xc0000fe2d0 705/1200
[TRACE] Decoding transaction bytes of length: 230
[TRACE] Transaction type: 6
[TRACE] Successfully decoded transaction with hash: 0e78aa2e5c97bc4dfb03759aea4ce3ed01c0d8d7651a308824d75785bf19539d
2025-09-15 22:49:52.120 TRACE client[0]: Processing transaction with hash: 0e78aa2e5c97bc4dfb03759aea4ce3ed01c0d8d7651a308824d75785bf19539d
2025-09-15 22:49:52.120 DEBUG client[0]: Submitting transaction 0e78aa2e5c97bc4dfb03759aea4ce3ed01c0d8d7651a308824d75785bf19539d
2025-09-15 22:49:52.204 TRACE : trigger interaction 0xc0000fe3c0 706/1200
[TRACE] Decoding transaction bytes of length: 230
[TRACE] Transaction type: 6
[TRACE] Successfully decoded transaction with hash: 578544e8261cec3bcc87c96fd3387b985ff14604ff2ab06ae1483eb8342c51e3
2025-09-15 22:49:52.204 TRACE client[0]: Processing transaction with hash: 578544e8261cec3bcc87c96fd3387b985ff14604ff2ab06ae1483eb8342c51e3
2025-09-15 22:49:52.204 DEBUG client[0]: Submitting transaction 578544e8261cec3bcc87c96fd3387b985ff14604ff2ab06ae1483eb8342c51e3
2025-09-15 22:49:52.287 TRACE : trigger interaction 0xc0000fe4b0 707/1200
[TRACE] Decoding transaction bytes of length: 230
[TRACE] Transaction type: 6
[TRACE] Successfully decoded transaction with hash: 1b86c5ab7c01b38301737aead3bf3807595503c4b652311245808b7a760c037e
2025-09-15 22:49:52.287 TRACE client[0]: Processing transaction with hash: 1b86c5ab7c01b38301737aead3bf3807595503c4b652311245808b7a760c037e
2025-09-15 22:49:52.288 DEBUG client[0]: Submitting transaction 1b86c5ab7c01b38301737aead3bf3807595503c4b652311245808b7a760c037e
2025-09-15 22:49:52.370 TRACE : trigger interaction 0xc0000fe5a0 708/1200
[TRACE] Decoding transaction bytes of length: 230
[TRACE] Transaction type: 6
[TRACE] Successfully decoded transaction with hash: ca97f1738f28fbcc78cd1f17a5da6fbff083a996423fded906099cbe8a5f21c2
2025-09-15 22:49:52.370 TRACE client[0]: Processing transaction with hash: ca97f1738f28fbcc78cd1f17a5da6fbff083a996423fded906099cbe8a5f21c2
2025-09-15 22:49:52.370 DEBUG client[0]: Submitting transaction ca97f1738f28fbcc78cd1f17a5da6fbff083a996423fded906099cbe8a5f21c2
2025-09-15 22:49:52.454 TRACE : trigger interaction 0xc0000fe690 709/1200
[TRACE] Decoding transaction bytes of length: 230
[TRACE] Transaction type: 6
[TRACE] Successfully decoded transaction with hash: 374a7713dd92f453f1fa84a561be04ca289484947e28a6b236a1ffe89759e25b
2025-09-15 22:49:52.454 TRACE client[0]: Processing transaction with hash: 374a7713dd92f453f1fa84a561be04ca289484947e28a6b236a1ffe89759e25b
2025-09-15 22:49:52.454 DEBUG client[0]: Submitting transaction 374a7713dd92f453f1fa84a561be04ca289484947e28a6b236a1ffe89759e25b
2025-09-15 22:49:52.537 TRACE : trigger interaction 0xc0000fe780 710/1200
[TRACE] Decoding transaction bytes of length: 230
[TRACE] Transaction type: 6
[TRACE] Successfully decoded transaction with hash: e9a990ac2f3dabe17565785493138999f37ebb23b989a08d74534158e1cfc225
2025-09-15 22:49:52.538 TRACE client[0]: Processing transaction with hash: e9a990ac2f3dabe17565785493138999f37ebb23b989a08d74534158e1cfc225
2025-09-15 22:49:52.538 DEBUG client[0]: Submitting transaction e9a990ac2f3dabe17565785493138999f37ebb23b989a08d74534158e1cfc225
2025-09-15 22:49:52.621 TRACE : trigger interaction 0xc0000fe870 711/1200
[TRACE] Decoding transaction bytes of length: 230
[TRACE] Transaction type: 6
[TRACE] Successfully decoded transaction with hash: 2010a108b80d31cc1111ca88ea72a18f6f1663a4a9a268cd6ad587553b9fccc6
2025-09-15 22:49:52.621 TRACE client[0]: Processing transaction with hash: 2010a108b80d31cc1111ca88ea72a18f6f1663a4a9a268cd6ad587553b9fccc6
2025-09-15 22:49:52.621 DEBUG client[0]: Submitting transaction 2010a108b80d31cc1111ca88ea72a18f6f1663a4a9a268cd6ad587553b9fccc6
2025-09-15 22:49:52.704 TRACE : trigger interaction 0xc0000fe960 712/1200
[TRACE] Decoding transaction bytes of length: 230
[TRACE] Transaction type: 6
[TRACE] Successfully decoded transaction with hash: 985fef3be1482d373e3dff0a1d38f66b0e4a80077b9a45af6ddee142a7a518cf
2025-09-15 22:49:52.704 TRACE client[0]: Processing transaction with hash: 985fef3be1482d373e3dff0a1d38f66b0e4a80077b9a45af6ddee142a7a518cf
2025-09-15 22:49:52.704 DEBUG client[0]: Submitting transaction 985fef3be1482d373e3dff0a1d38f66b0e4a80077b9a45af6ddee142a7a518cf
2025-09-15 22:49:52.787 TRACE : trigger interaction 0xc0000fea50 713/1200
[TRACE] Decoding transaction bytes of length: 230
[TRACE] Transaction type: 6
[TRACE] Successfully decoded transaction with hash: 5f88f8b4b297ee4a00220ef50aabdeec83a153f998a3cb771c69c073459a0a8d
2025-09-15 22:49:52.787 TRACE client[0]: Processing transaction with hash: 5f88f8b4b297ee4a00220ef50aabdeec83a153f998a3cb771c69c073459a0a8d
2025-09-15 22:49:52.787 DEBUG client[0]: Submitting transaction 5f88f8b4b297ee4a00220ef50aabdeec83a153f998a3cb771c69c073459a0a8d
2025-09-15 22:49:52.871 TRACE : trigger interaction 0xc0000feb40 714/1200
[TRACE] Decoding transaction bytes of length: 230
[TRACE] Transaction type: 6
[TRACE] Successfully decoded transaction with hash: d2286e173929f17204392072385cd0733070fd5c245318f87cd0a0e2e91c0af9
2025-09-15 22:49:52.871 TRACE client[0]: Processing transaction with hash: d2286e173929f17204392072385cd0733070fd5c245318f87cd0a0e2e91c0af9
2025-09-15 22:49:52.871 DEBUG client[0]: Submitting transaction d2286e173929f17204392072385cd0733070fd5c245318f87cd0a0e2e91c0af9
2025-09-15 22:49:52.954 TRACE : trigger interaction 0xc0000fec30 715/1200
[TRACE] Decoding transaction bytes of length: 230
[TRACE] Transaction type: 6
[TRACE] Successfully decoded transaction with hash: 7f5b3c4a71f290578817f840e40772eaa0814a513fd21895a5ea47fd17549ae2
2025-09-15 22:49:52.954 TRACE client[0]: Processing transaction with hash: 7f5b3c4a71f290578817f840e40772eaa0814a513fd21895a5ea47fd17549ae2
2025-09-15 22:49:52.954 DEBUG client[0]: Submitting transaction 7f5b3c4a71f290578817f840e40772eaa0814a513fd21895a5ea47fd17549ae2
2025-09-15 22:49:53.037 TRACE : trigger interaction 0xc0000fed20 716/1200
[TRACE] Decoding transaction bytes of length: 230
[TRACE] Transaction type: 6
[TRACE] Successfully decoded transaction with hash: 9eb16a55e1295ee90c04505c0277bfd86ffa7af19f6ff2b8fd086ba4589f6e39
2025-09-15 22:49:53.037 TRACE client[0]: Processing transaction with hash: 9eb16a55e1295ee90c04505c0277bfd86ffa7af19f6ff2b8fd086ba4589f6e39
2025-09-15 22:49:53.037 DEBUG client[0]: Submitting transaction 9eb16a55e1295ee90c04505c0277bfd86ffa7af19f6ff2b8fd086ba4589f6e39
2025-09-15 22:49:53.120 TRACE : trigger interaction 0xc0000fee10 717/1200
[TRACE] Decoding transaction bytes of length: 230
[TRACE] Transaction type: 6
[TRACE] Successfully decoded transaction with hash: ff8367e4124b66cc5bbfbad9182a12d8710da9072c6dc806cec673bcbcff5ee8
2025-09-15 22:49:53.121 TRACE client[0]: Processing transaction with hash: ff8367e4124b66cc5bbfbad9182a12d8710da9072c6dc806cec673bcbcff5ee8
2025-09-15 22:49:53.121 DEBUG client[0]: Submitting transaction ff8367e4124b66cc5bbfbad9182a12d8710da9072c6dc806cec673bcbcff5ee8
2025-09-15 22:49:53.203 TRACE : trigger interaction 0xc000031770 718/1200
[TRACE] Decoding transaction bytes of length: 230
[TRACE] Transaction type: 6
[TRACE] Successfully decoded transaction with hash: 49604532ae338d4bb90a65f184fc72e513f29ba0f08d8dc0bcacc1ea64acb03e
2025-09-15 22:49:53.204 TRACE client[0]: Processing transaction with hash: 49604532ae338d4bb90a65f184fc72e513f29ba0f08d8dc0bcacc1ea64acb03e
2025-09-15 22:49:53.204 DEBUG client[0]: Submitting transaction 49604532ae338d4bb90a65f184fc72e513f29ba0f08d8dc0bcacc1ea64acb03e
2025-09-15 22:49:53.287 TRACE : trigger interaction 0xc000031860 719/1200
[TRACE] Decoding transaction bytes of length: 230
[TRACE] Transaction type: 6
[TRACE] Successfully decoded transaction with hash: b5f30ece6dde69694c55051ba9260eae9dee78a389f07140f604d4e29d14e7c2
2025-09-15 22:49:53.287 TRACE client[0]: Processing transaction with hash: b5f30ece6dde69694c55051ba9260eae9dee78a389f07140f604d4e29d14e7c2
2025-09-15 22:49:53.287 DEBUG client[0]: Submitting transaction b5f30ece6dde69694c55051ba9260eae9dee78a389f07140f604d4e29d14e7c2
2025-09-15 22:49:53.370 TRACE : trigger interaction 0xc000031950 720/1200
[TRACE] Decoding transaction bytes of length: 230
[TRACE] Transaction type: 6
[TRACE] Successfully decoded transaction with hash: c45e1faa353d42369be333178a5c8d59d205bbf7a3621cbf23fdb29e410fb663
2025-09-15 22:49:53.371 TRACE client[0]: Processing transaction with hash: c45e1faa353d42369be333178a5c8d59d205bbf7a3621cbf23fdb29e410fb663
2025-09-15 22:49:53.371 DEBUG client[0]: Submitting transaction c45e1faa353d42369be333178a5c8d59d205bbf7a3621cbf23fdb29e410fb663
2025-09-15 22:49:53.453 TRACE : trigger interaction 0xc000031a40 721/1200
[TRACE] Decoding transaction bytes of length: 230
[TRACE] Transaction type: 6
[TRACE] Successfully decoded transaction with hash: 00dbe4e67415204b5fb93f5bb1d0a04d16ea794ceded0bbbaabfe95fbbe5452e
2025-09-15 22:49:53.454 TRACE client[0]: Processing transaction with hash: 00dbe4e67415204b5fb93f5bb1d0a04d16ea794ceded0bbbaabfe95fbbe5452e
2025-09-15 22:49:53.454 DEBUG client[0]: Submitting transaction 00dbe4e67415204b5fb93f5bb1d0a04d16ea794ceded0bbbaabfe95fbbe5452e
2025-09-15 22:49:53.537 TRACE : trigger interaction 0xc000031b30 722/1200
[TRACE] Decoding transaction bytes of length: 230
[TRACE] Transaction type: 6
[TRACE] Successfully decoded transaction with hash: a3243d227204e5e475e025edf8babe504fb6bc5d7a1254b422b411bd5075e98a
2025-09-15 22:49:53.537 TRACE client[0]: Processing transaction with hash: a3243d227204e5e475e025edf8babe504fb6bc5d7a1254b422b411bd5075e98a
2025-09-15 22:49:53.537 DEBUG client[0]: Submitting transaction a3243d227204e5e475e025edf8babe504fb6bc5d7a1254b422b411bd5075e98a
2025-09-15 22:49:53.621 TRACE : trigger interaction 0xc000031c20 723/1200
[TRACE] Decoding transaction bytes of length: 230
[TRACE] Transaction type: 6
[TRACE] Successfully decoded transaction with hash: 403b6aed8f92c596f7196c2c2080ea2b7e5a632967829975934d41b10d73018b
2025-09-15 22:49:53.621 TRACE client[0]: Processing transaction with hash: 403b6aed8f92c596f7196c2c2080ea2b7e5a632967829975934d41b10d73018b
2025-09-15 22:49:53.621 DEBUG client[0]: Submitting transaction 403b6aed8f92c596f7196c2c2080ea2b7e5a632967829975934d41b10d73018b
2025-09-15 22:49:53.704 TRACE : trigger interaction 0xc000031d10 724/1200
[TRACE] Decoding transaction bytes of length: 230
[TRACE] Transaction type: 6
[TRACE] Successfully decoded transaction with hash: bfc8942c65e6ca15fc480085953f0eabc6283d0e70726d83c530520053259c68
2025-09-15 22:49:53.704 TRACE client[0]: Processing transaction with hash: bfc8942c65e6ca15fc480085953f0eabc6283d0e70726d83c530520053259c68
2025-09-15 22:49:53.704 DEBUG client[0]: Submitting transaction bfc8942c65e6ca15fc480085953f0eabc6283d0e70726d83c530520053259c68
2025-09-15 22:49:53.787 TRACE : trigger interaction 0xc000031e00 725/1200
[TRACE] Decoding transaction bytes of length: 230
[TRACE] Transaction type: 6
[TRACE] Successfully decoded transaction with hash: 7e0dfbbf25ebdecc7f7c069059fc5e2ec40ec813fde956816c36b271c01e37c8
2025-09-15 22:49:53.788 TRACE client[0]: Processing transaction with hash: 7e0dfbbf25ebdecc7f7c069059fc5e2ec40ec813fde956816c36b271c01e37c8
2025-09-15 22:49:53.788 DEBUG client[0]: Submitting transaction 7e0dfbbf25ebdecc7f7c069059fc5e2ec40ec813fde956816c36b271c01e37c8
2025-09-15 22:49:53.871 TRACE : trigger interaction 0xc000031ef0 726/1200
[TRACE] Decoding transaction bytes of length: 230
[TRACE] Transaction type: 6
[TRACE] Successfully decoded transaction with hash: 2c12385a4b370315ea5a8087ae02efb9266301fac52f1997355e55aa42415069
2025-09-15 22:49:53.871 TRACE client[0]: Processing transaction with hash: 2c12385a4b370315ea5a8087ae02efb9266301fac52f1997355e55aa42415069
2025-09-15 22:49:53.871 DEBUG client[0]: Submitting transaction 2c12385a4b370315ea5a8087ae02efb9266301fac52f1997355e55aa42415069
2025-09-15 22:49:53.954 TRACE : trigger interaction 0xc00007e000 727/1200
[TRACE] Decoding transaction bytes of length: 230
[TRACE] Transaction type: 6
[TRACE] Successfully decoded transaction with hash: ac02d7a1419cb33c0fe2ef4f5619cd59cf317b4573d4e7953f8e2d9770439180
2025-09-15 22:49:53.954 TRACE client[0]: Processing transaction with hash: ac02d7a1419cb33c0fe2ef4f5619cd59cf317b4573d4e7953f8e2d9770439180
2025-09-15 22:49:53.954 DEBUG client[0]: Submitting transaction ac02d7a1419cb33c0fe2ef4f5619cd59cf317b4573d4e7953f8e2d9770439180
2025-09-15 22:49:54.038 TRACE : trigger interaction 0xc00007e0f0 728/1200
[TRACE] Decoding transaction bytes of length: 230
[TRACE] Transaction type: 6
[TRACE] Successfully decoded transaction with hash: 11e775aa496f49b92109118fb369fedfbe99c7ba995937eb8c061006425ee294
2025-09-15 22:49:54.038 TRACE client[0]: Processing transaction with hash: 11e775aa496f49b92109118fb369fedfbe99c7ba995937eb8c061006425ee294
2025-09-15 22:49:54.038 DEBUG client[0]: Submitting transaction 11e775aa496f49b92109118fb369fedfbe99c7ba995937eb8c061006425ee294
2025-09-15 22:49:54.121 TRACE : trigger interaction 0xc00007e1e0 729/1200
[TRACE] Decoding transaction bytes of length: 230
[TRACE] Transaction type: 6
[TRACE] Successfully decoded transaction with hash: 05949d82bbf9a146b5e1d3c965d6aeaebc60a82f0ed452289c2a49b961d31a97
2025-09-15 22:49:54.121 TRACE client[0]: Processing transaction with hash: 05949d82bbf9a146b5e1d3c965d6aeaebc60a82f0ed452289c2a49b961d31a97
2025-09-15 22:49:54.121 DEBUG client[0]: Submitting transaction 05949d82bbf9a146b5e1d3c965d6aeaebc60a82f0ed452289c2a49b961d31a97
2025-09-15 22:49:54.204 TRACE : trigger interaction 0xc00007e2d0 730/1200
[TRACE] Decoding transaction bytes of length: 230
[TRACE] Transaction type: 6
[TRACE] Successfully decoded transaction with hash: 6077366ab41cd4b1ff188254e7e0f1184d7ab42a39b01374ba6eef62fdcfdb4a
2025-09-15 22:49:54.204 TRACE client[0]: Processing transaction with hash: 6077366ab41cd4b1ff188254e7e0f1184d7ab42a39b01374ba6eef62fdcfdb4a
2025-09-15 22:49:54.204 DEBUG client[0]: Submitting transaction 6077366ab41cd4b1ff188254e7e0f1184d7ab42a39b01374ba6eef62fdcfdb4a
2025-09-15 22:49:54.287 TRACE : trigger interaction 0xc00007e3c0 731/1200
[TRACE] Decoding transaction bytes of length: 230
[TRACE] Transaction type: 6
[TRACE] Successfully decoded transaction with hash: 73d8cf878fe162b5b3d95ced75611eb9e35400ea919d6a68205542a278a82a96
2025-09-15 22:49:54.287 TRACE client[0]: Processing transaction with hash: 73d8cf878fe162b5b3d95ced75611eb9e35400ea919d6a68205542a278a82a96
2025-09-15 22:49:54.287 DEBUG client[0]: Submitting transaction 73d8cf878fe162b5b3d95ced75611eb9e35400ea919d6a68205542a278a82a96
2025-09-15 22:49:54.370 TRACE : trigger interaction 0xc00007e4b0 732/1200
[TRACE] Decoding transaction bytes of length: 230
[TRACE] Transaction type: 6
[TRACE] Successfully decoded transaction with hash: 4d58456a8f14caece2ab500246b6a0a3bb24b95c13c6e02296f1cd2e8c18e0b6
2025-09-15 22:49:54.371 TRACE client[0]: Processing transaction with hash: 4d58456a8f14caece2ab500246b6a0a3bb24b95c13c6e02296f1cd2e8c18e0b6
2025-09-15 22:49:54.371 DEBUG client[0]: Submitting transaction 4d58456a8f14caece2ab500246b6a0a3bb24b95c13c6e02296f1cd2e8c18e0b6
2025-09-15 22:49:54.454 TRACE : trigger interaction 0xc00007e5a0 733/1200
[TRACE] Decoding transaction bytes of length: 230
[TRACE] Transaction type: 6
[TRACE] Successfully decoded transaction with hash: 7695c549e9566f72899590b21b869c62771404553f1cd1957fa206830b1215d9
2025-09-15 22:49:54.454 TRACE client[0]: Processing transaction with hash: 7695c549e9566f72899590b21b869c62771404553f1cd1957fa206830b1215d9
2025-09-15 22:49:54.454 DEBUG client[0]: Submitting transaction 7695c549e9566f72899590b21b869c62771404553f1cd1957fa206830b1215d9
2025-09-15 22:49:54.537 TRACE : trigger interaction 0xc0000fef00 734/1200
[TRACE] Decoding transaction bytes of length: 230
[TRACE] Transaction type: 6
[TRACE] Successfully decoded transaction with hash: c08f8fac1d1f8d9f795b6bb83ba73acaef1bc1030ecc77c230c7b4a63852c9f8
2025-09-15 22:49:54.537 TRACE client[0]: Processing transaction with hash: c08f8fac1d1f8d9f795b6bb83ba73acaef1bc1030ecc77c230c7b4a63852c9f8
2025-09-15 22:49:54.537 DEBUG client[0]: Submitting transaction c08f8fac1d1f8d9f795b6bb83ba73acaef1bc1030ecc77c230c7b4a63852c9f8
2025-09-15 22:49:54.621 TRACE : trigger interaction 0xc0000feff0 735/1200
[TRACE] Decoding transaction bytes of length: 230
[TRACE] Transaction type: 6
[TRACE] Successfully decoded transaction with hash: fb5642b0d849a501f2b637aa52466bce91b8ae57312f4d554be8e8b5afa31b3c
2025-09-15 22:49:54.621 TRACE client[0]: Processing transaction with hash: fb5642b0d849a501f2b637aa52466bce91b8ae57312f4d554be8e8b5afa31b3c
2025-09-15 22:49:54.621 DEBUG client[0]: Submitting transaction fb5642b0d849a501f2b637aa52466bce91b8ae57312f4d554be8e8b5afa31b3c
2025-09-15 22:49:54.704 TRACE : trigger interaction 0xc0000ff0e0 736/1200
[TRACE] Decoding transaction bytes of length: 230
[TRACE] Transaction type: 6
[TRACE] Successfully decoded transaction with hash: 26de538a5a5b1b2dd9591bd33fa4ea418ae0119b156c954db7a809d584071679
2025-09-15 22:49:54.705 TRACE client[0]: Processing transaction with hash: 26de538a5a5b1b2dd9591bd33fa4ea418ae0119b156c954db7a809d584071679
2025-09-15 22:49:54.705 DEBUG client[0]: Submitting transaction 26de538a5a5b1b2dd9591bd33fa4ea418ae0119b156c954db7a809d584071679
2025-09-15 22:49:54.787 TRACE : trigger interaction 0xc0000ff1d0 737/1200
[TRACE] Decoding transaction bytes of length: 230
[TRACE] Transaction type: 6
[TRACE] Successfully decoded transaction with hash: e7256825b95a0bf83e20912894fa24f7b9a09810cf0902214a63df6e3ad5e182
2025-09-15 22:49:54.787 TRACE client[0]: Processing transaction with hash: e7256825b95a0bf83e20912894fa24f7b9a09810cf0902214a63df6e3ad5e182
2025-09-15 22:49:54.787 DEBUG client[0]: Submitting transaction e7256825b95a0bf83e20912894fa24f7b9a09810cf0902214a63df6e3ad5e182
2025-09-15 22:49:54.871 TRACE : trigger interaction 0xc0000ff2c0 738/1200
[TRACE] Decoding transaction bytes of length: 230
[TRACE] Transaction type: 6
[TRACE] Successfully decoded transaction with hash: 0b3532616a0656300d49f360054067662dd98ea58fd7c2a2d383293049cf16be
2025-09-15 22:49:54.871 TRACE client[0]: Processing transaction with hash: 0b3532616a0656300d49f360054067662dd98ea58fd7c2a2d383293049cf16be
2025-09-15 22:49:54.871 DEBUG client[0]: Submitting transaction 0b3532616a0656300d49f360054067662dd98ea58fd7c2a2d383293049cf16be
2025-09-15 22:49:54.954 TRACE : trigger interaction 0xc0000ff3b0 739/1200
[TRACE] Decoding transaction bytes of length: 230
[TRACE] Transaction type: 6
[TRACE] Successfully decoded transaction with hash: d5140d0890202e257762b9f3fe0f4b7bb10f3c55395d73875704f5cd29ca1feb
2025-09-15 22:49:54.954 TRACE client[0]: Processing transaction with hash: d5140d0890202e257762b9f3fe0f4b7bb10f3c55395d73875704f5cd29ca1feb
2025-09-15 22:49:54.954 DEBUG client[0]: Submitting transaction d5140d0890202e257762b9f3fe0f4b7bb10f3c55395d73875704f5cd29ca1feb
2025-09-15 22:49:55.038 TRACE : trigger interaction 0xc0000ff4a0 740/1200
[TRACE] Decoding transaction bytes of length: 230
[TRACE] Transaction type: 6
[TRACE] Successfully decoded transaction with hash: 042427cee726520afc79a0095614850ce7e7a27ee6983762b0b4a460c6b9e6bd
2025-09-15 22:49:55.038 TRACE client[0]: Processing transaction with hash: 042427cee726520afc79a0095614850ce7e7a27ee6983762b0b4a460c6b9e6bd
2025-09-15 22:49:55.038 DEBUG client[0]: Submitting transaction 042427cee726520afc79a0095614850ce7e7a27ee6983762b0b4a460c6b9e6bd
2025-09-15 22:49:55.120 TRACE : trigger interaction 0xc0000ff590 741/1200
[TRACE] Decoding transaction bytes of length: 230
[TRACE] Transaction type: 6
[TRACE] Successfully decoded transaction with hash: c599aa14ca325b687ab34fcce9601cb720658eccd839654c44ef3bcb35fe0400
2025-09-15 22:49:55.121 TRACE client[0]: Processing transaction with hash: c599aa14ca325b687ab34fcce9601cb720658eccd839654c44ef3bcb35fe0400
2025-09-15 22:49:55.121 DEBUG client[0]: Submitting transaction c599aa14ca325b687ab34fcce9601cb720658eccd839654c44ef3bcb35fe0400
2025-09-15 22:49:55.203 TRACE : trigger interaction 0xc0000ff680 742/1200
[TRACE] Decoding transaction bytes of length: 230
[TRACE] Transaction type: 6
[TRACE] Successfully decoded transaction with hash: 9b132f0ad8031ca951f5ec3e14ec04d8e13d23853f40f25b308f5556d33fb20b
2025-09-15 22:49:55.204 TRACE client[0]: Processing transaction with hash: 9b132f0ad8031ca951f5ec3e14ec04d8e13d23853f40f25b308f5556d33fb20b
2025-09-15 22:49:55.204 DEBUG client[0]: Submitting transaction 9b132f0ad8031ca951f5ec3e14ec04d8e13d23853f40f25b308f5556d33fb20b
2025-09-15 22:49:55.287 TRACE : trigger interaction 0xc0000ff770 743/1200
[TRACE] Decoding transaction bytes of length: 230
[TRACE] Transaction type: 6
[TRACE] Successfully decoded transaction with hash: aba9dd708f676ad10228c3466d8088fc60a7794bedf32bffcbf2bfa040feacb5
2025-09-15 22:49:55.288 TRACE client[0]: Processing transaction with hash: aba9dd708f676ad10228c3466d8088fc60a7794bedf32bffcbf2bfa040feacb5
2025-09-15 22:49:55.288 DEBUG client[0]: Submitting transaction aba9dd708f676ad10228c3466d8088fc60a7794bedf32bffcbf2bfa040feacb5
2025-09-15 22:49:55.370 TRACE : trigger interaction 0xc0000ff860 744/1200
[TRACE] Decoding transaction bytes of length: 230
[TRACE] Transaction type: 6
[TRACE] Successfully decoded transaction with hash: 084f3eeca7d809b996bb729a7c18586480c3a123674e6968186e30a459d7cf06
2025-09-15 22:49:55.371 TRACE client[0]: Processing transaction with hash: 084f3eeca7d809b996bb729a7c18586480c3a123674e6968186e30a459d7cf06
2025-09-15 22:49:55.371 DEBUG client[0]: Submitting transaction 084f3eeca7d809b996bb729a7c18586480c3a123674e6968186e30a459d7cf06
2025-09-15 22:49:55.453 TRACE : trigger interaction 0xc0000ff950 745/1200
[TRACE] Decoding transaction bytes of length: 230
[TRACE] Transaction type: 6
[TRACE] Successfully decoded transaction with hash: 9fcc98292a347a8b17ab12fef24f571e80d866e4a7139cf1025516522172ecfa
2025-09-15 22:49:55.454 TRACE client[0]: Processing transaction with hash: 9fcc98292a347a8b17ab12fef24f571e80d866e4a7139cf1025516522172ecfa
2025-09-15 22:49:55.454 DEBUG client[0]: Submitting transaction 9fcc98292a347a8b17ab12fef24f571e80d866e4a7139cf1025516522172ecfa
2025-09-15 22:49:55.537 TRACE : trigger interaction 0xc0000ffa40 746/1200
[TRACE] Decoding transaction bytes of length: 230
[TRACE] Transaction type: 6
[TRACE] Successfully decoded transaction with hash: dc1759d85871ebe21090fd91962238a2ee091f97644a98aa076bcfe92510bad0
2025-09-15 22:49:55.537 TRACE client[0]: Processing transaction with hash: dc1759d85871ebe21090fd91962238a2ee091f97644a98aa076bcfe92510bad0
2025-09-15 22:49:55.537 DEBUG client[0]: Submitting transaction dc1759d85871ebe21090fd91962238a2ee091f97644a98aa076bcfe92510bad0
2025-09-15 22:49:55.620 TRACE : trigger interaction 0xc0000ffb30 747/1200
[TRACE] Decoding transaction bytes of length: 230
[TRACE] Transaction type: 6
[TRACE] Successfully decoded transaction with hash: d94881a8891ac29c2ab32c449d81b10b407af952e234d209dd3e169904cece50
2025-09-15 22:49:55.621 TRACE client[0]: Processing transaction with hash: d94881a8891ac29c2ab32c449d81b10b407af952e234d209dd3e169904cece50
2025-09-15 22:49:55.621 DEBUG client[0]: Submitting transaction d94881a8891ac29c2ab32c449d81b10b407af952e234d209dd3e169904cece50
2025-09-15 22:49:55.704 TRACE : trigger interaction 0xc0000ffc20 748/1200
[TRACE] Decoding transaction bytes of length: 230
[TRACE] Transaction type: 6
[TRACE] Successfully decoded transaction with hash: 0d31cb7e569e434d557d941e9dfbe407d74b073603d6f46af70dc1c5154a081b
2025-09-15 22:49:55.704 TRACE client[0]: Processing transaction with hash: 0d31cb7e569e434d557d941e9dfbe407d74b073603d6f46af70dc1c5154a081b
2025-09-15 22:49:55.704 DEBUG client[0]: Submitting transaction 0d31cb7e569e434d557d941e9dfbe407d74b073603d6f46af70dc1c5154a081b
2025-09-15 22:49:55.788 TRACE : trigger interaction 0xc0000ffd10 749/1200
[TRACE] Decoding transaction bytes of length: 230
[TRACE] Transaction type: 6
[TRACE] Successfully decoded transaction with hash: 31c53b6059f52bbd46e18cfef8f98c9de26733f07ce39e3f4bb59a5e0f3d4dfc
2025-09-15 22:49:55.788 TRACE client[0]: Processing transaction with hash: 31c53b6059f52bbd46e18cfef8f98c9de26733f07ce39e3f4bb59a5e0f3d4dfc
2025-09-15 22:49:55.788 DEBUG client[0]: Submitting transaction 31c53b6059f52bbd46e18cfef8f98c9de26733f07ce39e3f4bb59a5e0f3d4dfc
2025-09-15 22:49:55.871 TRACE : trigger interaction 0xc0000ffe00 750/1200
[TRACE] Decoding transaction bytes of length: 230
[TRACE] Transaction type: 6
[TRACE] Successfully decoded transaction with hash: 8aad4db85d44e44dd11944f263badda1f229bf43df47dcea9417c469acec810d
2025-09-15 22:49:55.871 TRACE client[0]: Processing transaction with hash: 8aad4db85d44e44dd11944f263badda1f229bf43df47dcea9417c469acec810d
2025-09-15 22:49:55.871 DEBUG client[0]: Submitting transaction 8aad4db85d44e44dd11944f263badda1f229bf43df47dcea9417c469acec810d
2025-09-15 22:49:55.954 TRACE : trigger interaction 0xc000250000 751/1200
[TRACE] Decoding transaction bytes of length: 230
[TRACE] Transaction type: 6
[TRACE] Successfully decoded transaction with hash: 6adf89d881eae07fb7f9f6b3fb2a462127adc2c802c65f21d3e7dec26fa1ba99
2025-09-15 22:49:55.954 TRACE client[0]: Processing transaction with hash: 6adf89d881eae07fb7f9f6b3fb2a462127adc2c802c65f21d3e7dec26fa1ba99
2025-09-15 22:49:55.954 DEBUG client[0]: Submitting transaction 6adf89d881eae07fb7f9f6b3fb2a462127adc2c802c65f21d3e7dec26fa1ba99
2025-09-15 22:49:56.037 TRACE : trigger interaction 0xc0002500f0 752/1200
[TRACE] Decoding transaction bytes of length: 230
[TRACE] Transaction type: 6
[TRACE] Successfully decoded transaction with hash: be399db2e0794102cc1b30a7ea5d1da191195991fb255106a101231ccee5c798
2025-09-15 22:49:56.038 TRACE client[0]: Processing transaction with hash: be399db2e0794102cc1b30a7ea5d1da191195991fb255106a101231ccee5c798
2025-09-15 22:49:56.038 DEBUG client[0]: Submitting transaction be399db2e0794102cc1b30a7ea5d1da191195991fb255106a101231ccee5c798
2025-09-15 22:49:56.120 TRACE : trigger interaction 0xc0002501e0 753/1200
[TRACE] Decoding transaction bytes of length: 230
[TRACE] Transaction type: 6
[TRACE] Successfully decoded transaction with hash: de33acdf731547769e0ce86857bdf575b6634c923de387b9d777592db2cdf9ff
2025-09-15 22:49:56.121 TRACE client[0]: Processing transaction with hash: de33acdf731547769e0ce86857bdf575b6634c923de387b9d777592db2cdf9ff
2025-09-15 22:49:56.121 DEBUG client[0]: Submitting transaction de33acdf731547769e0ce86857bdf575b6634c923de387b9d777592db2cdf9ff
2025-09-15 22:49:56.203 TRACE : trigger interaction 0xc0002502d0 754/1200
[TRACE] Decoding transaction bytes of length: 230
[TRACE] Transaction type: 6
[TRACE] Successfully decoded transaction with hash: be1d14dbc4a22e8ebf0ea1e32de9e015b4c6af78850f452b8d56817073c20e04
2025-09-15 22:49:56.204 TRACE client[0]: Processing transaction with hash: be1d14dbc4a22e8ebf0ea1e32de9e015b4c6af78850f452b8d56817073c20e04
2025-09-15 22:49:56.204 DEBUG client[0]: Submitting transaction be1d14dbc4a22e8ebf0ea1e32de9e015b4c6af78850f452b8d56817073c20e04
2025-09-15 22:49:56.287 TRACE : trigger interaction 0xc0002503c0 755/1200
[TRACE] Decoding transaction bytes of length: 230
[TRACE] Transaction type: 6
[TRACE] Successfully decoded transaction with hash: c820b17aad309b090a8a8f11534fcfc99d46ebf463cc4ec99fc6c40f92159253
2025-09-15 22:49:56.288 TRACE client[0]: Processing transaction with hash: c820b17aad309b090a8a8f11534fcfc99d46ebf463cc4ec99fc6c40f92159253
2025-09-15 22:49:56.288 DEBUG client[0]: Submitting transaction c820b17aad309b090a8a8f11534fcfc99d46ebf463cc4ec99fc6c40f92159253
2025-09-15 22:49:56.370 TRACE : trigger interaction 0xc0002504b0 756/1200
[TRACE] Decoding transaction bytes of length: 230
[TRACE] Transaction type: 6
[TRACE] Successfully decoded transaction with hash: a03f82b98304c855cd1237dab9d636fbc3b0cfc44e7b513802e16c06e419648f
2025-09-15 22:49:56.371 TRACE client[0]: Processing transaction with hash: a03f82b98304c855cd1237dab9d636fbc3b0cfc44e7b513802e16c06e419648f
2025-09-15 22:49:56.371 DEBUG client[0]: Submitting transaction a03f82b98304c855cd1237dab9d636fbc3b0cfc44e7b513802e16c06e419648f
2025-09-15 22:49:56.453 TRACE : trigger interaction 0xc0002505a0 757/1200
[TRACE] Decoding transaction bytes of length: 230
[TRACE] Transaction type: 6
[TRACE] Successfully decoded transaction with hash: b53900f23f1eb9d02486c55b61684c19473c2bc626681e15a4b0587ca23b22aa
2025-09-15 22:49:56.453 TRACE client[0]: Processing transaction with hash: b53900f23f1eb9d02486c55b61684c19473c2bc626681e15a4b0587ca23b22aa
2025-09-15 22:49:56.454 DEBUG client[0]: Submitting transaction b53900f23f1eb9d02486c55b61684c19473c2bc626681e15a4b0587ca23b22aa
2025-09-15 22:49:56.537 TRACE : trigger interaction 0xc000250690 758/1200
[TRACE] Decoding transaction bytes of length: 230
[TRACE] Transaction type: 6
[TRACE] Successfully decoded transaction with hash: ed740f56771c89736591997aeb604aae055907043e4b7b74bf53b673c9e44e86
2025-09-15 22:49:56.538 TRACE client[0]: Processing transaction with hash: ed740f56771c89736591997aeb604aae055907043e4b7b74bf53b673c9e44e86
2025-09-15 22:49:56.538 DEBUG client[0]: Submitting transaction ed740f56771c89736591997aeb604aae055907043e4b7b74bf53b673c9e44e86
2025-09-15 22:49:56.620 TRACE : trigger interaction 0xc000250780 759/1200
[TRACE] Decoding transaction bytes of length: 230
[TRACE] Transaction type: 6
[TRACE] Successfully decoded transaction with hash: ccb728986b8c593e30faadfc429d448bd1b0b10ad04a10878c5126a7bd38209b
2025-09-15 22:49:56.621 TRACE client[0]: Processing transaction with hash: ccb728986b8c593e30faadfc429d448bd1b0b10ad04a10878c5126a7bd38209b
2025-09-15 22:49:56.621 DEBUG client[0]: Submitting transaction ccb728986b8c593e30faadfc429d448bd1b0b10ad04a10878c5126a7bd38209b
2025-09-15 22:49:56.704 TRACE : trigger interaction 0xc000250870 760/1200
[TRACE] Decoding transaction bytes of length: 230
[TRACE] Transaction type: 6
[TRACE] Successfully decoded transaction with hash: faf2499a319533e8e60c932b59f3911715faef92b81b7ae8658eff68209bd294
2025-09-15 22:49:56.704 TRACE client[0]: Processing transaction with hash: faf2499a319533e8e60c932b59f3911715faef92b81b7ae8658eff68209bd294
2025-09-15 22:49:56.704 DEBUG client[0]: Submitting transaction faf2499a319533e8e60c932b59f3911715faef92b81b7ae8658eff68209bd294
2025-09-15 22:49:56.787 TRACE : trigger interaction 0xc000250960 761/1200
[TRACE] Decoding transaction bytes of length: 230
[TRACE] Transaction type: 6
[TRACE] Successfully decoded transaction with hash: e280aee447a2a55cf29cde5f2e13eb11e906a0a02d94912e0f3a399745fb0e03
2025-09-15 22:49:56.788 TRACE client[0]: Processing transaction with hash: e280aee447a2a55cf29cde5f2e13eb11e906a0a02d94912e0f3a399745fb0e03
2025-09-15 22:49:56.788 DEBUG client[0]: Submitting transaction e280aee447a2a55cf29cde5f2e13eb11e906a0a02d94912e0f3a399745fb0e03
2025-09-15 22:49:56.870 TRACE : trigger interaction 0xc000250a50 762/1200
[TRACE] Decoding transaction bytes of length: 230
[TRACE] Transaction type: 6
[TRACE] Successfully decoded transaction with hash: c0d379839f68bf4cfa77d87dfa643e72910868aa3ed4c460d03565dacf482000
2025-09-15 22:49:56.870 TRACE client[0]: Processing transaction with hash: c0d379839f68bf4cfa77d87dfa643e72910868aa3ed4c460d03565dacf482000
2025-09-15 22:49:56.870 DEBUG client[0]: Submitting transaction c0d379839f68bf4cfa77d87dfa643e72910868aa3ed4c460d03565dacf482000
2025-09-15 22:49:56.954 TRACE : trigger interaction 0xc000250b40 763/1200
[TRACE] Decoding transaction bytes of length: 230
[TRACE] Transaction type: 6
[TRACE] Successfully decoded transaction with hash: 533bac78bc4356ac55e603d733d3f485c878f0280d22fa0c4d19fbc080d82905
2025-09-15 22:49:56.954 TRACE client[0]: Processing transaction with hash: 533bac78bc4356ac55e603d733d3f485c878f0280d22fa0c4d19fbc080d82905
2025-09-15 22:49:56.954 DEBUG client[0]: Submitting transaction 533bac78bc4356ac55e603d733d3f485c878f0280d22fa0c4d19fbc080d82905
2025-09-15 22:49:57.037 TRACE : trigger interaction 0xc000250c30 764/1200
[TRACE] Decoding transaction bytes of length: 230
[TRACE] Transaction type: 6
[TRACE] Successfully decoded transaction with hash: 0c0f208925dbdc0e3f375dbb41b64d2b23318b79c22bc30206d8ceab29c3ba04
2025-09-15 22:49:57.037 TRACE client[0]: Processing transaction with hash: 0c0f208925dbdc0e3f375dbb41b64d2b23318b79c22bc30206d8ceab29c3ba04
2025-09-15 22:49:57.037 DEBUG client[0]: Submitting transaction 0c0f208925dbdc0e3f375dbb41b64d2b23318b79c22bc30206d8ceab29c3ba04
2025-09-15 22:49:57.120 TRACE : trigger interaction 0xc000250d20 765/1200
[TRACE] Decoding transaction bytes of length: 230
[TRACE] Transaction type: 6
[TRACE] Successfully decoded transaction with hash: a4ca6ab7435cafdb624abb4023d0502966f02d806a8d948c228e2e005698a7c9
2025-09-15 22:49:57.120 TRACE client[0]: Processing transaction with hash: a4ca6ab7435cafdb624abb4023d0502966f02d806a8d948c228e2e005698a7c9
2025-09-15 22:49:57.120 DEBUG client[0]: Submitting transaction a4ca6ab7435cafdb624abb4023d0502966f02d806a8d948c228e2e005698a7c9
2025-09-15 22:49:57.204 TRACE : trigger interaction 0xc000250e10 766/1200
[TRACE] Decoding transaction bytes of length: 230
[TRACE] Transaction type: 6
[TRACE] Successfully decoded transaction with hash: 586a91106f304e0eb4053ed487ab16503eb1033ed91ac25a450ea1660037a7e3
2025-09-15 22:49:57.205 TRACE client[0]: Processing transaction with hash: 586a91106f304e0eb4053ed487ab16503eb1033ed91ac25a450ea1660037a7e3
2025-09-15 22:49:57.205 DEBUG client[0]: Submitting transaction 586a91106f304e0eb4053ed487ab16503eb1033ed91ac25a450ea1660037a7e3
2025-09-15 22:49:57.287 TRACE : trigger interaction 0xc000250f00 767/1200
[TRACE] Decoding transaction bytes of length: 230
[TRACE] Transaction type: 6
[TRACE] Successfully decoded transaction with hash: 508a66fc4a17e7d6cf680e3fa625d8b864d578546ddab89b4753edb348bd772b
2025-09-15 22:49:57.287 TRACE client[0]: Processing transaction with hash: 508a66fc4a17e7d6cf680e3fa625d8b864d578546ddab89b4753edb348bd772b
2025-09-15 22:49:57.287 DEBUG client[0]: Submitting transaction 508a66fc4a17e7d6cf680e3fa625d8b864d578546ddab89b4753edb348bd772b
2025-09-15 22:49:57.370 TRACE : trigger interaction 0xc0000ffef0 768/1200
[TRACE] Decoding transaction bytes of length: 230
[TRACE] Transaction type: 6
[TRACE] Successfully decoded transaction with hash: cacc6013146317e27d7f11912933fa44d0ee835c2e7de324c3cfb78142ad8a3b
2025-09-15 22:49:57.371 TRACE client[0]: Processing transaction with hash: cacc6013146317e27d7f11912933fa44d0ee835c2e7de324c3cfb78142ad8a3b
2025-09-15 22:49:57.371 DEBUG client[0]: Submitting transaction cacc6013146317e27d7f11912933fa44d0ee835c2e7de324c3cfb78142ad8a3b
2025-09-15 22:49:57.453 TRACE : trigger interaction 0xc0002bc000 769/1200
[TRACE] Decoding transaction bytes of length: 230
[TRACE] Transaction type: 6
[TRACE] Successfully decoded transaction with hash: 640d971d70e5b37e62608f70a2eab6d0ad8ac71c5b4444eb8f6c7ee2e1a38902
2025-09-15 22:49:57.454 TRACE client[0]: Processing transaction with hash: 640d971d70e5b37e62608f70a2eab6d0ad8ac71c5b4444eb8f6c7ee2e1a38902
2025-09-15 22:49:57.454 DEBUG client[0]: Submitting transaction 640d971d70e5b37e62608f70a2eab6d0ad8ac71c5b4444eb8f6c7ee2e1a38902
2025-09-15 22:49:57.537 TRACE : trigger interaction 0xc0002bc0f0 770/1200
[TRACE] Decoding transaction bytes of length: 230
[TRACE] Transaction type: 6
[TRACE] Successfully decoded transaction with hash: 7801ffc3d81ec30c8a70c982a96983e049464308e03ae96fdaa1d8acf9c68710
2025-09-15 22:49:57.537 TRACE client[0]: Processing transaction with hash: 7801ffc3d81ec30c8a70c982a96983e049464308e03ae96fdaa1d8acf9c68710
2025-09-15 22:49:57.537 DEBUG client[0]: Submitting transaction 7801ffc3d81ec30c8a70c982a96983e049464308e03ae96fdaa1d8acf9c68710
2025-09-15 22:49:57.620 TRACE : trigger interaction 0xc0002bc1e0 771/1200
[TRACE] Decoding transaction bytes of length: 230
[TRACE] Transaction type: 6
[TRACE] Successfully decoded transaction with hash: b7b25b93031651f5ab19c8005c24fd52c944f10ce64ccff6cbacf2f67df26722
2025-09-15 22:49:57.621 TRACE client[0]: Processing transaction with hash: b7b25b93031651f5ab19c8005c24fd52c944f10ce64ccff6cbacf2f67df26722
2025-09-15 22:49:57.621 DEBUG client[0]: Submitting transaction b7b25b93031651f5ab19c8005c24fd52c944f10ce64ccff6cbacf2f67df26722
2025-09-15 22:49:57.704 TRACE : trigger interaction 0xc0002bc2d0 772/1200
[TRACE] Decoding transaction bytes of length: 230
[TRACE] Transaction type: 6
[TRACE] Successfully decoded transaction with hash: aaa319e11ebe380444b56fa0917df33b5a001dafcde870b76c32d4dac7b28cd8
2025-09-15 22:49:57.704 TRACE client[0]: Processing transaction with hash: aaa319e11ebe380444b56fa0917df33b5a001dafcde870b76c32d4dac7b28cd8
2025-09-15 22:49:57.704 DEBUG client[0]: Submitting transaction aaa319e11ebe380444b56fa0917df33b5a001dafcde870b76c32d4dac7b28cd8
2025-09-15 22:49:57.787 TRACE : trigger interaction 0xc0002bc3c0 773/1200
[TRACE] Decoding transaction bytes of length: 230
[TRACE] Transaction type: 6
[TRACE] Successfully decoded transaction with hash: 1af8e7c6019186eb9ab788ee1dd9c01e38d30107f0901120cb985dac47a40429
2025-09-15 22:49:57.787 TRACE client[0]: Processing transaction with hash: 1af8e7c6019186eb9ab788ee1dd9c01e38d30107f0901120cb985dac47a40429
2025-09-15 22:49:57.787 DEBUG client[0]: Submitting transaction 1af8e7c6019186eb9ab788ee1dd9c01e38d30107f0901120cb985dac47a40429
2025-09-15 22:49:57.870 TRACE : trigger interaction 0xc0002bc4b0 774/1200
[TRACE] Decoding transaction bytes of length: 230
[TRACE] Transaction type: 6
[TRACE] Successfully decoded transaction with hash: 0a3d9646ad7846a99f362b9ca2c8a2cea6b4b8d190363ea799568dc2bb0fb566
2025-09-15 22:49:57.870 TRACE client[0]: Processing transaction with hash: 0a3d9646ad7846a99f362b9ca2c8a2cea6b4b8d190363ea799568dc2bb0fb566
2025-09-15 22:49:57.870 DEBUG client[0]: Submitting transaction 0a3d9646ad7846a99f362b9ca2c8a2cea6b4b8d190363ea799568dc2bb0fb566
2025-09-15 22:49:57.954 TRACE : trigger interaction 0xc0002bc5a0 775/1200
[TRACE] Decoding transaction bytes of length: 230
[TRACE] Transaction type: 6
[TRACE] Successfully decoded transaction with hash: a0df557e65e4530f144c64a147858214b451bafdc300cdccdaa24d5a93b6eb2a
2025-09-15 22:49:57.954 TRACE client[0]: Processing transaction with hash: a0df557e65e4530f144c64a147858214b451bafdc300cdccdaa24d5a93b6eb2a
2025-09-15 22:49:57.954 DEBUG client[0]: Submitting transaction a0df557e65e4530f144c64a147858214b451bafdc300cdccdaa24d5a93b6eb2a
2025-09-15 22:49:58.037 TRACE : trigger interaction 0xc0002bc690 776/1200
[TRACE] Decoding transaction bytes of length: 230
[TRACE] Transaction type: 6
[TRACE] Successfully decoded transaction with hash: 65121ce94d031bda1c23eed664d620d5f908ed8195dd244917df52d84f2c1b3b
2025-09-15 22:49:58.037 TRACE client[0]: Processing transaction with hash: 65121ce94d031bda1c23eed664d620d5f908ed8195dd244917df52d84f2c1b3b
2025-09-15 22:49:58.037 DEBUG client[0]: Submitting transaction 65121ce94d031bda1c23eed664d620d5f908ed8195dd244917df52d84f2c1b3b
2025-09-15 22:49:58.120 TRACE : trigger interaction 0xc0002bc780 777/1200
[TRACE] Decoding transaction bytes of length: 230
[TRACE] Transaction type: 6
[TRACE] Successfully decoded transaction with hash: 389dd70960435dfb1cc9ba3b4524b87b9c2c2e8e41508bde1b2fb68d36adb896
2025-09-15 22:49:58.120 TRACE client[0]: Processing transaction with hash: 389dd70960435dfb1cc9ba3b4524b87b9c2c2e8e41508bde1b2fb68d36adb896
2025-09-15 22:49:58.120 DEBUG client[0]: Submitting transaction 389dd70960435dfb1cc9ba3b4524b87b9c2c2e8e41508bde1b2fb68d36adb896
2025-09-15 22:49:58.204 TRACE : trigger interaction 0xc0002bc870 778/1200
[TRACE] Decoding transaction bytes of length: 230
[TRACE] Transaction type: 6
[TRACE] Successfully decoded transaction with hash: 13fa56db0e63835817486f36437bb47c639cca92b01afeb6ccc6ca982641ce0f
2025-09-15 22:49:58.204 TRACE client[0]: Processing transaction with hash: 13fa56db0e63835817486f36437bb47c639cca92b01afeb6ccc6ca982641ce0f
2025-09-15 22:49:58.204 DEBUG client[0]: Submitting transaction 13fa56db0e63835817486f36437bb47c639cca92b01afeb6ccc6ca982641ce0f
2025-09-15 22:49:58.287 TRACE : trigger interaction 0xc0002bc960 779/1200
[TRACE] Decoding transaction bytes of length: 230
[TRACE] Transaction type: 6
[TRACE] Successfully decoded transaction with hash: 0f5f49a2fb72a124e6033b9600097d5eebdc888df817ddf2dc9cd920621e1f62
2025-09-15 22:49:58.287 TRACE client[0]: Processing transaction with hash: 0f5f49a2fb72a124e6033b9600097d5eebdc888df817ddf2dc9cd920621e1f62
2025-09-15 22:49:58.287 DEBUG client[0]: Submitting transaction 0f5f49a2fb72a124e6033b9600097d5eebdc888df817ddf2dc9cd920621e1f62
2025-09-15 22:49:58.370 TRACE : trigger interaction 0xc0002bca50 780/1200
[TRACE] Decoding transaction bytes of length: 230
[TRACE] Transaction type: 6
[TRACE] Successfully decoded transaction with hash: 58f0def36d54a13aadd48b1c9356ca41145d8513bd31f5aee49161998124efa5
2025-09-15 22:49:58.370 TRACE client[0]: Processing transaction with hash: 58f0def36d54a13aadd48b1c9356ca41145d8513bd31f5aee49161998124efa5
2025-09-15 22:49:58.370 DEBUG client[0]: Submitting transaction 58f0def36d54a13aadd48b1c9356ca41145d8513bd31f5aee49161998124efa5
2025-09-15 22:49:58.448 TRACE client[0]: Found transaction in block: f223376a4c4a8539979fd0f27c29a05ade4555159bc2276865ab686b7c7a57f7
2025-09-15 22:49:58.448 TRACE client[0]: Found transaction in block: 44f47b602cb3b18dbc2f6e78eff72d2986201aa5b8245cc6847ed3c246905e71
2025-09-15 22:49:58.448 TRACE client[0]: Found transaction in block: 73d61678d01ebf586c4b560f9c62bc065e02ecabbfb3f5f78ab5e9f36d133682
2025-09-15 22:49:58.448 TRACE client[0]: Found transaction in block: 02e8f8c1aba91443e58739a569915844b82c3e7b317406340dc87b4de131b78f
2025-09-15 22:49:58.448 TRACE client[0]: Found transaction in block: 850a9831d5433c967c60848cc6020bf27c37e2f09df16ca2cec5804a8900469c
2025-09-15 22:49:58.448 TRACE client[0]: Found transaction in block: ce55199d7d5e78b46fa8ea62ed743cb3e64a62a1cee1804f9168a3282bafccfb
2025-09-15 22:49:58.448 TRACE client[0]: Found transaction in block: b6f41b550ff4d4c942e68a7966d6b197aa749ba35ce10081b30e5d581ffb70d2
2025-09-15 22:49:58.448 TRACE client[0]: Found transaction in block: f7347cdbad2090eb8a869a06453b0fee72b676517841196665ad544ab54fa90a
2025-09-15 22:49:58.448 TRACE client[0]: Found transaction in block: e047d00be67cc5a21287c0735f676a3f9e2714a22cba55029c5824defb3d99ce
2025-09-15 22:49:58.448 TRACE client[0]: Found transaction in block: e0a46e4426d366a7ac35e8e16fee9c5419c49914f183b24935a5c7dacf20828b
2025-09-15 22:49:58.448 TRACE client[0]: Found transaction in block: 8fbba9703e82bfd859357a8fe65fcbde889f5eba4d120ff8ebd1416dbac5cf0a
2025-09-15 22:49:58.448 TRACE client[0]: Found transaction in block: 93f3282f695a6352f48d81f4bc90e16e4293be3fb1fddfb76a031b60faddb08b
2025-09-15 22:49:58.448 TRACE client[0]: Found transaction in block: bc14ce222c4bdae1b37fb86077d82d30b0ae4df81216b6ebf9af8620561ee566
2025-09-15 22:49:58.448 TRACE client[0]: Found transaction in block: 0626d59104dd72659657809c830726e9d3f4e1242b9b249295cc2e71e0b972eb
2025-09-15 22:49:58.448 TRACE client[0]: Found transaction in block: 23f3344a29709fd8373c2e9efffb9e71b4bc9fdaac82074f2ec7231365df6c4f
2025-09-15 22:49:58.448 TRACE client[0]: Found transaction in block: 44207c33af894fe468cc5f9be21fc3404da93915758cd04824529e8441375385
2025-09-15 22:49:58.448 TRACE client[0]: Found transaction in block: ce0d7b732d85c4c3d678724d49b34e66deee8c476217e07eb036444b666f5dfb
2025-09-15 22:49:58.448 TRACE client[0]: Found transaction in block: d5ad429c13f70222173f085173eb1be13b8cccfad036ebc00317f409e0d46d8c
2025-09-15 22:49:58.448 TRACE client[0]: Found transaction in block: 6c2fcc68b94cdb8246b708875fc371cfdac4377053dc7b734e647d2ca7685737
2025-09-15 22:49:58.448 TRACE client[0]: Found transaction in block: 9e1083be022f8ed7efc1fd6ef816085bd71fd8c1c92e10ca35d587cfeed8b7db
2025-09-15 22:49:58.448 TRACE client[0]: Found transaction in block: 3344c4b0c85f77ffecd046e60088bd19d2ca2d68945ba98382710e79035810fe
2025-09-15 22:49:58.448 TRACE client[0]: Found transaction in block: 55bd931a4fdc7745e9d748332b1c125fc58cd68014d91f79bca52e28f00d3609
2025-09-15 22:49:58.448 TRACE client[0]: Found transaction in block: b8eba2168d449d4ffa3f30de32ef578486d93a67530ee2355fd732eae9c098d1
2025-09-15 22:49:58.448 TRACE client[0]: Found transaction in block: 8386521793d6f3fdcbb10d62933616b6c2fedbf0611acf6c094934d234436fe6
2025-09-15 22:49:58.448 TRACE client[0]: Found transaction in block: cc69d5643967339972c3a59778eb4ff8a8ffc983c7cda964c6f4b0b9cc74a3aa
2025-09-15 22:49:58.448 TRACE client[0]: Found transaction in block: 23bd5e8ea2de404c476f25709ad4ceec14eba51dbb2120e0135ea5d7351d7477
2025-09-15 22:49:58.448 TRACE client[0]: Found transaction in block: 65b87fcf3c67884b2a54842438c7eb1af675fa4d94dc009c93dea1f7309dfd25
2025-09-15 22:49:58.448 TRACE client[0]: Found transaction in block: 805b360fda514eee669d963c131389b0cf6edeaa17742b3f5138564edeeca927
2025-09-15 22:49:58.448 TRACE client[0]: Found transaction in block: 5b8aaaf56f505641c33da9b7acc150b2f59cfde33ec94309cc820a9cc76f80cb
2025-09-15 22:49:58.448 TRACE client[0]: Found transaction in block: 68b56d25a68a67684d77eacecec4ad36e045fcfe3775a0160a212e69111c4b9f
2025-09-15 22:49:58.448 TRACE client[0]: Found transaction in block: 03c6a75f251716d0049522f7b73f1bc6444d70f7c65b4c299f233af916036cfb
2025-09-15 22:49:58.448 TRACE client[0]: Found transaction in block: f5e3e5738edf6187c856a1c8bd4378aa7a25d8a7873b884eb9ffc03976b20e3e
2025-09-15 22:49:58.448 TRACE client[0]: Found transaction in block: 5bdabd3d40a4d7da76199e6c05e9487b8c9b3d0054e2061a346e0523fe5a9431
2025-09-15 22:49:58.448 TRACE client[0]: Found transaction in block: b44b0f4771b8af11c15d0c09edd7c3affb423b4e00adfcbd288a3b7a6293a12d
2025-09-15 22:49:58.448 TRACE client[0]: Found transaction in block: 574e30ff1337a9d0a8a3aeef2f9699de64b2acee8f11b804effa8a7d0012ef46
2025-09-15 22:49:58.448 TRACE client[0]: Found transaction in block: 3bbc11269fec4f65523bf6eed0a7d46d9b521188dc4d1befbf008264d41d9375
2025-09-15 22:49:58.448 TRACE client[0]: Found transaction in block: feef9c2291990ec697aa777c2e8d9e676fb430e9404a1e953fd8b2cbc0b382bf
2025-09-15 22:49:58.448 TRACE client[0]: Found transaction in block: 332cd3369b721e3f630b3264b64e629e67d19d062e0621e74694e0824cba6d7f
2025-09-15 22:49:58.448 TRACE client[0]: Found transaction in block: c43431c57c3677605d6d9a082e391b5809a63d7f4a9841e00c2e77682e3a8a9f
2025-09-15 22:49:58.448 TRACE client[0]: Found transaction in block: 861810171390b01fec795451fb6159937a3c962cc18dfa26a6d74de04ddc0548
2025-09-15 22:49:58.448 TRACE client[0]: Found transaction in block: 01db5ea7e25d46933a29d91e00a119916698efe8208e6925924f5a9006605d1a
2025-09-15 22:49:58.448 TRACE client[0]: Found transaction in block: 453a60fa20d3b81b9e28e72950b5444b425fd2c20e16fd19a7bd7f2946d3819a
2025-09-15 22:49:58.448 TRACE client[0]: Found transaction in block: 234e45626fa65b7b823aef6e90eb0e9fb8f883706ce46eb700e7a992b848470d
2025-09-15 22:49:58.448 TRACE client[0]: Found transaction in block: d3159f38c967ff99c96fff8d30c4513b9bc1fbec8030a2bdb9c70f76c6c03022
2025-09-15 22:49:58.448 TRACE client[0]: Found transaction in block: 6f3fe9e5f3c9dab8ba1a63f88b9c4c8a909421060b0aad0950fbaad9a5b7ca45
2025-09-15 22:49:58.448 TRACE client[0]: Found transaction in block: b8f4374d552e8d476581f5e7b24c4230aff0989514aeb94638688b94d92c848d
2025-09-15 22:49:58.448 TRACE client[0]: Found transaction in block: 27b4e7586cd89fdb04db1e47908a6872b0eec337cceb9074165dcde075883d90
2025-09-15 22:49:58.448 TRACE client[0]: Found transaction in block: c21a93cb033a6e212396b50dddffcf3c294434427188c3735b8a4a8bebcf13b5
2025-09-15 22:49:58.448 TRACE client[0]: Found transaction in block: 6965c28118e62edc59fadd76449059fed386f65f2d34c0768bc5009c44ff92b2
2025-09-15 22:49:58.448 TRACE client[0]: Found transaction in block: efce4edb5bea5ff26ddacf311835e704993220421ed32e495bb09e3561bf2b91
2025-09-15 22:49:58.448 TRACE client[0]: Found transaction in block: 8014e73c78b59056997b7c349181b32d073f18f5b91428e4403d11746a2e9e40
2025-09-15 22:49:58.448 TRACE client[0]: Found transaction in block: f95a9853b3ab3e364556f5846fe94da4ec95273d45ce9a0eddd89f8911d8068a
2025-09-15 22:49:58.448 TRACE client[0]: Found transaction in block: 41afe8bcfd9f5f82a5756a53271d574af7e0cf74176334f45cf9f531528149d8
2025-09-15 22:49:58.448 TRACE client[0]: Found transaction in block: 29b0b77620b46aa5f7c9925afe7a3f17b2726d0a66046388f2548662cb578cf6
2025-09-15 22:49:58.448 TRACE client[0]: Found transaction in block: 599882e5d06f6d3079156c46cae22e8f7a03eada638470c9b828bf0b084470d0
2025-09-15 22:49:58.448 TRACE client[0]: Found transaction in block: c76a84636c41a711d0dcb1d6cbaeeaf7a8cc6754d9a2a63ee1068ae3c2e3cf5e
2025-09-15 22:49:58.448 TRACE client[0]: Found transaction in block: 0619ceecedb2d7d1c4a22ee6b51b7c69b4527713f9b830408468e00a1223246c
2025-09-15 22:49:58.448 TRACE client[0]: Found transaction in block: 7feb422c5cf0320fbd5261d3f4f2b414b7ffc842b1846a381ab767fef8f8a422
2025-09-15 22:49:58.448 TRACE client[0]: Found transaction in block: 1e7000cf80a07e47e385ef8e711a87e0d6d379b1f8046d126b15c58ff23f9f59
2025-09-15 22:49:58.448 TRACE client[0]: Found transaction in block: 6b3c5c7b83224b83f05eb82f5fce822853228425543ec5f9e348f1170c6bf598
2025-09-15 22:49:58.448 TRACE client[0]: Found transaction in block: 07b2d5de154acdf3b75a586efadebe49fc5cb9c382956ba99542ea3628eea8d2
2025-09-15 22:49:58.448 TRACE client[0]: Found transaction in block: 8192b79d9ec3a98598175e2b47de606ba01d8e406d78e054f0331531049e082a
2025-09-15 22:49:58.448 TRACE client[0]: Found transaction in block: f38f897d8be191d333701d20643a6d977fa95b558fdee577bd540f6a92050002
2025-09-15 22:49:58.448 TRACE client[0]: Found transaction in block: 7a0d5ff8b7c49ac0c6afd3f04afa8b8850f08f80ca9431590b066964e3eb1fc3
2025-09-15 22:49:58.448 TRACE client[0]: Found transaction in block: af46985d487e1d8e73192f507b912b73ec25755fdc3142de0ea77f780afb925e
2025-09-15 22:49:58.448 TRACE client[0]: Found transaction in block: 5034b6ddc9fe1609cd14c60c169c7b8967000dd3f01b55d9a532472f4eca07e2
2025-09-15 22:49:58.448 TRACE client[0]: Found transaction in block: 0e105ec2fea72490606a9e284d9762f1feec779a74ec04d5ed3398b91505b019
2025-09-15 22:49:58.448 TRACE client[0]: Found transaction in block: b2f314f8a19846bc1d72166eb3b4ffd67407b8270131f8e0b879c4c95577e4c4
2025-09-15 22:49:58.448 TRACE client[0]: Found transaction in block: 0e78aa2e5c97bc4dfb03759aea4ce3ed01c0d8d7651a308824d75785bf19539d
2025-09-15 22:49:58.448 TRACE client[0]: Found transaction in block: 578544e8261cec3bcc87c96fd3387b985ff14604ff2ab06ae1483eb8342c51e3
2025-09-15 22:49:58.448 TRACE client[0]: Found transaction in block: 1b86c5ab7c01b38301737aead3bf3807595503c4b652311245808b7a760c037e
2025-09-15 22:49:58.448 TRACE client[0]: Found transaction in block: ca97f1738f28fbcc78cd1f17a5da6fbff083a996423fded906099cbe8a5f21c2
2025-09-15 22:49:58.448 TRACE client[0]: Found transaction in block: 374a7713dd92f453f1fa84a561be04ca289484947e28a6b236a1ffe89759e25b
2025-09-15 22:49:58.448 TRACE client[0]: Found transaction in block: e9a990ac2f3dabe17565785493138999f37ebb23b989a08d74534158e1cfc225
2025-09-15 22:49:58.448 TRACE client[0]: Found transaction in block: 2010a108b80d31cc1111ca88ea72a18f6f1663a4a9a268cd6ad587553b9fccc6
2025-09-15 22:49:58.448 TRACE client[0]: Found transaction in block: 985fef3be1482d373e3dff0a1d38f66b0e4a80077b9a45af6ddee142a7a518cf
2025-09-15 22:49:58.448 TRACE client[0]: Found transaction in block: 5f88f8b4b297ee4a00220ef50aabdeec83a153f998a3cb771c69c073459a0a8d
2025-09-15 22:49:58.448 TRACE client[0]: Found transaction in block: d2286e173929f17204392072385cd0733070fd5c245318f87cd0a0e2e91c0af9
2025-09-15 22:49:58.448 TRACE client[0]: Found transaction in block: 7f5b3c4a71f290578817f840e40772eaa0814a513fd21895a5ea47fd17549ae2
2025-09-15 22:49:58.448 TRACE client[0]: Found transaction in block: 9eb16a55e1295ee90c04505c0277bfd86ffa7af19f6ff2b8fd086ba4589f6e39
2025-09-15 22:49:58.448 TRACE client[0]: Found transaction in block: ff8367e4124b66cc5bbfbad9182a12d8710da9072c6dc806cec673bcbcff5ee8
2025-09-15 22:49:58.448 TRACE client[0]: Found transaction in block: 49604532ae338d4bb90a65f184fc72e513f29ba0f08d8dc0bcacc1ea64acb03e
2025-09-15 22:49:58.448 TRACE client[0]: Found transaction in block: b5f30ece6dde69694c55051ba9260eae9dee78a389f07140f604d4e29d14e7c2
2025-09-15 22:49:58.448 TRACE client[0]: Found transaction in block: c45e1faa353d42369be333178a5c8d59d205bbf7a3621cbf23fdb29e410fb663
2025-09-15 22:49:58.448 TRACE client[0]: Found transaction in block: 00dbe4e67415204b5fb93f5bb1d0a04d16ea794ceded0bbbaabfe95fbbe5452e
2025-09-15 22:49:58.448 TRACE client[0]: Found transaction in block: a3243d227204e5e475e025edf8babe504fb6bc5d7a1254b422b411bd5075e98a
2025-09-15 22:49:58.448 TRACE client[0]: Found transaction in block: 403b6aed8f92c596f7196c2c2080ea2b7e5a632967829975934d41b10d73018b
2025-09-15 22:49:58.448 TRACE client[0]: Found transaction in block: bfc8942c65e6ca15fc480085953f0eabc6283d0e70726d83c530520053259c68
2025-09-15 22:49:58.448 TRACE client[0]: Found transaction in block: 7e0dfbbf25ebdecc7f7c069059fc5e2ec40ec813fde956816c36b271c01e37c8
2025-09-15 22:49:58.448 TRACE client[0]: Found transaction in block: 2c12385a4b370315ea5a8087ae02efb9266301fac52f1997355e55aa42415069
2025-09-15 22:49:58.448 TRACE client[0]: Found transaction in block: ac02d7a1419cb33c0fe2ef4f5619cd59cf317b4573d4e7953f8e2d9770439180
2025-09-15 22:49:58.448 TRACE client[0]: Found transaction in block: 11e775aa496f49b92109118fb369fedfbe99c7ba995937eb8c061006425ee294
2025-09-15 22:49:58.448 TRACE client[0]: Found transaction in block: 05949d82bbf9a146b5e1d3c965d6aeaebc60a82f0ed452289c2a49b961d31a97
2025-09-15 22:49:58.448 TRACE client[0]: Found transaction in block: 6077366ab41cd4b1ff188254e7e0f1184d7ab42a39b01374ba6eef62fdcfdb4a
2025-09-15 22:49:58.448 TRACE client[0]: Found transaction in block: 73d8cf878fe162b5b3d95ced75611eb9e35400ea919d6a68205542a278a82a96
2025-09-15 22:49:58.448 TRACE client[0]: Found transaction in block: 4d58456a8f14caece2ab500246b6a0a3bb24b95c13c6e02296f1cd2e8c18e0b6
2025-09-15 22:49:58.448 TRACE client[0]: Found transaction in block: 7695c549e9566f72899590b21b869c62771404553f1cd1957fa206830b1215d9
2025-09-15 22:49:58.448 TRACE client[0]: Found transaction in block: c08f8fac1d1f8d9f795b6bb83ba73acaef1bc1030ecc77c230c7b4a63852c9f8
2025-09-15 22:49:58.448 TRACE client[0]: Found transaction in block: fb5642b0d849a501f2b637aa52466bce91b8ae57312f4d554be8e8b5afa31b3c
2025-09-15 22:49:58.448 TRACE client[0]: Found transaction in block: 26de538a5a5b1b2dd9591bd33fa4ea418ae0119b156c954db7a809d584071679
2025-09-15 22:49:58.448 TRACE client[0]: Found transaction in block: e7256825b95a0bf83e20912894fa24f7b9a09810cf0902214a63df6e3ad5e182
2025-09-15 22:49:58.448 TRACE client[0]: Found transaction in block: 0b3532616a0656300d49f360054067662dd98ea58fd7c2a2d383293049cf16be
2025-09-15 22:49:58.448 TRACE client[0]: Found transaction in block: d5140d0890202e257762b9f3fe0f4b7bb10f3c55395d73875704f5cd29ca1feb
2025-09-15 22:49:58.448 TRACE client[0]: Found transaction in block: 042427cee726520afc79a0095614850ce7e7a27ee6983762b0b4a460c6b9e6bd
2025-09-15 22:49:58.448 TRACE client[0]: Found transaction in block: c599aa14ca325b687ab34fcce9601cb720658eccd839654c44ef3bcb35fe0400
2025-09-15 22:49:58.448 TRACE client[0]: Found transaction in block: 9b132f0ad8031ca951f5ec3e14ec04d8e13d23853f40f25b308f5556d33fb20b
2025-09-15 22:49:58.448 TRACE client[0]: Found transaction in block: aba9dd708f676ad10228c3466d8088fc60a7794bedf32bffcbf2bfa040feacb5
2025-09-15 22:49:58.448 TRACE client[0]: Found transaction in block: 084f3eeca7d809b996bb729a7c18586480c3a123674e6968186e30a459d7cf06
2025-09-15 22:49:58.448 TRACE client[0]: Found transaction in block: 9fcc98292a347a8b17ab12fef24f571e80d866e4a7139cf1025516522172ecfa
2025-09-15 22:49:58.448 TRACE client[0]: Found transaction in block: dc1759d85871ebe21090fd91962238a2ee091f97644a98aa076bcfe92510bad0
2025-09-15 22:49:58.448 TRACE client[0]: Found transaction in block: d94881a8891ac29c2ab32c449d81b10b407af952e234d209dd3e169904cece50
2025-09-15 22:49:58.448 TRACE client[0]: Found transaction in block: 0d31cb7e569e434d557d941e9dfbe407d74b073603d6f46af70dc1c5154a081b
2025-09-15 22:49:58.448 TRACE client[0]: Found transaction in block: 31c53b6059f52bbd46e18cfef8f98c9de26733f07ce39e3f4bb59a5e0f3d4dfc
2025-09-15 22:49:58.448 TRACE client[0]: Found transaction in block: 8aad4db85d44e44dd11944f263badda1f229bf43df47dcea9417c469acec810d
2025-09-15 22:49:58.448 TRACE client[0]: Found transaction in block: 6adf89d881eae07fb7f9f6b3fb2a462127adc2c802c65f21d3e7dec26fa1ba99
2025-09-15 22:49:58.448 TRACE client[0]: Found transaction in block: be399db2e0794102cc1b30a7ea5d1da191195991fb255106a101231ccee5c798
2025-09-15 22:49:58.448 TRACE client[0]: Found transaction in block: de33acdf731547769e0ce86857bdf575b6634c923de387b9d777592db2cdf9ff
2025-09-15 22:49:58.448 TRACE client[0]: Found transaction in block: be1d14dbc4a22e8ebf0ea1e32de9e015b4c6af78850f452b8d56817073c20e04
2025-09-15 22:49:58.448 TRACE client[0]: Found transaction in block: c820b17aad309b090a8a8f11534fcfc99d46ebf463cc4ec99fc6c40f92159253
2025-09-15 22:49:58.448 TRACE client[0]: Found transaction in block: a03f82b98304c855cd1237dab9d636fbc3b0cfc44e7b513802e16c06e419648f
2025-09-15 22:49:58.448 TRACE client[0]: Found transaction in block: b53900f23f1eb9d02486c55b61684c19473c2bc626681e15a4b0587ca23b22aa
2025-09-15 22:49:58.448 TRACE client[0]: Found transaction in block: ed740f56771c89736591997aeb604aae055907043e4b7b74bf53b673c9e44e86
2025-09-15 22:49:58.448 TRACE client[0]: Found transaction in block: ccb728986b8c593e30faadfc429d448bd1b0b10ad04a10878c5126a7bd38209b
2025-09-15 22:49:58.448 TRACE client[0]: Found transaction in block: faf2499a319533e8e60c932b59f3911715faef92b81b7ae8658eff68209bd294
2025-09-15 22:49:58.448 TRACE client[0]: Found transaction in block: e280aee447a2a55cf29cde5f2e13eb11e906a0a02d94912e0f3a399745fb0e03
2025-09-15 22:49:58.448 TRACE client[0]: Found transaction in block: c0d379839f68bf4cfa77d87dfa643e72910868aa3ed4c460d03565dacf482000
2025-09-15 22:49:58.448 TRACE client[0]: Found transaction in block: 533bac78bc4356ac55e603d733d3f485c878f0280d22fa0c4d19fbc080d82905
2025-09-15 22:49:58.448 TRACE client[0]: Found transaction in block: 0c0f208925dbdc0e3f375dbb41b64d2b23318b79c22bc30206d8ceab29c3ba04
2025-09-15 22:49:58.448 TRACE client[0]: Found transaction in block: a4ca6ab7435cafdb624abb4023d0502966f02d806a8d948c228e2e005698a7c9
2025-09-15 22:49:58.448 TRACE client[0]: Found transaction in block: 586a91106f304e0eb4053ed487ab16503eb1033ed91ac25a450ea1660037a7e3
2025-09-15 22:49:58.448 TRACE client[0]: Found transaction in block: 508a66fc4a17e7d6cf680e3fa625d8b864d578546ddab89b4753edb348bd772b
2025-09-15 22:49:58.448 TRACE client[0]: Found transaction in block: cacc6013146317e27d7f11912933fa44d0ee835c2e7de324c3cfb78142ad8a3b
2025-09-15 22:49:58.448 TRACE client[0]: Found transaction in block: 640d971d70e5b37e62608f70a2eab6d0ad8ac71c5b4444eb8f6c7ee2e1a38902
2025-09-15 22:49:58.448 TRACE client[0]: Found transaction in block: 7801ffc3d81ec30c8a70c982a96983e049464308e03ae96fdaa1d8acf9c68710
2025-09-15 22:49:58.448 TRACE client[0]: Found transaction in block: b7b25b93031651f5ab19c8005c24fd52c944f10ce64ccff6cbacf2f67df26722
2025-09-15 22:49:58.448 TRACE client[0]: Found transaction in block: aaa319e11ebe380444b56fa0917df33b5a001dafcde870b76c32d4dac7b28cd8
2025-09-15 22:49:58.448 TRACE client[0]: Found transaction in block: 1af8e7c6019186eb9ab788ee1dd9c01e38d30107f0901120cb985dac47a40429
2025-09-15 22:49:58.448 TRACE client[0]: Found transaction in block: 0a3d9646ad7846a99f362b9ca2c8a2cea6b4b8d190363ea799568dc2bb0fb566
2025-09-15 22:49:58.448 TRACE client[0]: Found transaction in block: a0df557e65e4530f144c64a147858214b451bafdc300cdccdaa24d5a93b6eb2a
2025-09-15 22:49:58.448 TRACE client[0]: Found transaction in block: 65121ce94d031bda1c23eed664d620d5f908ed8195dd244917df52d84f2c1b3b
2025-09-15 22:49:58.448 TRACE client[0]: Found transaction in block: 389dd70960435dfb1cc9ba3b4524b87b9c2c2e8e41508bde1b2fb68d36adb896
2025-09-15 22:49:58.448 TRACE client[0]: Found transaction in block: 13fa56db0e63835817486f36437bb47c639cca92b01afeb6ccc6ca982641ce0f
2025-09-15 22:49:58.448 TRACE client[0]: Found transaction in block: 0f5f49a2fb72a124e6033b9600097d5eebdc888df817ddf2dc9cd920621e1f62
2025-09-15 22:49:58.448 TRACE client[0]: Found transaction in block: 58f0def36d54a13aadd48b1c9356ca41145d8513bd31f5aee49161998124efa5
2025-09-15 22:49:58.454 TRACE : trigger interaction 0xc0002bcb40 781/1200
[TRACE] Decoding transaction bytes of length: 230
[TRACE] Transaction type: 6
[TRACE] Successfully decoded transaction with hash: 57d48f38255bd8d0a82795d069df1868c2e7ad995971290e5a733a51f597af31
2025-09-15 22:49:58.454 TRACE client[0]: Processing transaction with hash: 57d48f38255bd8d0a82795d069df1868c2e7ad995971290e5a733a51f597af31
2025-09-15 22:49:58.454 DEBUG client[0]: Submitting transaction 57d48f38255bd8d0a82795d069df1868c2e7ad995971290e5a733a51f597af31
2025-09-15 22:49:58.537 TRACE : trigger interaction 0xc0002bcc30 782/1200
[TRACE] Decoding transaction bytes of length: 230
[TRACE] Transaction type: 6
[TRACE] Successfully decoded transaction with hash: 09e60ddceb5a423b9543faa492abe8c4cef6a864670d7bf6b1e6519bef24ae0a
2025-09-15 22:49:58.538 TRACE client[0]: Processing transaction with hash: 09e60ddceb5a423b9543faa492abe8c4cef6a864670d7bf6b1e6519bef24ae0a
2025-09-15 22:49:58.538 DEBUG client[0]: Submitting transaction 09e60ddceb5a423b9543faa492abe8c4cef6a864670d7bf6b1e6519bef24ae0a
2025-09-15 22:49:58.621 TRACE : trigger interaction 0xc0002bcd20 783/1200
[TRACE] Decoding transaction bytes of length: 230
[TRACE] Transaction type: 6
[TRACE] Successfully decoded transaction with hash: d999fa8dccbdd8b65ddd18652c49950cea3b9ff5441c672b40cba19c42b02bfd
2025-09-15 22:49:58.621 TRACE client[0]: Processing transaction with hash: d999fa8dccbdd8b65ddd18652c49950cea3b9ff5441c672b40cba19c42b02bfd
2025-09-15 22:49:58.621 DEBUG client[0]: Submitting transaction d999fa8dccbdd8b65ddd18652c49950cea3b9ff5441c672b40cba19c42b02bfd
2025-09-15 22:49:58.704 TRACE : trigger interaction 0xc00007e690 784/1200
[TRACE] Decoding transaction bytes of length: 230
[TRACE] Transaction type: 6
[TRACE] Successfully decoded transaction with hash: 04bfdfb61612585bf9278593a50acfd4b01484cd748cb05519068ee7ba866530
2025-09-15 22:49:58.704 TRACE client[0]: Processing transaction with hash: 04bfdfb61612585bf9278593a50acfd4b01484cd748cb05519068ee7ba866530
2025-09-15 22:49:58.704 DEBUG client[0]: Submitting transaction 04bfdfb61612585bf9278593a50acfd4b01484cd748cb05519068ee7ba866530
2025-09-15 22:49:58.787 TRACE : trigger interaction 0xc00007e780 785/1200
[TRACE] Decoding transaction bytes of length: 230
[TRACE] Transaction type: 6
[TRACE] Successfully decoded transaction with hash: 66029af301d9b7c0a6f31b52324ceb816911c51c01786905ac3503773f9666da
2025-09-15 22:49:58.788 TRACE client[0]: Processing transaction with hash: 66029af301d9b7c0a6f31b52324ceb816911c51c01786905ac3503773f9666da
2025-09-15 22:49:58.788 DEBUG client[0]: Submitting transaction 66029af301d9b7c0a6f31b52324ceb816911c51c01786905ac3503773f9666da
2025-09-15 22:49:58.871 TRACE : trigger interaction 0xc00007e870 786/1200
[TRACE] Decoding transaction bytes of length: 230
[TRACE] Transaction type: 6
[TRACE] Successfully decoded transaction with hash: d1a729070db6082d5d6ebfc9fb24caef9b4966db67dc651a5e7cab4ce82e0bc6
2025-09-15 22:49:58.871 TRACE client[0]: Processing transaction with hash: d1a729070db6082d5d6ebfc9fb24caef9b4966db67dc651a5e7cab4ce82e0bc6
2025-09-15 22:49:58.871 DEBUG client[0]: Submitting transaction d1a729070db6082d5d6ebfc9fb24caef9b4966db67dc651a5e7cab4ce82e0bc6
2025-09-15 22:49:58.954 TRACE : trigger interaction 0xc00007e960 787/1200
[TRACE] Decoding transaction bytes of length: 230
[TRACE] Transaction type: 6
[TRACE] Successfully decoded transaction with hash: c5ddcc2b48a1eb356b9c9ebede5a74c652cb9cff4ed6261f6fc3de46125aafd5
2025-09-15 22:49:58.954 TRACE client[0]: Processing transaction with hash: c5ddcc2b48a1eb356b9c9ebede5a74c652cb9cff4ed6261f6fc3de46125aafd5
2025-09-15 22:49:58.954 DEBUG client[0]: Submitting transaction c5ddcc2b48a1eb356b9c9ebede5a74c652cb9cff4ed6261f6fc3de46125aafd5
2025-09-15 22:49:59.037 TRACE : trigger interaction 0xc00007ea50 788/1200
[TRACE] Decoding transaction bytes of length: 230
[TRACE] Transaction type: 6
[TRACE] Successfully decoded transaction with hash: 6927bf63f17832b6eebef2b6490b06254c49fb761a5466cf747507ebfb44935a
2025-09-15 22:49:59.037 TRACE client[0]: Processing transaction with hash: 6927bf63f17832b6eebef2b6490b06254c49fb761a5466cf747507ebfb44935a
2025-09-15 22:49:59.037 DEBUG client[0]: Submitting transaction 6927bf63f17832b6eebef2b6490b06254c49fb761a5466cf747507ebfb44935a
2025-09-15 22:49:59.121 TRACE : trigger interaction 0xc00007eb40 789/1200
[TRACE] Decoding transaction bytes of length: 230
[TRACE] Transaction type: 6
[TRACE] Successfully decoded transaction with hash: c09b5498a87eb6e12787513249057d94cd2dbc8e7487eebed44e11a5e6b70f46
2025-09-15 22:49:59.121 TRACE client[0]: Processing transaction with hash: c09b5498a87eb6e12787513249057d94cd2dbc8e7487eebed44e11a5e6b70f46
2025-09-15 22:49:59.121 DEBUG client[0]: Submitting transaction c09b5498a87eb6e12787513249057d94cd2dbc8e7487eebed44e11a5e6b70f46
2025-09-15 22:49:59.204 TRACE : trigger interaction 0xc00007ec30 790/1200
[TRACE] Decoding transaction bytes of length: 230
[TRACE] Transaction type: 6
[TRACE] Successfully decoded transaction with hash: 4ce965f578d42e1cc0a2fd2485803078d81c10f6c50ef36b1b1b94877378d737
2025-09-15 22:49:59.204 TRACE client[0]: Processing transaction with hash: 4ce965f578d42e1cc0a2fd2485803078d81c10f6c50ef36b1b1b94877378d737
2025-09-15 22:49:59.204 DEBUG client[0]: Submitting transaction 4ce965f578d42e1cc0a2fd2485803078d81c10f6c50ef36b1b1b94877378d737
2025-09-15 22:49:59.287 TRACE : trigger interaction 0xc00007ed20 791/1200
[TRACE] Decoding transaction bytes of length: 230
[TRACE] Transaction type: 6
[TRACE] Successfully decoded transaction with hash: e91ad5aafa58044382b1e4f353b3092a2740e6d886eec7496212859405c211ad
2025-09-15 22:49:59.288 TRACE client[0]: Processing transaction with hash: e91ad5aafa58044382b1e4f353b3092a2740e6d886eec7496212859405c211ad
2025-09-15 22:49:59.288 DEBUG client[0]: Submitting transaction e91ad5aafa58044382b1e4f353b3092a2740e6d886eec7496212859405c211ad
2025-09-15 22:49:59.370 TRACE : trigger interaction 0xc00007ee10 792/1200
[TRACE] Decoding transaction bytes of length: 230
[TRACE] Transaction type: 6
[TRACE] Successfully decoded transaction with hash: a37034337e6dc4f3551e82cff23962e725f8b8767bfbb9efc18e317e45cf171d
2025-09-15 22:49:59.371 TRACE client[0]: Processing transaction with hash: a37034337e6dc4f3551e82cff23962e725f8b8767bfbb9efc18e317e45cf171d
2025-09-15 22:49:59.371 DEBUG client[0]: Submitting transaction a37034337e6dc4f3551e82cff23962e725f8b8767bfbb9efc18e317e45cf171d
2025-09-15 22:49:59.453 TRACE : trigger interaction 0xc00007ef00 793/1200
[TRACE] Decoding transaction bytes of length: 230
[TRACE] Transaction type: 6
[TRACE] Successfully decoded transaction with hash: da86d5a136b6a66a750cc395f3256a375467eec2c75f5387452b2de22e9892e0
2025-09-15 22:49:59.453 TRACE client[0]: Processing transaction with hash: da86d5a136b6a66a750cc395f3256a375467eec2c75f5387452b2de22e9892e0
2025-09-15 22:49:59.453 DEBUG client[0]: Submitting transaction da86d5a136b6a66a750cc395f3256a375467eec2c75f5387452b2de22e9892e0
2025-09-15 22:49:59.537 TRACE : trigger interaction 0xc00007eff0 794/1200
[TRACE] Decoding transaction bytes of length: 230
[TRACE] Transaction type: 6
[TRACE] Successfully decoded transaction with hash: 658348a16b28e1d529cc7fa1c6daa78ecab6950ee9cc1c04cebd1edab27f9485
2025-09-15 22:49:59.538 TRACE client[0]: Processing transaction with hash: 658348a16b28e1d529cc7fa1c6daa78ecab6950ee9cc1c04cebd1edab27f9485
2025-09-15 22:49:59.538 DEBUG client[0]: Submitting transaction 658348a16b28e1d529cc7fa1c6daa78ecab6950ee9cc1c04cebd1edab27f9485
2025-09-15 22:49:59.621 TRACE : trigger interaction 0xc00007f0e0 795/1200
[TRACE] Decoding transaction bytes of length: 230
[TRACE] Transaction type: 6
[TRACE] Successfully decoded transaction with hash: 3c86e9734770f3b0120cae5879af955528a61c2b26feea8ef4b02d70349dbf02
2025-09-15 22:49:59.621 TRACE client[0]: Processing transaction with hash: 3c86e9734770f3b0120cae5879af955528a61c2b26feea8ef4b02d70349dbf02
2025-09-15 22:49:59.621 DEBUG client[0]: Submitting transaction 3c86e9734770f3b0120cae5879af955528a61c2b26feea8ef4b02d70349dbf02
2025-09-15 22:49:59.703 TRACE : trigger interaction 0xc00007f1d0 796/1200
[TRACE] Decoding transaction bytes of length: 230
[TRACE] Transaction type: 6
[TRACE] Successfully decoded transaction with hash: 3fa5684e7478cda0dc82f472f260bceba4fb1a39063a7a88e6f55fbf705df5c2
2025-09-15 22:49:59.704 TRACE client[0]: Processing transaction with hash: 3fa5684e7478cda0dc82f472f260bceba4fb1a39063a7a88e6f55fbf705df5c2
2025-09-15 22:49:59.704 DEBUG client[0]: Submitting transaction 3fa5684e7478cda0dc82f472f260bceba4fb1a39063a7a88e6f55fbf705df5c2
2025-09-15 22:49:59.787 TRACE : trigger interaction 0xc00007f2c0 797/1200
[TRACE] Decoding transaction bytes of length: 230
[TRACE] Transaction type: 6
[TRACE] Successfully decoded transaction with hash: 1c35538f47e7eafea09fdd383cdd80cd60da4626269ae100d3de3a56dcf7d123
2025-09-15 22:49:59.788 TRACE client[0]: Processing transaction with hash: 1c35538f47e7eafea09fdd383cdd80cd60da4626269ae100d3de3a56dcf7d123
2025-09-15 22:49:59.788 DEBUG client[0]: Submitting transaction 1c35538f47e7eafea09fdd383cdd80cd60da4626269ae100d3de3a56dcf7d123
2025-09-15 22:49:59.870 TRACE : trigger interaction 0xc00007f3b0 798/1200
[TRACE] Decoding transaction bytes of length: 230
[TRACE] Transaction type: 6
[TRACE] Successfully decoded transaction with hash: 32e979ddd04e5805c477f9dfbfca09d96a62f1cd8261604fca7221beb61fbeca
2025-09-15 22:49:59.871 TRACE client[0]: Processing transaction with hash: 32e979ddd04e5805c477f9dfbfca09d96a62f1cd8261604fca7221beb61fbeca
2025-09-15 22:49:59.871 DEBUG client[0]: Submitting transaction 32e979ddd04e5805c477f9dfbfca09d96a62f1cd8261604fca7221beb61fbeca
2025-09-15 22:49:59.954 TRACE : trigger interaction 0xc00007f4a0 799/1200
[TRACE] Decoding transaction bytes of length: 230
[TRACE] Transaction type: 6
[TRACE] Successfully decoded transaction with hash: 4785d9f619d41d39b3737c90db13ce79a829becb37c38b2940364860577c7bd2
2025-09-15 22:49:59.954 TRACE client[0]: Processing transaction with hash: 4785d9f619d41d39b3737c90db13ce79a829becb37c38b2940364860577c7bd2
2025-09-15 22:49:59.954 DEBUG client[0]: Submitting transaction 4785d9f619d41d39b3737c90db13ce79a829becb37c38b2940364860577c7bd2
2025-09-15 22:50:00.037 TRACE : trigger interaction 0xc00007f590 800/1200
[TRACE] Decoding transaction bytes of length: 230
[TRACE] Transaction type: 6
[TRACE] Successfully decoded transaction with hash: 1cd5b1d3dc73677d6a2b2310d49d284144796fd8217fe4f84c591062015ef91b
2025-09-15 22:50:00.038 TRACE client[0]: Processing transaction with hash: 1cd5b1d3dc73677d6a2b2310d49d284144796fd8217fe4f84c591062015ef91b
2025-09-15 22:50:00.038 DEBUG client[0]: Submitting transaction 1cd5b1d3dc73677d6a2b2310d49d284144796fd8217fe4f84c591062015ef91b
2025-09-15 22:50:00.121 TRACE : trigger interaction 0xc000250ff0 801/1200
[TRACE] Decoding transaction bytes of length: 230
[TRACE] Transaction type: 6
[TRACE] Successfully decoded transaction with hash: c6ec3cc8917238a6e98b838c6d3c807787adad21bda17280c9abde3baa08fa0e
2025-09-15 22:50:00.121 TRACE client[0]: Processing transaction with hash: c6ec3cc8917238a6e98b838c6d3c807787adad21bda17280c9abde3baa08fa0e
2025-09-15 22:50:00.121 DEBUG client[0]: Submitting transaction c6ec3cc8917238a6e98b838c6d3c807787adad21bda17280c9abde3baa08fa0e
2025-09-15 22:50:00.204 TRACE : trigger interaction 0xc0002510e0 802/1200
[TRACE] Decoding transaction bytes of length: 229
[TRACE] Transaction type: 6
[TRACE] Successfully decoded transaction with hash: 35ef69b4d0c59fa96421d4050331c9ce1b260fe5feff38b16ff6b72a26e5ca72
2025-09-15 22:50:00.204 TRACE client[0]: Processing transaction with hash: 35ef69b4d0c59fa96421d4050331c9ce1b260fe5feff38b16ff6b72a26e5ca72
2025-09-15 22:50:00.204 DEBUG client[0]: Submitting transaction 35ef69b4d0c59fa96421d4050331c9ce1b260fe5feff38b16ff6b72a26e5ca72
2025-09-15 22:50:00.287 TRACE : trigger interaction 0xc0002511d0 803/1200
[TRACE] Decoding transaction bytes of length: 229
[TRACE] Transaction type: 6
[TRACE] Successfully decoded transaction with hash: af4dd884b5a9032d52a0326b3cb4642de9fbcf445bca66de1aa39679fcd5b1e4
2025-09-15 22:50:00.287 TRACE client[0]: Processing transaction with hash: af4dd884b5a9032d52a0326b3cb4642de9fbcf445bca66de1aa39679fcd5b1e4
2025-09-15 22:50:00.287 DEBUG client[0]: Submitting transaction af4dd884b5a9032d52a0326b3cb4642de9fbcf445bca66de1aa39679fcd5b1e4
2025-09-15 22:50:00.370 TRACE : trigger interaction 0xc0002512c0 804/1200
[TRACE] Decoding transaction bytes of length: 229
[TRACE] Transaction type: 6
[TRACE] Successfully decoded transaction with hash: 715b5691130ca16879bf5d3be05ededd3baab63f90b28b64e6bc6f931829f7d6
2025-09-15 22:50:00.371 TRACE client[0]: Processing transaction with hash: 715b5691130ca16879bf5d3be05ededd3baab63f90b28b64e6bc6f931829f7d6
2025-09-15 22:50:00.371 DEBUG client[0]: Submitting transaction 715b5691130ca16879bf5d3be05ededd3baab63f90b28b64e6bc6f931829f7d6
2025-09-15 22:50:00.454 TRACE : trigger interaction 0xc0002513b0 805/1200
[TRACE] Decoding transaction bytes of length: 229
[TRACE] Transaction type: 6
[TRACE] Successfully decoded transaction with hash: d3c08367061e0130ef5eb986794162e7f81be1d912bd78c97e9c5d59ca83c6e3
2025-09-15 22:50:00.454 TRACE client[0]: Processing transaction with hash: d3c08367061e0130ef5eb986794162e7f81be1d912bd78c97e9c5d59ca83c6e3
2025-09-15 22:50:00.454 DEBUG client[0]: Submitting transaction d3c08367061e0130ef5eb986794162e7f81be1d912bd78c97e9c5d59ca83c6e3
2025-09-15 22:50:00.537 TRACE : trigger interaction 0xc0002514a0 806/1200
[TRACE] Decoding transaction bytes of length: 229
[TRACE] Transaction type: 6
[TRACE] Successfully decoded transaction with hash: 6598a06f0fd5c29abda84902a534932a9f1492f94dc722238c110130de479d55
2025-09-15 22:50:00.538 TRACE client[0]: Processing transaction with hash: 6598a06f0fd5c29abda84902a534932a9f1492f94dc722238c110130de479d55
2025-09-15 22:50:00.538 DEBUG client[0]: Submitting transaction 6598a06f0fd5c29abda84902a534932a9f1492f94dc722238c110130de479d55
2025-09-15 22:50:00.620 TRACE : trigger interaction 0xc000251590 807/1200
[TRACE] Decoding transaction bytes of length: 229
[TRACE] Transaction type: 6
[TRACE] Successfully decoded transaction with hash: 9e258c6489987609c28c8a85cce62d4cd7253b1cbe2a7a67c25cebff207ca939
2025-09-15 22:50:00.621 TRACE client[0]: Processing transaction with hash: 9e258c6489987609c28c8a85cce62d4cd7253b1cbe2a7a67c25cebff207ca939
2025-09-15 22:50:00.621 DEBUG client[0]: Submitting transaction 9e258c6489987609c28c8a85cce62d4cd7253b1cbe2a7a67c25cebff207ca939
2025-09-15 22:50:00.703 TRACE : trigger interaction 0xc000251680 808/1200
[TRACE] Decoding transaction bytes of length: 229
[TRACE] Transaction type: 6
[TRACE] Successfully decoded transaction with hash: 641e9226785d866726c6571333e70727df02b7d2c805ef80e5710aeac856aa55
2025-09-15 22:50:00.704 TRACE client[0]: Processing transaction with hash: 641e9226785d866726c6571333e70727df02b7d2c805ef80e5710aeac856aa55
2025-09-15 22:50:00.704 DEBUG client[0]: Submitting transaction 641e9226785d866726c6571333e70727df02b7d2c805ef80e5710aeac856aa55
2025-09-15 22:50:00.787 TRACE : trigger interaction 0xc000251770 809/1200
[TRACE] Decoding transaction bytes of length: 229
[TRACE] Transaction type: 6
[TRACE] Successfully decoded transaction with hash: 325eb5b2b9d535d3cc3a2f62f58db337d51225a818c19e75a79569ea74d7cf00
2025-09-15 22:50:00.787 TRACE client[0]: Processing transaction with hash: 325eb5b2b9d535d3cc3a2f62f58db337d51225a818c19e75a79569ea74d7cf00
2025-09-15 22:50:00.787 DEBUG client[0]: Submitting transaction 325eb5b2b9d535d3cc3a2f62f58db337d51225a818c19e75a79569ea74d7cf00
2025-09-15 22:50:00.870 TRACE : trigger interaction 0xc000251860 810/1200
[TRACE] Decoding transaction bytes of length: 229
[TRACE] Transaction type: 6
[TRACE] Successfully decoded transaction with hash: 1e1e9b7fdede142ddb670e3b69c6e6054b44b88eac5566a190e7dab1151bc15c
2025-09-15 22:50:00.871 TRACE client[0]: Processing transaction with hash: 1e1e9b7fdede142ddb670e3b69c6e6054b44b88eac5566a190e7dab1151bc15c
2025-09-15 22:50:00.871 DEBUG client[0]: Submitting transaction 1e1e9b7fdede142ddb670e3b69c6e6054b44b88eac5566a190e7dab1151bc15c
2025-09-15 22:50:00.953 TRACE : trigger interaction 0xc000251950 811/1200
[TRACE] Decoding transaction bytes of length: 229
[TRACE] Transaction type: 6
[TRACE] Successfully decoded transaction with hash: 7012e66662941baaf242b7f6b23ee75e25c63ecdcbf6e3ab5901c3f467b30e30
2025-09-15 22:50:00.954 TRACE client[0]: Processing transaction with hash: 7012e66662941baaf242b7f6b23ee75e25c63ecdcbf6e3ab5901c3f467b30e30
2025-09-15 22:50:00.954 DEBUG client[0]: Submitting transaction 7012e66662941baaf242b7f6b23ee75e25c63ecdcbf6e3ab5901c3f467b30e30
2025-09-15 22:50:01.037 TRACE : trigger interaction 0xc000251a40 812/1200
[TRACE] Decoding transaction bytes of length: 229
[TRACE] Transaction type: 6
[TRACE] Successfully decoded transaction with hash: b6689748233327241a91ef7c0d733c2f923fbcf0e6e1f7f50cc7fced43d689be
2025-09-15 22:50:01.038 TRACE client[0]: Processing transaction with hash: b6689748233327241a91ef7c0d733c2f923fbcf0e6e1f7f50cc7fced43d689be
2025-09-15 22:50:01.038 DEBUG client[0]: Submitting transaction b6689748233327241a91ef7c0d733c2f923fbcf0e6e1f7f50cc7fced43d689be
2025-09-15 22:50:01.120 TRACE : trigger interaction 0xc000251b30 813/1200
[TRACE] Decoding transaction bytes of length: 229
[TRACE] Transaction type: 6
[TRACE] Successfully decoded transaction with hash: a3f716c601400e9123ed2b22ec61bc29ea7ac8628cd0887b9f9fcd7801a4b506
2025-09-15 22:50:01.121 TRACE client[0]: Processing transaction with hash: a3f716c601400e9123ed2b22ec61bc29ea7ac8628cd0887b9f9fcd7801a4b506
2025-09-15 22:50:01.121 DEBUG client[0]: Submitting transaction a3f716c601400e9123ed2b22ec61bc29ea7ac8628cd0887b9f9fcd7801a4b506
2025-09-15 22:50:01.204 TRACE : trigger interaction 0xc000251c20 814/1200
[TRACE] Decoding transaction bytes of length: 229
[TRACE] Transaction type: 6
[TRACE] Successfully decoded transaction with hash: fdf3a5756cfaeaaa422746307a7d1ec74eeb46f69fd87707eaeccada860045ce
2025-09-15 22:50:01.204 TRACE client[0]: Processing transaction with hash: fdf3a5756cfaeaaa422746307a7d1ec74eeb46f69fd87707eaeccada860045ce
2025-09-15 22:50:01.204 DEBUG client[0]: Submitting transaction fdf3a5756cfaeaaa422746307a7d1ec74eeb46f69fd87707eaeccada860045ce
2025-09-15 22:50:01.288 TRACE : trigger interaction 0xc000251d10 815/1200
[TRACE] Decoding transaction bytes of length: 229
[TRACE] Transaction type: 6
[TRACE] Successfully decoded transaction with hash: e4961cb8c741ca4dc96f27e35344fb457f645e7b7f9e5c5d3954ebf82a9764a3
2025-09-15 22:50:01.288 TRACE client[0]: Processing transaction with hash: e4961cb8c741ca4dc96f27e35344fb457f645e7b7f9e5c5d3954ebf82a9764a3
2025-09-15 22:50:01.288 DEBUG client[0]: Submitting transaction e4961cb8c741ca4dc96f27e35344fb457f645e7b7f9e5c5d3954ebf82a9764a3
2025-09-15 22:50:01.371 TRACE : trigger interaction 0xc000251e00 816/1200
[TRACE] Decoding transaction bytes of length: 229
[TRACE] Transaction type: 6
[TRACE] Successfully decoded transaction with hash: 39d96291654d05cb39543f91fd8141a77f8b6639403dd17ba4dc6a7df5d12364
2025-09-15 22:50:01.371 TRACE client[0]: Processing transaction with hash: 39d96291654d05cb39543f91fd8141a77f8b6639403dd17ba4dc6a7df5d12364
2025-09-15 22:50:01.371 DEBUG client[0]: Submitting transaction 39d96291654d05cb39543f91fd8141a77f8b6639403dd17ba4dc6a7df5d12364
2025-09-15 22:50:01.453 TRACE : trigger interaction 0xc000251ef0 817/1200
[TRACE] Decoding transaction bytes of length: 229
[TRACE] Transaction type: 6
[TRACE] Successfully decoded transaction with hash: f3b05a3cdd85f8701e7f0694eddf8cb2dbb2abf9be1e431316002d4f12d356a1
2025-09-15 22:50:01.454 TRACE client[0]: Processing transaction with hash: f3b05a3cdd85f8701e7f0694eddf8cb2dbb2abf9be1e431316002d4f12d356a1
2025-09-15 22:50:01.454 DEBUG client[0]: Submitting transaction f3b05a3cdd85f8701e7f0694eddf8cb2dbb2abf9be1e431316002d4f12d356a1
2025-09-15 22:50:01.537 TRACE : trigger interaction 0xc0002bce10 818/1200
[TRACE] Decoding transaction bytes of length: 229
[TRACE] Transaction type: 6
[TRACE] Successfully decoded transaction with hash: 37e5636302c523ec443bd904bbddbc8da31d0a9b79c525201b5acac9cdc84a27
2025-09-15 22:50:01.537 TRACE client[0]: Processing transaction with hash: 37e5636302c523ec443bd904bbddbc8da31d0a9b79c525201b5acac9cdc84a27
2025-09-15 22:50:01.537 DEBUG client[0]: Submitting transaction 37e5636302c523ec443bd904bbddbc8da31d0a9b79c525201b5acac9cdc84a27
2025-09-15 22:50:01.620 TRACE : trigger interaction 0xc0002bcf00 819/1200
[TRACE] Decoding transaction bytes of length: 229
[TRACE] Transaction type: 6
[TRACE] Successfully decoded transaction with hash: 6e73720474bd725d3f6fdad64b9e5d4c982827a12584a22c0036055890803331
2025-09-15 22:50:01.621 TRACE client[0]: Processing transaction with hash: 6e73720474bd725d3f6fdad64b9e5d4c982827a12584a22c0036055890803331
2025-09-15 22:50:01.621 DEBUG client[0]: Submitting transaction 6e73720474bd725d3f6fdad64b9e5d4c982827a12584a22c0036055890803331
2025-09-15 22:50:01.704 TRACE : trigger interaction 0xc0002bcff0 820/1200
[TRACE] Decoding transaction bytes of length: 229
[TRACE] Transaction type: 6
[TRACE] Successfully decoded transaction with hash: fab145302de7f71090442fd4c856ca61df6840b0172a62f4a05752feb1c023d3
2025-09-15 22:50:01.704 TRACE client[0]: Processing transaction with hash: fab145302de7f71090442fd4c856ca61df6840b0172a62f4a05752feb1c023d3
2025-09-15 22:50:01.704 DEBUG client[0]: Submitting transaction fab145302de7f71090442fd4c856ca61df6840b0172a62f4a05752feb1c023d3
2025-09-15 22:50:01.787 TRACE : trigger interaction 0xc0002bd0e0 821/1200
[TRACE] Decoding transaction bytes of length: 229
[TRACE] Transaction type: 6
[TRACE] Successfully decoded transaction with hash: d1ee0084f8b32fd4aaa3041a62d3ee6ed47a34e1ecf8270934451898b5819a20
2025-09-15 22:50:01.787 TRACE client[0]: Processing transaction with hash: d1ee0084f8b32fd4aaa3041a62d3ee6ed47a34e1ecf8270934451898b5819a20
2025-09-15 22:50:01.787 DEBUG client[0]: Submitting transaction d1ee0084f8b32fd4aaa3041a62d3ee6ed47a34e1ecf8270934451898b5819a20
2025-09-15 22:50:01.870 TRACE : trigger interaction 0xc0002bd1d0 822/1200
[TRACE] Decoding transaction bytes of length: 229
[TRACE] Transaction type: 6
[TRACE] Successfully decoded transaction with hash: f0b7e3d750465513cde64658e7517168f3fa5d211f76217a3a6ba833c7ca0230
2025-09-15 22:50:01.871 TRACE client[0]: Processing transaction with hash: f0b7e3d750465513cde64658e7517168f3fa5d211f76217a3a6ba833c7ca0230
2025-09-15 22:50:01.871 DEBUG client[0]: Submitting transaction f0b7e3d750465513cde64658e7517168f3fa5d211f76217a3a6ba833c7ca0230
2025-09-15 22:50:01.954 TRACE : trigger interaction 0xc0002bd2c0 823/1200
[TRACE] Decoding transaction bytes of length: 229
[TRACE] Transaction type: 6
[TRACE] Successfully decoded transaction with hash: 88996a7eebffe06bec71f47a7670e252b3a5b92d0d248deaa7756fbc7e25c7e1
2025-09-15 22:50:01.954 TRACE client[0]: Processing transaction with hash: 88996a7eebffe06bec71f47a7670e252b3a5b92d0d248deaa7756fbc7e25c7e1
2025-09-15 22:50:01.954 DEBUG client[0]: Submitting transaction 88996a7eebffe06bec71f47a7670e252b3a5b92d0d248deaa7756fbc7e25c7e1
2025-09-15 22:50:02.038 TRACE : trigger interaction 0xc0002bd3b0 824/1200
[TRACE] Decoding transaction bytes of length: 229
[TRACE] Transaction type: 6
[TRACE] Successfully decoded transaction with hash: bb06bd2aa2e1a73b434929b1f17486f573cb0026891c0f9a97adffef559a1f54
2025-09-15 22:50:02.038 TRACE client[0]: Processing transaction with hash: bb06bd2aa2e1a73b434929b1f17486f573cb0026891c0f9a97adffef559a1f54
2025-09-15 22:50:02.038 DEBUG client[0]: Submitting transaction bb06bd2aa2e1a73b434929b1f17486f573cb0026891c0f9a97adffef559a1f54
2025-09-15 22:50:02.121 TRACE : trigger interaction 0xc0002bd4a0 825/1200
[TRACE] Decoding transaction bytes of length: 229
[TRACE] Transaction type: 6
[TRACE] Successfully decoded transaction with hash: 8e279e8c4e617777a972503ee88cce23230b9d5023f8aeb4b86b83df04ce9762
2025-09-15 22:50:02.121 TRACE client[0]: Processing transaction with hash: 8e279e8c4e617777a972503ee88cce23230b9d5023f8aeb4b86b83df04ce9762
2025-09-15 22:50:02.121 DEBUG client[0]: Submitting transaction 8e279e8c4e617777a972503ee88cce23230b9d5023f8aeb4b86b83df04ce9762
2025-09-15 22:50:02.204 TRACE : trigger interaction 0xc0002bd590 826/1200
[TRACE] Decoding transaction bytes of length: 230
[TRACE] Transaction type: 6
[TRACE] Successfully decoded transaction with hash: 5b23c1742267903c5aceef67693642235fc39738e5db75be1138bf5b7c784561
2025-09-15 22:50:02.204 TRACE client[0]: Processing transaction with hash: 5b23c1742267903c5aceef67693642235fc39738e5db75be1138bf5b7c784561
2025-09-15 22:50:02.204 DEBUG client[0]: Submitting transaction 5b23c1742267903c5aceef67693642235fc39738e5db75be1138bf5b7c784561
2025-09-15 22:50:02.288 TRACE : trigger interaction 0xc0002bd680 827/1200
[TRACE] Decoding transaction bytes of length: 230
[TRACE] Transaction type: 6
[TRACE] Successfully decoded transaction with hash: 3abc3e57b844be16c871918f29787ae897e88f72a31d34643e99d3f73418c2d2
2025-09-15 22:50:02.288 TRACE client[0]: Processing transaction with hash: 3abc3e57b844be16c871918f29787ae897e88f72a31d34643e99d3f73418c2d2
2025-09-15 22:50:02.288 DEBUG client[0]: Submitting transaction 3abc3e57b844be16c871918f29787ae897e88f72a31d34643e99d3f73418c2d2
2025-09-15 22:50:02.371 TRACE : trigger interaction 0xc0002bd770 828/1200
[TRACE] Decoding transaction bytes of length: 230
[TRACE] Transaction type: 6
[TRACE] Successfully decoded transaction with hash: 77b037627033e7b6fefb26078cd06eb62b26624c828e119e3aed6f9819bf55a5
2025-09-15 22:50:02.371 TRACE client[0]: Processing transaction with hash: 77b037627033e7b6fefb26078cd06eb62b26624c828e119e3aed6f9819bf55a5
2025-09-15 22:50:02.371 DEBUG client[0]: Submitting transaction 77b037627033e7b6fefb26078cd06eb62b26624c828e119e3aed6f9819bf55a5
2025-09-15 22:50:02.454 TRACE : trigger interaction 0xc0002bd860 829/1200
[TRACE] Decoding transaction bytes of length: 230
[TRACE] Transaction type: 6
[TRACE] Successfully decoded transaction with hash: 55b3e8edbfa222f8c53caffc757edb03bf002e32b4c9247f31f9d84a08df0ff7
2025-09-15 22:50:02.454 TRACE client[0]: Processing transaction with hash: 55b3e8edbfa222f8c53caffc757edb03bf002e32b4c9247f31f9d84a08df0ff7
2025-09-15 22:50:02.454 DEBUG client[0]: Submitting transaction 55b3e8edbfa222f8c53caffc757edb03bf002e32b4c9247f31f9d84a08df0ff7
2025-09-15 22:50:02.537 TRACE : trigger interaction 0xc0002bd950 830/1200
[TRACE] Decoding transaction bytes of length: 230
[TRACE] Transaction type: 6
[TRACE] Successfully decoded transaction with hash: fa4895680b2ce07f449f3646114fa42cb86c92f035d929a492a2c21de3ca47a8
2025-09-15 22:50:02.538 TRACE client[0]: Processing transaction with hash: fa4895680b2ce07f449f3646114fa42cb86c92f035d929a492a2c21de3ca47a8
2025-09-15 22:50:02.538 DEBUG client[0]: Submitting transaction fa4895680b2ce07f449f3646114fa42cb86c92f035d929a492a2c21de3ca47a8
2025-09-15 22:50:02.620 TRACE : trigger interaction 0xc0002bda40 831/1200
[TRACE] Decoding transaction bytes of length: 230
[TRACE] Transaction type: 6
[TRACE] Successfully decoded transaction with hash: e41ce0b099016f44176b4b835146cfffe005e84698222dd18ae5eac2799977db
2025-09-15 22:50:02.621 TRACE client[0]: Processing transaction with hash: e41ce0b099016f44176b4b835146cfffe005e84698222dd18ae5eac2799977db
2025-09-15 22:50:02.621 DEBUG client[0]: Submitting transaction e41ce0b099016f44176b4b835146cfffe005e84698222dd18ae5eac2799977db
2025-09-15 22:50:02.703 TRACE : trigger interaction 0xc0002bdb30 832/1200
[TRACE] Decoding transaction bytes of length: 230
[TRACE] Transaction type: 6
[TRACE] Successfully decoded transaction with hash: ed29330cd2d3249a5f896868c0b5224a7eeabdfbbacaa0d9f7ea48053e752248
2025-09-15 22:50:02.703 TRACE client[0]: Processing transaction with hash: ed29330cd2d3249a5f896868c0b5224a7eeabdfbbacaa0d9f7ea48053e752248
2025-09-15 22:50:02.703 DEBUG client[0]: Submitting transaction ed29330cd2d3249a5f896868c0b5224a7eeabdfbbacaa0d9f7ea48053e752248
2025-09-15 22:50:02.787 TRACE : trigger interaction 0xc0002bdc20 833/1200
[TRACE] Decoding transaction bytes of length: 230
[TRACE] Transaction type: 6
[TRACE] Successfully decoded transaction with hash: 8ad53d723f28332d50761af9116070583e1ad051fdc7e76ae3c2a2b1f4e02a6c
2025-09-15 22:50:02.787 TRACE client[0]: Processing transaction with hash: 8ad53d723f28332d50761af9116070583e1ad051fdc7e76ae3c2a2b1f4e02a6c
2025-09-15 22:50:02.787 DEBUG client[0]: Submitting transaction 8ad53d723f28332d50761af9116070583e1ad051fdc7e76ae3c2a2b1f4e02a6c
2025-09-15 22:50:02.871 TRACE : trigger interaction 0xc00027e000 834/1200
[TRACE] Decoding transaction bytes of length: 230
[TRACE] Transaction type: 6
[TRACE] Successfully decoded transaction with hash: 2804c4490818b156eb9423d968fe9d87c55e00a90fe6f3f4dc8dd58ad55ff509
2025-09-15 22:50:02.871 TRACE client[0]: Processing transaction with hash: 2804c4490818b156eb9423d968fe9d87c55e00a90fe6f3f4dc8dd58ad55ff509
2025-09-15 22:50:02.871 DEBUG client[0]: Submitting transaction 2804c4490818b156eb9423d968fe9d87c55e00a90fe6f3f4dc8dd58ad55ff509
2025-09-15 22:50:02.954 TRACE : trigger interaction 0xc00027e0f0 835/1200
[TRACE] Decoding transaction bytes of length: 230
[TRACE] Transaction type: 6
[TRACE] Successfully decoded transaction with hash: e95689d20832ef278716a0d71a6868f63064921960c2e51446835a727b15025f
2025-09-15 22:50:02.954 TRACE client[0]: Processing transaction with hash: e95689d20832ef278716a0d71a6868f63064921960c2e51446835a727b15025f
2025-09-15 22:50:02.954 DEBUG client[0]: Submitting transaction e95689d20832ef278716a0d71a6868f63064921960c2e51446835a727b15025f
2025-09-15 22:50:03.038 TRACE : trigger interaction 0xc00027e1e0 836/1200
[TRACE] Decoding transaction bytes of length: 230
[TRACE] Transaction type: 6
[TRACE] Successfully decoded transaction with hash: 4446577260cc839c2198240fb29e953f880c53a86934dcf73b1a4a75256cdf38
2025-09-15 22:50:03.038 TRACE client[0]: Processing transaction with hash: 4446577260cc839c2198240fb29e953f880c53a86934dcf73b1a4a75256cdf38
2025-09-15 22:50:03.038 DEBUG client[0]: Submitting transaction 4446577260cc839c2198240fb29e953f880c53a86934dcf73b1a4a75256cdf38
2025-09-15 22:50:03.121 TRACE : trigger interaction 0xc00027e2d0 837/1200
[TRACE] Decoding transaction bytes of length: 230
[TRACE] Transaction type: 6
[TRACE] Successfully decoded transaction with hash: ca159f0756b4b73160014f48399491305c7de9de11e043b5984fbee7805c932c
2025-09-15 22:50:03.121 TRACE client[0]: Processing transaction with hash: ca159f0756b4b73160014f48399491305c7de9de11e043b5984fbee7805c932c
2025-09-15 22:50:03.121 DEBUG client[0]: Submitting transaction ca159f0756b4b73160014f48399491305c7de9de11e043b5984fbee7805c932c
2025-09-15 22:50:03.204 TRACE : trigger interaction 0xc00027e3c0 838/1200
[TRACE] Decoding transaction bytes of length: 230
[TRACE] Transaction type: 6
[TRACE] Successfully decoded transaction with hash: 1bc23d3cb153c4cd67d85310a66836bab476606bd14496659636cfc84b08297f
2025-09-15 22:50:03.204 TRACE client[0]: Processing transaction with hash: 1bc23d3cb153c4cd67d85310a66836bab476606bd14496659636cfc84b08297f
2025-09-15 22:50:03.204 DEBUG client[0]: Submitting transaction 1bc23d3cb153c4cd67d85310a66836bab476606bd14496659636cfc84b08297f
2025-09-15 22:50:03.287 TRACE : trigger interaction 0xc00027e4b0 839/1200
[TRACE] Decoding transaction bytes of length: 230
[TRACE] Transaction type: 6
[TRACE] Successfully decoded transaction with hash: 7a03ad6f8e7cf31774c63e39f9a5acc785deba26615f11d5592c85b89ac95cbf
2025-09-15 22:50:03.287 TRACE client[0]: Processing transaction with hash: 7a03ad6f8e7cf31774c63e39f9a5acc785deba26615f11d5592c85b89ac95cbf
2025-09-15 22:50:03.287 DEBUG client[0]: Submitting transaction 7a03ad6f8e7cf31774c63e39f9a5acc785deba26615f11d5592c85b89ac95cbf
2025-09-15 22:50:03.371 TRACE : trigger interaction 0xc00027e5a0 840/1200
[TRACE] Decoding transaction bytes of length: 230
[TRACE] Transaction type: 6
[TRACE] Successfully decoded transaction with hash: bbf1f1c561a2532b574fd2f6c73b657704c4130a99083ac1463c95f89a475bec
2025-09-15 22:50:03.371 TRACE client[0]: Processing transaction with hash: bbf1f1c561a2532b574fd2f6c73b657704c4130a99083ac1463c95f89a475bec
2025-09-15 22:50:03.371 DEBUG client[0]: Submitting transaction bbf1f1c561a2532b574fd2f6c73b657704c4130a99083ac1463c95f89a475bec
2025-09-15 22:50:03.454 TRACE : trigger interaction 0xc00027e690 841/1200
[TRACE] Decoding transaction bytes of length: 230
[TRACE] Transaction type: 6
[TRACE] Successfully decoded transaction with hash: 6a39df39ba8061659865b085da32aa224bdaf3150bb3c9ec500df8daccac1fc6
2025-09-15 22:50:03.454 TRACE client[0]: Processing transaction with hash: 6a39df39ba8061659865b085da32aa224bdaf3150bb3c9ec500df8daccac1fc6
2025-09-15 22:50:03.454 DEBUG client[0]: Submitting transaction 6a39df39ba8061659865b085da32aa224bdaf3150bb3c9ec500df8daccac1fc6
2025-09-15 22:50:03.537 TRACE : trigger interaction 0xc00027e780 842/1200
[TRACE] Decoding transaction bytes of length: 230
[TRACE] Transaction type: 6
[TRACE] Successfully decoded transaction with hash: e1b7d067b597248bcd3d04bd2fca5c8857effbc25a62babfab43270a468f340d
2025-09-15 22:50:03.537 TRACE client[0]: Processing transaction with hash: e1b7d067b597248bcd3d04bd2fca5c8857effbc25a62babfab43270a468f340d
2025-09-15 22:50:03.537 DEBUG client[0]: Submitting transaction e1b7d067b597248bcd3d04bd2fca5c8857effbc25a62babfab43270a468f340d
2025-09-15 22:50:03.621 TRACE : trigger interaction 0xc00027e870 843/1200
[TRACE] Decoding transaction bytes of length: 230
[TRACE] Transaction type: 6
[TRACE] Successfully decoded transaction with hash: d75f8c4f887045d1ae3ab9b5f3dd79cda95bafb79d14572abfcfcdb73261db57
2025-09-15 22:50:03.621 TRACE client[0]: Processing transaction with hash: d75f8c4f887045d1ae3ab9b5f3dd79cda95bafb79d14572abfcfcdb73261db57
2025-09-15 22:50:03.621 DEBUG client[0]: Submitting transaction d75f8c4f887045d1ae3ab9b5f3dd79cda95bafb79d14572abfcfcdb73261db57
2025-09-15 22:50:03.704 TRACE : trigger interaction 0xc00027e960 844/1200
[TRACE] Decoding transaction bytes of length: 230
[TRACE] Transaction type: 6
[TRACE] Successfully decoded transaction with hash: 92040bb8dee5b4d029673275ef53df2630d6cfaebd0d68af64f3e7bed00b3ef5
2025-09-15 22:50:03.705 TRACE client[0]: Processing transaction with hash: 92040bb8dee5b4d029673275ef53df2630d6cfaebd0d68af64f3e7bed00b3ef5
2025-09-15 22:50:03.705 DEBUG client[0]: Submitting transaction 92040bb8dee5b4d029673275ef53df2630d6cfaebd0d68af64f3e7bed00b3ef5
2025-09-15 22:50:03.788 TRACE : trigger interaction 0xc00027ea50 845/1200
[TRACE] Decoding transaction bytes of length: 230
[TRACE] Transaction type: 6
[TRACE] Successfully decoded transaction with hash: 6b4b06ba14a13acd04b260e16afedab3356d52a747ebc50afdf8132f5755a44b
2025-09-15 22:50:03.788 TRACE client[0]: Processing transaction with hash: 6b4b06ba14a13acd04b260e16afedab3356d52a747ebc50afdf8132f5755a44b
2025-09-15 22:50:03.788 DEBUG client[0]: Submitting transaction 6b4b06ba14a13acd04b260e16afedab3356d52a747ebc50afdf8132f5755a44b
2025-09-15 22:50:03.871 TRACE : trigger interaction 0xc00027eb40 846/1200
[TRACE] Decoding transaction bytes of length: 230
[TRACE] Transaction type: 6
[TRACE] Successfully decoded transaction with hash: dd30b9ff26733b8d551f86172f7884a80f9fa8dd922b28cc92e88149dd6c95e0
2025-09-15 22:50:03.871 TRACE client[0]: Processing transaction with hash: dd30b9ff26733b8d551f86172f7884a80f9fa8dd922b28cc92e88149dd6c95e0
2025-09-15 22:50:03.871 DEBUG client[0]: Submitting transaction dd30b9ff26733b8d551f86172f7884a80f9fa8dd922b28cc92e88149dd6c95e0
2025-09-15 22:50:03.953 TRACE : trigger interaction 0xc00027ec30 847/1200
[TRACE] Decoding transaction bytes of length: 230
[TRACE] Transaction type: 6
[TRACE] Successfully decoded transaction with hash: f19edae21453793c8a461a2fe80e4190b6bebc88653c3db2fe477735f7bd0b18
2025-09-15 22:50:03.954 TRACE client[0]: Processing transaction with hash: f19edae21453793c8a461a2fe80e4190b6bebc88653c3db2fe477735f7bd0b18
2025-09-15 22:50:03.954 DEBUG client[0]: Submitting transaction f19edae21453793c8a461a2fe80e4190b6bebc88653c3db2fe477735f7bd0b18
2025-09-15 22:50:04.037 TRACE : trigger interaction 0xc00027ed20 848/1200
[TRACE] Decoding transaction bytes of length: 230
[TRACE] Transaction type: 6
[TRACE] Successfully decoded transaction with hash: 8a773596dc025962926938575cd5e2fd38bab1f6a6691daea5fb733fca0b2dbb
2025-09-15 22:50:04.038 TRACE client[0]: Processing transaction with hash: 8a773596dc025962926938575cd5e2fd38bab1f6a6691daea5fb733fca0b2dbb
2025-09-15 22:50:04.038 DEBUG client[0]: Submitting transaction 8a773596dc025962926938575cd5e2fd38bab1f6a6691daea5fb733fca0b2dbb
2025-09-15 22:50:04.120 TRACE : trigger interaction 0xc00027ee10 849/1200
[TRACE] Decoding transaction bytes of length: 230
[TRACE] Transaction type: 6
[TRACE] Successfully decoded transaction with hash: acceb68f6224e9fc135aad02565e4854458adadb422ce1cbb41462e28602dfda
2025-09-15 22:50:04.121 TRACE client[0]: Processing transaction with hash: acceb68f6224e9fc135aad02565e4854458adadb422ce1cbb41462e28602dfda
2025-09-15 22:50:04.121 DEBUG client[0]: Submitting transaction acceb68f6224e9fc135aad02565e4854458adadb422ce1cbb41462e28602dfda
2025-09-15 22:50:04.204 TRACE : trigger interaction 0xc00027ef00 850/1200
[TRACE] Decoding transaction bytes of length: 230
[TRACE] Transaction type: 6
[TRACE] Successfully decoded transaction with hash: 2b8e5a8697d28dae7b67ecd5c645ba8f031acc67310e9d31e37ab78250d41132
2025-09-15 22:50:04.204 TRACE client[0]: Processing transaction with hash: 2b8e5a8697d28dae7b67ecd5c645ba8f031acc67310e9d31e37ab78250d41132
2025-09-15 22:50:04.204 DEBUG client[0]: Submitting transaction 2b8e5a8697d28dae7b67ecd5c645ba8f031acc67310e9d31e37ab78250d41132
2025-09-15 22:50:04.288 TRACE : trigger interaction 0xc00007f680 851/1200
[TRACE] Decoding transaction bytes of length: 230
[TRACE] Transaction type: 6
[TRACE] Successfully decoded transaction with hash: 72c6ab3df1e438ca538d5e6bfdd60be97b3df0a14e14bfbc521b5952e710bc69
2025-09-15 22:50:04.288 TRACE client[0]: Processing transaction with hash: 72c6ab3df1e438ca538d5e6bfdd60be97b3df0a14e14bfbc521b5952e710bc69
2025-09-15 22:50:04.288 DEBUG client[0]: Submitting transaction 72c6ab3df1e438ca538d5e6bfdd60be97b3df0a14e14bfbc521b5952e710bc69
2025-09-15 22:50:04.371 TRACE : trigger interaction 0xc00007f770 852/1200
[TRACE] Decoding transaction bytes of length: 230
[TRACE] Transaction type: 6
[TRACE] Successfully decoded transaction with hash: bcebe923be47fb3ff26ec028537e77bfcd92289861965a19b2e0f0afc5652cd7
2025-09-15 22:50:04.371 TRACE client[0]: Processing transaction with hash: bcebe923be47fb3ff26ec028537e77bfcd92289861965a19b2e0f0afc5652cd7
2025-09-15 22:50:04.371 DEBUG client[0]: Submitting transaction bcebe923be47fb3ff26ec028537e77bfcd92289861965a19b2e0f0afc5652cd7
2025-09-15 22:50:04.454 TRACE : trigger interaction 0xc00007f860 853/1200
[TRACE] Decoding transaction bytes of length: 230
[TRACE] Transaction type: 6
[TRACE] Successfully decoded transaction with hash: a773c5097af0e8d6226c6d244351cc7ec5de9f52a68409af8167feda8c735d7c
2025-09-15 22:50:04.454 TRACE client[0]: Processing transaction with hash: a773c5097af0e8d6226c6d244351cc7ec5de9f52a68409af8167feda8c735d7c
2025-09-15 22:50:04.454 DEBUG client[0]: Submitting transaction a773c5097af0e8d6226c6d244351cc7ec5de9f52a68409af8167feda8c735d7c
2025-09-15 22:50:04.537 TRACE : trigger interaction 0xc00007f950 854/1200
[TRACE] Decoding transaction bytes of length: 230
[TRACE] Transaction type: 6
[TRACE] Successfully decoded transaction with hash: 17ab9ebed85db0d9548aba3037f9d038d52d73639d6ee49e073d29e7e31b3838
2025-09-15 22:50:04.537 TRACE client[0]: Processing transaction with hash: 17ab9ebed85db0d9548aba3037f9d038d52d73639d6ee49e073d29e7e31b3838
2025-09-15 22:50:04.537 DEBUG client[0]: Submitting transaction 17ab9ebed85db0d9548aba3037f9d038d52d73639d6ee49e073d29e7e31b3838
2025-09-15 22:50:04.620 TRACE : trigger interaction 0xc00007fa40 855/1200
[TRACE] Decoding transaction bytes of length: 230
[TRACE] Transaction type: 6
[TRACE] Successfully decoded transaction with hash: eb1e06dff1a886ef77906ea39d30e6700c2b7a359ec46fac500e77a663d58cf9
2025-09-15 22:50:04.621 TRACE client[0]: Processing transaction with hash: eb1e06dff1a886ef77906ea39d30e6700c2b7a359ec46fac500e77a663d58cf9
2025-09-15 22:50:04.621 DEBUG client[0]: Submitting transaction eb1e06dff1a886ef77906ea39d30e6700c2b7a359ec46fac500e77a663d58cf9
2025-09-15 22:50:04.704 TRACE : trigger interaction 0xc00007fb30 856/1200
[TRACE] Decoding transaction bytes of length: 230
[TRACE] Transaction type: 6
[TRACE] Successfully decoded transaction with hash: 4999a19e5433c6d84509a03881fab1dbd81073cc190a4310d85b3a5a309fb246
2025-09-15 22:50:04.705 TRACE client[0]: Processing transaction with hash: 4999a19e5433c6d84509a03881fab1dbd81073cc190a4310d85b3a5a309fb246
2025-09-15 22:50:04.705 DEBUG client[0]: Submitting transaction 4999a19e5433c6d84509a03881fab1dbd81073cc190a4310d85b3a5a309fb246
2025-09-15 22:50:04.787 TRACE : trigger interaction 0xc00007fc20 857/1200
[TRACE] Decoding transaction bytes of length: 230
[TRACE] Transaction type: 6
[TRACE] Successfully decoded transaction with hash: 6d5a22705056e1a9a05464d328bc2c9adc2b2910c03dfc20faddf2c3cbe66055
2025-09-15 22:50:04.788 TRACE client[0]: Processing transaction with hash: 6d5a22705056e1a9a05464d328bc2c9adc2b2910c03dfc20faddf2c3cbe66055
2025-09-15 22:50:04.788 DEBUG client[0]: Submitting transaction 6d5a22705056e1a9a05464d328bc2c9adc2b2910c03dfc20faddf2c3cbe66055
2025-09-15 22:50:04.871 TRACE : trigger interaction 0xc00007fd10 858/1200
[TRACE] Decoding transaction bytes of length: 230
[TRACE] Transaction type: 6
[TRACE] Successfully decoded transaction with hash: a14ac866091a14f545f66bd64c7d1044532668a5b506428ffce81d2ff9b9d072
2025-09-15 22:50:04.871 TRACE client[0]: Processing transaction with hash: a14ac866091a14f545f66bd64c7d1044532668a5b506428ffce81d2ff9b9d072
2025-09-15 22:50:04.871 DEBUG client[0]: Submitting transaction a14ac866091a14f545f66bd64c7d1044532668a5b506428ffce81d2ff9b9d072
2025-09-15 22:50:04.954 TRACE : trigger interaction 0xc00007fe00 859/1200
[TRACE] Decoding transaction bytes of length: 230
[TRACE] Transaction type: 6
[TRACE] Successfully decoded transaction with hash: 49fa1254853ab3b921f0e81cc48a3a4454c79aaa696100eee889c6db1eadc253
2025-09-15 22:50:04.954 TRACE client[0]: Processing transaction with hash: 49fa1254853ab3b921f0e81cc48a3a4454c79aaa696100eee889c6db1eadc253
2025-09-15 22:50:04.954 DEBUG client[0]: Submitting transaction 49fa1254853ab3b921f0e81cc48a3a4454c79aaa696100eee889c6db1eadc253
2025-09-15 22:50:05.037 TRACE : trigger interaction 0xc00007fef0 860/1200
[TRACE] Decoding transaction bytes of length: 230
[TRACE] Transaction type: 6
[TRACE] Successfully decoded transaction with hash: 91327321c8ccb6ea2d434ed723fb231fd0cadb57b9fa170f75e76271450f95af
2025-09-15 22:50:05.038 TRACE client[0]: Processing transaction with hash: 91327321c8ccb6ea2d434ed723fb231fd0cadb57b9fa170f75e76271450f95af
2025-09-15 22:50:05.038 DEBUG client[0]: Submitting transaction 91327321c8ccb6ea2d434ed723fb231fd0cadb57b9fa170f75e76271450f95af
2025-09-15 22:50:05.121 TRACE : trigger interaction 0xc00048c000 861/1200
[TRACE] Decoding transaction bytes of length: 230
[TRACE] Transaction type: 6
[TRACE] Successfully decoded transaction with hash: 517354283b5ed768459f593b5f22f841f7738d0d6847ba686a4c1ec0c38ad702
2025-09-15 22:50:05.121 TRACE client[0]: Processing transaction with hash: 517354283b5ed768459f593b5f22f841f7738d0d6847ba686a4c1ec0c38ad702
2025-09-15 22:50:05.121 DEBUG client[0]: Submitting transaction 517354283b5ed768459f593b5f22f841f7738d0d6847ba686a4c1ec0c38ad702
2025-09-15 22:50:05.204 TRACE : trigger interaction 0xc00048c0f0 862/1200
[TRACE] Decoding transaction bytes of length: 230
[TRACE] Transaction type: 6
[TRACE] Successfully decoded transaction with hash: 425411b014ba0e236de46b1822c765291a8a23a4f9042ccffb9d23a0cab67a4f
2025-09-15 22:50:05.204 TRACE client[0]: Processing transaction with hash: 425411b014ba0e236de46b1822c765291a8a23a4f9042ccffb9d23a0cab67a4f
2025-09-15 22:50:05.204 DEBUG client[0]: Submitting transaction 425411b014ba0e236de46b1822c765291a8a23a4f9042ccffb9d23a0cab67a4f
2025-09-15 22:50:05.287 TRACE : trigger interaction 0xc00048c1e0 863/1200
[TRACE] Decoding transaction bytes of length: 230
[TRACE] Transaction type: 6
[TRACE] Successfully decoded transaction with hash: 89528d5f034f9dd241d15e95dcba8d4559eba47060d9754bd9b5973b460e8439
2025-09-15 22:50:05.287 TRACE client[0]: Processing transaction with hash: 89528d5f034f9dd241d15e95dcba8d4559eba47060d9754bd9b5973b460e8439
2025-09-15 22:50:05.287 DEBUG client[0]: Submitting transaction 89528d5f034f9dd241d15e95dcba8d4559eba47060d9754bd9b5973b460e8439
2025-09-15 22:50:05.370 TRACE : trigger interaction 0xc00048c2d0 864/1200
[TRACE] Decoding transaction bytes of length: 230
[TRACE] Transaction type: 6
[TRACE] Successfully decoded transaction with hash: 4a404d8c62cd9de200071160278426671a915b8842de0b4d60f63ff3321b45e4
2025-09-15 22:50:05.371 TRACE client[0]: Processing transaction with hash: 4a404d8c62cd9de200071160278426671a915b8842de0b4d60f63ff3321b45e4
2025-09-15 22:50:05.371 DEBUG client[0]: Submitting transaction 4a404d8c62cd9de200071160278426671a915b8842de0b4d60f63ff3321b45e4
2025-09-15 22:50:05.454 TRACE : trigger interaction 0xc00048c3c0 865/1200
[TRACE] Decoding transaction bytes of length: 230
[TRACE] Transaction type: 6
[TRACE] Successfully decoded transaction with hash: 943c913641100639b165a34cbf7276f1b903f19367450f901acd432bd264a86e
2025-09-15 22:50:05.454 TRACE client[0]: Processing transaction with hash: 943c913641100639b165a34cbf7276f1b903f19367450f901acd432bd264a86e
2025-09-15 22:50:05.454 DEBUG client[0]: Submitting transaction 943c913641100639b165a34cbf7276f1b903f19367450f901acd432bd264a86e
2025-09-15 22:50:05.537 TRACE : trigger interaction 0xc00048c4b0 866/1200
[TRACE] Decoding transaction bytes of length: 230
[TRACE] Transaction type: 6
[TRACE] Successfully decoded transaction with hash: 664efc8bb8b6dad6c5c3014f028ace1c4967ead9e8047726d3b25240ef9e2c10
2025-09-15 22:50:05.538 TRACE client[0]: Processing transaction with hash: 664efc8bb8b6dad6c5c3014f028ace1c4967ead9e8047726d3b25240ef9e2c10
2025-09-15 22:50:05.538 DEBUG client[0]: Submitting transaction 664efc8bb8b6dad6c5c3014f028ace1c4967ead9e8047726d3b25240ef9e2c10
2025-09-15 22:50:05.621 TRACE : trigger interaction 0xc00048c5a0 867/1200
[TRACE] Decoding transaction bytes of length: 230
[TRACE] Transaction type: 6
[TRACE] Successfully decoded transaction with hash: d859dd170551e37990d965e4863175e0aacb1baf9966885e0811a8077dddacfe
2025-09-15 22:50:05.621 TRACE client[0]: Processing transaction with hash: d859dd170551e37990d965e4863175e0aacb1baf9966885e0811a8077dddacfe
2025-09-15 22:50:05.621 DEBUG client[0]: Submitting transaction d859dd170551e37990d965e4863175e0aacb1baf9966885e0811a8077dddacfe
2025-09-15 22:50:05.704 TRACE : trigger interaction 0xc0005c4000 868/1200
[TRACE] Decoding transaction bytes of length: 230
[TRACE] Transaction type: 6
[TRACE] Successfully decoded transaction with hash: ffc0b525ceb48e9502f1625ea7ac56674799c82c02b3b8ad455b19815133d5e3
2025-09-15 22:50:05.704 TRACE client[0]: Processing transaction with hash: ffc0b525ceb48e9502f1625ea7ac56674799c82c02b3b8ad455b19815133d5e3
2025-09-15 22:50:05.704 DEBUG client[0]: Submitting transaction ffc0b525ceb48e9502f1625ea7ac56674799c82c02b3b8ad455b19815133d5e3
2025-09-15 22:50:05.788 TRACE : trigger interaction 0xc0005c40f0 869/1200
[TRACE] Decoding transaction bytes of length: 230
[TRACE] Transaction type: 6
[TRACE] Successfully decoded transaction with hash: 1e716ed09f4efd37cf69cfb3fadf6d923bc1f7ce7ef5335ee5e70c37f197f64c
2025-09-15 22:50:05.788 TRACE client[0]: Processing transaction with hash: 1e716ed09f4efd37cf69cfb3fadf6d923bc1f7ce7ef5335ee5e70c37f197f64c
2025-09-15 22:50:05.788 DEBUG client[0]: Submitting transaction 1e716ed09f4efd37cf69cfb3fadf6d923bc1f7ce7ef5335ee5e70c37f197f64c
2025-09-15 22:50:05.871 TRACE : trigger interaction 0xc0005c41e0 870/1200
[TRACE] Decoding transaction bytes of length: 230
[TRACE] Transaction type: 6
[TRACE] Successfully decoded transaction with hash: cee5c737644262ce855f5c226f2d043775552bff913433f90e4a866091eabe13
2025-09-15 22:50:05.871 TRACE client[0]: Processing transaction with hash: cee5c737644262ce855f5c226f2d043775552bff913433f90e4a866091eabe13
2025-09-15 22:50:05.871 DEBUG client[0]: Submitting transaction cee5c737644262ce855f5c226f2d043775552bff913433f90e4a866091eabe13
2025-09-15 22:50:05.954 TRACE : trigger interaction 0xc0005c42d0 871/1200
[TRACE] Decoding transaction bytes of length: 230
[TRACE] Transaction type: 6
[TRACE] Successfully decoded transaction with hash: 153b04f1a9cf4439dac6d1502d6873e0038ec97742d2371ada93372193aa907a
2025-09-15 22:50:05.954 TRACE client[0]: Processing transaction with hash: 153b04f1a9cf4439dac6d1502d6873e0038ec97742d2371ada93372193aa907a
2025-09-15 22:50:05.954 DEBUG client[0]: Submitting transaction 153b04f1a9cf4439dac6d1502d6873e0038ec97742d2371ada93372193aa907a
2025-09-15 22:50:06.037 TRACE : trigger interaction 0xc0005c43c0 872/1200
[TRACE] Decoding transaction bytes of length: 230
[TRACE] Transaction type: 6
[TRACE] Successfully decoded transaction with hash: 993af409b08760310181513a7ebaee6ec04a2df0f9a322c171cfff6a4d6fc09e
2025-09-15 22:50:06.037 TRACE client[0]: Processing transaction with hash: 993af409b08760310181513a7ebaee6ec04a2df0f9a322c171cfff6a4d6fc09e
2025-09-15 22:50:06.037 DEBUG client[0]: Submitting transaction 993af409b08760310181513a7ebaee6ec04a2df0f9a322c171cfff6a4d6fc09e
2025-09-15 22:50:06.121 TRACE : trigger interaction 0xc0005c44b0 873/1200
[TRACE] Decoding transaction bytes of length: 230
[TRACE] Transaction type: 6
[TRACE] Successfully decoded transaction with hash: ae8c1c61b4296688fbc33fc1e014534a7320fa6915a98ebea922ca650e519a99
2025-09-15 22:50:06.121 TRACE client[0]: Processing transaction with hash: ae8c1c61b4296688fbc33fc1e014534a7320fa6915a98ebea922ca650e519a99
2025-09-15 22:50:06.121 DEBUG client[0]: Submitting transaction ae8c1c61b4296688fbc33fc1e014534a7320fa6915a98ebea922ca650e519a99
2025-09-15 22:50:06.204 TRACE : trigger interaction 0xc0005c45a0 874/1200
[TRACE] Decoding transaction bytes of length: 230
[TRACE] Transaction type: 6
[TRACE] Successfully decoded transaction with hash: 0a4e8ebbac9e36b9d185a873a384502ce000aec07ea8537afc7703e5e36a2d8a
2025-09-15 22:50:06.204 TRACE client[0]: Processing transaction with hash: 0a4e8ebbac9e36b9d185a873a384502ce000aec07ea8537afc7703e5e36a2d8a
2025-09-15 22:50:06.204 DEBUG client[0]: Submitting transaction 0a4e8ebbac9e36b9d185a873a384502ce000aec07ea8537afc7703e5e36a2d8a
2025-09-15 22:50:06.287 TRACE : trigger interaction 0xc0005c4690 875/1200
[TRACE] Decoding transaction bytes of length: 230
[TRACE] Transaction type: 6
[TRACE] Successfully decoded transaction with hash: 6c0a0493925aafa010cc8a0063fee8cc3e1b6a519ae06c10bd3992d4c9253724
2025-09-15 22:50:06.287 TRACE client[0]: Processing transaction with hash: 6c0a0493925aafa010cc8a0063fee8cc3e1b6a519ae06c10bd3992d4c9253724
2025-09-15 22:50:06.287 DEBUG client[0]: Submitting transaction 6c0a0493925aafa010cc8a0063fee8cc3e1b6a519ae06c10bd3992d4c9253724
2025-09-15 22:50:06.371 TRACE : trigger interaction 0xc0005c4780 876/1200
[TRACE] Decoding transaction bytes of length: 230
[TRACE] Transaction type: 6
[TRACE] Successfully decoded transaction with hash: 92c3a247386fada7d4b5efef66db24385d415ad86285d4306b08e831d321d75a
2025-09-15 22:50:06.371 TRACE client[0]: Processing transaction with hash: 92c3a247386fada7d4b5efef66db24385d415ad86285d4306b08e831d321d75a
2025-09-15 22:50:06.371 DEBUG client[0]: Submitting transaction 92c3a247386fada7d4b5efef66db24385d415ad86285d4306b08e831d321d75a
2025-09-15 22:50:06.454 TRACE : trigger interaction 0xc0005c4870 877/1200
[TRACE] Decoding transaction bytes of length: 230
[TRACE] Transaction type: 6
[TRACE] Successfully decoded transaction with hash: 467ab39377404906fa9df35759b15b8d1c226b36b8f9b455e0c0ddee5f645232
2025-09-15 22:50:06.454 TRACE client[0]: Processing transaction with hash: 467ab39377404906fa9df35759b15b8d1c226b36b8f9b455e0c0ddee5f645232
2025-09-15 22:50:06.454 DEBUG client[0]: Submitting transaction 467ab39377404906fa9df35759b15b8d1c226b36b8f9b455e0c0ddee5f645232
2025-09-15 22:50:06.538 TRACE : trigger interaction 0xc0005c4960 878/1200
[TRACE] Decoding transaction bytes of length: 230
[TRACE] Transaction type: 6
[TRACE] Successfully decoded transaction with hash: fe0fd086950884000a4db766e97bd19ee771cf5bd3280ff88f1178f91f970728
2025-09-15 22:50:06.538 TRACE client[0]: Processing transaction with hash: fe0fd086950884000a4db766e97bd19ee771cf5bd3280ff88f1178f91f970728
2025-09-15 22:50:06.538 DEBUG client[0]: Submitting transaction fe0fd086950884000a4db766e97bd19ee771cf5bd3280ff88f1178f91f970728
2025-09-15 22:50:06.621 TRACE : trigger interaction 0xc0005c4a50 879/1200
[TRACE] Decoding transaction bytes of length: 230
[TRACE] Transaction type: 6
[TRACE] Successfully decoded transaction with hash: affd6df18ca4ad7006ed18fbf76cdaa7a8b9b1c1b0acc4878d63240e3de7ff9d
2025-09-15 22:50:06.621 TRACE client[0]: Processing transaction with hash: affd6df18ca4ad7006ed18fbf76cdaa7a8b9b1c1b0acc4878d63240e3de7ff9d
2025-09-15 22:50:06.621 DEBUG client[0]: Submitting transaction affd6df18ca4ad7006ed18fbf76cdaa7a8b9b1c1b0acc4878d63240e3de7ff9d
2025-09-15 22:50:06.703 TRACE : trigger interaction 0xc0005c4b40 880/1200
[TRACE] Decoding transaction bytes of length: 230
[TRACE] Transaction type: 6
[TRACE] Successfully decoded transaction with hash: b3201003e5d64d3402d0dac1ff86088de0c6dec2ef5fae4336a0f5067c7bee29
2025-09-15 22:50:06.704 TRACE client[0]: Processing transaction with hash: b3201003e5d64d3402d0dac1ff86088de0c6dec2ef5fae4336a0f5067c7bee29
2025-09-15 22:50:06.704 DEBUG client[0]: Submitting transaction b3201003e5d64d3402d0dac1ff86088de0c6dec2ef5fae4336a0f5067c7bee29
2025-09-15 22:50:06.787 TRACE : trigger interaction 0xc0005c4c30 881/1200
[TRACE] Decoding transaction bytes of length: 230
[TRACE] Transaction type: 6
[TRACE] Successfully decoded transaction with hash: 6e134734e0c173c328ac2e254cf3073da66abab3b71b6565af8fc7d757dcf462
2025-09-15 22:50:06.788 TRACE client[0]: Processing transaction with hash: 6e134734e0c173c328ac2e254cf3073da66abab3b71b6565af8fc7d757dcf462
2025-09-15 22:50:06.788 DEBUG client[0]: Submitting transaction 6e134734e0c173c328ac2e254cf3073da66abab3b71b6565af8fc7d757dcf462
2025-09-15 22:50:06.870 TRACE : trigger interaction 0xc0005c4d20 882/1200
[TRACE] Decoding transaction bytes of length: 230
[TRACE] Transaction type: 6
[TRACE] Successfully decoded transaction with hash: df0dbeec04c5662b12202dbe7b2daf85f224ebc1b3aae0523b27c92145c8c813
2025-09-15 22:50:06.871 TRACE client[0]: Processing transaction with hash: df0dbeec04c5662b12202dbe7b2daf85f224ebc1b3aae0523b27c92145c8c813
2025-09-15 22:50:06.871 DEBUG client[0]: Submitting transaction df0dbeec04c5662b12202dbe7b2daf85f224ebc1b3aae0523b27c92145c8c813
2025-09-15 22:50:06.954 TRACE : trigger interaction 0xc0005c4e10 883/1200
[TRACE] Decoding transaction bytes of length: 230
[TRACE] Transaction type: 6
[TRACE] Successfully decoded transaction with hash: c562c64ec03d722627599a223c474a91d5f2d543226802d777d153b5dd40f2a5
2025-09-15 22:50:06.954 TRACE client[0]: Processing transaction with hash: c562c64ec03d722627599a223c474a91d5f2d543226802d777d153b5dd40f2a5
2025-09-15 22:50:06.954 DEBUG client[0]: Submitting transaction c562c64ec03d722627599a223c474a91d5f2d543226802d777d153b5dd40f2a5
2025-09-15 22:50:07.037 TRACE : trigger interaction 0xc00048c690 884/1200
[TRACE] Decoding transaction bytes of length: 230
[TRACE] Transaction type: 6
[TRACE] Successfully decoded transaction with hash: 03354d1c5bcaf2bb8235222e0253ff589885a3c188384ed25065855cc42c1975
2025-09-15 22:50:07.038 TRACE client[0]: Processing transaction with hash: 03354d1c5bcaf2bb8235222e0253ff589885a3c188384ed25065855cc42c1975
2025-09-15 22:50:07.038 DEBUG client[0]: Submitting transaction 03354d1c5bcaf2bb8235222e0253ff589885a3c188384ed25065855cc42c1975
2025-09-15 22:50:07.121 TRACE : trigger interaction 0xc00048c780 885/1200
[TRACE] Decoding transaction bytes of length: 230
[TRACE] Transaction type: 6
[TRACE] Successfully decoded transaction with hash: 9ef07fa2969471c7d6f50b21502327a9e0ca275d2688712dc6932a7a47348cab
2025-09-15 22:50:07.121 TRACE client[0]: Processing transaction with hash: 9ef07fa2969471c7d6f50b21502327a9e0ca275d2688712dc6932a7a47348cab
2025-09-15 22:50:07.121 DEBUG client[0]: Submitting transaction 9ef07fa2969471c7d6f50b21502327a9e0ca275d2688712dc6932a7a47348cab
2025-09-15 22:50:07.204 TRACE : trigger interaction 0xc00048c870 886/1200
[TRACE] Decoding transaction bytes of length: 230
[TRACE] Transaction type: 6
[TRACE] Successfully decoded transaction with hash: 73166ae04a2690bc29e02f6d3c18f97147895cd726851736ba58dfa6e6a71660
2025-09-15 22:50:07.204 TRACE client[0]: Processing transaction with hash: 73166ae04a2690bc29e02f6d3c18f97147895cd726851736ba58dfa6e6a71660
2025-09-15 22:50:07.204 DEBUG client[0]: Submitting transaction 73166ae04a2690bc29e02f6d3c18f97147895cd726851736ba58dfa6e6a71660
2025-09-15 22:50:07.287 TRACE : trigger interaction 0xc00048c960 887/1200
[TRACE] Decoding transaction bytes of length: 230
[TRACE] Transaction type: 6
[TRACE] Successfully decoded transaction with hash: 13cdcf3c816b54ad3b6e5fef2ac4163c4cfb99c0b80a677184f22adaaab2d987
2025-09-15 22:50:07.287 TRACE client[0]: Processing transaction with hash: 13cdcf3c816b54ad3b6e5fef2ac4163c4cfb99c0b80a677184f22adaaab2d987
2025-09-15 22:50:07.287 DEBUG client[0]: Submitting transaction 13cdcf3c816b54ad3b6e5fef2ac4163c4cfb99c0b80a677184f22adaaab2d987
2025-09-15 22:50:07.371 TRACE : trigger interaction 0xc00048ca50 888/1200
[TRACE] Decoding transaction bytes of length: 230
[TRACE] Transaction type: 6
[TRACE] Successfully decoded transaction with hash: bef6af079540c0e0b63cad009c19d6d5e4a0113a72720d9ac77241c797d3a714
2025-09-15 22:50:07.371 TRACE client[0]: Processing transaction with hash: bef6af079540c0e0b63cad009c19d6d5e4a0113a72720d9ac77241c797d3a714
2025-09-15 22:50:07.371 DEBUG client[0]: Submitting transaction bef6af079540c0e0b63cad009c19d6d5e4a0113a72720d9ac77241c797d3a714
2025-09-15 22:50:07.453 TRACE : trigger interaction 0xc00048cb40 889/1200
[TRACE] Decoding transaction bytes of length: 230
[TRACE] Transaction type: 6
[TRACE] Successfully decoded transaction with hash: e8bad28b663be15dee72136dcf2fe07a015b4815305491cb32ddcabdf68b9b0d
2025-09-15 22:50:07.454 TRACE client[0]: Processing transaction with hash: e8bad28b663be15dee72136dcf2fe07a015b4815305491cb32ddcabdf68b9b0d
2025-09-15 22:50:07.454 DEBUG client[0]: Submitting transaction e8bad28b663be15dee72136dcf2fe07a015b4815305491cb32ddcabdf68b9b0d
2025-09-15 22:50:07.537 TRACE : trigger interaction 0xc00048cc30 890/1200
[TRACE] Decoding transaction bytes of length: 230
[TRACE] Transaction type: 6
[TRACE] Successfully decoded transaction with hash: 6616ff6f9e8f3805aa099a2cf6bc1680a4d0d51f55e125fb5e7a7c3383f22528
2025-09-15 22:50:07.538 TRACE client[0]: Processing transaction with hash: 6616ff6f9e8f3805aa099a2cf6bc1680a4d0d51f55e125fb5e7a7c3383f22528
2025-09-15 22:50:07.538 DEBUG client[0]: Submitting transaction 6616ff6f9e8f3805aa099a2cf6bc1680a4d0d51f55e125fb5e7a7c3383f22528
2025-09-15 22:50:07.620 TRACE : trigger interaction 0xc00048cd20 891/1200
[TRACE] Decoding transaction bytes of length: 230
[TRACE] Transaction type: 6
[TRACE] Successfully decoded transaction with hash: 033fba067699e7d1ae02d593b6230ecba3be36abf400c9f6f61585b9812ad5e3
2025-09-15 22:50:07.621 TRACE client[0]: Processing transaction with hash: 033fba067699e7d1ae02d593b6230ecba3be36abf400c9f6f61585b9812ad5e3
2025-09-15 22:50:07.621 DEBUG client[0]: Submitting transaction 033fba067699e7d1ae02d593b6230ecba3be36abf400c9f6f61585b9812ad5e3
2025-09-15 22:50:07.704 TRACE : trigger interaction 0xc00048ce10 892/1200
[TRACE] Decoding transaction bytes of length: 230
[TRACE] Transaction type: 6
[TRACE] Successfully decoded transaction with hash: 3103f8960ae48f7c117afa2ea23a422653f7f006386601bfa4c143704af53803
2025-09-15 22:50:07.704 TRACE client[0]: Processing transaction with hash: 3103f8960ae48f7c117afa2ea23a422653f7f006386601bfa4c143704af53803
2025-09-15 22:50:07.704 DEBUG client[0]: Submitting transaction 3103f8960ae48f7c117afa2ea23a422653f7f006386601bfa4c143704af53803
2025-09-15 22:50:07.787 TRACE : trigger interaction 0xc00048cf00 893/1200
[TRACE] Decoding transaction bytes of length: 230
[TRACE] Transaction type: 6
[TRACE] Successfully decoded transaction with hash: f3de8fb0a6a65fd5336382eaba75b732355b277be31d781fc0b31e0c26d3a7a3
2025-09-15 22:50:07.787 TRACE client[0]: Processing transaction with hash: f3de8fb0a6a65fd5336382eaba75b732355b277be31d781fc0b31e0c26d3a7a3
2025-09-15 22:50:07.787 DEBUG client[0]: Submitting transaction f3de8fb0a6a65fd5336382eaba75b732355b277be31d781fc0b31e0c26d3a7a3
2025-09-15 22:50:07.870 TRACE : trigger interaction 0xc00048cff0 894/1200
[TRACE] Decoding transaction bytes of length: 230
[TRACE] Transaction type: 6
[TRACE] Successfully decoded transaction with hash: f5b6163df0b1e98c4f64c54311e71fa5fe3e3cc485b0dd0c70fbf98d826f18e3
2025-09-15 22:50:07.871 TRACE client[0]: Processing transaction with hash: f5b6163df0b1e98c4f64c54311e71fa5fe3e3cc485b0dd0c70fbf98d826f18e3
2025-09-15 22:50:07.871 DEBUG client[0]: Submitting transaction f5b6163df0b1e98c4f64c54311e71fa5fe3e3cc485b0dd0c70fbf98d826f18e3
2025-09-15 22:50:07.954 TRACE : trigger interaction 0xc00048d0e0 895/1200
[TRACE] Decoding transaction bytes of length: 230
[TRACE] Transaction type: 6
[TRACE] Successfully decoded transaction with hash: 7d7afbe839562a9e14fdc2959f3e3ae63c24a62939abcfe5521b83bf39455de9
2025-09-15 22:50:07.954 TRACE client[0]: Processing transaction with hash: 7d7afbe839562a9e14fdc2959f3e3ae63c24a62939abcfe5521b83bf39455de9
2025-09-15 22:50:07.954 DEBUG client[0]: Submitting transaction 7d7afbe839562a9e14fdc2959f3e3ae63c24a62939abcfe5521b83bf39455de9
2025-09-15 22:50:08.037 TRACE : trigger interaction 0xc00048d1d0 896/1200
[TRACE] Decoding transaction bytes of length: 230
[TRACE] Transaction type: 6
[TRACE] Successfully decoded transaction with hash: 966f0da608b5f58900d062b401c40049c83b1ac70628660a95519d965807fd28
2025-09-15 22:50:08.037 TRACE client[0]: Processing transaction with hash: 966f0da608b5f58900d062b401c40049c83b1ac70628660a95519d965807fd28
2025-09-15 22:50:08.037 DEBUG client[0]: Submitting transaction 966f0da608b5f58900d062b401c40049c83b1ac70628660a95519d965807fd28
2025-09-15 22:50:08.120 TRACE : trigger interaction 0xc00048d2c0 897/1200
[TRACE] Decoding transaction bytes of length: 230
[TRACE] Transaction type: 6
[TRACE] Successfully decoded transaction with hash: c24053fab69b2515b125386cde9c7f5373679c84f5b4e2dfcdbf8e62854c6ee8
2025-09-15 22:50:08.121 TRACE client[0]: Processing transaction with hash: c24053fab69b2515b125386cde9c7f5373679c84f5b4e2dfcdbf8e62854c6ee8
2025-09-15 22:50:08.121 DEBUG client[0]: Submitting transaction c24053fab69b2515b125386cde9c7f5373679c84f5b4e2dfcdbf8e62854c6ee8
2025-09-15 22:50:08.204 TRACE : trigger interaction 0xc00048d3b0 898/1200
[TRACE] Decoding transaction bytes of length: 230
[TRACE] Transaction type: 6
[TRACE] Successfully decoded transaction with hash: f8dfafc786aeaea8ab5c126c26d293fd47dc96939490bf33e5e24da9d98dcf6c
2025-09-15 22:50:08.204 TRACE client[0]: Processing transaction with hash: f8dfafc786aeaea8ab5c126c26d293fd47dc96939490bf33e5e24da9d98dcf6c
2025-09-15 22:50:08.204 DEBUG client[0]: Submitting transaction f8dfafc786aeaea8ab5c126c26d293fd47dc96939490bf33e5e24da9d98dcf6c
2025-09-15 22:50:08.287 TRACE : trigger interaction 0xc00048d4a0 899/1200
[TRACE] Decoding transaction bytes of length: 230
[TRACE] Transaction type: 6
[TRACE] Successfully decoded transaction with hash: a3d5a1d6a42e1c495265e071a9c2a599242f67771bb62bc4a9eeb0d6cb97b807
2025-09-15 22:50:08.287 TRACE client[0]: Processing transaction with hash: a3d5a1d6a42e1c495265e071a9c2a599242f67771bb62bc4a9eeb0d6cb97b807
2025-09-15 22:50:08.287 DEBUG client[0]: Submitting transaction a3d5a1d6a42e1c495265e071a9c2a599242f67771bb62bc4a9eeb0d6cb97b807
2025-09-15 22:50:08.371 TRACE : trigger interaction 0xc00048d590 900/1200
[TRACE] Decoding transaction bytes of length: 230
[TRACE] Transaction type: 6
[TRACE] Successfully decoded transaction with hash: 245a454e75257bc575660fbdd5a698d233530e4d45e701069a5838184fb26498
2025-09-15 22:50:08.371 TRACE client[0]: Processing transaction with hash: 245a454e75257bc575660fbdd5a698d233530e4d45e701069a5838184fb26498
2025-09-15 22:50:08.371 DEBUG client[0]: Submitting transaction 245a454e75257bc575660fbdd5a698d233530e4d45e701069a5838184fb26498
2025-09-15 22:50:08.454 TRACE : trigger interaction 0xc0005c4f00 901/1200
[TRACE] Decoding transaction bytes of length: 230
[TRACE] Transaction type: 6
[TRACE] Successfully decoded transaction with hash: 5265ee6e3f74b3f9cbd6f39dadf3dafa209ee6be5a25c0ce4328959c6cb0c8bd
2025-09-15 22:50:08.454 TRACE client[0]: Processing transaction with hash: 5265ee6e3f74b3f9cbd6f39dadf3dafa209ee6be5a25c0ce4328959c6cb0c8bd
2025-09-15 22:50:08.454 DEBUG client[0]: Submitting transaction 5265ee6e3f74b3f9cbd6f39dadf3dafa209ee6be5a25c0ce4328959c6cb0c8bd
2025-09-15 22:50:08.537 TRACE : trigger interaction 0xc0005c4ff0 902/1200
[TRACE] Decoding transaction bytes of length: 230
[TRACE] Transaction type: 6
[TRACE] Successfully decoded transaction with hash: f86b0d86cef632c08a01633f92f9ec349a052b17d8659abf8c9ea97b533eb0f6
2025-09-15 22:50:08.537 TRACE client[0]: Processing transaction with hash: f86b0d86cef632c08a01633f92f9ec349a052b17d8659abf8c9ea97b533eb0f6
2025-09-15 22:50:08.537 DEBUG client[0]: Submitting transaction f86b0d86cef632c08a01633f92f9ec349a052b17d8659abf8c9ea97b533eb0f6
2025-09-15 22:50:08.620 TRACE : trigger interaction 0xc0005c50e0 903/1200
[TRACE] Decoding transaction bytes of length: 230
[TRACE] Transaction type: 6
[TRACE] Successfully decoded transaction with hash: 6e4d7b525579c7d088ffb1f8e909d9818eb1f3181d53cc74f7faf4d27b83930b
2025-09-15 22:50:08.620 TRACE client[0]: Processing transaction with hash: 6e4d7b525579c7d088ffb1f8e909d9818eb1f3181d53cc74f7faf4d27b83930b
2025-09-15 22:50:08.620 DEBUG client[0]: Submitting transaction 6e4d7b525579c7d088ffb1f8e909d9818eb1f3181d53cc74f7faf4d27b83930b
2025-09-15 22:50:08.704 TRACE : trigger interaction 0xc0005c51d0 904/1200
[TRACE] Decoding transaction bytes of length: 230
[TRACE] Transaction type: 6
[TRACE] Successfully decoded transaction with hash: 76d5a5d294cb71f966c81b786148cf4f960194a65fe10ccc295c4ec7db06303a
2025-09-15 22:50:08.704 TRACE client[0]: Processing transaction with hash: 76d5a5d294cb71f966c81b786148cf4f960194a65fe10ccc295c4ec7db06303a
2025-09-15 22:50:08.704 DEBUG client[0]: Submitting transaction 76d5a5d294cb71f966c81b786148cf4f960194a65fe10ccc295c4ec7db06303a
2025-09-15 22:50:08.787 TRACE : trigger interaction 0xc0005c52c0 905/1200
[TRACE] Decoding transaction bytes of length: 230
[TRACE] Transaction type: 6
[TRACE] Successfully decoded transaction with hash: 9c530b37cdb022874d1a062651734bf3e21e3a1a5c4db60e84080209d745c134
2025-09-15 22:50:08.787 TRACE client[0]: Processing transaction with hash: 9c530b37cdb022874d1a062651734bf3e21e3a1a5c4db60e84080209d745c134
2025-09-15 22:50:08.787 DEBUG client[0]: Submitting transaction 9c530b37cdb022874d1a062651734bf3e21e3a1a5c4db60e84080209d745c134
2025-09-15 22:50:08.870 TRACE : trigger interaction 0xc0005c53b0 906/1200
[TRACE] Decoding transaction bytes of length: 230
[TRACE] Transaction type: 6
[TRACE] Successfully decoded transaction with hash: 8308cb089a81bd4bee54a2a4a610cd4b56d6f80a90e08f57904ce84e2f6f272e
2025-09-15 22:50:08.870 TRACE client[0]: Processing transaction with hash: 8308cb089a81bd4bee54a2a4a610cd4b56d6f80a90e08f57904ce84e2f6f272e
2025-09-15 22:50:08.870 DEBUG client[0]: Submitting transaction 8308cb089a81bd4bee54a2a4a610cd4b56d6f80a90e08f57904ce84e2f6f272e
2025-09-15 22:50:08.954 TRACE : trigger interaction 0xc0005c54a0 907/1200
[TRACE] Decoding transaction bytes of length: 230
[TRACE] Transaction type: 6
[TRACE] Successfully decoded transaction with hash: ffbbfd19a0d2b59ae652825efa939f2408c6951f56fa315bc847ee41ae73b500
2025-09-15 22:50:08.954 TRACE client[0]: Processing transaction with hash: ffbbfd19a0d2b59ae652825efa939f2408c6951f56fa315bc847ee41ae73b500
2025-09-15 22:50:08.954 DEBUG client[0]: Submitting transaction ffbbfd19a0d2b59ae652825efa939f2408c6951f56fa315bc847ee41ae73b500
2025-09-15 22:50:09.037 TRACE : trigger interaction 0xc0005c5590 908/1200
[TRACE] Decoding transaction bytes of length: 230
[TRACE] Transaction type: 6
[TRACE] Successfully decoded transaction with hash: 415b92075e918d9529c5b9e124cdaa9791dac62ee3ce3baf6afdf68ca980f31f
2025-09-15 22:50:09.037 TRACE client[0]: Processing transaction with hash: 415b92075e918d9529c5b9e124cdaa9791dac62ee3ce3baf6afdf68ca980f31f
2025-09-15 22:50:09.037 DEBUG client[0]: Submitting transaction 415b92075e918d9529c5b9e124cdaa9791dac62ee3ce3baf6afdf68ca980f31f
2025-09-15 22:50:09.121 TRACE : trigger interaction 0xc0005c5680 909/1200
[TRACE] Decoding transaction bytes of length: 230
[TRACE] Transaction type: 6
[TRACE] Successfully decoded transaction with hash: 7511431cbbbf8c5c8c0052277fe7375d49f52fb7262031d3a95c8a2f1fde22bb
2025-09-15 22:50:09.121 TRACE client[0]: Processing transaction with hash: 7511431cbbbf8c5c8c0052277fe7375d49f52fb7262031d3a95c8a2f1fde22bb
2025-09-15 22:50:09.121 DEBUG client[0]: Submitting transaction 7511431cbbbf8c5c8c0052277fe7375d49f52fb7262031d3a95c8a2f1fde22bb
2025-09-15 22:50:09.204 TRACE : trigger interaction 0xc0005c5770 910/1200
[TRACE] Decoding transaction bytes of length: 230
[TRACE] Transaction type: 6
[TRACE] Successfully decoded transaction with hash: 0c048be1518b63243fb0af4895eca7b011391b070c4c60a75a0936b857ba723b
2025-09-15 22:50:09.204 TRACE client[0]: Processing transaction with hash: 0c048be1518b63243fb0af4895eca7b011391b070c4c60a75a0936b857ba723b
2025-09-15 22:50:09.204 DEBUG client[0]: Submitting transaction 0c048be1518b63243fb0af4895eca7b011391b070c4c60a75a0936b857ba723b
2025-09-15 22:50:09.287 TRACE : trigger interaction 0xc0005c5860 911/1200
[TRACE] Decoding transaction bytes of length: 230
[TRACE] Transaction type: 6
[TRACE] Successfully decoded transaction with hash: d0cc494c021e103556e8bffc816486a999f4878dfa8242651c9ae7d1d59236d9
2025-09-15 22:50:09.287 TRACE client[0]: Processing transaction with hash: d0cc494c021e103556e8bffc816486a999f4878dfa8242651c9ae7d1d59236d9
2025-09-15 22:50:09.287 DEBUG client[0]: Submitting transaction d0cc494c021e103556e8bffc816486a999f4878dfa8242651c9ae7d1d59236d9
2025-09-15 22:50:09.371 TRACE : trigger interaction 0xc0005c5950 912/1200
[TRACE] Decoding transaction bytes of length: 230
[TRACE] Transaction type: 6
[TRACE] Successfully decoded transaction with hash: f408ab82d3daf0e899ae774b9a2d6503f3f466ed873e59c4bd3b3785647a037e
2025-09-15 22:50:09.371 TRACE client[0]: Processing transaction with hash: f408ab82d3daf0e899ae774b9a2d6503f3f466ed873e59c4bd3b3785647a037e
2025-09-15 22:50:09.371 DEBUG client[0]: Submitting transaction f408ab82d3daf0e899ae774b9a2d6503f3f466ed873e59c4bd3b3785647a037e
2025-09-15 22:50:09.454 TRACE : trigger interaction 0xc0005c5a40 913/1200
[TRACE] Decoding transaction bytes of length: 230
[TRACE] Transaction type: 6
[TRACE] Successfully decoded transaction with hash: 3e07c245ab85bc67ee932760762fc94deb2b41dea8100d55f168ce7d1f022de1
2025-09-15 22:50:09.454 TRACE client[0]: Processing transaction with hash: 3e07c245ab85bc67ee932760762fc94deb2b41dea8100d55f168ce7d1f022de1
2025-09-15 22:50:09.454 DEBUG client[0]: Submitting transaction 3e07c245ab85bc67ee932760762fc94deb2b41dea8100d55f168ce7d1f022de1
2025-09-15 22:50:09.537 TRACE : trigger interaction 0xc0005c5b30 914/1200
[TRACE] Decoding transaction bytes of length: 230
[TRACE] Transaction type: 6
[TRACE] Successfully decoded transaction with hash: 1572655973d2f3e7798cfe2a41cfee70efddfe4eb0a8b4b274d2ff9953c77270
2025-09-15 22:50:09.538 TRACE client[0]: Processing transaction with hash: 1572655973d2f3e7798cfe2a41cfee70efddfe4eb0a8b4b274d2ff9953c77270
2025-09-15 22:50:09.538 DEBUG client[0]: Submitting transaction 1572655973d2f3e7798cfe2a41cfee70efddfe4eb0a8b4b274d2ff9953c77270
2025-09-15 22:50:09.620 TRACE : trigger interaction 0xc0005c5c20 915/1200
[TRACE] Decoding transaction bytes of length: 230
[TRACE] Transaction type: 6
[TRACE] Successfully decoded transaction with hash: eb2cf3681b0cebb158d91077d69349f0d6125b3b5e71b2b556141c809bb40329
2025-09-15 22:50:09.620 TRACE client[0]: Processing transaction with hash: eb2cf3681b0cebb158d91077d69349f0d6125b3b5e71b2b556141c809bb40329
2025-09-15 22:50:09.620 DEBUG client[0]: Submitting transaction eb2cf3681b0cebb158d91077d69349f0d6125b3b5e71b2b556141c809bb40329
2025-09-15 22:50:09.704 TRACE : trigger interaction 0xc0005c5d10 916/1200
[TRACE] Decoding transaction bytes of length: 230
[TRACE] Transaction type: 6
[TRACE] Successfully decoded transaction with hash: 8dbc56349e2a3832cd1a844e3c9a490d40126f93b66e85b6496eb492210e6635
2025-09-15 22:50:09.704 TRACE client[0]: Processing transaction with hash: 8dbc56349e2a3832cd1a844e3c9a490d40126f93b66e85b6496eb492210e6635
2025-09-15 22:50:09.704 DEBUG client[0]: Submitting transaction 8dbc56349e2a3832cd1a844e3c9a490d40126f93b66e85b6496eb492210e6635
2025-09-15 22:50:09.787 TRACE : trigger interaction 0xc0005c5e00 917/1200
[TRACE] Decoding transaction bytes of length: 230
[TRACE] Transaction type: 6
[TRACE] Successfully decoded transaction with hash: 57e828ed5cf48beb21bca49d3c619e206e9bf1dd073d6adeef973a5093516d53
2025-09-15 22:50:09.787 TRACE client[0]: Processing transaction with hash: 57e828ed5cf48beb21bca49d3c619e206e9bf1dd073d6adeef973a5093516d53
2025-09-15 22:50:09.787 DEBUG client[0]: Submitting transaction 57e828ed5cf48beb21bca49d3c619e206e9bf1dd073d6adeef973a5093516d53
2025-09-15 22:50:09.871 TRACE : trigger interaction 0xc00027eff0 918/1200
[TRACE] Decoding transaction bytes of length: 230
[TRACE] Transaction type: 6
[TRACE] Successfully decoded transaction with hash: 67632f1ce48341aea1b1e565b4e08b4f6a8e88093eb2613c211943a6212d19f6
2025-09-15 22:50:09.871 TRACE client[0]: Processing transaction with hash: 67632f1ce48341aea1b1e565b4e08b4f6a8e88093eb2613c211943a6212d19f6
2025-09-15 22:50:09.871 DEBUG client[0]: Submitting transaction 67632f1ce48341aea1b1e565b4e08b4f6a8e88093eb2613c211943a6212d19f6
2025-09-15 22:50:09.954 TRACE : trigger interaction 0xc00027f0e0 919/1200
[TRACE] Decoding transaction bytes of length: 230
[TRACE] Transaction type: 6
[TRACE] Successfully decoded transaction with hash: 2a5f7b611445e42a5f32c90d1558ff485a0a651ec391dfa2c1ce1141aee097e0
2025-09-15 22:50:09.954 TRACE client[0]: Processing transaction with hash: 2a5f7b611445e42a5f32c90d1558ff485a0a651ec391dfa2c1ce1141aee097e0
2025-09-15 22:50:09.954 DEBUG client[0]: Submitting transaction 2a5f7b611445e42a5f32c90d1558ff485a0a651ec391dfa2c1ce1141aee097e0
2025-09-15 22:50:10.037 TRACE : trigger interaction 0xc00027f1d0 920/1200
[TRACE] Decoding transaction bytes of length: 230
[TRACE] Transaction type: 6
[TRACE] Successfully decoded transaction with hash: 0f8852f652e9c53717048670a431af436cf44d62336a3f0436abbf4ba3f4a6e8
2025-09-15 22:50:10.037 TRACE client[0]: Processing transaction with hash: 0f8852f652e9c53717048670a431af436cf44d62336a3f0436abbf4ba3f4a6e8
2025-09-15 22:50:10.037 DEBUG client[0]: Submitting transaction 0f8852f652e9c53717048670a431af436cf44d62336a3f0436abbf4ba3f4a6e8
2025-09-15 22:50:10.121 TRACE : trigger interaction 0xc00027f2c0 921/1200
[TRACE] Decoding transaction bytes of length: 230
[TRACE] Transaction type: 6
[TRACE] Successfully decoded transaction with hash: 2d6e12465ed1dbbf5f91a9df3ed1a4a95334ccdbe56f8f57f079ccc3cb819984
2025-09-15 22:50:10.121 TRACE client[0]: Processing transaction with hash: 2d6e12465ed1dbbf5f91a9df3ed1a4a95334ccdbe56f8f57f079ccc3cb819984
2025-09-15 22:50:10.121 DEBUG client[0]: Submitting transaction 2d6e12465ed1dbbf5f91a9df3ed1a4a95334ccdbe56f8f57f079ccc3cb819984
2025-09-15 22:50:10.204 TRACE : trigger interaction 0xc00027f3b0 922/1200
[TRACE] Decoding transaction bytes of length: 230
[TRACE] Transaction type: 6
[TRACE] Successfully decoded transaction with hash: 8e184cbdd43d7432c7c330c61f1dab9307cc3528e33c1b6054d0c45d4f97b847
2025-09-15 22:50:10.204 TRACE client[0]: Processing transaction with hash: 8e184cbdd43d7432c7c330c61f1dab9307cc3528e33c1b6054d0c45d4f97b847
2025-09-15 22:50:10.204 DEBUG client[0]: Submitting transaction 8e184cbdd43d7432c7c330c61f1dab9307cc3528e33c1b6054d0c45d4f97b847
2025-09-15 22:50:10.287 TRACE : trigger interaction 0xc00027f4a0 923/1200
[TRACE] Decoding transaction bytes of length: 230
[TRACE] Transaction type: 6
[TRACE] Successfully decoded transaction with hash: ceb51357661ea908858ac0efea9ac05ebdeb29b99715ebf3301e99fe066e37d6
2025-09-15 22:50:10.288 TRACE client[0]: Processing transaction with hash: ceb51357661ea908858ac0efea9ac05ebdeb29b99715ebf3301e99fe066e37d6
2025-09-15 22:50:10.288 DEBUG client[0]: Submitting transaction ceb51357661ea908858ac0efea9ac05ebdeb29b99715ebf3301e99fe066e37d6
2025-09-15 22:50:10.370 TRACE : trigger interaction 0xc00027f590 924/1200
[TRACE] Decoding transaction bytes of length: 230
[TRACE] Transaction type: 6
[TRACE] Successfully decoded transaction with hash: 02254188c271ff8a35ff2881dc7ae81e9fde4210d25993196b75a85ca8e1d0e4
2025-09-15 22:50:10.371 TRACE client[0]: Processing transaction with hash: 02254188c271ff8a35ff2881dc7ae81e9fde4210d25993196b75a85ca8e1d0e4
2025-09-15 22:50:10.371 DEBUG client[0]: Submitting transaction 02254188c271ff8a35ff2881dc7ae81e9fde4210d25993196b75a85ca8e1d0e4
2025-09-15 22:50:10.453 TRACE : trigger interaction 0xc00027f680 925/1200
[TRACE] Decoding transaction bytes of length: 230
[TRACE] Transaction type: 6
[TRACE] Successfully decoded transaction with hash: cd53ca9d020c05ccc4a647aaf129b2824dae79fe30af296f3c35b34ba37ba983
2025-09-15 22:50:10.454 TRACE client[0]: Processing transaction with hash: cd53ca9d020c05ccc4a647aaf129b2824dae79fe30af296f3c35b34ba37ba983
2025-09-15 22:50:10.454 DEBUG client[0]: Submitting transaction cd53ca9d020c05ccc4a647aaf129b2824dae79fe30af296f3c35b34ba37ba983
2025-09-15 22:50:10.537 TRACE : trigger interaction 0xc00027f770 926/1200
[TRACE] Decoding transaction bytes of length: 230
[TRACE] Transaction type: 6
[TRACE] Successfully decoded transaction with hash: b31547ac88c90a3293fe1d26b71400583fd3667ba3b89694cf781c4cc728c0c5
2025-09-15 22:50:10.537 TRACE client[0]: Processing transaction with hash: b31547ac88c90a3293fe1d26b71400583fd3667ba3b89694cf781c4cc728c0c5
2025-09-15 22:50:10.537 DEBUG client[0]: Submitting transaction b31547ac88c90a3293fe1d26b71400583fd3667ba3b89694cf781c4cc728c0c5
2025-09-15 22:50:10.621 TRACE : trigger interaction 0xc00027f860 927/1200
[TRACE] Decoding transaction bytes of length: 230
[TRACE] Transaction type: 6
[TRACE] Successfully decoded transaction with hash: 52b5220a3611111fa79db12fccf83e48bd159eb33c7b0e8ac8bd95207cb11d4b
2025-09-15 22:50:10.621 TRACE client[0]: Processing transaction with hash: 52b5220a3611111fa79db12fccf83e48bd159eb33c7b0e8ac8bd95207cb11d4b
2025-09-15 22:50:10.621 DEBUG client[0]: Submitting transaction 52b5220a3611111fa79db12fccf83e48bd159eb33c7b0e8ac8bd95207cb11d4b
2025-09-15 22:50:10.647 TRACE client[0]: Found transaction in block: 57d48f38255bd8d0a82795d069df1868c2e7ad995971290e5a733a51f597af31
2025-09-15 22:50:10.647 TRACE client[0]: Found transaction in block: 09e60ddceb5a423b9543faa492abe8c4cef6a864670d7bf6b1e6519bef24ae0a
2025-09-15 22:50:10.647 TRACE client[0]: Found transaction in block: d999fa8dccbdd8b65ddd18652c49950cea3b9ff5441c672b40cba19c42b02bfd
2025-09-15 22:50:10.647 TRACE client[0]: Found transaction in block: 04bfdfb61612585bf9278593a50acfd4b01484cd748cb05519068ee7ba866530
2025-09-15 22:50:10.647 TRACE client[0]: Found transaction in block: 66029af301d9b7c0a6f31b52324ceb816911c51c01786905ac3503773f9666da
2025-09-15 22:50:10.647 TRACE client[0]: Found transaction in block: d1a729070db6082d5d6ebfc9fb24caef9b4966db67dc651a5e7cab4ce82e0bc6
2025-09-15 22:50:10.647 TRACE client[0]: Found transaction in block: c5ddcc2b48a1eb356b9c9ebede5a74c652cb9cff4ed6261f6fc3de46125aafd5
2025-09-15 22:50:10.647 TRACE client[0]: Found transaction in block: 6927bf63f17832b6eebef2b6490b06254c49fb761a5466cf747507ebfb44935a
2025-09-15 22:50:10.647 TRACE client[0]: Found transaction in block: c09b5498a87eb6e12787513249057d94cd2dbc8e7487eebed44e11a5e6b70f46
2025-09-15 22:50:10.647 TRACE client[0]: Found transaction in block: 4ce965f578d42e1cc0a2fd2485803078d81c10f6c50ef36b1b1b94877378d737
2025-09-15 22:50:10.647 TRACE client[0]: Found transaction in block: e91ad5aafa58044382b1e4f353b3092a2740e6d886eec7496212859405c211ad
2025-09-15 22:50:10.647 TRACE client[0]: Found transaction in block: a37034337e6dc4f3551e82cff23962e725f8b8767bfbb9efc18e317e45cf171d
2025-09-15 22:50:10.647 TRACE client[0]: Found transaction in block: da86d5a136b6a66a750cc395f3256a375467eec2c75f5387452b2de22e9892e0
2025-09-15 22:50:10.647 TRACE client[0]: Found transaction in block: 658348a16b28e1d529cc7fa1c6daa78ecab6950ee9cc1c04cebd1edab27f9485
2025-09-15 22:50:10.647 TRACE client[0]: Found transaction in block: 3c86e9734770f3b0120cae5879af955528a61c2b26feea8ef4b02d70349dbf02
2025-09-15 22:50:10.647 TRACE client[0]: Found transaction in block: 3fa5684e7478cda0dc82f472f260bceba4fb1a39063a7a88e6f55fbf705df5c2
2025-09-15 22:50:10.647 TRACE client[0]: Found transaction in block: 1c35538f47e7eafea09fdd383cdd80cd60da4626269ae100d3de3a56dcf7d123
2025-09-15 22:50:10.647 TRACE client[0]: Found transaction in block: 32e979ddd04e5805c477f9dfbfca09d96a62f1cd8261604fca7221beb61fbeca
2025-09-15 22:50:10.647 TRACE client[0]: Found transaction in block: 4785d9f619d41d39b3737c90db13ce79a829becb37c38b2940364860577c7bd2
2025-09-15 22:50:10.647 TRACE client[0]: Found transaction in block: 1cd5b1d3dc73677d6a2b2310d49d284144796fd8217fe4f84c591062015ef91b
2025-09-15 22:50:10.647 TRACE client[0]: Found transaction in block: c6ec3cc8917238a6e98b838c6d3c807787adad21bda17280c9abde3baa08fa0e
2025-09-15 22:50:10.647 TRACE client[0]: Found transaction in block: 35ef69b4d0c59fa96421d4050331c9ce1b260fe5feff38b16ff6b72a26e5ca72
2025-09-15 22:50:10.647 TRACE client[0]: Found transaction in block: af4dd884b5a9032d52a0326b3cb4642de9fbcf445bca66de1aa39679fcd5b1e4
2025-09-15 22:50:10.647 TRACE client[0]: Found transaction in block: 715b5691130ca16879bf5d3be05ededd3baab63f90b28b64e6bc6f931829f7d6
2025-09-15 22:50:10.647 TRACE client[0]: Found transaction in block: d3c08367061e0130ef5eb986794162e7f81be1d912bd78c97e9c5d59ca83c6e3
2025-09-15 22:50:10.647 TRACE client[0]: Found transaction in block: 6598a06f0fd5c29abda84902a534932a9f1492f94dc722238c110130de479d55
2025-09-15 22:50:10.647 TRACE client[0]: Found transaction in block: 9e258c6489987609c28c8a85cce62d4cd7253b1cbe2a7a67c25cebff207ca939
2025-09-15 22:50:10.647 TRACE client[0]: Found transaction in block: 641e9226785d866726c6571333e70727df02b7d2c805ef80e5710aeac856aa55
2025-09-15 22:50:10.647 TRACE client[0]: Found transaction in block: 325eb5b2b9d535d3cc3a2f62f58db337d51225a818c19e75a79569ea74d7cf00
2025-09-15 22:50:10.647 TRACE client[0]: Found transaction in block: 1e1e9b7fdede142ddb670e3b69c6e6054b44b88eac5566a190e7dab1151bc15c
2025-09-15 22:50:10.647 TRACE client[0]: Found transaction in block: 7012e66662941baaf242b7f6b23ee75e25c63ecdcbf6e3ab5901c3f467b30e30
2025-09-15 22:50:10.647 TRACE client[0]: Found transaction in block: b6689748233327241a91ef7c0d733c2f923fbcf0e6e1f7f50cc7fced43d689be
2025-09-15 22:50:10.647 TRACE client[0]: Found transaction in block: a3f716c601400e9123ed2b22ec61bc29ea7ac8628cd0887b9f9fcd7801a4b506
2025-09-15 22:50:10.647 TRACE client[0]: Found transaction in block: fdf3a5756cfaeaaa422746307a7d1ec74eeb46f69fd87707eaeccada860045ce
2025-09-15 22:50:10.647 TRACE client[0]: Found transaction in block: e4961cb8c741ca4dc96f27e35344fb457f645e7b7f9e5c5d3954ebf82a9764a3
2025-09-15 22:50:10.647 TRACE client[0]: Found transaction in block: 39d96291654d05cb39543f91fd8141a77f8b6639403dd17ba4dc6a7df5d12364
2025-09-15 22:50:10.647 TRACE client[0]: Found transaction in block: f3b05a3cdd85f8701e7f0694eddf8cb2dbb2abf9be1e431316002d4f12d356a1
2025-09-15 22:50:10.647 TRACE client[0]: Found transaction in block: 37e5636302c523ec443bd904bbddbc8da31d0a9b79c525201b5acac9cdc84a27
2025-09-15 22:50:10.647 TRACE client[0]: Found transaction in block: 6e73720474bd725d3f6fdad64b9e5d4c982827a12584a22c0036055890803331
2025-09-15 22:50:10.647 TRACE client[0]: Found transaction in block: fab145302de7f71090442fd4c856ca61df6840b0172a62f4a05752feb1c023d3
2025-09-15 22:50:10.647 TRACE client[0]: Found transaction in block: d1ee0084f8b32fd4aaa3041a62d3ee6ed47a34e1ecf8270934451898b5819a20
2025-09-15 22:50:10.647 TRACE client[0]: Found transaction in block: f0b7e3d750465513cde64658e7517168f3fa5d211f76217a3a6ba833c7ca0230
2025-09-15 22:50:10.647 TRACE client[0]: Found transaction in block: 88996a7eebffe06bec71f47a7670e252b3a5b92d0d248deaa7756fbc7e25c7e1
2025-09-15 22:50:10.647 TRACE client[0]: Found transaction in block: bb06bd2aa2e1a73b434929b1f17486f573cb0026891c0f9a97adffef559a1f54
2025-09-15 22:50:10.647 TRACE client[0]: Found transaction in block: 8e279e8c4e617777a972503ee88cce23230b9d5023f8aeb4b86b83df04ce9762
2025-09-15 22:50:10.647 TRACE client[0]: Found transaction in block: 5b23c1742267903c5aceef67693642235fc39738e5db75be1138bf5b7c784561
2025-09-15 22:50:10.647 TRACE client[0]: Found transaction in block: 3abc3e57b844be16c871918f29787ae897e88f72a31d34643e99d3f73418c2d2
2025-09-15 22:50:10.647 TRACE client[0]: Found transaction in block: 77b037627033e7b6fefb26078cd06eb62b26624c828e119e3aed6f9819bf55a5
2025-09-15 22:50:10.647 TRACE client[0]: Found transaction in block: 55b3e8edbfa222f8c53caffc757edb03bf002e32b4c9247f31f9d84a08df0ff7
2025-09-15 22:50:10.647 TRACE client[0]: Found transaction in block: fa4895680b2ce07f449f3646114fa42cb86c92f035d929a492a2c21de3ca47a8
2025-09-15 22:50:10.647 TRACE client[0]: Found transaction in block: e41ce0b099016f44176b4b835146cfffe005e84698222dd18ae5eac2799977db
2025-09-15 22:50:10.647 TRACE client[0]: Found transaction in block: ed29330cd2d3249a5f896868c0b5224a7eeabdfbbacaa0d9f7ea48053e752248
2025-09-15 22:50:10.647 TRACE client[0]: Found transaction in block: 8ad53d723f28332d50761af9116070583e1ad051fdc7e76ae3c2a2b1f4e02a6c
2025-09-15 22:50:10.647 TRACE client[0]: Found transaction in block: 2804c4490818b156eb9423d968fe9d87c55e00a90fe6f3f4dc8dd58ad55ff509
2025-09-15 22:50:10.647 TRACE client[0]: Found transaction in block: e95689d20832ef278716a0d71a6868f63064921960c2e51446835a727b15025f
2025-09-15 22:50:10.647 TRACE client[0]: Found transaction in block: 4446577260cc839c2198240fb29e953f880c53a86934dcf73b1a4a75256cdf38
2025-09-15 22:50:10.647 TRACE client[0]: Found transaction in block: ca159f0756b4b73160014f48399491305c7de9de11e043b5984fbee7805c932c
2025-09-15 22:50:10.647 TRACE client[0]: Found transaction in block: 1bc23d3cb153c4cd67d85310a66836bab476606bd14496659636cfc84b08297f
2025-09-15 22:50:10.647 TRACE client[0]: Found transaction in block: 7a03ad6f8e7cf31774c63e39f9a5acc785deba26615f11d5592c85b89ac95cbf
2025-09-15 22:50:10.647 TRACE client[0]: Found transaction in block: bbf1f1c561a2532b574fd2f6c73b657704c4130a99083ac1463c95f89a475bec
2025-09-15 22:50:10.647 TRACE client[0]: Found transaction in block: 6a39df39ba8061659865b085da32aa224bdaf3150bb3c9ec500df8daccac1fc6
2025-09-15 22:50:10.647 TRACE client[0]: Found transaction in block: e1b7d067b597248bcd3d04bd2fca5c8857effbc25a62babfab43270a468f340d
2025-09-15 22:50:10.647 TRACE client[0]: Found transaction in block: d75f8c4f887045d1ae3ab9b5f3dd79cda95bafb79d14572abfcfcdb73261db57
2025-09-15 22:50:10.647 TRACE client[0]: Found transaction in block: 92040bb8dee5b4d029673275ef53df2630d6cfaebd0d68af64f3e7bed00b3ef5
2025-09-15 22:50:10.647 TRACE client[0]: Found transaction in block: 6b4b06ba14a13acd04b260e16afedab3356d52a747ebc50afdf8132f5755a44b
2025-09-15 22:50:10.647 TRACE client[0]: Found transaction in block: dd30b9ff26733b8d551f86172f7884a80f9fa8dd922b28cc92e88149dd6c95e0
2025-09-15 22:50:10.647 TRACE client[0]: Found transaction in block: f19edae21453793c8a461a2fe80e4190b6bebc88653c3db2fe477735f7bd0b18
2025-09-15 22:50:10.647 TRACE client[0]: Found transaction in block: 8a773596dc025962926938575cd5e2fd38bab1f6a6691daea5fb733fca0b2dbb
2025-09-15 22:50:10.647 TRACE client[0]: Found transaction in block: acceb68f6224e9fc135aad02565e4854458adadb422ce1cbb41462e28602dfda
2025-09-15 22:50:10.647 TRACE client[0]: Found transaction in block: 2b8e5a8697d28dae7b67ecd5c645ba8f031acc67310e9d31e37ab78250d41132
2025-09-15 22:50:10.647 TRACE client[0]: Found transaction in block: 72c6ab3df1e438ca538d5e6bfdd60be97b3df0a14e14bfbc521b5952e710bc69
2025-09-15 22:50:10.647 TRACE client[0]: Found transaction in block: bcebe923be47fb3ff26ec028537e77bfcd92289861965a19b2e0f0afc5652cd7
2025-09-15 22:50:10.647 TRACE client[0]: Found transaction in block: a773c5097af0e8d6226c6d244351cc7ec5de9f52a68409af8167feda8c735d7c
2025-09-15 22:50:10.647 TRACE client[0]: Found transaction in block: 17ab9ebed85db0d9548aba3037f9d038d52d73639d6ee49e073d29e7e31b3838
2025-09-15 22:50:10.647 TRACE client[0]: Found transaction in block: eb1e06dff1a886ef77906ea39d30e6700c2b7a359ec46fac500e77a663d58cf9
2025-09-15 22:50:10.647 TRACE client[0]: Found transaction in block: 4999a19e5433c6d84509a03881fab1dbd81073cc190a4310d85b3a5a309fb246
2025-09-15 22:50:10.647 TRACE client[0]: Found transaction in block: 6d5a22705056e1a9a05464d328bc2c9adc2b2910c03dfc20faddf2c3cbe66055
2025-09-15 22:50:10.647 TRACE client[0]: Found transaction in block: a14ac866091a14f545f66bd64c7d1044532668a5b506428ffce81d2ff9b9d072
2025-09-15 22:50:10.647 TRACE client[0]: Found transaction in block: 49fa1254853ab3b921f0e81cc48a3a4454c79aaa696100eee889c6db1eadc253
2025-09-15 22:50:10.647 TRACE client[0]: Found transaction in block: 91327321c8ccb6ea2d434ed723fb231fd0cadb57b9fa170f75e76271450f95af
2025-09-15 22:50:10.647 TRACE client[0]: Found transaction in block: 517354283b5ed768459f593b5f22f841f7738d0d6847ba686a4c1ec0c38ad702
2025-09-15 22:50:10.647 TRACE client[0]: Found transaction in block: 425411b014ba0e236de46b1822c765291a8a23a4f9042ccffb9d23a0cab67a4f
2025-09-15 22:50:10.647 TRACE client[0]: Found transaction in block: 89528d5f034f9dd241d15e95dcba8d4559eba47060d9754bd9b5973b460e8439
2025-09-15 22:50:10.647 TRACE client[0]: Found transaction in block: 4a404d8c62cd9de200071160278426671a915b8842de0b4d60f63ff3321b45e4
2025-09-15 22:50:10.647 TRACE client[0]: Found transaction in block: 943c913641100639b165a34cbf7276f1b903f19367450f901acd432bd264a86e
2025-09-15 22:50:10.647 TRACE client[0]: Found transaction in block: 664efc8bb8b6dad6c5c3014f028ace1c4967ead9e8047726d3b25240ef9e2c10
2025-09-15 22:50:10.647 TRACE client[0]: Found transaction in block: d859dd170551e37990d965e4863175e0aacb1baf9966885e0811a8077dddacfe
2025-09-15 22:50:10.647 TRACE client[0]: Found transaction in block: ffc0b525ceb48e9502f1625ea7ac56674799c82c02b3b8ad455b19815133d5e3
2025-09-15 22:50:10.647 TRACE client[0]: Found transaction in block: 1e716ed09f4efd37cf69cfb3fadf6d923bc1f7ce7ef5335ee5e70c37f197f64c
2025-09-15 22:50:10.647 TRACE client[0]: Found transaction in block: cee5c737644262ce855f5c226f2d043775552bff913433f90e4a866091eabe13
2025-09-15 22:50:10.647 TRACE client[0]: Found transaction in block: 153b04f1a9cf4439dac6d1502d6873e0038ec97742d2371ada93372193aa907a
2025-09-15 22:50:10.647 TRACE client[0]: Found transaction in block: 993af409b08760310181513a7ebaee6ec04a2df0f9a322c171cfff6a4d6fc09e
2025-09-15 22:50:10.647 TRACE client[0]: Found transaction in block: ae8c1c61b4296688fbc33fc1e014534a7320fa6915a98ebea922ca650e519a99
2025-09-15 22:50:10.647 TRACE client[0]: Found transaction in block: 0a4e8ebbac9e36b9d185a873a384502ce000aec07ea8537afc7703e5e36a2d8a
2025-09-15 22:50:10.647 TRACE client[0]: Found transaction in block: 6c0a0493925aafa010cc8a0063fee8cc3e1b6a519ae06c10bd3992d4c9253724
2025-09-15 22:50:10.647 TRACE client[0]: Found transaction in block: 92c3a247386fada7d4b5efef66db24385d415ad86285d4306b08e831d321d75a
2025-09-15 22:50:10.647 TRACE client[0]: Found transaction in block: 467ab39377404906fa9df35759b15b8d1c226b36b8f9b455e0c0ddee5f645232
2025-09-15 22:50:10.647 TRACE client[0]: Found transaction in block: fe0fd086950884000a4db766e97bd19ee771cf5bd3280ff88f1178f91f970728
2025-09-15 22:50:10.647 TRACE client[0]: Found transaction in block: affd6df18ca4ad7006ed18fbf76cdaa7a8b9b1c1b0acc4878d63240e3de7ff9d
2025-09-15 22:50:10.647 TRACE client[0]: Found transaction in block: b3201003e5d64d3402d0dac1ff86088de0c6dec2ef5fae4336a0f5067c7bee29
2025-09-15 22:50:10.647 TRACE client[0]: Found transaction in block: 6e134734e0c173c328ac2e254cf3073da66abab3b71b6565af8fc7d757dcf462
2025-09-15 22:50:10.647 TRACE client[0]: Found transaction in block: df0dbeec04c5662b12202dbe7b2daf85f224ebc1b3aae0523b27c92145c8c813
2025-09-15 22:50:10.647 TRACE client[0]: Found transaction in block: c562c64ec03d722627599a223c474a91d5f2d543226802d777d153b5dd40f2a5
2025-09-15 22:50:10.647 TRACE client[0]: Found transaction in block: 03354d1c5bcaf2bb8235222e0253ff589885a3c188384ed25065855cc42c1975
2025-09-15 22:50:10.647 TRACE client[0]: Found transaction in block: 9ef07fa2969471c7d6f50b21502327a9e0ca275d2688712dc6932a7a47348cab
2025-09-15 22:50:10.647 TRACE client[0]: Found transaction in block: 73166ae04a2690bc29e02f6d3c18f97147895cd726851736ba58dfa6e6a71660
2025-09-15 22:50:10.647 TRACE client[0]: Found transaction in block: 13cdcf3c816b54ad3b6e5fef2ac4163c4cfb99c0b80a677184f22adaaab2d987
2025-09-15 22:50:10.647 TRACE client[0]: Found transaction in block: bef6af079540c0e0b63cad009c19d6d5e4a0113a72720d9ac77241c797d3a714
2025-09-15 22:50:10.647 TRACE client[0]: Found transaction in block: e8bad28b663be15dee72136dcf2fe07a015b4815305491cb32ddcabdf68b9b0d
2025-09-15 22:50:10.647 TRACE client[0]: Found transaction in block: 6616ff6f9e8f3805aa099a2cf6bc1680a4d0d51f55e125fb5e7a7c3383f22528
2025-09-15 22:50:10.647 TRACE client[0]: Found transaction in block: 033fba067699e7d1ae02d593b6230ecba3be36abf400c9f6f61585b9812ad5e3
2025-09-15 22:50:10.647 TRACE client[0]: Found transaction in block: 3103f8960ae48f7c117afa2ea23a422653f7f006386601bfa4c143704af53803
2025-09-15 22:50:10.647 TRACE client[0]: Found transaction in block: f3de8fb0a6a65fd5336382eaba75b732355b277be31d781fc0b31e0c26d3a7a3
2025-09-15 22:50:10.647 TRACE client[0]: Found transaction in block: f5b6163df0b1e98c4f64c54311e71fa5fe3e3cc485b0dd0c70fbf98d826f18e3
2025-09-15 22:50:10.647 TRACE client[0]: Found transaction in block: 7d7afbe839562a9e14fdc2959f3e3ae63c24a62939abcfe5521b83bf39455de9
2025-09-15 22:50:10.647 TRACE client[0]: Found transaction in block: 966f0da608b5f58900d062b401c40049c83b1ac70628660a95519d965807fd28
2025-09-15 22:50:10.647 TRACE client[0]: Found transaction in block: c24053fab69b2515b125386cde9c7f5373679c84f5b4e2dfcdbf8e62854c6ee8
2025-09-15 22:50:10.647 TRACE client[0]: Found transaction in block: f8dfafc786aeaea8ab5c126c26d293fd47dc96939490bf33e5e24da9d98dcf6c
2025-09-15 22:50:10.647 TRACE client[0]: Found transaction in block: a3d5a1d6a42e1c495265e071a9c2a599242f67771bb62bc4a9eeb0d6cb97b807
2025-09-15 22:50:10.647 TRACE client[0]: Found transaction in block: 245a454e75257bc575660fbdd5a698d233530e4d45e701069a5838184fb26498
2025-09-15 22:50:10.647 TRACE client[0]: Found transaction in block: 5265ee6e3f74b3f9cbd6f39dadf3dafa209ee6be5a25c0ce4328959c6cb0c8bd
2025-09-15 22:50:10.647 TRACE client[0]: Found transaction in block: f86b0d86cef632c08a01633f92f9ec349a052b17d8659abf8c9ea97b533eb0f6
2025-09-15 22:50:10.647 TRACE client[0]: Found transaction in block: 6e4d7b525579c7d088ffb1f8e909d9818eb1f3181d53cc74f7faf4d27b83930b
2025-09-15 22:50:10.647 TRACE client[0]: Found transaction in block: 76d5a5d294cb71f966c81b786148cf4f960194a65fe10ccc295c4ec7db06303a
2025-09-15 22:50:10.647 TRACE client[0]: Found transaction in block: 9c530b37cdb022874d1a062651734bf3e21e3a1a5c4db60e84080209d745c134
2025-09-15 22:50:10.647 TRACE client[0]: Found transaction in block: 8308cb089a81bd4bee54a2a4a610cd4b56d6f80a90e08f57904ce84e2f6f272e
2025-09-15 22:50:10.647 TRACE client[0]: Found transaction in block: ffbbfd19a0d2b59ae652825efa939f2408c6951f56fa315bc847ee41ae73b500
2025-09-15 22:50:10.647 TRACE client[0]: Found transaction in block: 415b92075e918d9529c5b9e124cdaa9791dac62ee3ce3baf6afdf68ca980f31f
2025-09-15 22:50:10.647 TRACE client[0]: Found transaction in block: 7511431cbbbf8c5c8c0052277fe7375d49f52fb7262031d3a95c8a2f1fde22bb
2025-09-15 22:50:10.647 TRACE client[0]: Found transaction in block: 0c048be1518b63243fb0af4895eca7b011391b070c4c60a75a0936b857ba723b
2025-09-15 22:50:10.647 TRACE client[0]: Found transaction in block: d0cc494c021e103556e8bffc816486a999f4878dfa8242651c9ae7d1d59236d9
2025-09-15 22:50:10.647 TRACE client[0]: Found transaction in block: f408ab82d3daf0e899ae774b9a2d6503f3f466ed873e59c4bd3b3785647a037e
2025-09-15 22:50:10.647 TRACE client[0]: Found transaction in block: 3e07c245ab85bc67ee932760762fc94deb2b41dea8100d55f168ce7d1f022de1
2025-09-15 22:50:10.647 TRACE client[0]: Found transaction in block: 1572655973d2f3e7798cfe2a41cfee70efddfe4eb0a8b4b274d2ff9953c77270
2025-09-15 22:50:10.647 TRACE client[0]: Found transaction in block: eb2cf3681b0cebb158d91077d69349f0d6125b3b5e71b2b556141c809bb40329
2025-09-15 22:50:10.647 TRACE client[0]: Found transaction in block: 8dbc56349e2a3832cd1a844e3c9a490d40126f93b66e85b6496eb492210e6635
2025-09-15 22:50:10.647 TRACE client[0]: Found transaction in block: 57e828ed5cf48beb21bca49d3c619e206e9bf1dd073d6adeef973a5093516d53
2025-09-15 22:50:10.647 TRACE client[0]: Found transaction in block: 67632f1ce48341aea1b1e565b4e08b4f6a8e88093eb2613c211943a6212d19f6
2025-09-15 22:50:10.647 TRACE client[0]: Found transaction in block: 2a5f7b611445e42a5f32c90d1558ff485a0a651ec391dfa2c1ce1141aee097e0
2025-09-15 22:50:10.647 TRACE client[0]: Found transaction in block: 0f8852f652e9c53717048670a431af436cf44d62336a3f0436abbf4ba3f4a6e8
2025-09-15 22:50:10.647 TRACE client[0]: Found transaction in block: 2d6e12465ed1dbbf5f91a9df3ed1a4a95334ccdbe56f8f57f079ccc3cb819984
2025-09-15 22:50:10.647 TRACE client[0]: Found transaction in block: 8e184cbdd43d7432c7c330c61f1dab9307cc3528e33c1b6054d0c45d4f97b847
2025-09-15 22:50:10.647 TRACE client[0]: Found transaction in block: ceb51357661ea908858ac0efea9ac05ebdeb29b99715ebf3301e99fe066e37d6
2025-09-15 22:50:10.647 TRACE client[0]: Found transaction in block: 02254188c271ff8a35ff2881dc7ae81e9fde4210d25993196b75a85ca8e1d0e4
2025-09-15 22:50:10.647 TRACE client[0]: Found transaction in block: cd53ca9d020c05ccc4a647aaf129b2824dae79fe30af296f3c35b34ba37ba983
2025-09-15 22:50:10.647 TRACE client[0]: Found transaction in block: b31547ac88c90a3293fe1d26b71400583fd3667ba3b89694cf781c4cc728c0c5
2025-09-15 22:50:10.704 TRACE : trigger interaction 0xc00027f950 928/1200
[TRACE] Decoding transaction bytes of length: 230
[TRACE] Transaction type: 6
[TRACE] Successfully decoded transaction with hash: 1c97afc1193f19f16de2cd9eac4b573da1fc772980f09640ef947a994bbe96a4
2025-09-15 22:50:10.704 TRACE client[0]: Processing transaction with hash: 1c97afc1193f19f16de2cd9eac4b573da1fc772980f09640ef947a994bbe96a4
2025-09-15 22:50:10.704 DEBUG client[0]: Submitting transaction 1c97afc1193f19f16de2cd9eac4b573da1fc772980f09640ef947a994bbe96a4
2025-09-15 22:50:10.787 TRACE : trigger interaction 0xc00027fa40 929/1200
[TRACE] Decoding transaction bytes of length: 230
[TRACE] Transaction type: 6
[TRACE] Successfully decoded transaction with hash: baa1b042f8d86bf7e0562ef77cec67bbff8d96144d785d92df81ecd7aaea9c4f
2025-09-15 22:50:10.787 TRACE client[0]: Processing transaction with hash: baa1b042f8d86bf7e0562ef77cec67bbff8d96144d785d92df81ecd7aaea9c4f
2025-09-15 22:50:10.787 DEBUG client[0]: Submitting transaction baa1b042f8d86bf7e0562ef77cec67bbff8d96144d785d92df81ecd7aaea9c4f
2025-09-15 22:50:10.870 TRACE : trigger interaction 0xc00027fb30 930/1200
[TRACE] Decoding transaction bytes of length: 230
[TRACE] Transaction type: 6
[TRACE] Successfully decoded transaction with hash: 634732a2dd715fa5843ac8f76e1e5dfe7c5309e56c07e0346c2a692293ce2f0b
2025-09-15 22:50:10.871 TRACE client[0]: Processing transaction with hash: 634732a2dd715fa5843ac8f76e1e5dfe7c5309e56c07e0346c2a692293ce2f0b
2025-09-15 22:50:10.871 DEBUG client[0]: Submitting transaction 634732a2dd715fa5843ac8f76e1e5dfe7c5309e56c07e0346c2a692293ce2f0b
2025-09-15 22:50:10.954 TRACE : trigger interaction 0xc00027fc20 931/1200
[TRACE] Decoding transaction bytes of length: 230
[TRACE] Transaction type: 6
[TRACE] Successfully decoded transaction with hash: 6546d5f01b595695d65860a67d9e6e95662a8cf09bac04c6fd267de8229d14da
2025-09-15 22:50:10.954 TRACE client[0]: Processing transaction with hash: 6546d5f01b595695d65860a67d9e6e95662a8cf09bac04c6fd267de8229d14da
2025-09-15 22:50:10.954 DEBUG client[0]: Submitting transaction 6546d5f01b595695d65860a67d9e6e95662a8cf09bac04c6fd267de8229d14da
2025-09-15 22:50:11.037 TRACE : trigger interaction 0xc00027fd10 932/1200
[TRACE] Decoding transaction bytes of length: 230
[TRACE] Transaction type: 6
[TRACE] Successfully decoded transaction with hash: e2565b0333eff183615dc2c6e11fa42854aaa388f143e2bb8728f19d9ab1f4b1
2025-09-15 22:50:11.037 TRACE client[0]: Processing transaction with hash: e2565b0333eff183615dc2c6e11fa42854aaa388f143e2bb8728f19d9ab1f4b1
2025-09-15 22:50:11.037 DEBUG client[0]: Submitting transaction e2565b0333eff183615dc2c6e11fa42854aaa388f143e2bb8728f19d9ab1f4b1
2025-09-15 22:50:11.120 TRACE : trigger interaction 0xc00027fe00 933/1200
[TRACE] Decoding transaction bytes of length: 230
[TRACE] Transaction type: 6
[TRACE] Successfully decoded transaction with hash: 584c5d618ca93a6bc9891045724e509ea638b5b20079a3fda623794e87f7b23b
2025-09-15 22:50:11.120 TRACE client[0]: Processing transaction with hash: 584c5d618ca93a6bc9891045724e509ea638b5b20079a3fda623794e87f7b23b
2025-09-15 22:50:11.120 DEBUG client[0]: Submitting transaction 584c5d618ca93a6bc9891045724e509ea638b5b20079a3fda623794e87f7b23b
2025-09-15 22:50:11.204 TRACE : trigger interaction 0xc00048d680 934/1200
[TRACE] Decoding transaction bytes of length: 230
[TRACE] Transaction type: 6
[TRACE] Successfully decoded transaction with hash: 8bfc3735211d382f420b74e4f9dad61329c3ee1d186bdc5fb3a0990685f695a3
2025-09-15 22:50:11.205 TRACE client[0]: Processing transaction with hash: 8bfc3735211d382f420b74e4f9dad61329c3ee1d186bdc5fb3a0990685f695a3
2025-09-15 22:50:11.205 DEBUG client[0]: Submitting transaction 8bfc3735211d382f420b74e4f9dad61329c3ee1d186bdc5fb3a0990685f695a3
2025-09-15 22:50:11.288 TRACE : trigger interaction 0xc00048d770 935/1200
[TRACE] Decoding transaction bytes of length: 230
[TRACE] Transaction type: 6
[TRACE] Successfully decoded transaction with hash: 9191922d8cafa0e451860434192e32d9122f712f89857fd08e7a5f4527ad1be4
2025-09-15 22:50:11.288 TRACE client[0]: Processing transaction with hash: 9191922d8cafa0e451860434192e32d9122f712f89857fd08e7a5f4527ad1be4
2025-09-15 22:50:11.288 DEBUG client[0]: Submitting transaction 9191922d8cafa0e451860434192e32d9122f712f89857fd08e7a5f4527ad1be4
2025-09-15 22:50:11.371 TRACE : trigger interaction 0xc00048d860 936/1200
[TRACE] Decoding transaction bytes of length: 230
[TRACE] Transaction type: 6
[TRACE] Successfully decoded transaction with hash: 6ebcd03eb35667c82e1979517ef2761fbb42f004f5194088e0298806eada88ff
2025-09-15 22:50:11.371 TRACE client[0]: Processing transaction with hash: 6ebcd03eb35667c82e1979517ef2761fbb42f004f5194088e0298806eada88ff
2025-09-15 22:50:11.371 DEBUG client[0]: Submitting transaction 6ebcd03eb35667c82e1979517ef2761fbb42f004f5194088e0298806eada88ff
2025-09-15 22:50:11.454 TRACE : trigger interaction 0xc00048d950 937/1200
[TRACE] Decoding transaction bytes of length: 230
[TRACE] Transaction type: 6
[TRACE] Successfully decoded transaction with hash: 5169821547d869e7c5e7bb2b3759633b315aadcbe9e9c8d1a8fe269851f43944
2025-09-15 22:50:11.454 TRACE client[0]: Processing transaction with hash: 5169821547d869e7c5e7bb2b3759633b315aadcbe9e9c8d1a8fe269851f43944
2025-09-15 22:50:11.454 DEBUG client[0]: Submitting transaction 5169821547d869e7c5e7bb2b3759633b315aadcbe9e9c8d1a8fe269851f43944
2025-09-15 22:50:11.537 TRACE : trigger interaction 0xc00048da40 938/1200
[TRACE] Decoding transaction bytes of length: 230
[TRACE] Transaction type: 6
[TRACE] Successfully decoded transaction with hash: 20e59f40c3d798d3d29dd056e438ff6c33b1dcd6a9a33c2b0df6c6fd354835ba
2025-09-15 22:50:11.537 TRACE client[0]: Processing transaction with hash: 20e59f40c3d798d3d29dd056e438ff6c33b1dcd6a9a33c2b0df6c6fd354835ba
2025-09-15 22:50:11.537 DEBUG client[0]: Submitting transaction 20e59f40c3d798d3d29dd056e438ff6c33b1dcd6a9a33c2b0df6c6fd354835ba
2025-09-15 22:50:11.621 TRACE : trigger interaction 0xc00048db30 939/1200
[TRACE] Decoding transaction bytes of length: 230
[TRACE] Transaction type: 6
[TRACE] Successfully decoded transaction with hash: 9b2280f13368deb8c1981733dd2d0059185cbd106297685b310134f57de6253a
2025-09-15 22:50:11.621 TRACE client[0]: Processing transaction with hash: 9b2280f13368deb8c1981733dd2d0059185cbd106297685b310134f57de6253a
2025-09-15 22:50:11.621 DEBUG client[0]: Submitting transaction 9b2280f13368deb8c1981733dd2d0059185cbd106297685b310134f57de6253a
2025-09-15 22:50:11.703 TRACE : trigger interaction 0xc00048dc20 940/1200
[TRACE] Decoding transaction bytes of length: 230
[TRACE] Transaction type: 6
[TRACE] Successfully decoded transaction with hash: e02db3baf69b7b0fde4571b9a48b11ecfad6101f67e47465ba08d132bf4aeb3f
2025-09-15 22:50:11.704 TRACE client[0]: Processing transaction with hash: e02db3baf69b7b0fde4571b9a48b11ecfad6101f67e47465ba08d132bf4aeb3f
2025-09-15 22:50:11.704 DEBUG client[0]: Submitting transaction e02db3baf69b7b0fde4571b9a48b11ecfad6101f67e47465ba08d132bf4aeb3f
2025-09-15 22:50:11.788 TRACE : trigger interaction 0xc00048dd10 941/1200
[TRACE] Decoding transaction bytes of length: 230
[TRACE] Transaction type: 6
[TRACE] Successfully decoded transaction with hash: 1f1cea8461ef400b64bd1ac9ad314ed3506835819ce5752d86eebaef579f3a61
2025-09-15 22:50:11.788 TRACE client[0]: Processing transaction with hash: 1f1cea8461ef400b64bd1ac9ad314ed3506835819ce5752d86eebaef579f3a61
2025-09-15 22:50:11.788 DEBUG client[0]: Submitting transaction 1f1cea8461ef400b64bd1ac9ad314ed3506835819ce5752d86eebaef579f3a61
2025-09-15 22:50:11.871 TRACE : trigger interaction 0xc00048de00 942/1200
[TRACE] Decoding transaction bytes of length: 230
[TRACE] Transaction type: 6
[TRACE] Successfully decoded transaction with hash: 9a5c269c7baea0df71a79d7709f29ea2b02b918263aae3d39967b464b55e8b40
2025-09-15 22:50:11.871 TRACE client[0]: Processing transaction with hash: 9a5c269c7baea0df71a79d7709f29ea2b02b918263aae3d39967b464b55e8b40
2025-09-15 22:50:11.871 DEBUG client[0]: Submitting transaction 9a5c269c7baea0df71a79d7709f29ea2b02b918263aae3d39967b464b55e8b40
2025-09-15 22:50:11.954 TRACE : trigger interaction 0xc00048def0 943/1200
[TRACE] Decoding transaction bytes of length: 230
[TRACE] Transaction type: 6
[TRACE] Successfully decoded transaction with hash: 4807c0611a8be856c828bad4fdf232da9b7f242d621aca1a9da6ef4636d57d77
2025-09-15 22:50:11.954 TRACE client[0]: Processing transaction with hash: 4807c0611a8be856c828bad4fdf232da9b7f242d621aca1a9da6ef4636d57d77
2025-09-15 22:50:11.954 DEBUG client[0]: Submitting transaction 4807c0611a8be856c828bad4fdf232da9b7f242d621aca1a9da6ef4636d57d77
2025-09-15 22:50:12.037 TRACE : trigger interaction 0xc00049e000 944/1200
[TRACE] Decoding transaction bytes of length: 230
[TRACE] Transaction type: 6
[TRACE] Successfully decoded transaction with hash: efb0f3e5a844509c9d2b6582cc2fa631b48bda28f7476dc053cde5803bb02763
2025-09-15 22:50:12.037 TRACE client[0]: Processing transaction with hash: efb0f3e5a844509c9d2b6582cc2fa631b48bda28f7476dc053cde5803bb02763
2025-09-15 22:50:12.037 DEBUG client[0]: Submitting transaction efb0f3e5a844509c9d2b6582cc2fa631b48bda28f7476dc053cde5803bb02763
2025-09-15 22:50:12.121 TRACE : trigger interaction 0xc00049e0f0 945/1200
[TRACE] Decoding transaction bytes of length: 230
[TRACE] Transaction type: 6
[TRACE] Successfully decoded transaction with hash: 6ba3512da54e77a25cb3dc31f776ef91fb01ce0c39f3e0a3d5a89bc569fe7099
2025-09-15 22:50:12.121 TRACE client[0]: Processing transaction with hash: 6ba3512da54e77a25cb3dc31f776ef91fb01ce0c39f3e0a3d5a89bc569fe7099
2025-09-15 22:50:12.121 DEBUG client[0]: Submitting transaction 6ba3512da54e77a25cb3dc31f776ef91fb01ce0c39f3e0a3d5a89bc569fe7099
2025-09-15 22:50:12.203 TRACE : trigger interaction 0xc00049e1e0 946/1200
[TRACE] Decoding transaction bytes of length: 230
[TRACE] Transaction type: 6
[TRACE] Successfully decoded transaction with hash: 5e689baa31b1cf44ccd6704b05a69af3f28b42f5a77533147591134f81660844
2025-09-15 22:50:12.204 TRACE client[0]: Processing transaction with hash: 5e689baa31b1cf44ccd6704b05a69af3f28b42f5a77533147591134f81660844
2025-09-15 22:50:12.204 DEBUG client[0]: Submitting transaction 5e689baa31b1cf44ccd6704b05a69af3f28b42f5a77533147591134f81660844
2025-09-15 22:50:12.287 TRACE : trigger interaction 0xc00049e2d0 947/1200
[TRACE] Decoding transaction bytes of length: 230
[TRACE] Transaction type: 6
[TRACE] Successfully decoded transaction with hash: 868cd3e6840c4eeca923a795ebccb06a53a4df7542757c2bf3863e3b53b024d5
2025-09-15 22:50:12.288 TRACE client[0]: Processing transaction with hash: 868cd3e6840c4eeca923a795ebccb06a53a4df7542757c2bf3863e3b53b024d5
2025-09-15 22:50:12.288 DEBUG client[0]: Submitting transaction 868cd3e6840c4eeca923a795ebccb06a53a4df7542757c2bf3863e3b53b024d5
2025-09-15 22:50:12.370 TRACE : trigger interaction 0xc00049e3c0 948/1200
[TRACE] Decoding transaction bytes of length: 230
[TRACE] Transaction type: 6
[TRACE] Successfully decoded transaction with hash: ef79648e903534da1625fa6a9a31e2a9a0b2568490dc8d663d3501ce1e05f638
2025-09-15 22:50:12.371 TRACE client[0]: Processing transaction with hash: ef79648e903534da1625fa6a9a31e2a9a0b2568490dc8d663d3501ce1e05f638
2025-09-15 22:50:12.371 DEBUG client[0]: Submitting transaction ef79648e903534da1625fa6a9a31e2a9a0b2568490dc8d663d3501ce1e05f638
2025-09-15 22:50:12.412 TRACE client[0]: Found transaction in block: 52b5220a3611111fa79db12fccf83e48bd159eb33c7b0e8ac8bd95207cb11d4b
2025-09-15 22:50:12.412 TRACE client[0]: Found transaction in block: 1c97afc1193f19f16de2cd9eac4b573da1fc772980f09640ef947a994bbe96a4
2025-09-15 22:50:12.412 TRACE client[0]: Found transaction in block: baa1b042f8d86bf7e0562ef77cec67bbff8d96144d785d92df81ecd7aaea9c4f
2025-09-15 22:50:12.412 TRACE client[0]: Found transaction in block: 634732a2dd715fa5843ac8f76e1e5dfe7c5309e56c07e0346c2a692293ce2f0b
2025-09-15 22:50:12.412 TRACE client[0]: Found transaction in block: 6546d5f01b595695d65860a67d9e6e95662a8cf09bac04c6fd267de8229d14da
2025-09-15 22:50:12.412 TRACE client[0]: Found transaction in block: e2565b0333eff183615dc2c6e11fa42854aaa388f143e2bb8728f19d9ab1f4b1
2025-09-15 22:50:12.412 TRACE client[0]: Found transaction in block: 584c5d618ca93a6bc9891045724e509ea638b5b20079a3fda623794e87f7b23b
2025-09-15 22:50:12.412 TRACE client[0]: Found transaction in block: 8bfc3735211d382f420b74e4f9dad61329c3ee1d186bdc5fb3a0990685f695a3
2025-09-15 22:50:12.412 TRACE client[0]: Found transaction in block: 9191922d8cafa0e451860434192e32d9122f712f89857fd08e7a5f4527ad1be4
2025-09-15 22:50:12.412 TRACE client[0]: Found transaction in block: 6ebcd03eb35667c82e1979517ef2761fbb42f004f5194088e0298806eada88ff
2025-09-15 22:50:12.412 TRACE client[0]: Found transaction in block: 5169821547d869e7c5e7bb2b3759633b315aadcbe9e9c8d1a8fe269851f43944
2025-09-15 22:50:12.412 TRACE client[0]: Found transaction in block: 20e59f40c3d798d3d29dd056e438ff6c33b1dcd6a9a33c2b0df6c6fd354835ba
2025-09-15 22:50:12.412 TRACE client[0]: Found transaction in block: 9b2280f13368deb8c1981733dd2d0059185cbd106297685b310134f57de6253a
2025-09-15 22:50:12.412 TRACE client[0]: Found transaction in block: e02db3baf69b7b0fde4571b9a48b11ecfad6101f67e47465ba08d132bf4aeb3f
2025-09-15 22:50:12.412 TRACE client[0]: Found transaction in block: 1f1cea8461ef400b64bd1ac9ad314ed3506835819ce5752d86eebaef579f3a61
2025-09-15 22:50:12.412 TRACE client[0]: Found transaction in block: 9a5c269c7baea0df71a79d7709f29ea2b02b918263aae3d39967b464b55e8b40
2025-09-15 22:50:12.412 TRACE client[0]: Found transaction in block: 4807c0611a8be856c828bad4fdf232da9b7f242d621aca1a9da6ef4636d57d77
2025-09-15 22:50:12.412 TRACE client[0]: Found transaction in block: efb0f3e5a844509c9d2b6582cc2fa631b48bda28f7476dc053cde5803bb02763
2025-09-15 22:50:12.412 TRACE client[0]: Found transaction in block: 6ba3512da54e77a25cb3dc31f776ef91fb01ce0c39f3e0a3d5a89bc569fe7099
2025-09-15 22:50:12.412 TRACE client[0]: Found transaction in block: 5e689baa31b1cf44ccd6704b05a69af3f28b42f5a77533147591134f81660844
2025-09-15 22:50:12.412 TRACE client[0]: Found transaction in block: 868cd3e6840c4eeca923a795ebccb06a53a4df7542757c2bf3863e3b53b024d5
2025-09-15 22:50:12.412 TRACE client[0]: Found transaction in block: ef79648e903534da1625fa6a9a31e2a9a0b2568490dc8d663d3501ce1e05f638
2025-09-15 22:50:12.454 TRACE : trigger interaction 0xc00049e4b0 949/1200
[TRACE] Decoding transaction bytes of length: 230
[TRACE] Transaction type: 6
[TRACE] Successfully decoded transaction with hash: f662ce6d5fee09d7fcac81ac9a555bfa0a7d1904ef0b3aa038583fc52fd2e0a5
2025-09-15 22:50:12.454 TRACE client[0]: Processing transaction with hash: f662ce6d5fee09d7fcac81ac9a555bfa0a7d1904ef0b3aa038583fc52fd2e0a5
2025-09-15 22:50:12.454 DEBUG client[0]: Submitting transaction f662ce6d5fee09d7fcac81ac9a555bfa0a7d1904ef0b3aa038583fc52fd2e0a5
2025-09-15 22:50:12.537 TRACE : trigger interaction 0xc00049e5a0 950/1200
[TRACE] Decoding transaction bytes of length: 230
[TRACE] Transaction type: 6
[TRACE] Successfully decoded transaction with hash: 6daf5119d03a7c04fa6713c4050a7642ec22da40ff7af087eb97b637cc45abda
2025-09-15 22:50:12.538 TRACE client[0]: Processing transaction with hash: 6daf5119d03a7c04fa6713c4050a7642ec22da40ff7af087eb97b637cc45abda
2025-09-15 22:50:12.538 DEBUG client[0]: Submitting transaction 6daf5119d03a7c04fa6713c4050a7642ec22da40ff7af087eb97b637cc45abda
2025-09-15 22:50:12.621 TRACE : trigger interaction 0xc00027fef0 951/1200
[TRACE] Decoding transaction bytes of length: 230
[TRACE] Transaction type: 6
[TRACE] Successfully decoded transaction with hash: ed736e3ad5447046aba2745d85b16a1dc12200ec27a976b29a9238edbfb01f45
2025-09-15 22:50:12.621 TRACE client[0]: Processing transaction with hash: ed736e3ad5447046aba2745d85b16a1dc12200ec27a976b29a9238edbfb01f45
2025-09-15 22:50:12.621 DEBUG client[0]: Submitting transaction ed736e3ad5447046aba2745d85b16a1dc12200ec27a976b29a9238edbfb01f45
2025-09-15 22:50:12.703 TRACE : trigger interaction 0xc000574000 952/1200
[TRACE] Decoding transaction bytes of length: 230
[TRACE] Transaction type: 6
[TRACE] Successfully decoded transaction with hash: 56f7b44ee229399ef33045fd4338ff5edfdb2c1eec09d741d67e7536df9f0b05
2025-09-15 22:50:12.704 TRACE client[0]: Processing transaction with hash: 56f7b44ee229399ef33045fd4338ff5edfdb2c1eec09d741d67e7536df9f0b05
2025-09-15 22:50:12.704 DEBUG client[0]: Submitting transaction 56f7b44ee229399ef33045fd4338ff5edfdb2c1eec09d741d67e7536df9f0b05
2025-09-15 22:50:12.787 TRACE : trigger interaction 0xc0005740f0 953/1200
[TRACE] Decoding transaction bytes of length: 230
[TRACE] Transaction type: 6
[TRACE] Successfully decoded transaction with hash: 1bac4b11e09985f499d185042ad89b94d46a57d33698b8dd8efdd58f8db80432
2025-09-15 22:50:12.788 TRACE client[0]: Processing transaction with hash: 1bac4b11e09985f499d185042ad89b94d46a57d33698b8dd8efdd58f8db80432
2025-09-15 22:50:12.788 DEBUG client[0]: Submitting transaction 1bac4b11e09985f499d185042ad89b94d46a57d33698b8dd8efdd58f8db80432
2025-09-15 22:50:12.871 TRACE : trigger interaction 0xc0005741e0 954/1200
[TRACE] Decoding transaction bytes of length: 230
[TRACE] Transaction type: 6
[TRACE] Successfully decoded transaction with hash: 390fbfb191ef8bd6fc4c18bc0085a2194db17cf8a87f55f1b36f0316b6309199
2025-09-15 22:50:12.871 TRACE client[0]: Processing transaction with hash: 390fbfb191ef8bd6fc4c18bc0085a2194db17cf8a87f55f1b36f0316b6309199
2025-09-15 22:50:12.871 DEBUG client[0]: Submitting transaction 390fbfb191ef8bd6fc4c18bc0085a2194db17cf8a87f55f1b36f0316b6309199
2025-09-15 22:50:12.954 TRACE : trigger interaction 0xc0005742d0 955/1200
[TRACE] Decoding transaction bytes of length: 230
[TRACE] Transaction type: 6
[TRACE] Successfully decoded transaction with hash: 5bf4c28842c2ed0694ae02958640b1a3167998a46485f9d1d82523d48f1d29bd
2025-09-15 22:50:12.954 TRACE client[0]: Processing transaction with hash: 5bf4c28842c2ed0694ae02958640b1a3167998a46485f9d1d82523d48f1d29bd
2025-09-15 22:50:12.954 DEBUG client[0]: Submitting transaction 5bf4c28842c2ed0694ae02958640b1a3167998a46485f9d1d82523d48f1d29bd
2025-09-15 22:50:13.037 TRACE : trigger interaction 0xc0005743c0 956/1200
[TRACE] Decoding transaction bytes of length: 230
[TRACE] Transaction type: 6
[TRACE] Successfully decoded transaction with hash: fc35f6e95762fe837cd4cd8f69a40a4f56659a56c06edf3d65b800af3c6af843
2025-09-15 22:50:13.037 TRACE client[0]: Processing transaction with hash: fc35f6e95762fe837cd4cd8f69a40a4f56659a56c06edf3d65b800af3c6af843
2025-09-15 22:50:13.037 DEBUG client[0]: Submitting transaction fc35f6e95762fe837cd4cd8f69a40a4f56659a56c06edf3d65b800af3c6af843
2025-09-15 22:50:13.121 TRACE : trigger interaction 0xc0005744b0 957/1200
[TRACE] Decoding transaction bytes of length: 230
[TRACE] Transaction type: 6
[TRACE] Successfully decoded transaction with hash: 2bb10f036530eebda7dd5c52ef8f49e3cb6533ed3e38c29c1ef37f471c98f839
2025-09-15 22:50:13.121 TRACE client[0]: Processing transaction with hash: 2bb10f036530eebda7dd5c52ef8f49e3cb6533ed3e38c29c1ef37f471c98f839
2025-09-15 22:50:13.121 DEBUG client[0]: Submitting transaction 2bb10f036530eebda7dd5c52ef8f49e3cb6533ed3e38c29c1ef37f471c98f839
2025-09-15 22:50:13.203 TRACE : trigger interaction 0xc0005745a0 958/1200
[TRACE] Decoding transaction bytes of length: 230
[TRACE] Transaction type: 6
[TRACE] Successfully decoded transaction with hash: 92556589912a1050f8b9d79a06bf9522ad2979dd7a92d827494eaf3dc7187173
2025-09-15 22:50:13.204 TRACE client[0]: Processing transaction with hash: 92556589912a1050f8b9d79a06bf9522ad2979dd7a92d827494eaf3dc7187173
2025-09-15 22:50:13.204 DEBUG client[0]: Submitting transaction 92556589912a1050f8b9d79a06bf9522ad2979dd7a92d827494eaf3dc7187173
2025-09-15 22:50:13.287 TRACE : trigger interaction 0xc000574690 959/1200
[TRACE] Decoding transaction bytes of length: 230
[TRACE] Transaction type: 6
[TRACE] Successfully decoded transaction with hash: 042cf0122444f1ec369654024b2433d3fe2b40888adf22539e61463cb8c8aee8
2025-09-15 22:50:13.288 TRACE client[0]: Processing transaction with hash: 042cf0122444f1ec369654024b2433d3fe2b40888adf22539e61463cb8c8aee8
2025-09-15 22:50:13.288 DEBUG client[0]: Submitting transaction 042cf0122444f1ec369654024b2433d3fe2b40888adf22539e61463cb8c8aee8
2025-09-15 22:50:13.371 TRACE : trigger interaction 0xc000574780 960/1200
[TRACE] Decoding transaction bytes of length: 230
[TRACE] Transaction type: 6
[TRACE] Successfully decoded transaction with hash: 3a0b9f2c8fb894e9947d8cd76816db9fb7d1e40abd968182001c9a8cd51d90cc
2025-09-15 22:50:13.371 TRACE client[0]: Processing transaction with hash: 3a0b9f2c8fb894e9947d8cd76816db9fb7d1e40abd968182001c9a8cd51d90cc
2025-09-15 22:50:13.371 DEBUG client[0]: Submitting transaction 3a0b9f2c8fb894e9947d8cd76816db9fb7d1e40abd968182001c9a8cd51d90cc
2025-09-15 22:50:13.454 TRACE : trigger interaction 0xc000574870 961/1200
[TRACE] Decoding transaction bytes of length: 230
[TRACE] Transaction type: 6
[TRACE] Successfully decoded transaction with hash: caec8cba47216409d6232e116cca3f43797424a93d2bd910b73f52af5e23dfd4
2025-09-15 22:50:13.454 TRACE client[0]: Processing transaction with hash: caec8cba47216409d6232e116cca3f43797424a93d2bd910b73f52af5e23dfd4
2025-09-15 22:50:13.454 DEBUG client[0]: Submitting transaction caec8cba47216409d6232e116cca3f43797424a93d2bd910b73f52af5e23dfd4
2025-09-15 22:50:13.537 TRACE : trigger interaction 0xc000574960 962/1200
[TRACE] Decoding transaction bytes of length: 230
[TRACE] Transaction type: 6
[TRACE] Successfully decoded transaction with hash: 8ce47e2bea0010e3fe26e02b146df26079c9e0ae9e91b8b718bd1df3fa59eb87
2025-09-15 22:50:13.537 TRACE client[0]: Processing transaction with hash: 8ce47e2bea0010e3fe26e02b146df26079c9e0ae9e91b8b718bd1df3fa59eb87
2025-09-15 22:50:13.537 DEBUG client[0]: Submitting transaction 8ce47e2bea0010e3fe26e02b146df26079c9e0ae9e91b8b718bd1df3fa59eb87
2025-09-15 22:50:13.621 TRACE : trigger interaction 0xc000574a50 963/1200
[TRACE] Decoding transaction bytes of length: 230
[TRACE] Transaction type: 6
[TRACE] Successfully decoded transaction with hash: f38d3a996c6a760dc328e1c0cd89fed13504d29cc21ba736ebd686d4beaed73e
2025-09-15 22:50:13.621 TRACE client[0]: Processing transaction with hash: f38d3a996c6a760dc328e1c0cd89fed13504d29cc21ba736ebd686d4beaed73e
2025-09-15 22:50:13.621 DEBUG client[0]: Submitting transaction f38d3a996c6a760dc328e1c0cd89fed13504d29cc21ba736ebd686d4beaed73e
2025-09-15 22:50:13.704 TRACE : trigger interaction 0xc000574b40 964/1200
[TRACE] Decoding transaction bytes of length: 230
[TRACE] Transaction type: 6
[TRACE] Successfully decoded transaction with hash: e54b51c2f0f1a9eb031c79ba309ce52bd7ad27974e93322f3a65331b261c474b
2025-09-15 22:50:13.704 TRACE client[0]: Processing transaction with hash: e54b51c2f0f1a9eb031c79ba309ce52bd7ad27974e93322f3a65331b261c474b
2025-09-15 22:50:13.704 DEBUG client[0]: Submitting transaction e54b51c2f0f1a9eb031c79ba309ce52bd7ad27974e93322f3a65331b261c474b
2025-09-15 22:50:13.788 TRACE : trigger interaction 0xc000574c30 965/1200
[TRACE] Decoding transaction bytes of length: 230
[TRACE] Transaction type: 6
[TRACE] Successfully decoded transaction with hash: 9d61c7615e4f03e1fdcaa38adb9aacf73b0e6f6ff4065e75bff98112c8f9eb2d
2025-09-15 22:50:13.788 TRACE client[0]: Processing transaction with hash: 9d61c7615e4f03e1fdcaa38adb9aacf73b0e6f6ff4065e75bff98112c8f9eb2d
2025-09-15 22:50:13.788 DEBUG client[0]: Submitting transaction 9d61c7615e4f03e1fdcaa38adb9aacf73b0e6f6ff4065e75bff98112c8f9eb2d
2025-09-15 22:50:13.870 TRACE : trigger interaction 0xc000574d20 966/1200
[TRACE] Decoding transaction bytes of length: 230
[TRACE] Transaction type: 6
[TRACE] Successfully decoded transaction with hash: c45b77febce4d650bc8aaa926e08d9aa1468fd6222bfac92f078e2a038d203d2
2025-09-15 22:50:13.871 TRACE client[0]: Processing transaction with hash: c45b77febce4d650bc8aaa926e08d9aa1468fd6222bfac92f078e2a038d203d2
2025-09-15 22:50:13.871 DEBUG client[0]: Submitting transaction c45b77febce4d650bc8aaa926e08d9aa1468fd6222bfac92f078e2a038d203d2
2025-09-15 22:50:13.953 TRACE : trigger interaction 0xc000574e10 967/1200
[TRACE] Decoding transaction bytes of length: 230
[TRACE] Transaction type: 6
[TRACE] Successfully decoded transaction with hash: a1d183e9750ec3319e8ae0868eb29bf533d48bc8b8bf05585b35143abf091e0d
2025-09-15 22:50:13.954 TRACE client[0]: Processing transaction with hash: a1d183e9750ec3319e8ae0868eb29bf533d48bc8b8bf05585b35143abf091e0d
2025-09-15 22:50:13.954 DEBUG client[0]: Submitting transaction a1d183e9750ec3319e8ae0868eb29bf533d48bc8b8bf05585b35143abf091e0d
2025-09-15 22:50:14.038 TRACE : trigger interaction 0xc0005c5ef0 968/1200
[TRACE] Decoding transaction bytes of length: 230
[TRACE] Transaction type: 6
[TRACE] Successfully decoded transaction with hash: 7bf557166a0a3761edbb1988d5c750e95d043864674609f370d33201ff597b10
2025-09-15 22:50:14.038 TRACE client[0]: Processing transaction with hash: 7bf557166a0a3761edbb1988d5c750e95d043864674609f370d33201ff597b10
2025-09-15 22:50:14.038 DEBUG client[0]: Submitting transaction 7bf557166a0a3761edbb1988d5c750e95d043864674609f370d33201ff597b10
2025-09-15 22:50:14.121 TRACE : trigger interaction 0xc0005da000 969/1200
[TRACE] Decoding transaction bytes of length: 230
[TRACE] Transaction type: 6
[TRACE] Successfully decoded transaction with hash: 700aba08443d1eb064239510bc91a46b858e65cca9dd454a43997f95b264aae5
2025-09-15 22:50:14.121 TRACE client[0]: Processing transaction with hash: 700aba08443d1eb064239510bc91a46b858e65cca9dd454a43997f95b264aae5
2025-09-15 22:50:14.121 DEBUG client[0]: Submitting transaction 700aba08443d1eb064239510bc91a46b858e65cca9dd454a43997f95b264aae5
2025-09-15 22:50:14.204 TRACE : trigger interaction 0xc0005da0f0 970/1200
[TRACE] Decoding transaction bytes of length: 230
[TRACE] Transaction type: 6
[TRACE] Successfully decoded transaction with hash: 0f21e39565361106cdd5e8974bc7e78e95aa54678c0b1423184591726b4e4cb1
2025-09-15 22:50:14.204 TRACE client[0]: Processing transaction with hash: 0f21e39565361106cdd5e8974bc7e78e95aa54678c0b1423184591726b4e4cb1
2025-09-15 22:50:14.204 DEBUG client[0]: Submitting transaction 0f21e39565361106cdd5e8974bc7e78e95aa54678c0b1423184591726b4e4cb1
2025-09-15 22:50:14.287 TRACE : trigger interaction 0xc0005da1e0 971/1200
[TRACE] Decoding transaction bytes of length: 230
[TRACE] Transaction type: 6
[TRACE] Successfully decoded transaction with hash: e1a4a9711f17ff7238b729e74acb3384a0cb4d2f873c7f86371995d810388e98
2025-09-15 22:50:14.288 TRACE client[0]: Processing transaction with hash: e1a4a9711f17ff7238b729e74acb3384a0cb4d2f873c7f86371995d810388e98
2025-09-15 22:50:14.288 DEBUG client[0]: Submitting transaction e1a4a9711f17ff7238b729e74acb3384a0cb4d2f873c7f86371995d810388e98
2025-09-15 22:50:14.370 TRACE : trigger interaction 0xc0005da2d0 972/1200
[TRACE] Decoding transaction bytes of length: 230
[TRACE] Transaction type: 6
[TRACE] Successfully decoded transaction with hash: 7e208e67862f0b092272d2e5c287f51a13d1062be633fbab5e539518d34f323c
2025-09-15 22:50:14.371 TRACE client[0]: Processing transaction with hash: 7e208e67862f0b092272d2e5c287f51a13d1062be633fbab5e539518d34f323c
2025-09-15 22:50:14.371 DEBUG client[0]: Submitting transaction 7e208e67862f0b092272d2e5c287f51a13d1062be633fbab5e539518d34f323c
2025-09-15 22:50:14.454 TRACE : trigger interaction 0xc0005da3c0 973/1200
[TRACE] Decoding transaction bytes of length: 230
[TRACE] Transaction type: 6
[TRACE] Successfully decoded transaction with hash: 4964d060fd1f7498b54fbc170ed7a3150d1678c581b139841f5ce1c97a7f567d
2025-09-15 22:50:14.454 TRACE client[0]: Processing transaction with hash: 4964d060fd1f7498b54fbc170ed7a3150d1678c581b139841f5ce1c97a7f567d
2025-09-15 22:50:14.454 DEBUG client[0]: Submitting transaction 4964d060fd1f7498b54fbc170ed7a3150d1678c581b139841f5ce1c97a7f567d
2025-09-15 22:50:14.537 TRACE : trigger interaction 0xc0005da4b0 974/1200
[TRACE] Decoding transaction bytes of length: 230
[TRACE] Transaction type: 6
[TRACE] Successfully decoded transaction with hash: f8e16d08638fabec11b4a422c8b7a14b171873a55c99b4d07c468562a9c7bd8b
2025-09-15 22:50:14.537 TRACE client[0]: Processing transaction with hash: f8e16d08638fabec11b4a422c8b7a14b171873a55c99b4d07c468562a9c7bd8b
2025-09-15 22:50:14.537 DEBUG client[0]: Submitting transaction f8e16d08638fabec11b4a422c8b7a14b171873a55c99b4d07c468562a9c7bd8b
2025-09-15 22:50:14.620 TRACE : trigger interaction 0xc0005da5a0 975/1200
[TRACE] Decoding transaction bytes of length: 230
[TRACE] Transaction type: 6
[TRACE] Successfully decoded transaction with hash: 2126a33c83bc3d2013030b6bfa643506e277eb6f59f3032fc57aeac6ebd6ab24
2025-09-15 22:50:14.621 TRACE client[0]: Processing transaction with hash: 2126a33c83bc3d2013030b6bfa643506e277eb6f59f3032fc57aeac6ebd6ab24
2025-09-15 22:50:14.621 DEBUG client[0]: Submitting transaction 2126a33c83bc3d2013030b6bfa643506e277eb6f59f3032fc57aeac6ebd6ab24
2025-09-15 22:50:14.704 TRACE : trigger interaction 0xc0005da690 976/1200
[TRACE] Decoding transaction bytes of length: 230
[TRACE] Transaction type: 6
[TRACE] Successfully decoded transaction with hash: 42845658d9cd4d95f7f79c4ff1bf2c5a8fbb5454802357233f05b695c20bc77f
2025-09-15 22:50:14.704 TRACE client[0]: Processing transaction with hash: 42845658d9cd4d95f7f79c4ff1bf2c5a8fbb5454802357233f05b695c20bc77f
2025-09-15 22:50:14.704 DEBUG client[0]: Submitting transaction 42845658d9cd4d95f7f79c4ff1bf2c5a8fbb5454802357233f05b695c20bc77f
2025-09-15 22:50:14.787 TRACE : trigger interaction 0xc0005da780 977/1200
[TRACE] Decoding transaction bytes of length: 230
[TRACE] Transaction type: 6
[TRACE] Successfully decoded transaction with hash: 958317e26055e4ecb247ae40d197701021910b9526ff86091bab89a1c632071c
2025-09-15 22:50:14.787 TRACE client[0]: Processing transaction with hash: 958317e26055e4ecb247ae40d197701021910b9526ff86091bab89a1c632071c
2025-09-15 22:50:14.787 DEBUG client[0]: Submitting transaction 958317e26055e4ecb247ae40d197701021910b9526ff86091bab89a1c632071c
2025-09-15 22:50:14.871 TRACE : trigger interaction 0xc0005da870 978/1200
[TRACE] Decoding transaction bytes of length: 230
[TRACE] Transaction type: 6
[TRACE] Successfully decoded transaction with hash: f2eb455ec3912836ed3c0e1194bb6dc8fb4415a57ad2a5b19ad6282aff3266a4
2025-09-15 22:50:14.871 TRACE client[0]: Processing transaction with hash: f2eb455ec3912836ed3c0e1194bb6dc8fb4415a57ad2a5b19ad6282aff3266a4
2025-09-15 22:50:14.871 DEBUG client[0]: Submitting transaction f2eb455ec3912836ed3c0e1194bb6dc8fb4415a57ad2a5b19ad6282aff3266a4
2025-09-15 22:50:14.954 TRACE : trigger interaction 0xc0005da960 979/1200
[TRACE] Decoding transaction bytes of length: 230
[TRACE] Transaction type: 6
[TRACE] Successfully decoded transaction with hash: 01ba1b97ee7fd5931bd479b66f99cd4c43297ddc77aaee161558e27794c33cc4
2025-09-15 22:50:14.954 TRACE client[0]: Processing transaction with hash: 01ba1b97ee7fd5931bd479b66f99cd4c43297ddc77aaee161558e27794c33cc4
2025-09-15 22:50:14.954 DEBUG client[0]: Submitting transaction 01ba1b97ee7fd5931bd479b66f99cd4c43297ddc77aaee161558e27794c33cc4
2025-09-15 22:50:15.037 TRACE : trigger interaction 0xc0005daa50 980/1200
[TRACE] Decoding transaction bytes of length: 230
[TRACE] Transaction type: 6
[TRACE] Successfully decoded transaction with hash: 425d09a53ee47865d2856f28363a4c65db18c1c85c19ea934c56e9f779eddc16
2025-09-15 22:50:15.037 TRACE client[0]: Processing transaction with hash: 425d09a53ee47865d2856f28363a4c65db18c1c85c19ea934c56e9f779eddc16
2025-09-15 22:50:15.037 DEBUG client[0]: Submitting transaction 425d09a53ee47865d2856f28363a4c65db18c1c85c19ea934c56e9f779eddc16
2025-09-15 22:50:15.121 TRACE : trigger interaction 0xc0005dab40 981/1200
[TRACE] Decoding transaction bytes of length: 230
[TRACE] Transaction type: 6
[TRACE] Successfully decoded transaction with hash: e7a5d12632a8d8c644e748ef9e7ef8faf1fec63477f30e900eb233faa74b911d
2025-09-15 22:50:15.121 TRACE client[0]: Processing transaction with hash: e7a5d12632a8d8c644e748ef9e7ef8faf1fec63477f30e900eb233faa74b911d
2025-09-15 22:50:15.121 DEBUG client[0]: Submitting transaction e7a5d12632a8d8c644e748ef9e7ef8faf1fec63477f30e900eb233faa74b911d
2025-09-15 22:50:15.204 TRACE : trigger interaction 0xc0005dac30 982/1200
[TRACE] Decoding transaction bytes of length: 230
[TRACE] Transaction type: 6
[TRACE] Successfully decoded transaction with hash: ff58206c0eb4853cedc9c98d75671c3adb2f1bb59d45ba9c692a3c7371e1efd1
2025-09-15 22:50:15.204 TRACE client[0]: Processing transaction with hash: ff58206c0eb4853cedc9c98d75671c3adb2f1bb59d45ba9c692a3c7371e1efd1
2025-09-15 22:50:15.204 DEBUG client[0]: Submitting transaction ff58206c0eb4853cedc9c98d75671c3adb2f1bb59d45ba9c692a3c7371e1efd1
2025-09-15 22:50:15.287 TRACE : trigger interaction 0xc0005dad20 983/1200
[TRACE] Decoding transaction bytes of length: 230
[TRACE] Transaction type: 6
[TRACE] Successfully decoded transaction with hash: e248bb8b09ab159ec960bf3b3115a5d1212e864c1968c643d0018a215ef0cc22
2025-09-15 22:50:15.288 TRACE client[0]: Processing transaction with hash: e248bb8b09ab159ec960bf3b3115a5d1212e864c1968c643d0018a215ef0cc22
2025-09-15 22:50:15.288 DEBUG client[0]: Submitting transaction e248bb8b09ab159ec960bf3b3115a5d1212e864c1968c643d0018a215ef0cc22
2025-09-15 22:50:15.370 TRACE : trigger interaction 0xc000574f00 984/1200
[TRACE] Decoding transaction bytes of length: 230
[TRACE] Transaction type: 6
[TRACE] Successfully decoded transaction with hash: 4e62cde889bb0ebf29fc3bb48b3db75b9ba4d319118902676167fcb5e5c2d06b
2025-09-15 22:50:15.371 TRACE client[0]: Processing transaction with hash: 4e62cde889bb0ebf29fc3bb48b3db75b9ba4d319118902676167fcb5e5c2d06b
2025-09-15 22:50:15.371 DEBUG client[0]: Submitting transaction 4e62cde889bb0ebf29fc3bb48b3db75b9ba4d319118902676167fcb5e5c2d06b
2025-09-15 22:50:15.454 TRACE : trigger interaction 0xc000574ff0 985/1200
[TRACE] Decoding transaction bytes of length: 230
[TRACE] Transaction type: 6
[TRACE] Successfully decoded transaction with hash: 2065dd67c401136920a41b9a7c5419234a64848bb44e00aa54ec3858e5a0c0f1
2025-09-15 22:50:15.454 TRACE client[0]: Processing transaction with hash: 2065dd67c401136920a41b9a7c5419234a64848bb44e00aa54ec3858e5a0c0f1
2025-09-15 22:50:15.454 DEBUG client[0]: Submitting transaction 2065dd67c401136920a41b9a7c5419234a64848bb44e00aa54ec3858e5a0c0f1
2025-09-15 22:50:15.537 TRACE : trigger interaction 0xc0005750e0 986/1200
[TRACE] Decoding transaction bytes of length: 230
[TRACE] Transaction type: 6
[TRACE] Successfully decoded transaction with hash: 43052b1e558905cb5bb366ed8e2b94745a9e8ca6c138bb9d5485669bfda20922
2025-09-15 22:50:15.537 TRACE client[0]: Processing transaction with hash: 43052b1e558905cb5bb366ed8e2b94745a9e8ca6c138bb9d5485669bfda20922
2025-09-15 22:50:15.537 DEBUG client[0]: Submitting transaction 43052b1e558905cb5bb366ed8e2b94745a9e8ca6c138bb9d5485669bfda20922
2025-09-15 22:50:15.621 TRACE : trigger interaction 0xc0005751d0 987/1200
[TRACE] Decoding transaction bytes of length: 230
[TRACE] Transaction type: 6
[TRACE] Successfully decoded transaction with hash: cd065aa17ecaf4bbf8680b65864550cbf3e4f3383df7f9b618d7c45696972bd2
2025-09-15 22:50:15.621 TRACE client[0]: Processing transaction with hash: cd065aa17ecaf4bbf8680b65864550cbf3e4f3383df7f9b618d7c45696972bd2
2025-09-15 22:50:15.621 DEBUG client[0]: Submitting transaction cd065aa17ecaf4bbf8680b65864550cbf3e4f3383df7f9b618d7c45696972bd2
2025-09-15 22:50:15.704 TRACE : trigger interaction 0xc0005752c0 988/1200
[TRACE] Decoding transaction bytes of length: 230
[TRACE] Transaction type: 6
[TRACE] Successfully decoded transaction with hash: 9c256f2c493f9a1fc0e05d70c9fcf57e56f80c65208fab38b607f373804c3127
2025-09-15 22:50:15.704 TRACE client[0]: Processing transaction with hash: 9c256f2c493f9a1fc0e05d70c9fcf57e56f80c65208fab38b607f373804c3127
2025-09-15 22:50:15.704 DEBUG client[0]: Submitting transaction 9c256f2c493f9a1fc0e05d70c9fcf57e56f80c65208fab38b607f373804c3127
2025-09-15 22:50:15.788 TRACE : trigger interaction 0xc0005753b0 989/1200
[TRACE] Decoding transaction bytes of length: 230
[TRACE] Transaction type: 6
[TRACE] Successfully decoded transaction with hash: f1a90153d85752fea6c87c266ceb7151f32906d2dbc0298a4572577fefd1ecc7
2025-09-15 22:50:15.788 TRACE client[0]: Processing transaction with hash: f1a90153d85752fea6c87c266ceb7151f32906d2dbc0298a4572577fefd1ecc7
2025-09-15 22:50:15.788 DEBUG client[0]: Submitting transaction f1a90153d85752fea6c87c266ceb7151f32906d2dbc0298a4572577fefd1ecc7
2025-09-15 22:50:15.871 TRACE : trigger interaction 0xc0005754a0 990/1200
[TRACE] Decoding transaction bytes of length: 230
[TRACE] Transaction type: 6
[TRACE] Successfully decoded transaction with hash: 23a634f2f0ae541cbbe6951c80660ca291f5041f1184073b9d787d66c6730835
2025-09-15 22:50:15.871 TRACE client[0]: Processing transaction with hash: 23a634f2f0ae541cbbe6951c80660ca291f5041f1184073b9d787d66c6730835
2025-09-15 22:50:15.871 DEBUG client[0]: Submitting transaction 23a634f2f0ae541cbbe6951c80660ca291f5041f1184073b9d787d66c6730835
2025-09-15 22:50:15.954 TRACE : trigger interaction 0xc000575590 991/1200
[TRACE] Decoding transaction bytes of length: 230
[TRACE] Transaction type: 6
[TRACE] Successfully decoded transaction with hash: 519ad7d2680b821d972a17064391188846fd8ea5990c29b4047ec8ffb8ce4e8a
2025-09-15 22:50:15.954 TRACE client[0]: Processing transaction with hash: 519ad7d2680b821d972a17064391188846fd8ea5990c29b4047ec8ffb8ce4e8a
2025-09-15 22:50:15.954 DEBUG client[0]: Submitting transaction 519ad7d2680b821d972a17064391188846fd8ea5990c29b4047ec8ffb8ce4e8a
2025-09-15 22:50:16.037 TRACE : trigger interaction 0xc000575680 992/1200
[TRACE] Decoding transaction bytes of length: 230
[TRACE] Transaction type: 6
[TRACE] Successfully decoded transaction with hash: 1c4dbde2b9c4dd1015fb62ba74b72d4971e1f81dd4ce010553303bddc2f0dd5e
2025-09-15 22:50:16.037 TRACE client[0]: Processing transaction with hash: 1c4dbde2b9c4dd1015fb62ba74b72d4971e1f81dd4ce010553303bddc2f0dd5e
2025-09-15 22:50:16.037 DEBUG client[0]: Submitting transaction 1c4dbde2b9c4dd1015fb62ba74b72d4971e1f81dd4ce010553303bddc2f0dd5e
2025-09-15 22:50:16.121 TRACE : trigger interaction 0xc000575770 993/1200
[TRACE] Decoding transaction bytes of length: 230
[TRACE] Transaction type: 6
[TRACE] Successfully decoded transaction with hash: 197f02e5ff99b3a586cc67cee7856ceb4708844555ad67af30e8b703c1a5975a
2025-09-15 22:50:16.121 TRACE client[0]: Processing transaction with hash: 197f02e5ff99b3a586cc67cee7856ceb4708844555ad67af30e8b703c1a5975a
2025-09-15 22:50:16.121 DEBUG client[0]: Submitting transaction 197f02e5ff99b3a586cc67cee7856ceb4708844555ad67af30e8b703c1a5975a
2025-09-15 22:50:16.204 TRACE : trigger interaction 0xc000575860 994/1200
[TRACE] Decoding transaction bytes of length: 230
[TRACE] Transaction type: 6
[TRACE] Successfully decoded transaction with hash: 49a048a44ec3762cac208d66b6c7b471a519e1bdd94ee64cec422f4c138b7266
2025-09-15 22:50:16.204 TRACE client[0]: Processing transaction with hash: 49a048a44ec3762cac208d66b6c7b471a519e1bdd94ee64cec422f4c138b7266
2025-09-15 22:50:16.204 DEBUG client[0]: Submitting transaction 49a048a44ec3762cac208d66b6c7b471a519e1bdd94ee64cec422f4c138b7266
2025-09-15 22:50:16.288 TRACE : trigger interaction 0xc000575950 995/1200
[TRACE] Decoding transaction bytes of length: 230
[TRACE] Transaction type: 6
[TRACE] Successfully decoded transaction with hash: 4b0b54e06105daeebdaf2e2c37c9d98e3487f4f8c65f0b5dc7944166e3495077
2025-09-15 22:50:16.288 TRACE client[0]: Processing transaction with hash: 4b0b54e06105daeebdaf2e2c37c9d98e3487f4f8c65f0b5dc7944166e3495077
2025-09-15 22:50:16.288 DEBUG client[0]: Submitting transaction 4b0b54e06105daeebdaf2e2c37c9d98e3487f4f8c65f0b5dc7944166e3495077
2025-09-15 22:50:16.370 TRACE : trigger interaction 0xc000575a40 996/1200
[TRACE] Decoding transaction bytes of length: 230
[TRACE] Transaction type: 6
[TRACE] Successfully decoded transaction with hash: 8d5216a90f2422f2130a9b37498e12e881f6de8145b8573402414f89d1cce9ae
2025-09-15 22:50:16.371 TRACE client[0]: Processing transaction with hash: 8d5216a90f2422f2130a9b37498e12e881f6de8145b8573402414f89d1cce9ae
2025-09-15 22:50:16.371 DEBUG client[0]: Submitting transaction 8d5216a90f2422f2130a9b37498e12e881f6de8145b8573402414f89d1cce9ae
2025-09-15 22:50:16.453 TRACE : trigger interaction 0xc000575b30 997/1200
[TRACE] Decoding transaction bytes of length: 230
[TRACE] Transaction type: 6
[TRACE] Successfully decoded transaction with hash: 284552207958cfa66a6221cbac2b80672fa2733f8b7366ee369a32466b77d114
2025-09-15 22:50:16.454 TRACE client[0]: Processing transaction with hash: 284552207958cfa66a6221cbac2b80672fa2733f8b7366ee369a32466b77d114
2025-09-15 22:50:16.454 DEBUG client[0]: Submitting transaction 284552207958cfa66a6221cbac2b80672fa2733f8b7366ee369a32466b77d114
2025-09-15 22:50:16.538 TRACE : trigger interaction 0xc000575c20 998/1200
[TRACE] Decoding transaction bytes of length: 230
[TRACE] Transaction type: 6
[TRACE] Successfully decoded transaction with hash: dde534528da083e7ef72cc494e6fc13f52eb8beeabdad3d64169974ea915dd35
2025-09-15 22:50:16.538 TRACE client[0]: Processing transaction with hash: dde534528da083e7ef72cc494e6fc13f52eb8beeabdad3d64169974ea915dd35
2025-09-15 22:50:16.538 DEBUG client[0]: Submitting transaction dde534528da083e7ef72cc494e6fc13f52eb8beeabdad3d64169974ea915dd35
2025-09-15 22:50:16.621 TRACE : trigger interaction 0xc000575d10 999/1200
[TRACE] Decoding transaction bytes of length: 230
[TRACE] Transaction type: 6
[TRACE] Successfully decoded transaction with hash: c91c238b3672666a54b34248148559b35204248de6622d9f879aba3167c6796e
2025-09-15 22:50:16.621 TRACE client[0]: Processing transaction with hash: c91c238b3672666a54b34248148559b35204248de6622d9f879aba3167c6796e
2025-09-15 22:50:16.621 DEBUG client[0]: Submitting transaction c91c238b3672666a54b34248148559b35204248de6622d9f879aba3167c6796e
2025-09-15 22:50:16.704 TRACE : trigger interaction 0xc000575e00 1000/1200
[TRACE] Decoding transaction bytes of length: 230
[TRACE] Transaction type: 6
[TRACE] Successfully decoded transaction with hash: a6fcf82fbd4af05cd7169159cc0b7fe5d7f9b2e4e681c1b11c81fe545f0aaea1
2025-09-15 22:50:16.704 TRACE client[0]: Processing transaction with hash: a6fcf82fbd4af05cd7169159cc0b7fe5d7f9b2e4e681c1b11c81fe545f0aaea1
2025-09-15 22:50:16.704 DEBUG client[0]: Submitting transaction a6fcf82fbd4af05cd7169159cc0b7fe5d7f9b2e4e681c1b11c81fe545f0aaea1
2025-09-15 22:50:16.787 TRACE : trigger interaction 0xc00049e690 1001/1200
[TRACE] Decoding transaction bytes of length: 230
[TRACE] Transaction type: 6
[TRACE] Successfully decoded transaction with hash: b09cb477bd2414379d7d46093496b610022ef6cc7f059040c75eb9109b72a949
2025-09-15 22:50:16.788 TRACE client[0]: Processing transaction with hash: b09cb477bd2414379d7d46093496b610022ef6cc7f059040c75eb9109b72a949
2025-09-15 22:50:16.788 DEBUG client[0]: Submitting transaction b09cb477bd2414379d7d46093496b610022ef6cc7f059040c75eb9109b72a949
2025-09-15 22:50:16.871 TRACE : trigger interaction 0xc00049e780 1002/1200
[TRACE] Decoding transaction bytes of length: 229
[TRACE] Transaction type: 6
[TRACE] Successfully decoded transaction with hash: e29554941758d6d19b74ae94f1b96ccc2a2007668833b612a58e3d55d4769768
2025-09-15 22:50:16.871 TRACE client[0]: Processing transaction with hash: e29554941758d6d19b74ae94f1b96ccc2a2007668833b612a58e3d55d4769768
2025-09-15 22:50:16.871 DEBUG client[0]: Submitting transaction e29554941758d6d19b74ae94f1b96ccc2a2007668833b612a58e3d55d4769768
2025-09-15 22:50:16.954 TRACE : trigger interaction 0xc00049e870 1003/1200
[TRACE] Decoding transaction bytes of length: 229
[TRACE] Transaction type: 6
[TRACE] Successfully decoded transaction with hash: 2b1d632fd4df258099887a85384fcb7523612e4ecc338a238c84a3b684d574a1
2025-09-15 22:50:16.954 TRACE client[0]: Processing transaction with hash: 2b1d632fd4df258099887a85384fcb7523612e4ecc338a238c84a3b684d574a1
2025-09-15 22:50:16.954 DEBUG client[0]: Submitting transaction 2b1d632fd4df258099887a85384fcb7523612e4ecc338a238c84a3b684d574a1
2025-09-15 22:50:17.037 TRACE : trigger interaction 0xc00049e960 1004/1200
[TRACE] Decoding transaction bytes of length: 229
[TRACE] Transaction type: 6
[TRACE] Successfully decoded transaction with hash: 9eecc76f1083c2380c7ca13603a8c79582cc00ddf4e43cbf56de0f3af3795904
2025-09-15 22:50:17.037 TRACE client[0]: Processing transaction with hash: 9eecc76f1083c2380c7ca13603a8c79582cc00ddf4e43cbf56de0f3af3795904
2025-09-15 22:50:17.037 DEBUG client[0]: Submitting transaction 9eecc76f1083c2380c7ca13603a8c79582cc00ddf4e43cbf56de0f3af3795904
2025-09-15 22:50:17.121 TRACE : trigger interaction 0xc00049ea50 1005/1200
[TRACE] Decoding transaction bytes of length: 229
[TRACE] Transaction type: 6
[TRACE] Successfully decoded transaction with hash: dac47f4e4da7d98eb0116066004f5100b9b10353a98f695ec37600f8e97700de
2025-09-15 22:50:17.121 TRACE client[0]: Processing transaction with hash: dac47f4e4da7d98eb0116066004f5100b9b10353a98f695ec37600f8e97700de
2025-09-15 22:50:17.121 DEBUG client[0]: Submitting transaction dac47f4e4da7d98eb0116066004f5100b9b10353a98f695ec37600f8e97700de
2025-09-15 22:50:17.204 TRACE : trigger interaction 0xc00049eb40 1006/1200
[TRACE] Decoding transaction bytes of length: 229
[TRACE] Transaction type: 6
[TRACE] Successfully decoded transaction with hash: a7f1bd83e76d966fcf08308e3cf6fce387eeaf42f0f87175ff7b2327955c17ac
2025-09-15 22:50:17.204 TRACE client[0]: Processing transaction with hash: a7f1bd83e76d966fcf08308e3cf6fce387eeaf42f0f87175ff7b2327955c17ac
2025-09-15 22:50:17.204 DEBUG client[0]: Submitting transaction a7f1bd83e76d966fcf08308e3cf6fce387eeaf42f0f87175ff7b2327955c17ac
2025-09-15 22:50:17.288 TRACE : trigger interaction 0xc00049ec30 1007/1200
[TRACE] Decoding transaction bytes of length: 229
[TRACE] Transaction type: 6
[TRACE] Successfully decoded transaction with hash: 7a0f5366f9872a419526d1153ef8947937979558e6abf52fb414387c5ce76759
2025-09-15 22:50:17.288 TRACE client[0]: Processing transaction with hash: 7a0f5366f9872a419526d1153ef8947937979558e6abf52fb414387c5ce76759
2025-09-15 22:50:17.288 DEBUG client[0]: Submitting transaction 7a0f5366f9872a419526d1153ef8947937979558e6abf52fb414387c5ce76759
2025-09-15 22:50:17.371 TRACE : trigger interaction 0xc00049ed20 1008/1200
[TRACE] Decoding transaction bytes of length: 229
[TRACE] Transaction type: 6
[TRACE] Successfully decoded transaction with hash: ac61fff12177a614cd45db0fe94f373ebe2e0f25134994dd6f588b25cb18f2df
2025-09-15 22:50:17.371 TRACE client[0]: Processing transaction with hash: ac61fff12177a614cd45db0fe94f373ebe2e0f25134994dd6f588b25cb18f2df
2025-09-15 22:50:17.371 DEBUG client[0]: Submitting transaction ac61fff12177a614cd45db0fe94f373ebe2e0f25134994dd6f588b25cb18f2df
2025-09-15 22:50:17.453 TRACE : trigger interaction 0xc00049ee10 1009/1200
[TRACE] Decoding transaction bytes of length: 229
[TRACE] Transaction type: 6
[TRACE] Successfully decoded transaction with hash: 2ab616bf0395078ddfa0abaf8bbbabcbe73965bb2a1a655a1c0193f6c86d56ae
2025-09-15 22:50:17.454 TRACE client[0]: Processing transaction with hash: 2ab616bf0395078ddfa0abaf8bbbabcbe73965bb2a1a655a1c0193f6c86d56ae
2025-09-15 22:50:17.454 DEBUG client[0]: Submitting transaction 2ab616bf0395078ddfa0abaf8bbbabcbe73965bb2a1a655a1c0193f6c86d56ae
2025-09-15 22:50:17.537 TRACE : trigger interaction 0xc00049ef00 1010/1200
[TRACE] Decoding transaction bytes of length: 229
[TRACE] Transaction type: 6
[TRACE] Successfully decoded transaction with hash: b7091b0b08031afb027455b7af9a973e85aceab70b5ba50011dffa595f2307e4
2025-09-15 22:50:17.537 TRACE client[0]: Processing transaction with hash: b7091b0b08031afb027455b7af9a973e85aceab70b5ba50011dffa595f2307e4
2025-09-15 22:50:17.537 DEBUG client[0]: Submitting transaction b7091b0b08031afb027455b7af9a973e85aceab70b5ba50011dffa595f2307e4
2025-09-15 22:50:17.621 TRACE : trigger interaction 0xc00049eff0 1011/1200
[TRACE] Decoding transaction bytes of length: 229
[TRACE] Transaction type: 6
[TRACE] Successfully decoded transaction with hash: 5ee369c5dfca5e97f17c2df5c580440edf82a3f1786a6b07aa4918c4820ed86c
2025-09-15 22:50:17.621 TRACE client[0]: Processing transaction with hash: 5ee369c5dfca5e97f17c2df5c580440edf82a3f1786a6b07aa4918c4820ed86c
2025-09-15 22:50:17.621 DEBUG client[0]: Submitting transaction 5ee369c5dfca5e97f17c2df5c580440edf82a3f1786a6b07aa4918c4820ed86c
2025-09-15 22:50:17.704 TRACE : trigger interaction 0xc00049f0e0 1012/1200
[TRACE] Decoding transaction bytes of length: 229
[TRACE] Transaction type: 6
[TRACE] Successfully decoded transaction with hash: 092e49ca39f1a9230e275199f5e0af421a1f963e7892a543d658f3cb0953211f
2025-09-15 22:50:17.704 TRACE client[0]: Processing transaction with hash: 092e49ca39f1a9230e275199f5e0af421a1f963e7892a543d658f3cb0953211f
2025-09-15 22:50:17.704 DEBUG client[0]: Submitting transaction 092e49ca39f1a9230e275199f5e0af421a1f963e7892a543d658f3cb0953211f
2025-09-15 22:50:17.787 TRACE : trigger interaction 0xc00049f1d0 1013/1200
[TRACE] Decoding transaction bytes of length: 229
[TRACE] Transaction type: 6
[TRACE] Successfully decoded transaction with hash: be4ead985507071b022d75ea33e0604d29008228c2b92048ac5453ca4a113684
2025-09-15 22:50:17.787 TRACE client[0]: Processing transaction with hash: be4ead985507071b022d75ea33e0604d29008228c2b92048ac5453ca4a113684
2025-09-15 22:50:17.787 DEBUG client[0]: Submitting transaction be4ead985507071b022d75ea33e0604d29008228c2b92048ac5453ca4a113684
2025-09-15 22:50:17.824 TRACE client[0]: Found transaction in block: f662ce6d5fee09d7fcac81ac9a555bfa0a7d1904ef0b3aa038583fc52fd2e0a5
2025-09-15 22:50:17.824 TRACE client[0]: Found transaction in block: 6daf5119d03a7c04fa6713c4050a7642ec22da40ff7af087eb97b637cc45abda
2025-09-15 22:50:17.824 TRACE client[0]: Found transaction in block: ed736e3ad5447046aba2745d85b16a1dc12200ec27a976b29a9238edbfb01f45
2025-09-15 22:50:17.824 TRACE client[0]: Found transaction in block: 56f7b44ee229399ef33045fd4338ff5edfdb2c1eec09d741d67e7536df9f0b05
2025-09-15 22:50:17.824 TRACE client[0]: Found transaction in block: 1bac4b11e09985f499d185042ad89b94d46a57d33698b8dd8efdd58f8db80432
2025-09-15 22:50:17.824 TRACE client[0]: Found transaction in block: 390fbfb191ef8bd6fc4c18bc0085a2194db17cf8a87f55f1b36f0316b6309199
2025-09-15 22:50:17.824 TRACE client[0]: Found transaction in block: 5bf4c28842c2ed0694ae02958640b1a3167998a46485f9d1d82523d48f1d29bd
2025-09-15 22:50:17.824 TRACE client[0]: Found transaction in block: fc35f6e95762fe837cd4cd8f69a40a4f56659a56c06edf3d65b800af3c6af843
2025-09-15 22:50:17.824 TRACE client[0]: Found transaction in block: 2bb10f036530eebda7dd5c52ef8f49e3cb6533ed3e38c29c1ef37f471c98f839
2025-09-15 22:50:17.824 TRACE client[0]: Found transaction in block: 92556589912a1050f8b9d79a06bf9522ad2979dd7a92d827494eaf3dc7187173
2025-09-15 22:50:17.824 TRACE client[0]: Found transaction in block: 042cf0122444f1ec369654024b2433d3fe2b40888adf22539e61463cb8c8aee8
2025-09-15 22:50:17.824 TRACE client[0]: Found transaction in block: 3a0b9f2c8fb894e9947d8cd76816db9fb7d1e40abd968182001c9a8cd51d90cc
2025-09-15 22:50:17.824 TRACE client[0]: Found transaction in block: caec8cba47216409d6232e116cca3f43797424a93d2bd910b73f52af5e23dfd4
2025-09-15 22:50:17.824 TRACE client[0]: Found transaction in block: 8ce47e2bea0010e3fe26e02b146df26079c9e0ae9e91b8b718bd1df3fa59eb87
2025-09-15 22:50:17.824 TRACE client[0]: Found transaction in block: f38d3a996c6a760dc328e1c0cd89fed13504d29cc21ba736ebd686d4beaed73e
2025-09-15 22:50:17.824 TRACE client[0]: Found transaction in block: e54b51c2f0f1a9eb031c79ba309ce52bd7ad27974e93322f3a65331b261c474b
2025-09-15 22:50:17.824 TRACE client[0]: Found transaction in block: 9d61c7615e4f03e1fdcaa38adb9aacf73b0e6f6ff4065e75bff98112c8f9eb2d
2025-09-15 22:50:17.824 TRACE client[0]: Found transaction in block: c45b77febce4d650bc8aaa926e08d9aa1468fd6222bfac92f078e2a038d203d2
2025-09-15 22:50:17.824 TRACE client[0]: Found transaction in block: a1d183e9750ec3319e8ae0868eb29bf533d48bc8b8bf05585b35143abf091e0d
2025-09-15 22:50:17.824 TRACE client[0]: Found transaction in block: 7bf557166a0a3761edbb1988d5c750e95d043864674609f370d33201ff597b10
2025-09-15 22:50:17.824 TRACE client[0]: Found transaction in block: 700aba08443d1eb064239510bc91a46b858e65cca9dd454a43997f95b264aae5
2025-09-15 22:50:17.824 TRACE client[0]: Found transaction in block: 0f21e39565361106cdd5e8974bc7e78e95aa54678c0b1423184591726b4e4cb1
2025-09-15 22:50:17.824 TRACE client[0]: Found transaction in block: e1a4a9711f17ff7238b729e74acb3384a0cb4d2f873c7f86371995d810388e98
2025-09-15 22:50:17.824 TRACE client[0]: Found transaction in block: 7e208e67862f0b092272d2e5c287f51a13d1062be633fbab5e539518d34f323c
2025-09-15 22:50:17.824 TRACE client[0]: Found transaction in block: 4964d060fd1f7498b54fbc170ed7a3150d1678c581b139841f5ce1c97a7f567d
2025-09-15 22:50:17.824 TRACE client[0]: Found transaction in block: f8e16d08638fabec11b4a422c8b7a14b171873a55c99b4d07c468562a9c7bd8b
2025-09-15 22:50:17.824 TRACE client[0]: Found transaction in block: 2126a33c83bc3d2013030b6bfa643506e277eb6f59f3032fc57aeac6ebd6ab24
2025-09-15 22:50:17.824 TRACE client[0]: Found transaction in block: 42845658d9cd4d95f7f79c4ff1bf2c5a8fbb5454802357233f05b695c20bc77f
2025-09-15 22:50:17.824 TRACE client[0]: Found transaction in block: 958317e26055e4ecb247ae40d197701021910b9526ff86091bab89a1c632071c
2025-09-15 22:50:17.824 TRACE client[0]: Found transaction in block: f2eb455ec3912836ed3c0e1194bb6dc8fb4415a57ad2a5b19ad6282aff3266a4
2025-09-15 22:50:17.824 TRACE client[0]: Found transaction in block: 01ba1b97ee7fd5931bd479b66f99cd4c43297ddc77aaee161558e27794c33cc4
2025-09-15 22:50:17.824 TRACE client[0]: Found transaction in block: 425d09a53ee47865d2856f28363a4c65db18c1c85c19ea934c56e9f779eddc16
2025-09-15 22:50:17.824 TRACE client[0]: Found transaction in block: e7a5d12632a8d8c644e748ef9e7ef8faf1fec63477f30e900eb233faa74b911d
2025-09-15 22:50:17.824 TRACE client[0]: Found transaction in block: ff58206c0eb4853cedc9c98d75671c3adb2f1bb59d45ba9c692a3c7371e1efd1
2025-09-15 22:50:17.824 TRACE client[0]: Found transaction in block: e248bb8b09ab159ec960bf3b3115a5d1212e864c1968c643d0018a215ef0cc22
2025-09-15 22:50:17.824 TRACE client[0]: Found transaction in block: 4e62cde889bb0ebf29fc3bb48b3db75b9ba4d319118902676167fcb5e5c2d06b
2025-09-15 22:50:17.824 TRACE client[0]: Found transaction in block: 2065dd67c401136920a41b9a7c5419234a64848bb44e00aa54ec3858e5a0c0f1
2025-09-15 22:50:17.824 TRACE client[0]: Found transaction in block: 43052b1e558905cb5bb366ed8e2b94745a9e8ca6c138bb9d5485669bfda20922
2025-09-15 22:50:17.824 TRACE client[0]: Found transaction in block: cd065aa17ecaf4bbf8680b65864550cbf3e4f3383df7f9b618d7c45696972bd2
2025-09-15 22:50:17.824 TRACE client[0]: Found transaction in block: 9c256f2c493f9a1fc0e05d70c9fcf57e56f80c65208fab38b607f373804c3127
2025-09-15 22:50:17.824 TRACE client[0]: Found transaction in block: f1a90153d85752fea6c87c266ceb7151f32906d2dbc0298a4572577fefd1ecc7
2025-09-15 22:50:17.824 TRACE client[0]: Found transaction in block: 23a634f2f0ae541cbbe6951c80660ca291f5041f1184073b9d787d66c6730835
2025-09-15 22:50:17.824 TRACE client[0]: Found transaction in block: 519ad7d2680b821d972a17064391188846fd8ea5990c29b4047ec8ffb8ce4e8a
2025-09-15 22:50:17.824 TRACE client[0]: Found transaction in block: 1c4dbde2b9c4dd1015fb62ba74b72d4971e1f81dd4ce010553303bddc2f0dd5e
2025-09-15 22:50:17.824 TRACE client[0]: Found transaction in block: 197f02e5ff99b3a586cc67cee7856ceb4708844555ad67af30e8b703c1a5975a
2025-09-15 22:50:17.824 TRACE client[0]: Found transaction in block: 49a048a44ec3762cac208d66b6c7b471a519e1bdd94ee64cec422f4c138b7266
2025-09-15 22:50:17.824 TRACE client[0]: Found transaction in block: 4b0b54e06105daeebdaf2e2c37c9d98e3487f4f8c65f0b5dc7944166e3495077
2025-09-15 22:50:17.824 TRACE client[0]: Found transaction in block: 8d5216a90f2422f2130a9b37498e12e881f6de8145b8573402414f89d1cce9ae
2025-09-15 22:50:17.824 TRACE client[0]: Found transaction in block: 284552207958cfa66a6221cbac2b80672fa2733f8b7366ee369a32466b77d114
2025-09-15 22:50:17.824 TRACE client[0]: Found transaction in block: dde534528da083e7ef72cc494e6fc13f52eb8beeabdad3d64169974ea915dd35
2025-09-15 22:50:17.824 TRACE client[0]: Found transaction in block: c91c238b3672666a54b34248148559b35204248de6622d9f879aba3167c6796e
2025-09-15 22:50:17.824 TRACE client[0]: Found transaction in block: a6fcf82fbd4af05cd7169159cc0b7fe5d7f9b2e4e681c1b11c81fe545f0aaea1
2025-09-15 22:50:17.824 TRACE client[0]: Found transaction in block: b09cb477bd2414379d7d46093496b610022ef6cc7f059040c75eb9109b72a949
2025-09-15 22:50:17.824 TRACE client[0]: Found transaction in block: e29554941758d6d19b74ae94f1b96ccc2a2007668833b612a58e3d55d4769768
2025-09-15 22:50:17.824 TRACE client[0]: Found transaction in block: 2b1d632fd4df258099887a85384fcb7523612e4ecc338a238c84a3b684d574a1
2025-09-15 22:50:17.824 TRACE client[0]: Found transaction in block: 9eecc76f1083c2380c7ca13603a8c79582cc00ddf4e43cbf56de0f3af3795904
2025-09-15 22:50:17.824 TRACE client[0]: Found transaction in block: dac47f4e4da7d98eb0116066004f5100b9b10353a98f695ec37600f8e97700de
2025-09-15 22:50:17.824 TRACE client[0]: Found transaction in block: a7f1bd83e76d966fcf08308e3cf6fce387eeaf42f0f87175ff7b2327955c17ac
2025-09-15 22:50:17.824 TRACE client[0]: Found transaction in block: 7a0f5366f9872a419526d1153ef8947937979558e6abf52fb414387c5ce76759
2025-09-15 22:50:17.824 TRACE client[0]: Found transaction in block: ac61fff12177a614cd45db0fe94f373ebe2e0f25134994dd6f588b25cb18f2df
2025-09-15 22:50:17.824 TRACE client[0]: Found transaction in block: 2ab616bf0395078ddfa0abaf8bbbabcbe73965bb2a1a655a1c0193f6c86d56ae
2025-09-15 22:50:17.824 TRACE client[0]: Found transaction in block: b7091b0b08031afb027455b7af9a973e85aceab70b5ba50011dffa595f2307e4
2025-09-15 22:50:17.824 TRACE client[0]: Found transaction in block: 5ee369c5dfca5e97f17c2df5c580440edf82a3f1786a6b07aa4918c4820ed86c
2025-09-15 22:50:17.824 TRACE client[0]: Found transaction in block: 092e49ca39f1a9230e275199f5e0af421a1f963e7892a543d658f3cb0953211f
2025-09-15 22:50:17.824 TRACE client[0]: Found transaction in block: be4ead985507071b022d75ea33e0604d29008228c2b92048ac5453ca4a113684
2025-09-15 22:50:17.871 TRACE : trigger interaction 0xc00049f2c0 1014/1200
[TRACE] Decoding transaction bytes of length: 229
[TRACE] Transaction type: 6
[TRACE] Successfully decoded transaction with hash: 2a850df0b00ac83bd877656a4daf3b8e30fb195cf09badfc8fb14b5e1112feca
2025-09-15 22:50:17.871 TRACE client[0]: Processing transaction with hash: 2a850df0b00ac83bd877656a4daf3b8e30fb195cf09badfc8fb14b5e1112feca
2025-09-15 22:50:17.871 DEBUG client[0]: Submitting transaction 2a850df0b00ac83bd877656a4daf3b8e30fb195cf09badfc8fb14b5e1112feca
2025-09-15 22:50:17.954 TRACE : trigger interaction 0xc00049f3b0 1015/1200
[TRACE] Decoding transaction bytes of length: 229
[TRACE] Transaction type: 6
[TRACE] Successfully decoded transaction with hash: 83eca40adf155d6b63b50c0b37b259ae939837eba0da142098dc6fb38d9ab3c3
2025-09-15 22:50:17.954 TRACE client[0]: Processing transaction with hash: 83eca40adf155d6b63b50c0b37b259ae939837eba0da142098dc6fb38d9ab3c3
2025-09-15 22:50:17.954 DEBUG client[0]: Submitting transaction 83eca40adf155d6b63b50c0b37b259ae939837eba0da142098dc6fb38d9ab3c3
2025-09-15 22:50:18.037 TRACE : trigger interaction 0xc00049f4a0 1016/1200
[TRACE] Decoding transaction bytes of length: 229
[TRACE] Transaction type: 6
[TRACE] Successfully decoded transaction with hash: 2a46c7fd5cd644681c96444cfbe1aecf18d2f10d0e1498aeede69a2bc8b4f153
2025-09-15 22:50:18.037 TRACE client[0]: Processing transaction with hash: 2a46c7fd5cd644681c96444cfbe1aecf18d2f10d0e1498aeede69a2bc8b4f153
2025-09-15 22:50:18.037 DEBUG client[0]: Submitting transaction 2a46c7fd5cd644681c96444cfbe1aecf18d2f10d0e1498aeede69a2bc8b4f153
2025-09-15 22:50:18.120 TRACE : trigger interaction 0xc00049f590 1017/1200
[TRACE] Decoding transaction bytes of length: 229
[TRACE] Transaction type: 6
[TRACE] Successfully decoded transaction with hash: 8dd769e904d40c8e266915fbc5a68a34f60cb7e0551f52a9ba20695d33fff74d
2025-09-15 22:50:18.120 TRACE client[0]: Processing transaction with hash: 8dd769e904d40c8e266915fbc5a68a34f60cb7e0551f52a9ba20695d33fff74d
2025-09-15 22:50:18.120 DEBUG client[0]: Submitting transaction 8dd769e904d40c8e266915fbc5a68a34f60cb7e0551f52a9ba20695d33fff74d
2025-09-15 22:50:18.204 TRACE : trigger interaction 0xc0005dae10 1018/1200
[TRACE] Decoding transaction bytes of length: 229
[TRACE] Transaction type: 6
[TRACE] Successfully decoded transaction with hash: 709e341de408deaafec798bb509e712c202f6c23842fd078a12130a1ae170043
2025-09-15 22:50:18.204 TRACE client[0]: Processing transaction with hash: 709e341de408deaafec798bb509e712c202f6c23842fd078a12130a1ae170043
2025-09-15 22:50:18.204 DEBUG client[0]: Submitting transaction 709e341de408deaafec798bb509e712c202f6c23842fd078a12130a1ae170043
2025-09-15 22:50:18.288 TRACE : trigger interaction 0xc0005daf00 1019/1200
[TRACE] Decoding transaction bytes of length: 229
[TRACE] Transaction type: 6
[TRACE] Successfully decoded transaction with hash: b8f29cf915a7e7bb1f6c7baf72a7695ec0f6bdbd0f5bb33b0a8f3fcc78790a77
2025-09-15 22:50:18.288 TRACE client[0]: Processing transaction with hash: b8f29cf915a7e7bb1f6c7baf72a7695ec0f6bdbd0f5bb33b0a8f3fcc78790a77
2025-09-15 22:50:18.288 DEBUG client[0]: Submitting transaction b8f29cf915a7e7bb1f6c7baf72a7695ec0f6bdbd0f5bb33b0a8f3fcc78790a77
2025-09-15 22:50:18.371 TRACE : trigger interaction 0xc0005daff0 1020/1200
[TRACE] Decoding transaction bytes of length: 229
[TRACE] Transaction type: 6
[TRACE] Successfully decoded transaction with hash: a4028f68a88652411c7ae8335430fe88c9fefef1c043dc46d8e182d48152123d
2025-09-15 22:50:18.371 TRACE client[0]: Processing transaction with hash: a4028f68a88652411c7ae8335430fe88c9fefef1c043dc46d8e182d48152123d
2025-09-15 22:50:18.371 DEBUG client[0]: Submitting transaction a4028f68a88652411c7ae8335430fe88c9fefef1c043dc46d8e182d48152123d
2025-09-15 22:50:18.454 TRACE : trigger interaction 0xc0005db0e0 1021/1200
[TRACE] Decoding transaction bytes of length: 229
[TRACE] Transaction type: 6
[TRACE] Successfully decoded transaction with hash: aba78c15489644bf67378c3f06d6bf371c440cfe7446989bf0e4e2c6a925b115
2025-09-15 22:50:18.454 TRACE client[0]: Processing transaction with hash: aba78c15489644bf67378c3f06d6bf371c440cfe7446989bf0e4e2c6a925b115
2025-09-15 22:50:18.454 DEBUG client[0]: Submitting transaction aba78c15489644bf67378c3f06d6bf371c440cfe7446989bf0e4e2c6a925b115
2025-09-15 22:50:18.537 TRACE : trigger interaction 0xc0005db1d0 1022/1200
[TRACE] Decoding transaction bytes of length: 229
[TRACE] Transaction type: 6
[TRACE] Successfully decoded transaction with hash: c1e3260c003dab8ca7a589655c45fd262497e9516ee2c9eb4710e7a7e4b7880c
2025-09-15 22:50:18.537 TRACE client[0]: Processing transaction with hash: c1e3260c003dab8ca7a589655c45fd262497e9516ee2c9eb4710e7a7e4b7880c
2025-09-15 22:50:18.537 DEBUG client[0]: Submitting transaction c1e3260c003dab8ca7a589655c45fd262497e9516ee2c9eb4710e7a7e4b7880c
2025-09-15 22:50:18.621 TRACE : trigger interaction 0xc0005db2c0 1023/1200
[TRACE] Decoding transaction bytes of length: 229
[TRACE] Transaction type: 6
[TRACE] Successfully decoded transaction with hash: 9f445dc5c109011c17a23ab85a00cecdceca7a6c4a9a9b75ac5eb51e488595ee
2025-09-15 22:50:18.621 TRACE client[0]: Processing transaction with hash: 9f445dc5c109011c17a23ab85a00cecdceca7a6c4a9a9b75ac5eb51e488595ee
2025-09-15 22:50:18.621 DEBUG client[0]: Submitting transaction 9f445dc5c109011c17a23ab85a00cecdceca7a6c4a9a9b75ac5eb51e488595ee
2025-09-15 22:50:18.704 TRACE : trigger interaction 0xc0005db3b0 1024/1200
[TRACE] Decoding transaction bytes of length: 229
[TRACE] Transaction type: 6
[TRACE] Successfully decoded transaction with hash: 0531900e6275fb7efee2c611e58223989472143f5384243249a26a750ef97027
2025-09-15 22:50:18.704 TRACE client[0]: Processing transaction with hash: 0531900e6275fb7efee2c611e58223989472143f5384243249a26a750ef97027
2025-09-15 22:50:18.704 DEBUG client[0]: Submitting transaction 0531900e6275fb7efee2c611e58223989472143f5384243249a26a750ef97027
2025-09-15 22:50:18.788 TRACE : trigger interaction 0xc0005db4a0 1025/1200
[TRACE] Decoding transaction bytes of length: 229
[TRACE] Transaction type: 6
[TRACE] Successfully decoded transaction with hash: 87593804a12df8f451b0faed8696a4ba6fac58ef601b99aee2b2cb9d5243a600
2025-09-15 22:50:18.788 TRACE client[0]: Processing transaction with hash: 87593804a12df8f451b0faed8696a4ba6fac58ef601b99aee2b2cb9d5243a600
2025-09-15 22:50:18.788 DEBUG client[0]: Submitting transaction 87593804a12df8f451b0faed8696a4ba6fac58ef601b99aee2b2cb9d5243a600
2025-09-15 22:50:18.871 TRACE : trigger interaction 0xc0005db590 1026/1200
[TRACE] Decoding transaction bytes of length: 230
[TRACE] Transaction type: 6
[TRACE] Successfully decoded transaction with hash: 9ba8e5074484e7cbc624131e232f8600e0d86feebdbed03717bcb8f006404bd4
2025-09-15 22:50:18.871 TRACE client[0]: Processing transaction with hash: 9ba8e5074484e7cbc624131e232f8600e0d86feebdbed03717bcb8f006404bd4
2025-09-15 22:50:18.871 DEBUG client[0]: Submitting transaction 9ba8e5074484e7cbc624131e232f8600e0d86feebdbed03717bcb8f006404bd4
2025-09-15 22:50:18.954 TRACE : trigger interaction 0xc0005db680 1027/1200
[TRACE] Decoding transaction bytes of length: 230
[TRACE] Transaction type: 6
[TRACE] Successfully decoded transaction with hash: c2126afb9ac2632c05dac8c6826d20ea20cf983f616cbc66ba000ace169de999
2025-09-15 22:50:18.954 TRACE client[0]: Processing transaction with hash: c2126afb9ac2632c05dac8c6826d20ea20cf983f616cbc66ba000ace169de999
2025-09-15 22:50:18.954 DEBUG client[0]: Submitting transaction c2126afb9ac2632c05dac8c6826d20ea20cf983f616cbc66ba000ace169de999
2025-09-15 22:50:19.038 TRACE : trigger interaction 0xc0005db770 1028/1200
[TRACE] Decoding transaction bytes of length: 230
[TRACE] Transaction type: 6
[TRACE] Successfully decoded transaction with hash: fb06dda0874a38b304222524e1507313948e52102059d40bbb0b62bcb72f7d46
2025-09-15 22:50:19.038 TRACE client[0]: Processing transaction with hash: fb06dda0874a38b304222524e1507313948e52102059d40bbb0b62bcb72f7d46
2025-09-15 22:50:19.038 DEBUG client[0]: Submitting transaction fb06dda0874a38b304222524e1507313948e52102059d40bbb0b62bcb72f7d46
2025-09-15 22:50:19.120 TRACE : trigger interaction 0xc0005db860 1029/1200
[TRACE] Decoding transaction bytes of length: 230
[TRACE] Transaction type: 6
[TRACE] Successfully decoded transaction with hash: e8edad10bbd16c2b5218068f5f51646ae4b2ebe2aac261404bf8db76c8efd563
2025-09-15 22:50:19.121 TRACE client[0]: Processing transaction with hash: e8edad10bbd16c2b5218068f5f51646ae4b2ebe2aac261404bf8db76c8efd563
2025-09-15 22:50:19.121 DEBUG client[0]: Submitting transaction e8edad10bbd16c2b5218068f5f51646ae4b2ebe2aac261404bf8db76c8efd563
2025-09-15 22:50:19.203 TRACE : trigger interaction 0xc0005db950 1030/1200
[TRACE] Decoding transaction bytes of length: 230
[TRACE] Transaction type: 6
[TRACE] Successfully decoded transaction with hash: 16176f591346265d6300342a878519ed42422443ef443d90bec6ffb252100ccd
2025-09-15 22:50:19.204 TRACE client[0]: Processing transaction with hash: 16176f591346265d6300342a878519ed42422443ef443d90bec6ffb252100ccd
2025-09-15 22:50:19.204 DEBUG client[0]: Submitting transaction 16176f591346265d6300342a878519ed42422443ef443d90bec6ffb252100ccd
2025-09-15 22:50:19.287 TRACE : trigger interaction 0xc0005dba40 1031/1200
[TRACE] Decoding transaction bytes of length: 230
[TRACE] Transaction type: 6
[TRACE] Successfully decoded transaction with hash: 7554da81b39335e4de28db44b12feaca1a6082d379095e802d203f6b8287ee42
2025-09-15 22:50:19.287 TRACE client[0]: Processing transaction with hash: 7554da81b39335e4de28db44b12feaca1a6082d379095e802d203f6b8287ee42
2025-09-15 22:50:19.287 DEBUG client[0]: Submitting transaction 7554da81b39335e4de28db44b12feaca1a6082d379095e802d203f6b8287ee42
2025-09-15 22:50:19.371 TRACE : trigger interaction 0xc0005dbb30 1032/1200
[TRACE] Decoding transaction bytes of length: 230
[TRACE] Transaction type: 6
[TRACE] Successfully decoded transaction with hash: cda7db07882baa292f505798ebfd7abef05c0c58ebdc84cb7a670d6304d41f98
2025-09-15 22:50:19.371 TRACE client[0]: Processing transaction with hash: cda7db07882baa292f505798ebfd7abef05c0c58ebdc84cb7a670d6304d41f98
2025-09-15 22:50:19.371 DEBUG client[0]: Submitting transaction cda7db07882baa292f505798ebfd7abef05c0c58ebdc84cb7a670d6304d41f98
2025-09-15 22:50:19.454 TRACE : trigger interaction 0xc0005dbc20 1033/1200
[TRACE] Decoding transaction bytes of length: 230
[TRACE] Transaction type: 6
[TRACE] Successfully decoded transaction with hash: 8da5c42fff4aaafef55505a3f517988dd0443090aceff749be8d33eebf4fbe02
2025-09-15 22:50:19.454 TRACE client[0]: Processing transaction with hash: 8da5c42fff4aaafef55505a3f517988dd0443090aceff749be8d33eebf4fbe02
2025-09-15 22:50:19.454 DEBUG client[0]: Submitting transaction 8da5c42fff4aaafef55505a3f517988dd0443090aceff749be8d33eebf4fbe02
2025-09-15 22:50:19.537 TRACE : trigger interaction 0xc000575ef0 1034/1200
[TRACE] Decoding transaction bytes of length: 230
[TRACE] Transaction type: 6
[TRACE] Successfully decoded transaction with hash: c1fcc7a1f1626bdf8372bb0f832409f1b548051f16bb47108f2106c8866a863d
2025-09-15 22:50:19.537 TRACE client[0]: Processing transaction with hash: c1fcc7a1f1626bdf8372bb0f832409f1b548051f16bb47108f2106c8866a863d
2025-09-15 22:50:19.537 DEBUG client[0]: Submitting transaction c1fcc7a1f1626bdf8372bb0f832409f1b548051f16bb47108f2106c8866a863d
2025-09-15 22:50:19.621 TRACE : trigger interaction 0xc00063a000 1035/1200
[TRACE] Decoding transaction bytes of length: 230
[TRACE] Transaction type: 6
[TRACE] Successfully decoded transaction with hash: 1e3dd2a1f12b4ecb3fee083c035f4e4e960ea775cab588587b1db75e96c08d88
2025-09-15 22:50:19.621 TRACE client[0]: Processing transaction with hash: 1e3dd2a1f12b4ecb3fee083c035f4e4e960ea775cab588587b1db75e96c08d88
2025-09-15 22:50:19.621 DEBUG client[0]: Submitting transaction 1e3dd2a1f12b4ecb3fee083c035f4e4e960ea775cab588587b1db75e96c08d88
2025-09-15 22:50:19.704 TRACE : trigger interaction 0xc00063a0f0 1036/1200
[TRACE] Decoding transaction bytes of length: 230
[TRACE] Transaction type: 6
[TRACE] Successfully decoded transaction with hash: a0ef2e995d5f58310fc773900bccb887290b74eee0ad4913772add9316da430d
2025-09-15 22:50:19.704 TRACE client[0]: Processing transaction with hash: a0ef2e995d5f58310fc773900bccb887290b74eee0ad4913772add9316da430d
2025-09-15 22:50:19.704 DEBUG client[0]: Submitting transaction a0ef2e995d5f58310fc773900bccb887290b74eee0ad4913772add9316da430d
2025-09-15 22:50:19.788 TRACE : trigger interaction 0xc00063a1e0 1037/1200
[TRACE] Decoding transaction bytes of length: 230
[TRACE] Transaction type: 6
[TRACE] Successfully decoded transaction with hash: b18d90f6cc1be9cb1e4c737f36fbc9f02fa5615c8a68919f149b2f042488caf7
2025-09-15 22:50:19.788 TRACE client[0]: Processing transaction with hash: b18d90f6cc1be9cb1e4c737f36fbc9f02fa5615c8a68919f149b2f042488caf7
2025-09-15 22:50:19.788 DEBUG client[0]: Submitting transaction b18d90f6cc1be9cb1e4c737f36fbc9f02fa5615c8a68919f149b2f042488caf7
2025-09-15 22:50:19.871 TRACE : trigger interaction 0xc00063a2d0 1038/1200
[TRACE] Decoding transaction bytes of length: 230
[TRACE] Transaction type: 6
[TRACE] Successfully decoded transaction with hash: 85959312cceea73860e19e9ab1a6ccc58d7ecce5913a0b2dc622328b238a5697
2025-09-15 22:50:19.871 TRACE client[0]: Processing transaction with hash: 85959312cceea73860e19e9ab1a6ccc58d7ecce5913a0b2dc622328b238a5697
2025-09-15 22:50:19.871 DEBUG client[0]: Submitting transaction 85959312cceea73860e19e9ab1a6ccc58d7ecce5913a0b2dc622328b238a5697
2025-09-15 22:50:19.954 TRACE : trigger interaction 0xc00063a3c0 1039/1200
[TRACE] Decoding transaction bytes of length: 230
[TRACE] Transaction type: 6
[TRACE] Successfully decoded transaction with hash: 26ebd8f0060cb063a7be6fb0eeab9b0fc4cc5bc8a8d50d74d60a51ca98f0a1f7
2025-09-15 22:50:19.954 TRACE client[0]: Processing transaction with hash: 26ebd8f0060cb063a7be6fb0eeab9b0fc4cc5bc8a8d50d74d60a51ca98f0a1f7
2025-09-15 22:50:19.954 DEBUG client[0]: Submitting transaction 26ebd8f0060cb063a7be6fb0eeab9b0fc4cc5bc8a8d50d74d60a51ca98f0a1f7
2025-09-15 22:50:20.037 TRACE : trigger interaction 0xc00063a4b0 1040/1200
[TRACE] Decoding transaction bytes of length: 230
[TRACE] Transaction type: 6
[TRACE] Successfully decoded transaction with hash: e0fa87dd8ee911fec3c8fc29b62d692cdc882be1d0cf84760fa8fffd001f6c5b
2025-09-15 22:50:20.038 TRACE client[0]: Processing transaction with hash: e0fa87dd8ee911fec3c8fc29b62d692cdc882be1d0cf84760fa8fffd001f6c5b
2025-09-15 22:50:20.038 DEBUG client[0]: Submitting transaction e0fa87dd8ee911fec3c8fc29b62d692cdc882be1d0cf84760fa8fffd001f6c5b
2025-09-15 22:50:20.120 TRACE : trigger interaction 0xc00063a5a0 1041/1200
[TRACE] Decoding transaction bytes of length: 230
[TRACE] Transaction type: 6
[TRACE] Successfully decoded transaction with hash: 4139eabedc263fb3b86522f7ced89394589e5b9c4ab86244e221e4e69fd0caf6
2025-09-15 22:50:20.121 TRACE client[0]: Processing transaction with hash: 4139eabedc263fb3b86522f7ced89394589e5b9c4ab86244e221e4e69fd0caf6
2025-09-15 22:50:20.121 DEBUG client[0]: Submitting transaction 4139eabedc263fb3b86522f7ced89394589e5b9c4ab86244e221e4e69fd0caf6
2025-09-15 22:50:20.203 TRACE : trigger interaction 0xc00063a690 1042/1200
[TRACE] Decoding transaction bytes of length: 230
[TRACE] Transaction type: 6
[TRACE] Successfully decoded transaction with hash: cf7abd9da46629f1a4aede100591bd249844976a17bc5ae1f2df63315b851eb6
2025-09-15 22:50:20.204 TRACE client[0]: Processing transaction with hash: cf7abd9da46629f1a4aede100591bd249844976a17bc5ae1f2df63315b851eb6
2025-09-15 22:50:20.204 DEBUG client[0]: Submitting transaction cf7abd9da46629f1a4aede100591bd249844976a17bc5ae1f2df63315b851eb6
2025-09-15 22:50:20.287 TRACE : trigger interaction 0xc00063a780 1043/1200
[TRACE] Decoding transaction bytes of length: 230
[TRACE] Transaction type: 6
[TRACE] Successfully decoded transaction with hash: 6d59205de25c0dcc5cbe784980de733d8639a4ae4a66722f949f0f5d1a5231db
2025-09-15 22:50:20.288 TRACE client[0]: Processing transaction with hash: 6d59205de25c0dcc5cbe784980de733d8639a4ae4a66722f949f0f5d1a5231db
2025-09-15 22:50:20.288 DEBUG client[0]: Submitting transaction 6d59205de25c0dcc5cbe784980de733d8639a4ae4a66722f949f0f5d1a5231db
2025-09-15 22:50:20.371 TRACE : trigger interaction 0xc00063a870 1044/1200
[TRACE] Decoding transaction bytes of length: 230
[TRACE] Transaction type: 6
[TRACE] Successfully decoded transaction with hash: 380f37292652b4c2104fc34950b700ad949849e92e59fcb9728b71120e2117da
2025-09-15 22:50:20.371 TRACE client[0]: Processing transaction with hash: 380f37292652b4c2104fc34950b700ad949849e92e59fcb9728b71120e2117da
2025-09-15 22:50:20.371 DEBUG client[0]: Submitting transaction 380f37292652b4c2104fc34950b700ad949849e92e59fcb9728b71120e2117da
2025-09-15 22:50:20.454 TRACE : trigger interaction 0xc00063a960 1045/1200
[TRACE] Decoding transaction bytes of length: 230
[TRACE] Transaction type: 6
[TRACE] Successfully decoded transaction with hash: 3677233542624ec1bda1096524d3c65b6bb93f909f4c2086b62e0c7b31885d55
2025-09-15 22:50:20.454 TRACE client[0]: Processing transaction with hash: 3677233542624ec1bda1096524d3c65b6bb93f909f4c2086b62e0c7b31885d55
2025-09-15 22:50:20.454 DEBUG client[0]: Submitting transaction 3677233542624ec1bda1096524d3c65b6bb93f909f4c2086b62e0c7b31885d55
2025-09-15 22:50:20.537 TRACE : trigger interaction 0xc00063aa50 1046/1200
[TRACE] Decoding transaction bytes of length: 230
[TRACE] Transaction type: 6
[TRACE] Successfully decoded transaction with hash: e41378d3bb8d0ec8c054222791df8c024b82ba85d26affbf11d61e63a0c403d0
2025-09-15 22:50:20.537 TRACE client[0]: Processing transaction with hash: e41378d3bb8d0ec8c054222791df8c024b82ba85d26affbf11d61e63a0c403d0
2025-09-15 22:50:20.537 DEBUG client[0]: Submitting transaction e41378d3bb8d0ec8c054222791df8c024b82ba85d26affbf11d61e63a0c403d0
2025-09-15 22:50:20.621 TRACE : trigger interaction 0xc00063ab40 1047/1200
[TRACE] Decoding transaction bytes of length: 230
[TRACE] Transaction type: 6
[TRACE] Successfully decoded transaction with hash: 9c3fe6f8bc1676e6e2dd9d9a7b19a6d44cfca625712171adb0eae29c6e667a68
2025-09-15 22:50:20.621 TRACE client[0]: Processing transaction with hash: 9c3fe6f8bc1676e6e2dd9d9a7b19a6d44cfca625712171adb0eae29c6e667a68
2025-09-15 22:50:20.621 DEBUG client[0]: Submitting transaction 9c3fe6f8bc1676e6e2dd9d9a7b19a6d44cfca625712171adb0eae29c6e667a68
2025-09-15 22:50:20.704 TRACE : trigger interaction 0xc00063ac30 1048/1200
[TRACE] Decoding transaction bytes of length: 230
[TRACE] Transaction type: 6
[TRACE] Successfully decoded transaction with hash: 6a38bc30e85bbcee6c22ee83b893fa9b12aef29b530e431024692062e848eeb4
2025-09-15 22:50:20.704 TRACE client[0]: Processing transaction with hash: 6a38bc30e85bbcee6c22ee83b893fa9b12aef29b530e431024692062e848eeb4
2025-09-15 22:50:20.704 DEBUG client[0]: Submitting transaction 6a38bc30e85bbcee6c22ee83b893fa9b12aef29b530e431024692062e848eeb4
2025-09-15 22:50:20.787 TRACE : trigger interaction 0xc00063ad20 1049/1200
[TRACE] Decoding transaction bytes of length: 230
[TRACE] Transaction type: 6
[TRACE] Successfully decoded transaction with hash: a79a143c33813c21ed7fa62cecdacee687da9a6703938c9a0ad8277836e4dc4b
2025-09-15 22:50:20.787 TRACE client[0]: Processing transaction with hash: a79a143c33813c21ed7fa62cecdacee687da9a6703938c9a0ad8277836e4dc4b
2025-09-15 22:50:20.787 DEBUG client[0]: Submitting transaction a79a143c33813c21ed7fa62cecdacee687da9a6703938c9a0ad8277836e4dc4b
2025-09-15 22:50:20.870 TRACE : trigger interaction 0xc00063ae10 1050/1200
[TRACE] Decoding transaction bytes of length: 230
[TRACE] Transaction type: 6
[TRACE] Successfully decoded transaction with hash: 16cd321bcbbd13d2cb818f211974a01065c2bc9f921f6256c1def00a2f29b0ff
2025-09-15 22:50:20.871 TRACE client[0]: Processing transaction with hash: 16cd321bcbbd13d2cb818f211974a01065c2bc9f921f6256c1def00a2f29b0ff
2025-09-15 22:50:20.871 DEBUG client[0]: Submitting transaction 16cd321bcbbd13d2cb818f211974a01065c2bc9f921f6256c1def00a2f29b0ff
2025-09-15 22:50:20.953 TRACE : trigger interaction 0xc0005dbd10 1051/1200
[TRACE] Decoding transaction bytes of length: 230
[TRACE] Transaction type: 6
[TRACE] Successfully decoded transaction with hash: d30145c082d10f599589b1cdc7848191c613c70ec22144993393c2345ab73f93
2025-09-15 22:50:20.954 TRACE client[0]: Processing transaction with hash: d30145c082d10f599589b1cdc7848191c613c70ec22144993393c2345ab73f93
2025-09-15 22:50:20.954 DEBUG client[0]: Submitting transaction d30145c082d10f599589b1cdc7848191c613c70ec22144993393c2345ab73f93
2025-09-15 22:50:21.037 TRACE : trigger interaction 0xc0005dbe00 1052/1200
[TRACE] Decoding transaction bytes of length: 230
[TRACE] Transaction type: 6
[TRACE] Successfully decoded transaction with hash: e020d229951417493ba19ca0265f9f0d38ebdcfe5af0cf811cdb453841c45aea
2025-09-15 22:50:21.037 TRACE client[0]: Processing transaction with hash: e020d229951417493ba19ca0265f9f0d38ebdcfe5af0cf811cdb453841c45aea
2025-09-15 22:50:21.037 DEBUG client[0]: Submitting transaction e020d229951417493ba19ca0265f9f0d38ebdcfe5af0cf811cdb453841c45aea
2025-09-15 22:50:21.121 TRACE : trigger interaction 0xc0005dbef0 1053/1200
[TRACE] Decoding transaction bytes of length: 230
[TRACE] Transaction type: 6
[TRACE] Successfully decoded transaction with hash: 9cbee40d12cd8b3bb096296690b3dca867f4e7bc1f0ad34909b86425e8bc493b
2025-09-15 22:50:21.121 TRACE client[0]: Processing transaction with hash: 9cbee40d12cd8b3bb096296690b3dca867f4e7bc1f0ad34909b86425e8bc493b
2025-09-15 22:50:21.121 DEBUG client[0]: Submitting transaction 9cbee40d12cd8b3bb096296690b3dca867f4e7bc1f0ad34909b86425e8bc493b
2025-09-15 22:50:21.204 TRACE : trigger interaction 0xc0005f6000 1054/1200
[TRACE] Decoding transaction bytes of length: 230
[TRACE] Transaction type: 6
[TRACE] Successfully decoded transaction with hash: 32a0018b9861a7544f14f551e2f68215583447a2549509312a79ef645f517016
2025-09-15 22:50:21.204 TRACE client[0]: Processing transaction with hash: 32a0018b9861a7544f14f551e2f68215583447a2549509312a79ef645f517016
2025-09-15 22:50:21.204 DEBUG client[0]: Submitting transaction 32a0018b9861a7544f14f551e2f68215583447a2549509312a79ef645f517016
2025-09-15 22:50:21.287 TRACE : trigger interaction 0xc0005f60f0 1055/1200
[TRACE] Decoding transaction bytes of length: 230
[TRACE] Transaction type: 6
[TRACE] Successfully decoded transaction with hash: 2aa6e16ee93be326c09a65750a7a99d09b11583b42165030f70b7996fbec2c8f
2025-09-15 22:50:21.287 TRACE client[0]: Processing transaction with hash: 2aa6e16ee93be326c09a65750a7a99d09b11583b42165030f70b7996fbec2c8f
2025-09-15 22:50:21.287 DEBUG client[0]: Submitting transaction 2aa6e16ee93be326c09a65750a7a99d09b11583b42165030f70b7996fbec2c8f
2025-09-15 22:50:21.371 TRACE : trigger interaction 0xc0005f61e0 1056/1200
[TRACE] Decoding transaction bytes of length: 230
[TRACE] Transaction type: 6
[TRACE] Successfully decoded transaction with hash: b92dc2d885fcbfe1a93141113d9bed4dc70aa3bea9755e87f7c72cf99eced082
2025-09-15 22:50:21.371 TRACE client[0]: Processing transaction with hash: b92dc2d885fcbfe1a93141113d9bed4dc70aa3bea9755e87f7c72cf99eced082
2025-09-15 22:50:21.371 DEBUG client[0]: Submitting transaction b92dc2d885fcbfe1a93141113d9bed4dc70aa3bea9755e87f7c72cf99eced082
2025-09-15 22:50:21.454 TRACE : trigger interaction 0xc0005f62d0 1057/1200
[TRACE] Decoding transaction bytes of length: 230
[TRACE] Transaction type: 6
[TRACE] Successfully decoded transaction with hash: 94ef67238e7ebb31ee848f99d8c7b3cda1a9e37eaba0c1384802bc51c6adcf56
2025-09-15 22:50:21.454 TRACE client[0]: Processing transaction with hash: 94ef67238e7ebb31ee848f99d8c7b3cda1a9e37eaba0c1384802bc51c6adcf56
2025-09-15 22:50:21.454 DEBUG client[0]: Submitting transaction 94ef67238e7ebb31ee848f99d8c7b3cda1a9e37eaba0c1384802bc51c6adcf56
2025-09-15 22:50:21.538 TRACE : trigger interaction 0xc0005f63c0 1058/1200
[TRACE] Decoding transaction bytes of length: 230
[TRACE] Transaction type: 6
[TRACE] Successfully decoded transaction with hash: 82337154b835b7ffa6c732ef2487062c0b25b2d32fb162de08e3d7a4b139f178
2025-09-15 22:50:21.538 TRACE client[0]: Processing transaction with hash: 82337154b835b7ffa6c732ef2487062c0b25b2d32fb162de08e3d7a4b139f178
2025-09-15 22:50:21.538 DEBUG client[0]: Submitting transaction 82337154b835b7ffa6c732ef2487062c0b25b2d32fb162de08e3d7a4b139f178
2025-09-15 22:50:21.620 TRACE : trigger interaction 0xc0005f64b0 1059/1200
[TRACE] Decoding transaction bytes of length: 230
[TRACE] Transaction type: 6
[TRACE] Successfully decoded transaction with hash: 91598f3ef116a0bacb5e1d077fb9bdf26defccd25ef1890e573ddab94d8da5a1
2025-09-15 22:50:21.621 TRACE client[0]: Processing transaction with hash: 91598f3ef116a0bacb5e1d077fb9bdf26defccd25ef1890e573ddab94d8da5a1
2025-09-15 22:50:21.621 DEBUG client[0]: Submitting transaction 91598f3ef116a0bacb5e1d077fb9bdf26defccd25ef1890e573ddab94d8da5a1
2025-09-15 22:50:21.703 TRACE : trigger interaction 0xc0005f65a0 1060/1200
[TRACE] Decoding transaction bytes of length: 230
[TRACE] Transaction type: 6
[TRACE] Successfully decoded transaction with hash: deef850431d22fe28847a0e7ceaf817ca38bf73ac949f15d97e74c451857d6a8
2025-09-15 22:50:21.704 TRACE client[0]: Processing transaction with hash: deef850431d22fe28847a0e7ceaf817ca38bf73ac949f15d97e74c451857d6a8
2025-09-15 22:50:21.704 DEBUG client[0]: Submitting transaction deef850431d22fe28847a0e7ceaf817ca38bf73ac949f15d97e74c451857d6a8
2025-09-15 22:50:21.787 TRACE : trigger interaction 0xc0005f6690 1061/1200
[TRACE] Decoding transaction bytes of length: 230
[TRACE] Transaction type: 6
[TRACE] Successfully decoded transaction with hash: dcdbb2aeeef024458ab6d34d6ffaea7e262d89868ef25a2a6b2bc6a9351d7abc
2025-09-15 22:50:21.787 TRACE client[0]: Processing transaction with hash: dcdbb2aeeef024458ab6d34d6ffaea7e262d89868ef25a2a6b2bc6a9351d7abc
2025-09-15 22:50:21.787 DEBUG client[0]: Submitting transaction dcdbb2aeeef024458ab6d34d6ffaea7e262d89868ef25a2a6b2bc6a9351d7abc
2025-09-15 22:50:21.870 TRACE : trigger interaction 0xc0005f6780 1062/1200
[TRACE] Decoding transaction bytes of length: 230
[TRACE] Transaction type: 6
[TRACE] Successfully decoded transaction with hash: 7f7561a2595a84fb62c4d5c99758e3f1f55ad694cdff5bec365ccb048303c420
2025-09-15 22:50:21.871 TRACE client[0]: Processing transaction with hash: 7f7561a2595a84fb62c4d5c99758e3f1f55ad694cdff5bec365ccb048303c420
2025-09-15 22:50:21.871 DEBUG client[0]: Submitting transaction 7f7561a2595a84fb62c4d5c99758e3f1f55ad694cdff5bec365ccb048303c420
2025-09-15 22:50:21.953 TRACE : trigger interaction 0xc0005f6870 1063/1200
[TRACE] Decoding transaction bytes of length: 230
[TRACE] Transaction type: 6
[TRACE] Successfully decoded transaction with hash: 085957b99115f7ac966659efb83378a7d545d42fe21157ef3d8b989eb8b59284
2025-09-15 22:50:21.954 TRACE client[0]: Processing transaction with hash: 085957b99115f7ac966659efb83378a7d545d42fe21157ef3d8b989eb8b59284
2025-09-15 22:50:21.954 DEBUG client[0]: Submitting transaction 085957b99115f7ac966659efb83378a7d545d42fe21157ef3d8b989eb8b59284
2025-09-15 22:50:22.037 TRACE : trigger interaction 0xc0005f6960 1064/1200
[TRACE] Decoding transaction bytes of length: 230
[TRACE] Transaction type: 6
[TRACE] Successfully decoded transaction with hash: 88c96966a2499c9d776267b629e2701ef2d2a36b622986f83bb33fb8f41206d6
2025-09-15 22:50:22.037 TRACE client[0]: Processing transaction with hash: 88c96966a2499c9d776267b629e2701ef2d2a36b622986f83bb33fb8f41206d6
2025-09-15 22:50:22.037 DEBUG client[0]: Submitting transaction 88c96966a2499c9d776267b629e2701ef2d2a36b622986f83bb33fb8f41206d6
2025-09-15 22:50:22.121 TRACE : trigger interaction 0xc0005f6a50 1065/1200
[TRACE] Decoding transaction bytes of length: 230
[TRACE] Transaction type: 6
[TRACE] Successfully decoded transaction with hash: 3e10aad6f66f31f13f7c2506dd9f1eeaf54d9ef8ee9685b7b837ecccb295520c
2025-09-15 22:50:22.121 TRACE client[0]: Processing transaction with hash: 3e10aad6f66f31f13f7c2506dd9f1eeaf54d9ef8ee9685b7b837ecccb295520c
2025-09-15 22:50:22.121 DEBUG client[0]: Submitting transaction 3e10aad6f66f31f13f7c2506dd9f1eeaf54d9ef8ee9685b7b837ecccb295520c
2025-09-15 22:50:22.204 TRACE : trigger interaction 0xc0005f6b40 1066/1200
[TRACE] Decoding transaction bytes of length: 230
[TRACE] Transaction type: 6
[TRACE] Successfully decoded transaction with hash: 99d266d587d72d3a4c67351be8637afe30c18df26e425fb4d0917778d2510613
2025-09-15 22:50:22.204 TRACE client[0]: Processing transaction with hash: 99d266d587d72d3a4c67351be8637afe30c18df26e425fb4d0917778d2510613
2025-09-15 22:50:22.204 DEBUG client[0]: Submitting transaction 99d266d587d72d3a4c67351be8637afe30c18df26e425fb4d0917778d2510613
2025-09-15 22:50:22.287 TRACE : trigger interaction 0xc0005f6c30 1067/1200
[TRACE] Decoding transaction bytes of length: 230
[TRACE] Transaction type: 6
[TRACE] Successfully decoded transaction with hash: be34e6061f7ca3f06cbb160f5c4801585fb79674f5f667ae246215ad41ea16d8
2025-09-15 22:50:22.287 TRACE client[0]: Processing transaction with hash: be34e6061f7ca3f06cbb160f5c4801585fb79674f5f667ae246215ad41ea16d8
2025-09-15 22:50:22.287 DEBUG client[0]: Submitting transaction be34e6061f7ca3f06cbb160f5c4801585fb79674f5f667ae246215ad41ea16d8
2025-09-15 22:50:22.371 TRACE : trigger interaction 0xc00049f680 1068/1200
[TRACE] Decoding transaction bytes of length: 230
[TRACE] Transaction type: 6
[TRACE] Successfully decoded transaction with hash: 49c3bbf4eac1dc0aa39bf7ff80eaf7ab807a3b1695133546e5a70212e80d51aa
2025-09-15 22:50:22.371 TRACE client[0]: Processing transaction with hash: 49c3bbf4eac1dc0aa39bf7ff80eaf7ab807a3b1695133546e5a70212e80d51aa
2025-09-15 22:50:22.371 DEBUG client[0]: Submitting transaction 49c3bbf4eac1dc0aa39bf7ff80eaf7ab807a3b1695133546e5a70212e80d51aa
2025-09-15 22:50:22.454 TRACE : trigger interaction 0xc00049f770 1069/1200
[TRACE] Decoding transaction bytes of length: 230
[TRACE] Transaction type: 6
[TRACE] Successfully decoded transaction with hash: 81a33967c851c90e78531089493ccbb076c46012f9b4a412add3c4f13a281bc7
2025-09-15 22:50:22.454 TRACE client[0]: Processing transaction with hash: 81a33967c851c90e78531089493ccbb076c46012f9b4a412add3c4f13a281bc7
2025-09-15 22:50:22.454 DEBUG client[0]: Submitting transaction 81a33967c851c90e78531089493ccbb076c46012f9b4a412add3c4f13a281bc7
2025-09-15 22:50:22.537 TRACE : trigger interaction 0xc00049f860 1070/1200
[TRACE] Decoding transaction bytes of length: 230
[TRACE] Transaction type: 6
[TRACE] Successfully decoded transaction with hash: 3ca535041976c4b7ed264d906af1d84d1feb52201520ab0f1915ec3e80214cee
2025-09-15 22:50:22.538 TRACE client[0]: Processing transaction with hash: 3ca535041976c4b7ed264d906af1d84d1feb52201520ab0f1915ec3e80214cee
2025-09-15 22:50:22.538 DEBUG client[0]: Submitting transaction 3ca535041976c4b7ed264d906af1d84d1feb52201520ab0f1915ec3e80214cee
2025-09-15 22:50:22.621 TRACE : trigger interaction 0xc00049f950 1071/1200
[TRACE] Decoding transaction bytes of length: 230
[TRACE] Transaction type: 6
[TRACE] Successfully decoded transaction with hash: 422619f23d230e10b8ff568fc532fcf2096b62a0835a4ecc1ad4c7bd2f8c7d38
2025-09-15 22:50:22.621 TRACE client[0]: Processing transaction with hash: 422619f23d230e10b8ff568fc532fcf2096b62a0835a4ecc1ad4c7bd2f8c7d38
2025-09-15 22:50:22.621 DEBUG client[0]: Submitting transaction 422619f23d230e10b8ff568fc532fcf2096b62a0835a4ecc1ad4c7bd2f8c7d38
2025-09-15 22:50:22.704 TRACE : trigger interaction 0xc00049fa40 1072/1200
[TRACE] Decoding transaction bytes of length: 230
[TRACE] Transaction type: 6
[TRACE] Successfully decoded transaction with hash: da53155a957391d64dbfde632dc7a99f06fab0251ec4de95f9272f8cbba4abc0
2025-09-15 22:50:22.704 TRACE client[0]: Processing transaction with hash: da53155a957391d64dbfde632dc7a99f06fab0251ec4de95f9272f8cbba4abc0
2025-09-15 22:50:22.704 DEBUG client[0]: Submitting transaction da53155a957391d64dbfde632dc7a99f06fab0251ec4de95f9272f8cbba4abc0
2025-09-15 22:50:22.787 TRACE : trigger interaction 0xc00049fb30 1073/1200
[TRACE] Decoding transaction bytes of length: 230
[TRACE] Transaction type: 6
[TRACE] Successfully decoded transaction with hash: f7aaed428cff2841ef1c8d5a231f07a0c476098a937ed5e5dcb2d6996bc18be3
2025-09-15 22:50:22.787 TRACE client[0]: Processing transaction with hash: f7aaed428cff2841ef1c8d5a231f07a0c476098a937ed5e5dcb2d6996bc18be3
2025-09-15 22:50:22.787 DEBUG client[0]: Submitting transaction f7aaed428cff2841ef1c8d5a231f07a0c476098a937ed5e5dcb2d6996bc18be3
2025-09-15 22:50:22.871 TRACE : trigger interaction 0xc00049fc20 1074/1200
[TRACE] Decoding transaction bytes of length: 230
[TRACE] Transaction type: 6
[TRACE] Successfully decoded transaction with hash: 0ec2d42c70e7e1446727c244e2ffd24b321d035fe1e2aa8e8e1313f986a8d770
2025-09-15 22:50:22.871 TRACE client[0]: Processing transaction with hash: 0ec2d42c70e7e1446727c244e2ffd24b321d035fe1e2aa8e8e1313f986a8d770
2025-09-15 22:50:22.871 DEBUG client[0]: Submitting transaction 0ec2d42c70e7e1446727c244e2ffd24b321d035fe1e2aa8e8e1313f986a8d770
2025-09-15 22:50:22.954 TRACE : trigger interaction 0xc00049fd10 1075/1200
[TRACE] Decoding transaction bytes of length: 230
[TRACE] Transaction type: 6
[TRACE] Successfully decoded transaction with hash: 31325e30ece5f456bd993d736c107a115260f23055d5c0ccd711d472040213a2
2025-09-15 22:50:22.954 TRACE client[0]: Processing transaction with hash: 31325e30ece5f456bd993d736c107a115260f23055d5c0ccd711d472040213a2
2025-09-15 22:50:22.954 DEBUG client[0]: Submitting transaction 31325e30ece5f456bd993d736c107a115260f23055d5c0ccd711d472040213a2
2025-09-15 22:50:23.037 TRACE : trigger interaction 0xc00049fe00 1076/1200
[TRACE] Decoding transaction bytes of length: 230
[TRACE] Transaction type: 6
[TRACE] Successfully decoded transaction with hash: f70765ae18c105507363378a7617979fe8d995fd4803846a3c682d6095c8e231
2025-09-15 22:50:23.037 TRACE client[0]: Processing transaction with hash: f70765ae18c105507363378a7617979fe8d995fd4803846a3c682d6095c8e231
2025-09-15 22:50:23.037 DEBUG client[0]: Submitting transaction f70765ae18c105507363378a7617979fe8d995fd4803846a3c682d6095c8e231
2025-09-15 22:50:23.121 TRACE : trigger interaction 0xc00049fef0 1077/1200
[TRACE] Decoding transaction bytes of length: 230
[TRACE] Transaction type: 6
[TRACE] Successfully decoded transaction with hash: d487c5563242707b5a9d0d03632d2c9da682bb5e24b89a56354b6d8173140920
2025-09-15 22:50:23.121 TRACE client[0]: Processing transaction with hash: d487c5563242707b5a9d0d03632d2c9da682bb5e24b89a56354b6d8173140920
2025-09-15 22:50:23.121 DEBUG client[0]: Submitting transaction d487c5563242707b5a9d0d03632d2c9da682bb5e24b89a56354b6d8173140920
2025-09-15 22:50:23.204 TRACE : trigger interaction 0xc0004d6000 1078/1200
[TRACE] Decoding transaction bytes of length: 230
[TRACE] Transaction type: 6
[TRACE] Successfully decoded transaction with hash: 16f1212f145a24bf17a56ce643010c732907ac97e5667526747f0cbdf77e070a
2025-09-15 22:50:23.204 TRACE client[0]: Processing transaction with hash: 16f1212f145a24bf17a56ce643010c732907ac97e5667526747f0cbdf77e070a
2025-09-15 22:50:23.204 DEBUG client[0]: Submitting transaction 16f1212f145a24bf17a56ce643010c732907ac97e5667526747f0cbdf77e070a
2025-09-15 22:50:23.287 TRACE : trigger interaction 0xc0004d60f0 1079/1200
[TRACE] Decoding transaction bytes of length: 230
[TRACE] Transaction type: 6
[TRACE] Successfully decoded transaction with hash: 94f254b8f4e34aad109b29efeb1b224f481b85ac065330da23de17ef62e641dc
2025-09-15 22:50:23.287 TRACE client[0]: Processing transaction with hash: 94f254b8f4e34aad109b29efeb1b224f481b85ac065330da23de17ef62e641dc
2025-09-15 22:50:23.287 DEBUG client[0]: Submitting transaction 94f254b8f4e34aad109b29efeb1b224f481b85ac065330da23de17ef62e641dc
2025-09-15 22:50:23.371 TRACE : trigger interaction 0xc0004d61e0 1080/1200
[TRACE] Decoding transaction bytes of length: 230
[TRACE] Transaction type: 6
[TRACE] Successfully decoded transaction with hash: b92edcf8c2a4207479737da01b5e64d448896da6c7deceea211c6174036eb77f
2025-09-15 22:50:23.371 TRACE client[0]: Processing transaction with hash: b92edcf8c2a4207479737da01b5e64d448896da6c7deceea211c6174036eb77f
2025-09-15 22:50:23.371 DEBUG client[0]: Submitting transaction b92edcf8c2a4207479737da01b5e64d448896da6c7deceea211c6174036eb77f
2025-09-15 22:50:23.454 TRACE : trigger interaction 0xc0004d62d0 1081/1200
[TRACE] Decoding transaction bytes of length: 230
[TRACE] Transaction type: 6
[TRACE] Successfully decoded transaction with hash: becb255169cf1d310805839efbb6a87080db243992a3a1bde9b1e6c4be77d031
2025-09-15 22:50:23.454 TRACE client[0]: Processing transaction with hash: becb255169cf1d310805839efbb6a87080db243992a3a1bde9b1e6c4be77d031
2025-09-15 22:50:23.454 DEBUG client[0]: Submitting transaction becb255169cf1d310805839efbb6a87080db243992a3a1bde9b1e6c4be77d031
2025-09-15 22:50:23.538 TRACE : trigger interaction 0xc0004d63c0 1082/1200
[TRACE] Decoding transaction bytes of length: 230
[TRACE] Transaction type: 6
[TRACE] Successfully decoded transaction with hash: 63bd1afea396f9ca05db68260fe4c404ef8bad3e8e4882fd5376b9f2b32d5ed7
2025-09-15 22:50:23.538 TRACE client[0]: Processing transaction with hash: 63bd1afea396f9ca05db68260fe4c404ef8bad3e8e4882fd5376b9f2b32d5ed7
2025-09-15 22:50:23.538 DEBUG client[0]: Submitting transaction 63bd1afea396f9ca05db68260fe4c404ef8bad3e8e4882fd5376b9f2b32d5ed7
2025-09-15 22:50:23.621 TRACE : trigger interaction 0xc0004d64b0 1083/1200
[TRACE] Decoding transaction bytes of length: 230
[TRACE] Transaction type: 6
[TRACE] Successfully decoded transaction with hash: 6e13cb5a580764669540d7f8ac1de9d4e4f906b4fb4e4d414082aa3a8c1dbcbd
2025-09-15 22:50:23.621 TRACE client[0]: Processing transaction with hash: 6e13cb5a580764669540d7f8ac1de9d4e4f906b4fb4e4d414082aa3a8c1dbcbd
2025-09-15 22:50:23.621 DEBUG client[0]: Submitting transaction 6e13cb5a580764669540d7f8ac1de9d4e4f906b4fb4e4d414082aa3a8c1dbcbd
2025-09-15 22:50:23.704 TRACE : trigger interaction 0xc0005f6d20 1084/1200
[TRACE] Decoding transaction bytes of length: 230
[TRACE] Transaction type: 6
[TRACE] Successfully decoded transaction with hash: 5d3b990bfae088644b9aeeece7957803296c873cf0293a500dae9438a3a10b5e
2025-09-15 22:50:23.704 TRACE client[0]: Processing transaction with hash: 5d3b990bfae088644b9aeeece7957803296c873cf0293a500dae9438a3a10b5e
2025-09-15 22:50:23.704 DEBUG client[0]: Submitting transaction 5d3b990bfae088644b9aeeece7957803296c873cf0293a500dae9438a3a10b5e
2025-09-15 22:50:23.787 TRACE : trigger interaction 0xc0005f6e10 1085/1200
[TRACE] Decoding transaction bytes of length: 230
[TRACE] Transaction type: 6
[TRACE] Successfully decoded transaction with hash: 45fb0dbb3af810bde43d3c2504ae26bb6f7cc924102a95d1fac39b85de8ddb9c
2025-09-15 22:50:23.787 TRACE client[0]: Processing transaction with hash: 45fb0dbb3af810bde43d3c2504ae26bb6f7cc924102a95d1fac39b85de8ddb9c
2025-09-15 22:50:23.787 DEBUG client[0]: Submitting transaction 45fb0dbb3af810bde43d3c2504ae26bb6f7cc924102a95d1fac39b85de8ddb9c
2025-09-15 22:50:23.871 TRACE : trigger interaction 0xc0005f6f00 1086/1200
[TRACE] Decoding transaction bytes of length: 230
[TRACE] Transaction type: 6
[TRACE] Successfully decoded transaction with hash: e96c2acd2e4af806f272bc1bfa4b235f8f7eacfc69eb5a494b8fbcc9b5c632d8
2025-09-15 22:50:23.871 TRACE client[0]: Processing transaction with hash: e96c2acd2e4af806f272bc1bfa4b235f8f7eacfc69eb5a494b8fbcc9b5c632d8
2025-09-15 22:50:23.871 DEBUG client[0]: Submitting transaction e96c2acd2e4af806f272bc1bfa4b235f8f7eacfc69eb5a494b8fbcc9b5c632d8
2025-09-15 22:50:23.954 TRACE : trigger interaction 0xc0005f6ff0 1087/1200
[TRACE] Decoding transaction bytes of length: 230
[TRACE] Transaction type: 6
[TRACE] Successfully decoded transaction with hash: a35537f7de67de8456276a0151fa98fc151138c18f209416e18fe86ce8ab648e
2025-09-15 22:50:23.954 TRACE client[0]: Processing transaction with hash: a35537f7de67de8456276a0151fa98fc151138c18f209416e18fe86ce8ab648e
2025-09-15 22:50:23.954 DEBUG client[0]: Submitting transaction a35537f7de67de8456276a0151fa98fc151138c18f209416e18fe86ce8ab648e
2025-09-15 22:50:24.037 TRACE : trigger interaction 0xc0005f70e0 1088/1200
[TRACE] Decoding transaction bytes of length: 230
[TRACE] Transaction type: 6
[TRACE] Successfully decoded transaction with hash: 86f3cd05f572fa5605d5b32b8bc6629ce6c03ff58410e5d95db7b1104e5bfdf6
2025-09-15 22:50:24.037 TRACE client[0]: Processing transaction with hash: 86f3cd05f572fa5605d5b32b8bc6629ce6c03ff58410e5d95db7b1104e5bfdf6
2025-09-15 22:50:24.037 DEBUG client[0]: Submitting transaction 86f3cd05f572fa5605d5b32b8bc6629ce6c03ff58410e5d95db7b1104e5bfdf6
2025-09-15 22:50:24.121 TRACE : trigger interaction 0xc0005f71d0 1089/1200
[TRACE] Decoding transaction bytes of length: 230
[TRACE] Transaction type: 6
[TRACE] Successfully decoded transaction with hash: a638ce1b7257af4fd1ed87ac56c3e14c16e96b143549e4df984203b7af6bf72b
2025-09-15 22:50:24.121 TRACE client[0]: Processing transaction with hash: a638ce1b7257af4fd1ed87ac56c3e14c16e96b143549e4df984203b7af6bf72b
2025-09-15 22:50:24.121 DEBUG client[0]: Submitting transaction a638ce1b7257af4fd1ed87ac56c3e14c16e96b143549e4df984203b7af6bf72b
2025-09-15 22:50:24.204 TRACE : trigger interaction 0xc0005f72c0 1090/1200
[TRACE] Decoding transaction bytes of length: 230
[TRACE] Transaction type: 6
[TRACE] Successfully decoded transaction with hash: caedbfedef60bb7e345c927033b56979703528ae9dfe9b477fc1cd8e21565e5a
2025-09-15 22:50:24.204 TRACE client[0]: Processing transaction with hash: caedbfedef60bb7e345c927033b56979703528ae9dfe9b477fc1cd8e21565e5a
2025-09-15 22:50:24.204 DEBUG client[0]: Submitting transaction caedbfedef60bb7e345c927033b56979703528ae9dfe9b477fc1cd8e21565e5a
2025-09-15 22:50:24.287 TRACE : trigger interaction 0xc0005f73b0 1091/1200
[TRACE] Decoding transaction bytes of length: 230
[TRACE] Transaction type: 6
[TRACE] Successfully decoded transaction with hash: af003f9aba25ff4faeb1d5d837b1863ea083c1e35026dc3e0ba420f51ee3adb2
2025-09-15 22:50:24.287 TRACE client[0]: Processing transaction with hash: af003f9aba25ff4faeb1d5d837b1863ea083c1e35026dc3e0ba420f51ee3adb2
2025-09-15 22:50:24.287 DEBUG client[0]: Submitting transaction af003f9aba25ff4faeb1d5d837b1863ea083c1e35026dc3e0ba420f51ee3adb2
2025-09-15 22:50:24.371 TRACE : trigger interaction 0xc0005f74a0 1092/1200
[TRACE] Decoding transaction bytes of length: 230
[TRACE] Transaction type: 6
[TRACE] Successfully decoded transaction with hash: 3b79c1cdf6b50002bd97b43532e2f322a96a0e6133fe7410aab010d5ecfff436
2025-09-15 22:50:24.371 TRACE client[0]: Processing transaction with hash: 3b79c1cdf6b50002bd97b43532e2f322a96a0e6133fe7410aab010d5ecfff436
2025-09-15 22:50:24.371 DEBUG client[0]: Submitting transaction 3b79c1cdf6b50002bd97b43532e2f322a96a0e6133fe7410aab010d5ecfff436
2025-09-15 22:50:24.454 TRACE : trigger interaction 0xc0005f7590 1093/1200
[TRACE] Decoding transaction bytes of length: 230
[TRACE] Transaction type: 6
[TRACE] Successfully decoded transaction with hash: 172be7ef948a3c2559fbcbc5ff9c006ffa0f05293f72759129d1f16829af9bd3
2025-09-15 22:50:24.454 TRACE client[0]: Processing transaction with hash: 172be7ef948a3c2559fbcbc5ff9c006ffa0f05293f72759129d1f16829af9bd3
2025-09-15 22:50:24.454 DEBUG client[0]: Submitting transaction 172be7ef948a3c2559fbcbc5ff9c006ffa0f05293f72759129d1f16829af9bd3
2025-09-15 22:50:24.537 TRACE : trigger interaction 0xc0005f7680 1094/1200
[TRACE] Decoding transaction bytes of length: 230
[TRACE] Transaction type: 6
[TRACE] Successfully decoded transaction with hash: 1e34c2ed38017c5ccc65d3e6b9da8b45eb0a5c2173c67723a6114efbbacd55be
2025-09-15 22:50:24.537 TRACE client[0]: Processing transaction with hash: 1e34c2ed38017c5ccc65d3e6b9da8b45eb0a5c2173c67723a6114efbbacd55be
2025-09-15 22:50:24.537 DEBUG client[0]: Submitting transaction 1e34c2ed38017c5ccc65d3e6b9da8b45eb0a5c2173c67723a6114efbbacd55be
2025-09-15 22:50:24.621 TRACE : trigger interaction 0xc0005f7770 1095/1200
[TRACE] Decoding transaction bytes of length: 230
[TRACE] Transaction type: 6
[TRACE] Successfully decoded transaction with hash: 950e862398ab4d650031119eb9d9a26390e873890a50f9207defc487c24733f9
2025-09-15 22:50:24.621 TRACE client[0]: Processing transaction with hash: 950e862398ab4d650031119eb9d9a26390e873890a50f9207defc487c24733f9
2025-09-15 22:50:24.621 DEBUG client[0]: Submitting transaction 950e862398ab4d650031119eb9d9a26390e873890a50f9207defc487c24733f9
2025-09-15 22:50:24.704 TRACE : trigger interaction 0xc0005f7860 1096/1200
[TRACE] Decoding transaction bytes of length: 230
[TRACE] Transaction type: 6
[TRACE] Successfully decoded transaction with hash: a8bb4bf53d63983efebf9ad6dcc7f6bb5411ab4b6d7a08e433f18ded0e11ffe8
2025-09-15 22:50:24.704 TRACE client[0]: Processing transaction with hash: a8bb4bf53d63983efebf9ad6dcc7f6bb5411ab4b6d7a08e433f18ded0e11ffe8
2025-09-15 22:50:24.704 DEBUG client[0]: Submitting transaction a8bb4bf53d63983efebf9ad6dcc7f6bb5411ab4b6d7a08e433f18ded0e11ffe8
2025-09-15 22:50:24.787 TRACE : trigger interaction 0xc0005f7950 1097/1200
[TRACE] Decoding transaction bytes of length: 230
[TRACE] Transaction type: 6
[TRACE] Successfully decoded transaction with hash: b99de8550ebc2fc09d83ea281125bbe3623c23c5400c8d32073b821cc8e9d978
2025-09-15 22:50:24.788 TRACE client[0]: Processing transaction with hash: b99de8550ebc2fc09d83ea281125bbe3623c23c5400c8d32073b821cc8e9d978
2025-09-15 22:50:24.788 DEBUG client[0]: Submitting transaction b99de8550ebc2fc09d83ea281125bbe3623c23c5400c8d32073b821cc8e9d978
2025-09-15 22:50:24.871 TRACE : trigger interaction 0xc0005f7a40 1098/1200
[TRACE] Decoding transaction bytes of length: 230
[TRACE] Transaction type: 6
[TRACE] Successfully decoded transaction with hash: d4e6d5a32dc1657fc37126173adc70d1b40556fe96584198e29564461c4d06f5
2025-09-15 22:50:24.871 TRACE client[0]: Processing transaction with hash: d4e6d5a32dc1657fc37126173adc70d1b40556fe96584198e29564461c4d06f5
2025-09-15 22:50:24.871 DEBUG client[0]: Submitting transaction d4e6d5a32dc1657fc37126173adc70d1b40556fe96584198e29564461c4d06f5
2025-09-15 22:50:24.954 TRACE : trigger interaction 0xc0005f7b30 1099/1200
[TRACE] Decoding transaction bytes of length: 230
[TRACE] Transaction type: 6
[TRACE] Successfully decoded transaction with hash: ad68117cdf78cfeba77685bfed4461daf78b922ebf0072aadc009b7a395ff47a
2025-09-15 22:50:24.954 TRACE client[0]: Processing transaction with hash: ad68117cdf78cfeba77685bfed4461daf78b922ebf0072aadc009b7a395ff47a
2025-09-15 22:50:24.954 DEBUG client[0]: Submitting transaction ad68117cdf78cfeba77685bfed4461daf78b922ebf0072aadc009b7a395ff47a
2025-09-15 22:50:25.038 TRACE : trigger interaction 0xc0005f7c20 1100/1200
[TRACE] Decoding transaction bytes of length: 230
[TRACE] Transaction type: 6
[TRACE] Successfully decoded transaction with hash: 9b8be17ed0d64ee91340ac327c8d672674f27dac6a276aa29338ce333471c54d
2025-09-15 22:50:25.038 TRACE client[0]: Processing transaction with hash: 9b8be17ed0d64ee91340ac327c8d672674f27dac6a276aa29338ce333471c54d
2025-09-15 22:50:25.038 DEBUG client[0]: Submitting transaction 9b8be17ed0d64ee91340ac327c8d672674f27dac6a276aa29338ce333471c54d
2025-09-15 22:50:25.121 TRACE : trigger interaction 0xc0004d65a0 1101/1200
[TRACE] Decoding transaction bytes of length: 230
[TRACE] Transaction type: 6
[TRACE] Successfully decoded transaction with hash: 535ba51f0366a6cf3d600b621bfd04293bc926ac89697aff3160115b47de9661
2025-09-15 22:50:25.121 TRACE client[0]: Processing transaction with hash: 535ba51f0366a6cf3d600b621bfd04293bc926ac89697aff3160115b47de9661
2025-09-15 22:50:25.121 DEBUG client[0]: Submitting transaction 535ba51f0366a6cf3d600b621bfd04293bc926ac89697aff3160115b47de9661
2025-09-15 22:50:25.204 TRACE : trigger interaction 0xc0004d6690 1102/1200
[TRACE] Decoding transaction bytes of length: 230
[TRACE] Transaction type: 6
[TRACE] Successfully decoded transaction with hash: 587a9e0662150b1d948e77721a83297228dd03194201ea17f5cd3464bc4c4e56
2025-09-15 22:50:25.204 TRACE client[0]: Processing transaction with hash: 587a9e0662150b1d948e77721a83297228dd03194201ea17f5cd3464bc4c4e56
2025-09-15 22:50:25.204 DEBUG client[0]: Submitting transaction 587a9e0662150b1d948e77721a83297228dd03194201ea17f5cd3464bc4c4e56
2025-09-15 22:50:25.288 TRACE : trigger interaction 0xc0004d6780 1103/1200
[TRACE] Decoding transaction bytes of length: 230
[TRACE] Transaction type: 6
[TRACE] Successfully decoded transaction with hash: d38449437038c2c3f5bd59df5c294e4626fadc8259616b8718223a2e3cc46597
2025-09-15 22:50:25.288 TRACE client[0]: Processing transaction with hash: d38449437038c2c3f5bd59df5c294e4626fadc8259616b8718223a2e3cc46597
2025-09-15 22:50:25.288 DEBUG client[0]: Submitting transaction d38449437038c2c3f5bd59df5c294e4626fadc8259616b8718223a2e3cc46597
2025-09-15 22:50:25.371 TRACE : trigger interaction 0xc0004d6870 1104/1200
[TRACE] Decoding transaction bytes of length: 230
[TRACE] Transaction type: 6
[TRACE] Successfully decoded transaction with hash: 792ae68ccc465690d90432c07f6292a77c9bd0d6d1e571f236757c72d65c7ac4
2025-09-15 22:50:25.371 TRACE client[0]: Processing transaction with hash: 792ae68ccc465690d90432c07f6292a77c9bd0d6d1e571f236757c72d65c7ac4
2025-09-15 22:50:25.371 DEBUG client[0]: Submitting transaction 792ae68ccc465690d90432c07f6292a77c9bd0d6d1e571f236757c72d65c7ac4
2025-09-15 22:50:25.453 TRACE : trigger interaction 0xc0004d6960 1105/1200
[TRACE] Decoding transaction bytes of length: 230
[TRACE] Transaction type: 6
[TRACE] Successfully decoded transaction with hash: 948a318b2ce9bb2f4948fa4c14faf21f52b4f907130331cd9f504619cbf42334
2025-09-15 22:50:25.454 TRACE client[0]: Processing transaction with hash: 948a318b2ce9bb2f4948fa4c14faf21f52b4f907130331cd9f504619cbf42334
2025-09-15 22:50:25.454 DEBUG client[0]: Submitting transaction 948a318b2ce9bb2f4948fa4c14faf21f52b4f907130331cd9f504619cbf42334
2025-09-15 22:50:25.538 TRACE : trigger interaction 0xc0004d6a50 1106/1200
[TRACE] Decoding transaction bytes of length: 230
[TRACE] Transaction type: 6
[TRACE] Successfully decoded transaction with hash: 6a3552387822e8186766481b52bbb571d2841d716ddeadeeeb04f6678d42ce55
2025-09-15 22:50:25.538 TRACE client[0]: Processing transaction with hash: 6a3552387822e8186766481b52bbb571d2841d716ddeadeeeb04f6678d42ce55
2025-09-15 22:50:25.538 DEBUG client[0]: Submitting transaction 6a3552387822e8186766481b52bbb571d2841d716ddeadeeeb04f6678d42ce55
2025-09-15 22:50:25.621 TRACE : trigger interaction 0xc0004d6b40 1107/1200
[TRACE] Decoding transaction bytes of length: 230
[TRACE] Transaction type: 6
[TRACE] Successfully decoded transaction with hash: 1628c4377c455f9a628ca484b7ff915450e114e5403d87196a3d926bbb0a8183
2025-09-15 22:50:25.621 TRACE client[0]: Processing transaction with hash: 1628c4377c455f9a628ca484b7ff915450e114e5403d87196a3d926bbb0a8183
2025-09-15 22:50:25.621 DEBUG client[0]: Submitting transaction 1628c4377c455f9a628ca484b7ff915450e114e5403d87196a3d926bbb0a8183
2025-09-15 22:50:25.704 TRACE : trigger interaction 0xc0004d6c30 1108/1200
[TRACE] Decoding transaction bytes of length: 230
[TRACE] Transaction type: 6
[TRACE] Successfully decoded transaction with hash: 59d82a598c1ee5cc239025287362fabb9861dcad571bf2c76db64ba73c286d33
2025-09-15 22:50:25.704 TRACE client[0]: Processing transaction with hash: 59d82a598c1ee5cc239025287362fabb9861dcad571bf2c76db64ba73c286d33
2025-09-15 22:50:25.704 DEBUG client[0]: Submitting transaction 59d82a598c1ee5cc239025287362fabb9861dcad571bf2c76db64ba73c286d33
2025-09-15 22:50:25.788 TRACE : trigger interaction 0xc0004d6d20 1109/1200
[TRACE] Decoding transaction bytes of length: 230
[TRACE] Transaction type: 6
[TRACE] Successfully decoded transaction with hash: 2eb7e08a9adbdad01b47402590a337685ba26961404043603f47068164fec2f0
2025-09-15 22:50:25.788 TRACE client[0]: Processing transaction with hash: 2eb7e08a9adbdad01b47402590a337685ba26961404043603f47068164fec2f0
2025-09-15 22:50:25.788 DEBUG client[0]: Submitting transaction 2eb7e08a9adbdad01b47402590a337685ba26961404043603f47068164fec2f0
2025-09-15 22:50:25.870 TRACE : trigger interaction 0xc0004d6e10 1110/1200
[TRACE] Decoding transaction bytes of length: 230
[TRACE] Transaction type: 6
[TRACE] Successfully decoded transaction with hash: 440415bae0e85fe0ebb56efd990ed3b5a42e13e3fef0af9f7827a953857781e7
2025-09-15 22:50:25.871 TRACE client[0]: Processing transaction with hash: 440415bae0e85fe0ebb56efd990ed3b5a42e13e3fef0af9f7827a953857781e7
2025-09-15 22:50:25.871 DEBUG client[0]: Submitting transaction 440415bae0e85fe0ebb56efd990ed3b5a42e13e3fef0af9f7827a953857781e7
2025-09-15 22:50:25.954 TRACE : trigger interaction 0xc0004d6f00 1111/1200
[TRACE] Decoding transaction bytes of length: 230
[TRACE] Transaction type: 6
[TRACE] Successfully decoded transaction with hash: 57f8c01fc2382fac84be971e87422be3859ba9c26b4417f38f45d72e9d5f28cb
2025-09-15 22:50:25.954 TRACE client[0]: Processing transaction with hash: 57f8c01fc2382fac84be971e87422be3859ba9c26b4417f38f45d72e9d5f28cb
2025-09-15 22:50:25.954 DEBUG client[0]: Submitting transaction 57f8c01fc2382fac84be971e87422be3859ba9c26b4417f38f45d72e9d5f28cb
2025-09-15 22:50:26.037 TRACE : trigger interaction 0xc0004d6ff0 1112/1200
[TRACE] Decoding transaction bytes of length: 230
[TRACE] Transaction type: 6
[TRACE] Successfully decoded transaction with hash: 786451a8e6f146bbf60a4131475b937076600c66ebc83d94a195f3ce91a2f37a
2025-09-15 22:50:26.037 TRACE client[0]: Processing transaction with hash: 786451a8e6f146bbf60a4131475b937076600c66ebc83d94a195f3ce91a2f37a
2025-09-15 22:50:26.037 DEBUG client[0]: Submitting transaction 786451a8e6f146bbf60a4131475b937076600c66ebc83d94a195f3ce91a2f37a
2025-09-15 22:50:26.121 TRACE : trigger interaction 0xc0004d70e0 1113/1200
[TRACE] Decoding transaction bytes of length: 230
[TRACE] Transaction type: 6
[TRACE] Successfully decoded transaction with hash: 2c3a46f6c2739bec780b64be67378babe1bd3a14994c24a92c3125d5066ad800
2025-09-15 22:50:26.121 TRACE client[0]: Processing transaction with hash: 2c3a46f6c2739bec780b64be67378babe1bd3a14994c24a92c3125d5066ad800
2025-09-15 22:50:26.121 DEBUG client[0]: Submitting transaction 2c3a46f6c2739bec780b64be67378babe1bd3a14994c24a92c3125d5066ad800
2025-09-15 22:50:26.204 TRACE : trigger interaction 0xc0004d71d0 1114/1200
[TRACE] Decoding transaction bytes of length: 230
[TRACE] Transaction type: 6
[TRACE] Successfully decoded transaction with hash: bcd8ab11fc42cb7b175ad6b6dd0897d964bcd1eda08fff567cd0defa3543ddf7
2025-09-15 22:50:26.204 TRACE client[0]: Processing transaction with hash: bcd8ab11fc42cb7b175ad6b6dd0897d964bcd1eda08fff567cd0defa3543ddf7
2025-09-15 22:50:26.204 DEBUG client[0]: Submitting transaction bcd8ab11fc42cb7b175ad6b6dd0897d964bcd1eda08fff567cd0defa3543ddf7
2025-09-15 22:50:26.287 TRACE : trigger interaction 0xc0004d72c0 1115/1200
[TRACE] Decoding transaction bytes of length: 230
[TRACE] Transaction type: 6
[TRACE] Successfully decoded transaction with hash: 7465b08ef1b4ec8d9283d1eac9d53b832e16e7293044f0adf7a74e7c51d35a54
2025-09-15 22:50:26.287 TRACE client[0]: Processing transaction with hash: 7465b08ef1b4ec8d9283d1eac9d53b832e16e7293044f0adf7a74e7c51d35a54
2025-09-15 22:50:26.287 DEBUG client[0]: Submitting transaction 7465b08ef1b4ec8d9283d1eac9d53b832e16e7293044f0adf7a74e7c51d35a54
2025-09-15 22:50:26.371 TRACE : trigger interaction 0xc0004d73b0 1116/1200
[TRACE] Decoding transaction bytes of length: 230
[TRACE] Transaction type: 6
[TRACE] Successfully decoded transaction with hash: 8e5a4927f7bb3b3c76cd37c84ecdb067d2a2715421139c37c4c6bf284cb98d90
2025-09-15 22:50:26.371 TRACE client[0]: Processing transaction with hash: 8e5a4927f7bb3b3c76cd37c84ecdb067d2a2715421139c37c4c6bf284cb98d90
2025-09-15 22:50:26.371 DEBUG client[0]: Submitting transaction 8e5a4927f7bb3b3c76cd37c84ecdb067d2a2715421139c37c4c6bf284cb98d90
2025-09-15 22:50:26.454 TRACE : trigger interaction 0xc0005f7d10 1117/1200
[TRACE] Decoding transaction bytes of length: 230
[TRACE] Transaction type: 6
[TRACE] Successfully decoded transaction with hash: 1f70bce61a7176e72c84939337f949f62653c1ec048b3da651377f494ecbc3f2
2025-09-15 22:50:26.454 TRACE client[0]: Processing transaction with hash: 1f70bce61a7176e72c84939337f949f62653c1ec048b3da651377f494ecbc3f2
2025-09-15 22:50:26.454 DEBUG client[0]: Submitting transaction 1f70bce61a7176e72c84939337f949f62653c1ec048b3da651377f494ecbc3f2
2025-09-15 22:50:26.537 TRACE : trigger interaction 0xc0005f7e00 1118/1200
[TRACE] Decoding transaction bytes of length: 230
[TRACE] Transaction type: 6
[TRACE] Successfully decoded transaction with hash: 569f859fc638fa0f539cf04525380191194a05439a8e9aefb9246e411ddfb322
2025-09-15 22:50:26.537 TRACE client[0]: Processing transaction with hash: 569f859fc638fa0f539cf04525380191194a05439a8e9aefb9246e411ddfb322
2025-09-15 22:50:26.537 DEBUG client[0]: Submitting transaction 569f859fc638fa0f539cf04525380191194a05439a8e9aefb9246e411ddfb322
2025-09-15 22:50:26.620 TRACE : trigger interaction 0xc0005f7ef0 1119/1200
[TRACE] Decoding transaction bytes of length: 230
[TRACE] Transaction type: 6
[TRACE] Successfully decoded transaction with hash: 386566cf5f2df4ead5968261fabdb0c17dd4186ec8bab4fd75d06066414e4063
2025-09-15 22:50:26.620 TRACE client[0]: Processing transaction with hash: 386566cf5f2df4ead5968261fabdb0c17dd4186ec8bab4fd75d06066414e4063
2025-09-15 22:50:26.620 DEBUG client[0]: Submitting transaction 386566cf5f2df4ead5968261fabdb0c17dd4186ec8bab4fd75d06066414e4063
2025-09-15 22:50:26.704 TRACE : trigger interaction 0xc0006a0000 1120/1200
[TRACE] Decoding transaction bytes of length: 230
[TRACE] Transaction type: 6
[TRACE] Successfully decoded transaction with hash: 319d73cbfcc34cd5c98773b97fcb45541a5674764c6d226ce9f15faef096cdd7
2025-09-15 22:50:26.704 TRACE client[0]: Processing transaction with hash: 319d73cbfcc34cd5c98773b97fcb45541a5674764c6d226ce9f15faef096cdd7
2025-09-15 22:50:26.704 DEBUG client[0]: Submitting transaction 319d73cbfcc34cd5c98773b97fcb45541a5674764c6d226ce9f15faef096cdd7
2025-09-15 22:50:26.787 TRACE : trigger interaction 0xc0006a00f0 1121/1200
[TRACE] Decoding transaction bytes of length: 230
[TRACE] Transaction type: 6
[TRACE] Successfully decoded transaction with hash: 75d66a3ae6e36a12bb12296ea6e8ebe770bd5ec59c707e16791ba849994ff99f
2025-09-15 22:50:26.787 TRACE client[0]: Processing transaction with hash: 75d66a3ae6e36a12bb12296ea6e8ebe770bd5ec59c707e16791ba849994ff99f
2025-09-15 22:50:26.787 DEBUG client[0]: Submitting transaction 75d66a3ae6e36a12bb12296ea6e8ebe770bd5ec59c707e16791ba849994ff99f
2025-09-15 22:50:26.870 TRACE : trigger interaction 0xc0006a01e0 1122/1200
[TRACE] Decoding transaction bytes of length: 230
[TRACE] Transaction type: 6
[TRACE] Successfully decoded transaction with hash: 03a17584b0175bc4a1a0d463f8a33fb02596a9aeb0f4eae15eaea4cffde7233b
2025-09-15 22:50:26.870 TRACE client[0]: Processing transaction with hash: 03a17584b0175bc4a1a0d463f8a33fb02596a9aeb0f4eae15eaea4cffde7233b
2025-09-15 22:50:26.870 DEBUG client[0]: Submitting transaction 03a17584b0175bc4a1a0d463f8a33fb02596a9aeb0f4eae15eaea4cffde7233b
2025-09-15 22:50:26.954 TRACE : trigger interaction 0xc0006a02d0 1123/1200
[TRACE] Decoding transaction bytes of length: 230
[TRACE] Transaction type: 6
[TRACE] Successfully decoded transaction with hash: 3b69f8d76cef317bc102eddd75777c2b4fc1cbc79eef9006d242b13793faba43
2025-09-15 22:50:26.954 TRACE client[0]: Processing transaction with hash: 3b69f8d76cef317bc102eddd75777c2b4fc1cbc79eef9006d242b13793faba43
2025-09-15 22:50:26.954 DEBUG client[0]: Submitting transaction 3b69f8d76cef317bc102eddd75777c2b4fc1cbc79eef9006d242b13793faba43
2025-09-15 22:50:27.037 TRACE : trigger interaction 0xc0006a03c0 1124/1200
[TRACE] Decoding transaction bytes of length: 230
[TRACE] Transaction type: 6
[TRACE] Successfully decoded transaction with hash: 0e61371b368fa9c0ad133e21715db02732a70a25ed0ac69e22e2fdb6e1c53371
2025-09-15 22:50:27.037 TRACE client[0]: Processing transaction with hash: 0e61371b368fa9c0ad133e21715db02732a70a25ed0ac69e22e2fdb6e1c53371
2025-09-15 22:50:27.037 DEBUG client[0]: Submitting transaction 0e61371b368fa9c0ad133e21715db02732a70a25ed0ac69e22e2fdb6e1c53371
2025-09-15 22:50:27.120 TRACE : trigger interaction 0xc0006a04b0 1125/1200
[TRACE] Decoding transaction bytes of length: 230
[TRACE] Transaction type: 6
[TRACE] Successfully decoded transaction with hash: 6aaa55473f944bf29fda9d8be3f701b3a5e7bf8251b99aecbe105c5cfa8e5546
2025-09-15 22:50:27.121 TRACE client[0]: Processing transaction with hash: 6aaa55473f944bf29fda9d8be3f701b3a5e7bf8251b99aecbe105c5cfa8e5546
2025-09-15 22:50:27.121 DEBUG client[0]: Submitting transaction 6aaa55473f944bf29fda9d8be3f701b3a5e7bf8251b99aecbe105c5cfa8e5546
2025-09-15 22:50:27.203 TRACE : trigger interaction 0xc0006a05a0 1126/1200
[TRACE] Decoding transaction bytes of length: 230
[TRACE] Transaction type: 6
[TRACE] Successfully decoded transaction with hash: 64e5b3c0e14a96bdac159f8bff9e382661c0e5ca5085b55bee34b0c35894afcc
2025-09-15 22:50:27.204 TRACE client[0]: Processing transaction with hash: 64e5b3c0e14a96bdac159f8bff9e382661c0e5ca5085b55bee34b0c35894afcc
2025-09-15 22:50:27.204 DEBUG client[0]: Submitting transaction 64e5b3c0e14a96bdac159f8bff9e382661c0e5ca5085b55bee34b0c35894afcc
2025-09-15 22:50:27.287 TRACE : trigger interaction 0xc0006a0690 1127/1200
[TRACE] Decoding transaction bytes of length: 230
[TRACE] Transaction type: 6
[TRACE] Successfully decoded transaction with hash: 64642e855837410bab41e35d6d7ff450b0af8b6cfdcb52d0926fc96d75c0b6e3
2025-09-15 22:50:27.287 TRACE client[0]: Processing transaction with hash: 64642e855837410bab41e35d6d7ff450b0af8b6cfdcb52d0926fc96d75c0b6e3
2025-09-15 22:50:27.287 DEBUG client[0]: Submitting transaction 64642e855837410bab41e35d6d7ff450b0af8b6cfdcb52d0926fc96d75c0b6e3
2025-09-15 22:50:27.371 TRACE : trigger interaction 0xc0006a0780 1128/1200
[TRACE] Decoding transaction bytes of length: 230
[TRACE] Transaction type: 6
[TRACE] Successfully decoded transaction with hash: 4a3e6cd0648945ec06590503b6362ed5521c37069272b0e43ef5b6a2c2f73918
2025-09-15 22:50:27.371 TRACE client[0]: Processing transaction with hash: 4a3e6cd0648945ec06590503b6362ed5521c37069272b0e43ef5b6a2c2f73918
2025-09-15 22:50:27.371 DEBUG client[0]: Submitting transaction 4a3e6cd0648945ec06590503b6362ed5521c37069272b0e43ef5b6a2c2f73918
2025-09-15 22:50:27.454 TRACE : trigger interaction 0xc0006a0870 1129/1200
[TRACE] Decoding transaction bytes of length: 230
[TRACE] Transaction type: 6
[TRACE] Successfully decoded transaction with hash: 7b3f9ba5534234b0ef8c7d774064b7547b6f5f088f6dceb2108fb890c9e5a902
2025-09-15 22:50:27.454 TRACE client[0]: Processing transaction with hash: 7b3f9ba5534234b0ef8c7d774064b7547b6f5f088f6dceb2108fb890c9e5a902
2025-09-15 22:50:27.454 DEBUG client[0]: Submitting transaction 7b3f9ba5534234b0ef8c7d774064b7547b6f5f088f6dceb2108fb890c9e5a902
2025-09-15 22:50:27.537 TRACE : trigger interaction 0xc0006a0960 1130/1200
[TRACE] Decoding transaction bytes of length: 230
[TRACE] Transaction type: 6
[TRACE] Successfully decoded transaction with hash: fbc52ea19dbe4125593fd40d6f95d45ed3fb14e71755a323264ef9ca49a2fbb9
2025-09-15 22:50:27.537 TRACE client[0]: Processing transaction with hash: fbc52ea19dbe4125593fd40d6f95d45ed3fb14e71755a323264ef9ca49a2fbb9
2025-09-15 22:50:27.537 DEBUG client[0]: Submitting transaction fbc52ea19dbe4125593fd40d6f95d45ed3fb14e71755a323264ef9ca49a2fbb9
2025-09-15 22:50:27.621 TRACE : trigger interaction 0xc0006a0a50 1131/1200
[TRACE] Decoding transaction bytes of length: 230
[TRACE] Transaction type: 6
[TRACE] Successfully decoded transaction with hash: 70557be31f57e9b59498364f33c36f62364a913e89279e5f7bf879941aec2eeb
2025-09-15 22:50:27.621 TRACE client[0]: Processing transaction with hash: 70557be31f57e9b59498364f33c36f62364a913e89279e5f7bf879941aec2eeb
2025-09-15 22:50:27.621 DEBUG client[0]: Submitting transaction 70557be31f57e9b59498364f33c36f62364a913e89279e5f7bf879941aec2eeb
2025-09-15 22:50:27.704 TRACE : trigger interaction 0xc0006a0b40 1132/1200
[TRACE] Decoding transaction bytes of length: 230
[TRACE] Transaction type: 6
[TRACE] Successfully decoded transaction with hash: c99ce8a618b1bdd706dbb2f05c07f4c511a65bc19b1315edf94103bdb0a70000
2025-09-15 22:50:27.704 TRACE client[0]: Processing transaction with hash: c99ce8a618b1bdd706dbb2f05c07f4c511a65bc19b1315edf94103bdb0a70000
2025-09-15 22:50:27.704 DEBUG client[0]: Submitting transaction c99ce8a618b1bdd706dbb2f05c07f4c511a65bc19b1315edf94103bdb0a70000
2025-09-15 22:50:27.787 TRACE : trigger interaction 0xc0006a0c30 1133/1200
[TRACE] Decoding transaction bytes of length: 230
[TRACE] Transaction type: 6
[TRACE] Successfully decoded transaction with hash: 0c8eaf4938430e26037d7ab23ff74b15a1495406e19c8a7985ede37855457d2a
2025-09-15 22:50:27.788 TRACE client[0]: Processing transaction with hash: 0c8eaf4938430e26037d7ab23ff74b15a1495406e19c8a7985ede37855457d2a
2025-09-15 22:50:27.788 DEBUG client[0]: Submitting transaction 0c8eaf4938430e26037d7ab23ff74b15a1495406e19c8a7985ede37855457d2a
2025-09-15 22:50:27.871 TRACE : trigger interaction 0xc00063af00 1134/1200
[TRACE] Decoding transaction bytes of length: 230
[TRACE] Transaction type: 6
[TRACE] Successfully decoded transaction with hash: 74d23a9e21372ffb2f3dfd0862f4ae2e1ba2b14842f782bd307cd09d91e0daa6
2025-09-15 22:50:27.871 TRACE client[0]: Processing transaction with hash: 74d23a9e21372ffb2f3dfd0862f4ae2e1ba2b14842f782bd307cd09d91e0daa6
2025-09-15 22:50:27.871 DEBUG client[0]: Submitting transaction 74d23a9e21372ffb2f3dfd0862f4ae2e1ba2b14842f782bd307cd09d91e0daa6
2025-09-15 22:50:27.954 TRACE : trigger interaction 0xc00063aff0 1135/1200
[TRACE] Decoding transaction bytes of length: 230
[TRACE] Transaction type: 6
[TRACE] Successfully decoded transaction with hash: c0bfd79dee1c8979c108db16d191a50fc1210b774756a5bea438cbd114957138
2025-09-15 22:50:27.954 TRACE client[0]: Processing transaction with hash: c0bfd79dee1c8979c108db16d191a50fc1210b774756a5bea438cbd114957138
2025-09-15 22:50:27.954 DEBUG client[0]: Submitting transaction c0bfd79dee1c8979c108db16d191a50fc1210b774756a5bea438cbd114957138
2025-09-15 22:50:28.037 TRACE : trigger interaction 0xc00063b0e0 1136/1200
[TRACE] Decoding transaction bytes of length: 230
[TRACE] Transaction type: 6
[TRACE] Successfully decoded transaction with hash: e17e565975b989fc57e26817012616e0a872609774523065bd2aca91e22b0725
2025-09-15 22:50:28.037 TRACE client[0]: Processing transaction with hash: e17e565975b989fc57e26817012616e0a872609774523065bd2aca91e22b0725
2025-09-15 22:50:28.038 DEBUG client[0]: Submitting transaction e17e565975b989fc57e26817012616e0a872609774523065bd2aca91e22b0725
2025-09-15 22:50:28.121 TRACE : trigger interaction 0xc00063b1d0 1137/1200
[TRACE] Decoding transaction bytes of length: 230
[TRACE] Transaction type: 6
[TRACE] Successfully decoded transaction with hash: 7fda5803b6976b909b5eb6c7b265232395bff4fa6f306a4a94173b40682efa0c
2025-09-15 22:50:28.121 TRACE client[0]: Processing transaction with hash: 7fda5803b6976b909b5eb6c7b265232395bff4fa6f306a4a94173b40682efa0c
2025-09-15 22:50:28.121 DEBUG client[0]: Submitting transaction 7fda5803b6976b909b5eb6c7b265232395bff4fa6f306a4a94173b40682efa0c
2025-09-15 22:50:28.204 TRACE : trigger interaction 0xc00063b2c0 1138/1200
[TRACE] Decoding transaction bytes of length: 230
[TRACE] Transaction type: 6
[TRACE] Successfully decoded transaction with hash: 734e39b28cbd02de3a6a836f3a5b8189c44d8ada1d2a7a2664089b9255418238
2025-09-15 22:50:28.204 TRACE client[0]: Processing transaction with hash: 734e39b28cbd02de3a6a836f3a5b8189c44d8ada1d2a7a2664089b9255418238
2025-09-15 22:50:28.204 DEBUG client[0]: Submitting transaction 734e39b28cbd02de3a6a836f3a5b8189c44d8ada1d2a7a2664089b9255418238
2025-09-15 22:50:28.287 TRACE : trigger interaction 0xc00063b3b0 1139/1200
[TRACE] Decoding transaction bytes of length: 230
[TRACE] Transaction type: 6
[TRACE] Successfully decoded transaction with hash: b4bdf7cb906802468fab4a313130e53cc3c51c178f6359af6c2467bbb2c8e9b3
2025-09-15 22:50:28.287 TRACE client[0]: Processing transaction with hash: b4bdf7cb906802468fab4a313130e53cc3c51c178f6359af6c2467bbb2c8e9b3
2025-09-15 22:50:28.287 DEBUG client[0]: Submitting transaction b4bdf7cb906802468fab4a313130e53cc3c51c178f6359af6c2467bbb2c8e9b3
2025-09-15 22:50:28.371 TRACE : trigger interaction 0xc00063b4a0 1140/1200
[TRACE] Decoding transaction bytes of length: 230
[TRACE] Transaction type: 6
[TRACE] Successfully decoded transaction with hash: 25c26be01779eb5c442f9d66ec06000fc053199ec691a1308d47252516790929
2025-09-15 22:50:28.371 TRACE client[0]: Processing transaction with hash: 25c26be01779eb5c442f9d66ec06000fc053199ec691a1308d47252516790929
2025-09-15 22:50:28.371 DEBUG client[0]: Submitting transaction 25c26be01779eb5c442f9d66ec06000fc053199ec691a1308d47252516790929
2025-09-15 22:50:28.454 TRACE : trigger interaction 0xc00063b590 1141/1200
[TRACE] Decoding transaction bytes of length: 230
[TRACE] Transaction type: 6
[TRACE] Successfully decoded transaction with hash: 7ba15b407419bf6b94b84c77bc78fe28df3d0e941091483ee3458946e051b32c
2025-09-15 22:50:28.454 TRACE client[0]: Processing transaction with hash: 7ba15b407419bf6b94b84c77bc78fe28df3d0e941091483ee3458946e051b32c
2025-09-15 22:50:28.454 DEBUG client[0]: Submitting transaction 7ba15b407419bf6b94b84c77bc78fe28df3d0e941091483ee3458946e051b32c
2025-09-15 22:50:28.537 TRACE : trigger interaction 0xc00063b680 1142/1200
[TRACE] Decoding transaction bytes of length: 230
[TRACE] Transaction type: 6
[TRACE] Successfully decoded transaction with hash: 9af2cc6a1920c3238444913e9d1b2309baa052dedd37c20eb919879a3f9a41b6
2025-09-15 22:50:28.537 TRACE client[0]: Processing transaction with hash: 9af2cc6a1920c3238444913e9d1b2309baa052dedd37c20eb919879a3f9a41b6
2025-09-15 22:50:28.537 DEBUG client[0]: Submitting transaction 9af2cc6a1920c3238444913e9d1b2309baa052dedd37c20eb919879a3f9a41b6
2025-09-15 22:50:28.621 TRACE : trigger interaction 0xc00063b770 1143/1200
[TRACE] Decoding transaction bytes of length: 230
[TRACE] Transaction type: 6
[TRACE] Successfully decoded transaction with hash: 9853df898143314da26ab5baefcefc9e4c8ab830282de1568be63eca7691ffa7
2025-09-15 22:50:28.621 TRACE client[0]: Processing transaction with hash: 9853df898143314da26ab5baefcefc9e4c8ab830282de1568be63eca7691ffa7
2025-09-15 22:50:28.621 DEBUG client[0]: Submitting transaction 9853df898143314da26ab5baefcefc9e4c8ab830282de1568be63eca7691ffa7
2025-09-15 22:50:28.704 TRACE : trigger interaction 0xc00063b860 1144/1200
[TRACE] Decoding transaction bytes of length: 230
[TRACE] Transaction type: 6
[TRACE] Successfully decoded transaction with hash: 3fb118a941292a576fb34afb3db355967c77dc2ee0f9183092b05c704dc62261
2025-09-15 22:50:28.704 TRACE client[0]: Processing transaction with hash: 3fb118a941292a576fb34afb3db355967c77dc2ee0f9183092b05c704dc62261
2025-09-15 22:50:28.704 DEBUG client[0]: Submitting transaction 3fb118a941292a576fb34afb3db355967c77dc2ee0f9183092b05c704dc62261
2025-09-15 22:50:28.787 TRACE : trigger interaction 0xc00063b950 1145/1200
[TRACE] Decoding transaction bytes of length: 230
[TRACE] Transaction type: 6
[TRACE] Successfully decoded transaction with hash: 0e14bb8486942dbec54af895cba029e43c8cd44df2e514e51ff1251e935ee059
2025-09-15 22:50:28.787 TRACE client[0]: Processing transaction with hash: 0e14bb8486942dbec54af895cba029e43c8cd44df2e514e51ff1251e935ee059
2025-09-15 22:50:28.787 DEBUG client[0]: Submitting transaction 0e14bb8486942dbec54af895cba029e43c8cd44df2e514e51ff1251e935ee059
2025-09-15 22:50:28.871 TRACE : trigger interaction 0xc00063ba40 1146/1200
[TRACE] Decoding transaction bytes of length: 230
[TRACE] Transaction type: 6
[TRACE] Successfully decoded transaction with hash: d8be7a138206d05e62da039c1aee1c2dd141748f09583105c4117c87d2a00215
2025-09-15 22:50:28.871 TRACE client[0]: Processing transaction with hash: d8be7a138206d05e62da039c1aee1c2dd141748f09583105c4117c87d2a00215
2025-09-15 22:50:28.871 DEBUG client[0]: Submitting transaction d8be7a138206d05e62da039c1aee1c2dd141748f09583105c4117c87d2a00215
2025-09-15 22:50:28.953 TRACE : trigger interaction 0xc00063bb30 1147/1200
[TRACE] Decoding transaction bytes of length: 230
[TRACE] Transaction type: 6
[TRACE] Successfully decoded transaction with hash: d97dc6d1063c7813303db928277c54af585da66c9384f3200adf07c1d00565bd
2025-09-15 22:50:28.954 TRACE client[0]: Processing transaction with hash: d97dc6d1063c7813303db928277c54af585da66c9384f3200adf07c1d00565bd
2025-09-15 22:50:28.954 DEBUG client[0]: Submitting transaction d97dc6d1063c7813303db928277c54af585da66c9384f3200adf07c1d00565bd
2025-09-15 22:50:29.037 TRACE : trigger interaction 0xc00063bc20 1148/1200
[TRACE] Decoding transaction bytes of length: 230
[TRACE] Transaction type: 6
[TRACE] Successfully decoded transaction with hash: 2147d8b26b0bb7128e7b1049d7ac18d8b52b0fced9968f7453a4235cf5c08b7d
2025-09-15 22:50:29.038 TRACE client[0]: Processing transaction with hash: 2147d8b26b0bb7128e7b1049d7ac18d8b52b0fced9968f7453a4235cf5c08b7d
2025-09-15 22:50:29.038 DEBUG client[0]: Submitting transaction 2147d8b26b0bb7128e7b1049d7ac18d8b52b0fced9968f7453a4235cf5c08b7d
2025-09-15 22:50:29.120 TRACE : trigger interaction 0xc00063bd10 1149/1200
[TRACE] Decoding transaction bytes of length: 230
[TRACE] Transaction type: 6
[TRACE] Successfully decoded transaction with hash: 816d6f239578ee4e8984ed8c53d9b10539ab1cbcdde43ed5e969df586b2153cd
2025-09-15 22:50:29.121 TRACE client[0]: Processing transaction with hash: 816d6f239578ee4e8984ed8c53d9b10539ab1cbcdde43ed5e969df586b2153cd
2025-09-15 22:50:29.121 DEBUG client[0]: Submitting transaction 816d6f239578ee4e8984ed8c53d9b10539ab1cbcdde43ed5e969df586b2153cd
2025-09-15 22:50:29.204 TRACE : trigger interaction 0xc00063be00 1150/1200
[TRACE] Decoding transaction bytes of length: 230
[TRACE] Transaction type: 6
[TRACE] Successfully decoded transaction with hash: ea7b7a0d07beb06616ddfa0bd297824169bded65403f7b2549f8fd696aba13fe
2025-09-15 22:50:29.204 TRACE client[0]: Processing transaction with hash: ea7b7a0d07beb06616ddfa0bd297824169bded65403f7b2549f8fd696aba13fe
2025-09-15 22:50:29.204 DEBUG client[0]: Submitting transaction ea7b7a0d07beb06616ddfa0bd297824169bded65403f7b2549f8fd696aba13fe
2025-09-15 22:50:29.287 TRACE : trigger interaction 0xc0006a0d20 1151/1200
[TRACE] Decoding transaction bytes of length: 230
[TRACE] Transaction type: 6
[TRACE] Successfully decoded transaction with hash: da19a47d84fcc7f3a5cdcee21a82a72cf7f5d1b4142279aba9bbc16b663f40a2
2025-09-15 22:50:29.288 TRACE client[0]: Processing transaction with hash: da19a47d84fcc7f3a5cdcee21a82a72cf7f5d1b4142279aba9bbc16b663f40a2
2025-09-15 22:50:29.288 DEBUG client[0]: Submitting transaction da19a47d84fcc7f3a5cdcee21a82a72cf7f5d1b4142279aba9bbc16b663f40a2
2025-09-15 22:50:29.371 TRACE : trigger interaction 0xc0006a0e10 1152/1200
[TRACE] Decoding transaction bytes of length: 230
[TRACE] Transaction type: 6
[TRACE] Successfully decoded transaction with hash: e7aa399dc6a0566ca30b7d21981547b2d79de109a561479353b5164c7f3a9dc5
2025-09-15 22:50:29.371 TRACE client[0]: Processing transaction with hash: e7aa399dc6a0566ca30b7d21981547b2d79de109a561479353b5164c7f3a9dc5
2025-09-15 22:50:29.371 DEBUG client[0]: Submitting transaction e7aa399dc6a0566ca30b7d21981547b2d79de109a561479353b5164c7f3a9dc5
2025-09-15 22:50:29.454 TRACE : trigger interaction 0xc0006a0f00 1153/1200
[TRACE] Decoding transaction bytes of length: 230
[TRACE] Transaction type: 6
[TRACE] Successfully decoded transaction with hash: a30ee4c39f53697461beebc098e1048496df470d1aceafc9cfbc5e311e45503f
2025-09-15 22:50:29.454 TRACE client[0]: Processing transaction with hash: a30ee4c39f53697461beebc098e1048496df470d1aceafc9cfbc5e311e45503f
2025-09-15 22:50:29.454 DEBUG client[0]: Submitting transaction a30ee4c39f53697461beebc098e1048496df470d1aceafc9cfbc5e311e45503f
2025-09-15 22:50:29.537 TRACE : trigger interaction 0xc0006a0ff0 1154/1200
[TRACE] Decoding transaction bytes of length: 230
[TRACE] Transaction type: 6
[TRACE] Successfully decoded transaction with hash: 94d700bf4eaa0aabbeed90b6d8d39b7a054655845d6c6a30de702818ca514bc6
2025-09-15 22:50:29.537 TRACE client[0]: Processing transaction with hash: 94d700bf4eaa0aabbeed90b6d8d39b7a054655845d6c6a30de702818ca514bc6
2025-09-15 22:50:29.537 DEBUG client[0]: Submitting transaction 94d700bf4eaa0aabbeed90b6d8d39b7a054655845d6c6a30de702818ca514bc6
2025-09-15 22:50:29.621 TRACE : trigger interaction 0xc0006a10e0 1155/1200
[TRACE] Decoding transaction bytes of length: 230
[TRACE] Transaction type: 6
[TRACE] Successfully decoded transaction with hash: d29da6bc43b5f9c434494365972280d4bf28d1c1d7bcde6df22de5a7d6a8ede4
2025-09-15 22:50:29.621 TRACE client[0]: Processing transaction with hash: d29da6bc43b5f9c434494365972280d4bf28d1c1d7bcde6df22de5a7d6a8ede4
2025-09-15 22:50:29.621 DEBUG client[0]: Submitting transaction d29da6bc43b5f9c434494365972280d4bf28d1c1d7bcde6df22de5a7d6a8ede4
2025-09-15 22:50:29.704 TRACE : trigger interaction 0xc0006a11d0 1156/1200
[TRACE] Decoding transaction bytes of length: 230
[TRACE] Transaction type: 6
[TRACE] Successfully decoded transaction with hash: 5f68945dbf2b7ef0f33eb1bcb0253fcb3af741a14ff6a78dafc0899b71e9fc68
2025-09-15 22:50:29.704 TRACE client[0]: Processing transaction with hash: 5f68945dbf2b7ef0f33eb1bcb0253fcb3af741a14ff6a78dafc0899b71e9fc68
2025-09-15 22:50:29.704 DEBUG client[0]: Submitting transaction 5f68945dbf2b7ef0f33eb1bcb0253fcb3af741a14ff6a78dafc0899b71e9fc68
2025-09-15 22:50:29.787 TRACE : trigger interaction 0xc0006a12c0 1157/1200
[TRACE] Decoding transaction bytes of length: 230
[TRACE] Transaction type: 6
[TRACE] Successfully decoded transaction with hash: 1eb49a2eda2b6af1c06a108274f6cce2fa45f243de73d2bf4ab584b880398aac
2025-09-15 22:50:29.788 TRACE client[0]: Processing transaction with hash: 1eb49a2eda2b6af1c06a108274f6cce2fa45f243de73d2bf4ab584b880398aac
2025-09-15 22:50:29.788 DEBUG client[0]: Submitting transaction 1eb49a2eda2b6af1c06a108274f6cce2fa45f243de73d2bf4ab584b880398aac
2025-09-15 22:50:29.870 TRACE : trigger interaction 0xc0006a13b0 1158/1200
[TRACE] Decoding transaction bytes of length: 230
[TRACE] Transaction type: 6
[TRACE] Successfully decoded transaction with hash: abeeec7fa3da91cf1c95d893f4e1143a6a62cee1028c7e6ca450cc9ec64efd77
2025-09-15 22:50:29.871 TRACE client[0]: Processing transaction with hash: abeeec7fa3da91cf1c95d893f4e1143a6a62cee1028c7e6ca450cc9ec64efd77
2025-09-15 22:50:29.871 DEBUG client[0]: Submitting transaction abeeec7fa3da91cf1c95d893f4e1143a6a62cee1028c7e6ca450cc9ec64efd77
2025-09-15 22:50:29.954 TRACE : trigger interaction 0xc0006a14a0 1159/1200
[TRACE] Decoding transaction bytes of length: 230
[TRACE] Transaction type: 6
[TRACE] Successfully decoded transaction with hash: 58a998c42f504d4cb3841d3257ed87a7dce0b18fa5fa6c82b6d98c9da85b2bb0
2025-09-15 22:50:29.954 TRACE client[0]: Processing transaction with hash: 58a998c42f504d4cb3841d3257ed87a7dce0b18fa5fa6c82b6d98c9da85b2bb0
2025-09-15 22:50:29.954 DEBUG client[0]: Submitting transaction 58a998c42f504d4cb3841d3257ed87a7dce0b18fa5fa6c82b6d98c9da85b2bb0
2025-09-15 22:50:30.037 TRACE : trigger interaction 0xc0006a1590 1160/1200
[TRACE] Decoding transaction bytes of length: 230
[TRACE] Transaction type: 6
[TRACE] Successfully decoded transaction with hash: e078a2c59b7410a3a6904feefd2d23ea84bb62ab4cb4f082da6bfde8ccd241eb
2025-09-15 22:50:30.037 TRACE client[0]: Processing transaction with hash: e078a2c59b7410a3a6904feefd2d23ea84bb62ab4cb4f082da6bfde8ccd241eb
2025-09-15 22:50:30.037 DEBUG client[0]: Submitting transaction e078a2c59b7410a3a6904feefd2d23ea84bb62ab4cb4f082da6bfde8ccd241eb
2025-09-15 22:50:30.121 TRACE : trigger interaction 0xc0006a1680 1161/1200
[TRACE] Decoding transaction bytes of length: 230
[TRACE] Transaction type: 6
[TRACE] Successfully decoded transaction with hash: c30705ddf2dd23aff19cd505ba294d684a2b6a34cafb632ded96699a87a6580e
2025-09-15 22:50:30.121 TRACE client[0]: Processing transaction with hash: c30705ddf2dd23aff19cd505ba294d684a2b6a34cafb632ded96699a87a6580e
2025-09-15 22:50:30.121 DEBUG client[0]: Submitting transaction c30705ddf2dd23aff19cd505ba294d684a2b6a34cafb632ded96699a87a6580e
2025-09-15 22:50:30.204 TRACE : trigger interaction 0xc0006a1770 1162/1200
[TRACE] Decoding transaction bytes of length: 230
[TRACE] Transaction type: 6
[TRACE] Successfully decoded transaction with hash: a11b3c774cb914f6bd30e3e39b78622fd64ddd74b0505c871a308b7ae0b3e4ba
2025-09-15 22:50:30.204 TRACE client[0]: Processing transaction with hash: a11b3c774cb914f6bd30e3e39b78622fd64ddd74b0505c871a308b7ae0b3e4ba
2025-09-15 22:50:30.204 DEBUG client[0]: Submitting transaction a11b3c774cb914f6bd30e3e39b78622fd64ddd74b0505c871a308b7ae0b3e4ba
2025-09-15 22:50:30.287 TRACE : trigger interaction 0xc0006a1860 1163/1200
[TRACE] Decoding transaction bytes of length: 230
[TRACE] Transaction type: 6
[TRACE] Successfully decoded transaction with hash: 248cd9e8479f5b559ed340d541e676e0180677f007574cb5b80925594d4f4f63
2025-09-15 22:50:30.287 TRACE client[0]: Processing transaction with hash: 248cd9e8479f5b559ed340d541e676e0180677f007574cb5b80925594d4f4f63
2025-09-15 22:50:30.287 DEBUG client[0]: Submitting transaction 248cd9e8479f5b559ed340d541e676e0180677f007574cb5b80925594d4f4f63
2025-09-15 22:50:30.371 TRACE : trigger interaction 0xc0006a1950 1164/1200
[TRACE] Decoding transaction bytes of length: 230
[TRACE] Transaction type: 6
[TRACE] Successfully decoded transaction with hash: 7f5b285e2d704c9e1b6c1f98d27e85143ad4d08c40a04b3b0979b9e3c8ae6789
2025-09-15 22:50:30.371 TRACE client[0]: Processing transaction with hash: 7f5b285e2d704c9e1b6c1f98d27e85143ad4d08c40a04b3b0979b9e3c8ae6789
2025-09-15 22:50:30.371 DEBUG client[0]: Submitting transaction 7f5b285e2d704c9e1b6c1f98d27e85143ad4d08c40a04b3b0979b9e3c8ae6789
2025-09-15 22:50:30.454 TRACE : trigger interaction 0xc0006a1a40 1165/1200
[TRACE] Decoding transaction bytes of length: 230
[TRACE] Transaction type: 6
[TRACE] Successfully decoded transaction with hash: 73b0b9b8823bf5467a7ff6e3008279771be475f575c80d6f269f750e624c5d11
2025-09-15 22:50:30.454 TRACE client[0]: Processing transaction with hash: 73b0b9b8823bf5467a7ff6e3008279771be475f575c80d6f269f750e624c5d11
2025-09-15 22:50:30.454 DEBUG client[0]: Submitting transaction 73b0b9b8823bf5467a7ff6e3008279771be475f575c80d6f269f750e624c5d11
2025-09-15 22:50:30.537 TRACE : trigger interaction 0xc0006a1b30 1166/1200
[TRACE] Decoding transaction bytes of length: 230
[TRACE] Transaction type: 6
[TRACE] Successfully decoded transaction with hash: d15daf3e1c33a28eb0ed56262cee9bb103eead89ebdd659aa3adfa3a8f44e351
2025-09-15 22:50:30.537 TRACE client[0]: Processing transaction with hash: d15daf3e1c33a28eb0ed56262cee9bb103eead89ebdd659aa3adfa3a8f44e351
2025-09-15 22:50:30.537 DEBUG client[0]: Submitting transaction d15daf3e1c33a28eb0ed56262cee9bb103eead89ebdd659aa3adfa3a8f44e351
2025-09-15 22:50:30.621 TRACE : trigger interaction 0xc00063bef0 1167/1200
[TRACE] Decoding transaction bytes of length: 230
[TRACE] Transaction type: 6
[TRACE] Successfully decoded transaction with hash: d5fed852191a905e36457fb0b7290f67018c895888697278596ec7a4eb2593ba
2025-09-15 22:50:30.621 TRACE client[0]: Processing transaction with hash: d5fed852191a905e36457fb0b7290f67018c895888697278596ec7a4eb2593ba
2025-09-15 22:50:30.621 DEBUG client[0]: Submitting transaction d5fed852191a905e36457fb0b7290f67018c895888697278596ec7a4eb2593ba
2025-09-15 22:50:30.704 TRACE : trigger interaction 0xc000654000 1168/1200
[TRACE] Decoding transaction bytes of length: 230
[TRACE] Transaction type: 6
[TRACE] Successfully decoded transaction with hash: b9ba5e23a4658d96da4d5008c3f29fccc159122118679e262e55ecf69cd2c5d4
2025-09-15 22:50:30.704 TRACE client[0]: Processing transaction with hash: b9ba5e23a4658d96da4d5008c3f29fccc159122118679e262e55ecf69cd2c5d4
2025-09-15 22:50:30.704 DEBUG client[0]: Submitting transaction b9ba5e23a4658d96da4d5008c3f29fccc159122118679e262e55ecf69cd2c5d4
2025-09-15 22:50:30.787 TRACE : trigger interaction 0xc0006540f0 1169/1200
[TRACE] Decoding transaction bytes of length: 230
[TRACE] Transaction type: 6
[TRACE] Successfully decoded transaction with hash: 9df664784f4fdbb883672e1961d2910cc13958b36813761dd74e8f8fbc3d6879
2025-09-15 22:50:30.787 TRACE client[0]: Processing transaction with hash: 9df664784f4fdbb883672e1961d2910cc13958b36813761dd74e8f8fbc3d6879
2025-09-15 22:50:30.787 DEBUG client[0]: Submitting transaction 9df664784f4fdbb883672e1961d2910cc13958b36813761dd74e8f8fbc3d6879
2025-09-15 22:50:30.870 TRACE : trigger interaction 0xc0006541e0 1170/1200
[TRACE] Decoding transaction bytes of length: 230
[TRACE] Transaction type: 6
[TRACE] Successfully decoded transaction with hash: 3a6b08249718eb13ce9a65b593eddb86f4a710af43d20c1120f1dc9f72302966
2025-09-15 22:50:30.871 TRACE client[0]: Processing transaction with hash: 3a6b08249718eb13ce9a65b593eddb86f4a710af43d20c1120f1dc9f72302966
2025-09-15 22:50:30.871 DEBUG client[0]: Submitting transaction 3a6b08249718eb13ce9a65b593eddb86f4a710af43d20c1120f1dc9f72302966
2025-09-15 22:50:30.954 TRACE : trigger interaction 0xc0006542d0 1171/1200
[TRACE] Decoding transaction bytes of length: 230
[TRACE] Transaction type: 6
[TRACE] Successfully decoded transaction with hash: 8196434a1577275c7801bd2ce32d6a6644bbe7c1f764a46b125a71ae883523d6
2025-09-15 22:50:30.954 TRACE client[0]: Processing transaction with hash: 8196434a1577275c7801bd2ce32d6a6644bbe7c1f764a46b125a71ae883523d6
2025-09-15 22:50:30.954 DEBUG client[0]: Submitting transaction 8196434a1577275c7801bd2ce32d6a6644bbe7c1f764a46b125a71ae883523d6
2025-09-15 22:50:31.037 TRACE : trigger interaction 0xc0006543c0 1172/1200
[TRACE] Decoding transaction bytes of length: 230
[TRACE] Transaction type: 6
[TRACE] Successfully decoded transaction with hash: 78304ef9d05befe12c1b9a67451318ee9d2e3b2ea0776b7906d7767b1fff33e3
2025-09-15 22:50:31.037 TRACE client[0]: Processing transaction with hash: 78304ef9d05befe12c1b9a67451318ee9d2e3b2ea0776b7906d7767b1fff33e3
2025-09-15 22:50:31.037 DEBUG client[0]: Submitting transaction 78304ef9d05befe12c1b9a67451318ee9d2e3b2ea0776b7906d7767b1fff33e3
2025-09-15 22:50:31.121 TRACE : trigger interaction 0xc0006544b0 1173/1200
[TRACE] Decoding transaction bytes of length: 230
[TRACE] Transaction type: 6
[TRACE] Successfully decoded transaction with hash: 3da04d2bca3f0c20feac0e40cb770de9028db95d740a33082fbcbacbdc61d125
2025-09-15 22:50:31.121 TRACE client[0]: Processing transaction with hash: 3da04d2bca3f0c20feac0e40cb770de9028db95d740a33082fbcbacbdc61d125
2025-09-15 22:50:31.121 DEBUG client[0]: Submitting transaction 3da04d2bca3f0c20feac0e40cb770de9028db95d740a33082fbcbacbdc61d125
2025-09-15 22:50:31.204 TRACE : trigger interaction 0xc0006545a0 1174/1200
[TRACE] Decoding transaction bytes of length: 230
[TRACE] Transaction type: 6
[TRACE] Successfully decoded transaction with hash: 35e27b8f0e7f62e5e3ffc119dd947924256fbb9bdf650666431a5aacef1b74ca
2025-09-15 22:50:31.204 TRACE client[0]: Processing transaction with hash: 35e27b8f0e7f62e5e3ffc119dd947924256fbb9bdf650666431a5aacef1b74ca
2025-09-15 22:50:31.204 DEBUG client[0]: Submitting transaction 35e27b8f0e7f62e5e3ffc119dd947924256fbb9bdf650666431a5aacef1b74ca
2025-09-15 22:50:31.287 TRACE : trigger interaction 0xc000654690 1175/1200
[TRACE] Decoding transaction bytes of length: 230
[TRACE] Transaction type: 6
[TRACE] Successfully decoded transaction with hash: d2b71ee379d9783276e0936fb314bbb22ee21941e1cad3750fb5e4acb18d4a5a
2025-09-15 22:50:31.287 TRACE client[0]: Processing transaction with hash: d2b71ee379d9783276e0936fb314bbb22ee21941e1cad3750fb5e4acb18d4a5a
2025-09-15 22:50:31.287 DEBUG client[0]: Submitting transaction d2b71ee379d9783276e0936fb314bbb22ee21941e1cad3750fb5e4acb18d4a5a
2025-09-15 22:50:31.371 TRACE : trigger interaction 0xc000654780 1176/1200
[TRACE] Decoding transaction bytes of length: 230
[TRACE] Transaction type: 6
[TRACE] Successfully decoded transaction with hash: 12e992e6fa8d41233fb787b9f5eec1e8d8ac0db6cecc34544dee86f6ba69d356
2025-09-15 22:50:31.371 TRACE client[0]: Processing transaction with hash: 12e992e6fa8d41233fb787b9f5eec1e8d8ac0db6cecc34544dee86f6ba69d356
2025-09-15 22:50:31.371 DEBUG client[0]: Submitting transaction 12e992e6fa8d41233fb787b9f5eec1e8d8ac0db6cecc34544dee86f6ba69d356
2025-09-15 22:50:31.454 TRACE : trigger interaction 0xc000654870 1177/1200
[TRACE] Decoding transaction bytes of length: 230
[TRACE] Transaction type: 6
[TRACE] Successfully decoded transaction with hash: b682767e2f28c6f1c65cfc8261d74221280e719ab23c5b0f7cdf4cf18a67b007
2025-09-15 22:50:31.454 TRACE client[0]: Processing transaction with hash: b682767e2f28c6f1c65cfc8261d74221280e719ab23c5b0f7cdf4cf18a67b007
2025-09-15 22:50:31.454 DEBUG client[0]: Submitting transaction b682767e2f28c6f1c65cfc8261d74221280e719ab23c5b0f7cdf4cf18a67b007
2025-09-15 22:50:31.538 TRACE : trigger interaction 0xc000654960 1178/1200
[TRACE] Decoding transaction bytes of length: 230
[TRACE] Transaction type: 6
[TRACE] Successfully decoded transaction with hash: 46133580e198dc626a6306f685ba257690b98138367d80dcea9ea87b3180b3e5
2025-09-15 22:50:31.538 TRACE client[0]: Processing transaction with hash: 46133580e198dc626a6306f685ba257690b98138367d80dcea9ea87b3180b3e5
2025-09-15 22:50:31.538 DEBUG client[0]: Submitting transaction 46133580e198dc626a6306f685ba257690b98138367d80dcea9ea87b3180b3e5
2025-09-15 22:50:31.621 TRACE : trigger interaction 0xc000654a50 1179/1200
[TRACE] Decoding transaction bytes of length: 230
[TRACE] Transaction type: 6
[TRACE] Successfully decoded transaction with hash: 6eebb7fd417bcd5ab35851276625d9289ff15aca89b021f2c37ce6ac2ebc6cb1
2025-09-15 22:50:31.621 TRACE client[0]: Processing transaction with hash: 6eebb7fd417bcd5ab35851276625d9289ff15aca89b021f2c37ce6ac2ebc6cb1
2025-09-15 22:50:31.621 DEBUG client[0]: Submitting transaction 6eebb7fd417bcd5ab35851276625d9289ff15aca89b021f2c37ce6ac2ebc6cb1
2025-09-15 22:50:31.704 TRACE : trigger interaction 0xc000654b40 1180/1200
[TRACE] Decoding transaction bytes of length: 230
[TRACE] Transaction type: 6
[TRACE] Successfully decoded transaction with hash: 745d321b25e04b17cb9df8bfcfa418a9efae792016beeb27b649769807a5e0e7
2025-09-15 22:50:31.704 TRACE client[0]: Processing transaction with hash: 745d321b25e04b17cb9df8bfcfa418a9efae792016beeb27b649769807a5e0e7
2025-09-15 22:50:31.704 DEBUG client[0]: Submitting transaction 745d321b25e04b17cb9df8bfcfa418a9efae792016beeb27b649769807a5e0e7
2025-09-15 22:50:31.788 TRACE : trigger interaction 0xc000654c30 1181/1200
[TRACE] Decoding transaction bytes of length: 230
[TRACE] Transaction type: 6
[TRACE] Successfully decoded transaction with hash: 2231d08a03e0401fe194e793b2b3a6a84b33cef9d37316cb66badfcfeead1df5
2025-09-15 22:50:31.788 TRACE client[0]: Processing transaction with hash: 2231d08a03e0401fe194e793b2b3a6a84b33cef9d37316cb66badfcfeead1df5
2025-09-15 22:50:31.788 DEBUG client[0]: Submitting transaction 2231d08a03e0401fe194e793b2b3a6a84b33cef9d37316cb66badfcfeead1df5
2025-09-15 22:50:31.871 TRACE : trigger interaction 0xc000654d20 1182/1200
[TRACE] Decoding transaction bytes of length: 230
[TRACE] Transaction type: 6
[TRACE] Successfully decoded transaction with hash: cff92b20cb358b3b2dd2b58a59e71d2d00cf20755a63334b3f2ecbbb920502df
2025-09-15 22:50:31.871 TRACE client[0]: Processing transaction with hash: cff92b20cb358b3b2dd2b58a59e71d2d00cf20755a63334b3f2ecbbb920502df
2025-09-15 22:50:31.871 DEBUG client[0]: Submitting transaction cff92b20cb358b3b2dd2b58a59e71d2d00cf20755a63334b3f2ecbbb920502df
2025-09-15 22:50:31.954 TRACE : trigger interaction 0xc000654e10 1183/1200
[TRACE] Decoding transaction bytes of length: 230
[TRACE] Transaction type: 6
[TRACE] Successfully decoded transaction with hash: 991ccf20d132001a914713e278970329870019e77996f91800fd7d835aafac00
2025-09-15 22:50:31.954 TRACE client[0]: Processing transaction with hash: 991ccf20d132001a914713e278970329870019e77996f91800fd7d835aafac00
2025-09-15 22:50:31.954 DEBUG client[0]: Submitting transaction 991ccf20d132001a914713e278970329870019e77996f91800fd7d835aafac00
2025-09-15 22:50:32.037 TRACE : trigger interaction 0xc0004d74a0 1184/1200
[TRACE] Decoding transaction bytes of length: 230
[TRACE] Transaction type: 6
[TRACE] Successfully decoded transaction with hash: aa7bcb781904ae7b6ae61f791decbc474f6024c5ed122d3a78b9b554ca3944cb
2025-09-15 22:50:32.037 TRACE client[0]: Processing transaction with hash: aa7bcb781904ae7b6ae61f791decbc474f6024c5ed122d3a78b9b554ca3944cb
2025-09-15 22:50:32.037 DEBUG client[0]: Submitting transaction aa7bcb781904ae7b6ae61f791decbc474f6024c5ed122d3a78b9b554ca3944cb
2025-09-15 22:50:32.121 TRACE : trigger interaction 0xc0004d7590 1185/1200
[TRACE] Decoding transaction bytes of length: 230
[TRACE] Transaction type: 6
[TRACE] Successfully decoded transaction with hash: cb291112253b06a3b8748beb263e628470efca043442d7c321198839a4971195
2025-09-15 22:50:32.121 TRACE client[0]: Processing transaction with hash: cb291112253b06a3b8748beb263e628470efca043442d7c321198839a4971195
2025-09-15 22:50:32.121 DEBUG client[0]: Submitting transaction cb291112253b06a3b8748beb263e628470efca043442d7c321198839a4971195
2025-09-15 22:50:32.204 TRACE : trigger interaction 0xc0004d7680 1186/1200
[TRACE] Decoding transaction bytes of length: 230
[TRACE] Transaction type: 6
[TRACE] Successfully decoded transaction with hash: 6d34ba335930600b818489d68f9b644df6683d9f8ea2fff9e2cff571e8cf10c5
2025-09-15 22:50:32.204 TRACE client[0]: Processing transaction with hash: 6d34ba335930600b818489d68f9b644df6683d9f8ea2fff9e2cff571e8cf10c5
2025-09-15 22:50:32.204 DEBUG client[0]: Submitting transaction 6d34ba335930600b818489d68f9b644df6683d9f8ea2fff9e2cff571e8cf10c5
2025-09-15 22:50:32.287 TRACE : trigger interaction 0xc0004d7770 1187/1200
[TRACE] Decoding transaction bytes of length: 230
[TRACE] Transaction type: 6
[TRACE] Successfully decoded transaction with hash: 5e6b206ebef685408549dbcf26e018f3d2c5bbad00de29474cac32c2d6678be5
2025-09-15 22:50:32.287 TRACE client[0]: Processing transaction with hash: 5e6b206ebef685408549dbcf26e018f3d2c5bbad00de29474cac32c2d6678be5
2025-09-15 22:50:32.287 DEBUG client[0]: Submitting transaction 5e6b206ebef685408549dbcf26e018f3d2c5bbad00de29474cac32c2d6678be5
2025-09-15 22:50:32.371 TRACE : trigger interaction 0xc0004d7860 1188/1200
[TRACE] Decoding transaction bytes of length: 230
[TRACE] Transaction type: 6
[TRACE] Successfully decoded transaction with hash: aa255e060e4c0ab2a310c79e6a742a358fb796d8bb81443b634f4ca833651374
2025-09-15 22:50:32.371 TRACE client[0]: Processing transaction with hash: aa255e060e4c0ab2a310c79e6a742a358fb796d8bb81443b634f4ca833651374
2025-09-15 22:50:32.371 DEBUG client[0]: Submitting transaction aa255e060e4c0ab2a310c79e6a742a358fb796d8bb81443b634f4ca833651374
2025-09-15 22:50:32.454 TRACE : trigger interaction 0xc0004d7950 1189/1200
[TRACE] Decoding transaction bytes of length: 230
[TRACE] Transaction type: 6
[TRACE] Successfully decoded transaction with hash: 91b32fb7f5199ef79fb42ad11e245ae2082fa79eb922b35aa618432730e40382
2025-09-15 22:50:32.454 TRACE client[0]: Processing transaction with hash: 91b32fb7f5199ef79fb42ad11e245ae2082fa79eb922b35aa618432730e40382
2025-09-15 22:50:32.454 DEBUG client[0]: Submitting transaction 91b32fb7f5199ef79fb42ad11e245ae2082fa79eb922b35aa618432730e40382
2025-09-15 22:50:32.537 TRACE : trigger interaction 0xc0004d7a40 1190/1200
[TRACE] Decoding transaction bytes of length: 230
[TRACE] Transaction type: 6
[TRACE] Successfully decoded transaction with hash: 2744f10b878f733b8be4d9b3f7f2c001e9865a1692130e3e657f70ac443954f1
2025-09-15 22:50:32.537 TRACE client[0]: Processing transaction with hash: 2744f10b878f733b8be4d9b3f7f2c001e9865a1692130e3e657f70ac443954f1
2025-09-15 22:50:32.537 DEBUG client[0]: Submitting transaction 2744f10b878f733b8be4d9b3f7f2c001e9865a1692130e3e657f70ac443954f1
2025-09-15 22:50:32.621 TRACE : trigger interaction 0xc0004d7b30 1191/1200
[TRACE] Decoding transaction bytes of length: 230
[TRACE] Transaction type: 6
[TRACE] Successfully decoded transaction with hash: a740468c42c06c05881939b700641fbdb6db2d0c963ca685827ce3d43faae09d
2025-09-15 22:50:32.621 TRACE client[0]: Processing transaction with hash: a740468c42c06c05881939b700641fbdb6db2d0c963ca685827ce3d43faae09d
2025-09-15 22:50:32.621 DEBUG client[0]: Submitting transaction a740468c42c06c05881939b700641fbdb6db2d0c963ca685827ce3d43faae09d
2025-09-15 22:50:32.704 TRACE : trigger interaction 0xc0004d7c20 1192/1200
[TRACE] Decoding transaction bytes of length: 230
[TRACE] Transaction type: 6
[TRACE] Successfully decoded transaction with hash: 483d50cc89077cfb98ed057968e7148a3d1e811a1082f38efd9d618ee97936f3
2025-09-15 22:50:32.704 TRACE client[0]: Processing transaction with hash: 483d50cc89077cfb98ed057968e7148a3d1e811a1082f38efd9d618ee97936f3
2025-09-15 22:50:32.704 DEBUG client[0]: Submitting transaction 483d50cc89077cfb98ed057968e7148a3d1e811a1082f38efd9d618ee97936f3
2025-09-15 22:50:32.788 TRACE : trigger interaction 0xc0004d7d10 1193/1200
[TRACE] Decoding transaction bytes of length: 230
[TRACE] Transaction type: 6
[TRACE] Successfully decoded transaction with hash: 7e71e0eaa1e4ba3f99400ce09605238dbeb60822d07fffc8a9cab66f85311d73
2025-09-15 22:50:32.788 TRACE client[0]: Processing transaction with hash: 7e71e0eaa1e4ba3f99400ce09605238dbeb60822d07fffc8a9cab66f85311d73
2025-09-15 22:50:32.788 DEBUG client[0]: Submitting transaction 7e71e0eaa1e4ba3f99400ce09605238dbeb60822d07fffc8a9cab66f85311d73
2025-09-15 22:50:32.871 TRACE : trigger interaction 0xc0004d7e00 1194/1200
[TRACE] Decoding transaction bytes of length: 230
[TRACE] Transaction type: 6
[TRACE] Successfully decoded transaction with hash: 93685e63d6353aa91a935721ff41f034c234b95be0d9e7205061a040dfc9fb53
2025-09-15 22:50:32.871 TRACE client[0]: Processing transaction with hash: 93685e63d6353aa91a935721ff41f034c234b95be0d9e7205061a040dfc9fb53
2025-09-15 22:50:32.871 DEBUG client[0]: Submitting transaction 93685e63d6353aa91a935721ff41f034c234b95be0d9e7205061a040dfc9fb53
2025-09-15 22:50:32.954 TRACE : trigger interaction 0xc0004d7ef0 1195/1200
[TRACE] Decoding transaction bytes of length: 230
[TRACE] Transaction type: 6
[TRACE] Successfully decoded transaction with hash: bb7ab866fe63561acce18f81cdccc027b658236b6a825cacff269f8beb27d120
2025-09-15 22:50:32.954 TRACE client[0]: Processing transaction with hash: bb7ab866fe63561acce18f81cdccc027b658236b6a825cacff269f8beb27d120
2025-09-15 22:50:32.954 DEBUG client[0]: Submitting transaction bb7ab866fe63561acce18f81cdccc027b658236b6a825cacff269f8beb27d120
2025-09-15 22:50:33.037 TRACE : trigger interaction 0xc000708000 1196/1200
[TRACE] Decoding transaction bytes of length: 230
[TRACE] Transaction type: 6
[TRACE] Successfully decoded transaction with hash: 0bd482541c0bd4f424dc1468415ab415e8b885ea47f7329d103f38de9193f124
2025-09-15 22:50:33.038 TRACE client[0]: Processing transaction with hash: 0bd482541c0bd4f424dc1468415ab415e8b885ea47f7329d103f38de9193f124
2025-09-15 22:50:33.038 DEBUG client[0]: Submitting transaction 0bd482541c0bd4f424dc1468415ab415e8b885ea47f7329d103f38de9193f124
2025-09-15 22:50:33.120 TRACE : trigger interaction 0xc0007080f0 1197/1200
[TRACE] Decoding transaction bytes of length: 230
[TRACE] Transaction type: 6
[TRACE] Successfully decoded transaction with hash: 7ff8c631908c2cabe2057f29693dab2c5825779b9a2978ab42ef7eba04b9f200
2025-09-15 22:50:33.121 TRACE client[0]: Processing transaction with hash: 7ff8c631908c2cabe2057f29693dab2c5825779b9a2978ab42ef7eba04b9f200
2025-09-15 22:50:33.121 DEBUG client[0]: Submitting transaction 7ff8c631908c2cabe2057f29693dab2c5825779b9a2978ab42ef7eba04b9f200
2025-09-15 22:50:33.203 TRACE : trigger interaction 0xc0007081e0 1198/1200
[TRACE] Decoding transaction bytes of length: 230
[TRACE] Transaction type: 6
[TRACE] Successfully decoded transaction with hash: 004e69e99a83d9c30a468db2fbfb6e2b300f7522ab698fd11f2bd7349f18ed8d
2025-09-15 22:50:33.204 TRACE client[0]: Processing transaction with hash: 004e69e99a83d9c30a468db2fbfb6e2b300f7522ab698fd11f2bd7349f18ed8d
2025-09-15 22:50:33.204 DEBUG client[0]: Submitting transaction 004e69e99a83d9c30a468db2fbfb6e2b300f7522ab698fd11f2bd7349f18ed8d
2025-09-15 22:50:33.288 TRACE : trigger interaction 0xc0007082d0 1199/1200
[TRACE] Decoding transaction bytes of length: 230
[TRACE] Transaction type: 6
[TRACE] Successfully decoded transaction with hash: 845450be1cf4546507abffa58720870b2af68df98870b28a40391eeed5ed6009
2025-09-15 22:50:33.288 TRACE client[0]: Processing transaction with hash: 845450be1cf4546507abffa58720870b2af68df98870b28a40391eeed5ed6009
2025-09-15 22:50:33.288 DEBUG client[0]: Submitting transaction 845450be1cf4546507abffa58720870b2af68df98870b28a40391eeed5ed6009
2025-09-15 22:50:33.371 TRACE : trigger interaction 0xc0007083c0 1200/1200
2025-09-15 22:50:33.371 INFO  : sleep for 1m40s seconds
[TRACE] Decoding transaction bytes of length: 230
[TRACE] Transaction type: 6
[TRACE] Successfully decoded transaction with hash: b0b8ec3facd2cfed94956431b70cb7f4629ac82db5ef96d4dd37b533ec9a7b1a
2025-09-15 22:50:33.371 TRACE client[0]: Processing transaction with hash: b0b8ec3facd2cfed94956431b70cb7f4629ac82db5ef96d4dd37b533ec9a7b1a
2025-09-15 22:50:33.371 DEBUG client[0]: Submitting transaction b0b8ec3facd2cfed94956431b70cb7f4629ac82db5ef96d4dd37b533ec9a7b1a
2025-09-15 22:50:48.663 TRACE client[0]: Found transaction in block: 2a850df0b00ac83bd877656a4daf3b8e30fb195cf09badfc8fb14b5e1112feca
2025-09-15 22:50:48.663 TRACE client[0]: Found transaction in block: 83eca40adf155d6b63b50c0b37b259ae939837eba0da142098dc6fb38d9ab3c3
2025-09-15 22:50:48.663 TRACE client[0]: Found transaction in block: 2a46c7fd5cd644681c96444cfbe1aecf18d2f10d0e1498aeede69a2bc8b4f153
2025-09-15 22:50:48.663 TRACE client[0]: Found transaction in block: 8dd769e904d40c8e266915fbc5a68a34f60cb7e0551f52a9ba20695d33fff74d
2025-09-15 22:50:48.663 TRACE client[0]: Found transaction in block: 709e341de408deaafec798bb509e712c202f6c23842fd078a12130a1ae170043
2025-09-15 22:50:48.663 TRACE client[0]: Found transaction in block: b8f29cf915a7e7bb1f6c7baf72a7695ec0f6bdbd0f5bb33b0a8f3fcc78790a77
2025-09-15 22:50:48.663 TRACE client[0]: Found transaction in block: a4028f68a88652411c7ae8335430fe88c9fefef1c043dc46d8e182d48152123d
2025-09-15 22:50:48.663 TRACE client[0]: Found transaction in block: aba78c15489644bf67378c3f06d6bf371c440cfe7446989bf0e4e2c6a925b115
2025-09-15 22:50:48.663 TRACE client[0]: Found transaction in block: c1e3260c003dab8ca7a589655c45fd262497e9516ee2c9eb4710e7a7e4b7880c
2025-09-15 22:50:48.663 TRACE client[0]: Found transaction in block: 9f445dc5c109011c17a23ab85a00cecdceca7a6c4a9a9b75ac5eb51e488595ee
2025-09-15 22:50:48.663 TRACE client[0]: Found transaction in block: 0531900e6275fb7efee2c611e58223989472143f5384243249a26a750ef97027
2025-09-15 22:50:48.663 TRACE client[0]: Found transaction in block: 87593804a12df8f451b0faed8696a4ba6fac58ef601b99aee2b2cb9d5243a600
2025-09-15 22:50:48.663 TRACE client[0]: Found transaction in block: 9ba8e5074484e7cbc624131e232f8600e0d86feebdbed03717bcb8f006404bd4
2025-09-15 22:50:48.663 TRACE client[0]: Found transaction in block: c2126afb9ac2632c05dac8c6826d20ea20cf983f616cbc66ba000ace169de999
2025-09-15 22:50:48.663 TRACE client[0]: Found transaction in block: fb06dda0874a38b304222524e1507313948e52102059d40bbb0b62bcb72f7d46
2025-09-15 22:50:48.663 TRACE client[0]: Found transaction in block: e8edad10bbd16c2b5218068f5f51646ae4b2ebe2aac261404bf8db76c8efd563
2025-09-15 22:50:48.663 TRACE client[0]: Found transaction in block: 16176f591346265d6300342a878519ed42422443ef443d90bec6ffb252100ccd
2025-09-15 22:50:48.663 TRACE client[0]: Found transaction in block: 7554da81b39335e4de28db44b12feaca1a6082d379095e802d203f6b8287ee42
2025-09-15 22:50:48.663 TRACE client[0]: Found transaction in block: cda7db07882baa292f505798ebfd7abef05c0c58ebdc84cb7a670d6304d41f98
2025-09-15 22:50:48.663 TRACE client[0]: Found transaction in block: 8da5c42fff4aaafef55505a3f517988dd0443090aceff749be8d33eebf4fbe02
2025-09-15 22:50:48.663 TRACE client[0]: Found transaction in block: c1fcc7a1f1626bdf8372bb0f832409f1b548051f16bb47108f2106c8866a863d
2025-09-15 22:50:48.663 TRACE client[0]: Found transaction in block: 1e3dd2a1f12b4ecb3fee083c035f4e4e960ea775cab588587b1db75e96c08d88
2025-09-15 22:50:48.663 TRACE client[0]: Found transaction in block: a0ef2e995d5f58310fc773900bccb887290b74eee0ad4913772add9316da430d
2025-09-15 22:50:48.663 TRACE client[0]: Found transaction in block: b18d90f6cc1be9cb1e4c737f36fbc9f02fa5615c8a68919f149b2f042488caf7
2025-09-15 22:50:48.663 TRACE client[0]: Found transaction in block: 85959312cceea73860e19e9ab1a6ccc58d7ecce5913a0b2dc622328b238a5697
2025-09-15 22:50:48.663 TRACE client[0]: Found transaction in block: 26ebd8f0060cb063a7be6fb0eeab9b0fc4cc5bc8a8d50d74d60a51ca98f0a1f7
2025-09-15 22:50:48.663 TRACE client[0]: Found transaction in block: e0fa87dd8ee911fec3c8fc29b62d692cdc882be1d0cf84760fa8fffd001f6c5b
2025-09-15 22:50:48.663 TRACE client[0]: Found transaction in block: 4139eabedc263fb3b86522f7ced89394589e5b9c4ab86244e221e4e69fd0caf6
2025-09-15 22:50:48.663 TRACE client[0]: Found transaction in block: cf7abd9da46629f1a4aede100591bd249844976a17bc5ae1f2df63315b851eb6
2025-09-15 22:50:48.663 TRACE client[0]: Found transaction in block: 6d59205de25c0dcc5cbe784980de733d8639a4ae4a66722f949f0f5d1a5231db
2025-09-15 22:50:48.663 TRACE client[0]: Found transaction in block: 380f37292652b4c2104fc34950b700ad949849e92e59fcb9728b71120e2117da
2025-09-15 22:50:48.663 TRACE client[0]: Found transaction in block: 3677233542624ec1bda1096524d3c65b6bb93f909f4c2086b62e0c7b31885d55
2025-09-15 22:50:48.663 TRACE client[0]: Found transaction in block: e41378d3bb8d0ec8c054222791df8c024b82ba85d26affbf11d61e63a0c403d0
2025-09-15 22:50:48.663 TRACE client[0]: Found transaction in block: 9c3fe6f8bc1676e6e2dd9d9a7b19a6d44cfca625712171adb0eae29c6e667a68
2025-09-15 22:50:48.663 TRACE client[0]: Found transaction in block: 6a38bc30e85bbcee6c22ee83b893fa9b12aef29b530e431024692062e848eeb4
2025-09-15 22:50:48.663 TRACE client[0]: Found transaction in block: a79a143c33813c21ed7fa62cecdacee687da9a6703938c9a0ad8277836e4dc4b
2025-09-15 22:50:48.663 TRACE client[0]: Found transaction in block: 16cd321bcbbd13d2cb818f211974a01065c2bc9f921f6256c1def00a2f29b0ff
2025-09-15 22:50:48.663 TRACE client[0]: Found transaction in block: d30145c082d10f599589b1cdc7848191c613c70ec22144993393c2345ab73f93
2025-09-15 22:50:48.663 TRACE client[0]: Found transaction in block: e020d229951417493ba19ca0265f9f0d38ebdcfe5af0cf811cdb453841c45aea
2025-09-15 22:50:48.663 TRACE client[0]: Found transaction in block: 9cbee40d12cd8b3bb096296690b3dca867f4e7bc1f0ad34909b86425e8bc493b
2025-09-15 22:50:48.663 TRACE client[0]: Found transaction in block: 32a0018b9861a7544f14f551e2f68215583447a2549509312a79ef645f517016
2025-09-15 22:50:48.663 TRACE client[0]: Found transaction in block: 2aa6e16ee93be326c09a65750a7a99d09b11583b42165030f70b7996fbec2c8f
2025-09-15 22:50:48.663 TRACE client[0]: Found transaction in block: b92dc2d885fcbfe1a93141113d9bed4dc70aa3bea9755e87f7c72cf99eced082
2025-09-15 22:50:48.663 TRACE client[0]: Found transaction in block: 94ef67238e7ebb31ee848f99d8c7b3cda1a9e37eaba0c1384802bc51c6adcf56
2025-09-15 22:50:48.663 TRACE client[0]: Found transaction in block: 82337154b835b7ffa6c732ef2487062c0b25b2d32fb162de08e3d7a4b139f178
2025-09-15 22:50:48.663 TRACE client[0]: Found transaction in block: 91598f3ef116a0bacb5e1d077fb9bdf26defccd25ef1890e573ddab94d8da5a1
2025-09-15 22:50:48.663 TRACE client[0]: Found transaction in block: deef850431d22fe28847a0e7ceaf817ca38bf73ac949f15d97e74c451857d6a8
2025-09-15 22:50:48.663 TRACE client[0]: Found transaction in block: dcdbb2aeeef024458ab6d34d6ffaea7e262d89868ef25a2a6b2bc6a9351d7abc
2025-09-15 22:50:48.663 TRACE client[0]: Found transaction in block: 7f7561a2595a84fb62c4d5c99758e3f1f55ad694cdff5bec365ccb048303c420
2025-09-15 22:50:48.663 TRACE client[0]: Found transaction in block: 085957b99115f7ac966659efb83378a7d545d42fe21157ef3d8b989eb8b59284
2025-09-15 22:50:48.663 TRACE client[0]: Found transaction in block: 88c96966a2499c9d776267b629e2701ef2d2a36b622986f83bb33fb8f41206d6
2025-09-15 22:50:48.663 TRACE client[0]: Found transaction in block: 3e10aad6f66f31f13f7c2506dd9f1eeaf54d9ef8ee9685b7b837ecccb295520c
2025-09-15 22:50:48.663 TRACE client[0]: Found transaction in block: 99d266d587d72d3a4c67351be8637afe30c18df26e425fb4d0917778d2510613
2025-09-15 22:50:48.663 TRACE client[0]: Found transaction in block: be34e6061f7ca3f06cbb160f5c4801585fb79674f5f667ae246215ad41ea16d8
2025-09-15 22:50:48.663 TRACE client[0]: Found transaction in block: 49c3bbf4eac1dc0aa39bf7ff80eaf7ab807a3b1695133546e5a70212e80d51aa
2025-09-15 22:50:48.663 TRACE client[0]: Found transaction in block: 81a33967c851c90e78531089493ccbb076c46012f9b4a412add3c4f13a281bc7
2025-09-15 22:50:48.663 TRACE client[0]: Found transaction in block: 3ca535041976c4b7ed264d906af1d84d1feb52201520ab0f1915ec3e80214cee
2025-09-15 22:50:48.663 TRACE client[0]: Found transaction in block: 422619f23d230e10b8ff568fc532fcf2096b62a0835a4ecc1ad4c7bd2f8c7d38
2025-09-15 22:50:48.663 TRACE client[0]: Found transaction in block: da53155a957391d64dbfde632dc7a99f06fab0251ec4de95f9272f8cbba4abc0
2025-09-15 22:50:48.663 TRACE client[0]: Found transaction in block: f7aaed428cff2841ef1c8d5a231f07a0c476098a937ed5e5dcb2d6996bc18be3
2025-09-15 22:50:48.663 TRACE client[0]: Found transaction in block: 0ec2d42c70e7e1446727c244e2ffd24b321d035fe1e2aa8e8e1313f986a8d770
2025-09-15 22:50:48.663 TRACE client[0]: Found transaction in block: 31325e30ece5f456bd993d736c107a115260f23055d5c0ccd711d472040213a2
2025-09-15 22:50:48.663 TRACE client[0]: Found transaction in block: f70765ae18c105507363378a7617979fe8d995fd4803846a3c682d6095c8e231
2025-09-15 22:50:48.663 TRACE client[0]: Found transaction in block: d487c5563242707b5a9d0d03632d2c9da682bb5e24b89a56354b6d8173140920
2025-09-15 22:50:48.663 TRACE client[0]: Found transaction in block: 16f1212f145a24bf17a56ce643010c732907ac97e5667526747f0cbdf77e070a
2025-09-15 22:50:48.663 TRACE client[0]: Found transaction in block: 94f254b8f4e34aad109b29efeb1b224f481b85ac065330da23de17ef62e641dc
2025-09-15 22:50:48.663 TRACE client[0]: Found transaction in block: b92edcf8c2a4207479737da01b5e64d448896da6c7deceea211c6174036eb77f
2025-09-15 22:50:48.663 TRACE client[0]: Found transaction in block: becb255169cf1d310805839efbb6a87080db243992a3a1bde9b1e6c4be77d031
2025-09-15 22:50:48.663 TRACE client[0]: Found transaction in block: 63bd1afea396f9ca05db68260fe4c404ef8bad3e8e4882fd5376b9f2b32d5ed7
2025-09-15 22:50:48.663 TRACE client[0]: Found transaction in block: 6e13cb5a580764669540d7f8ac1de9d4e4f906b4fb4e4d414082aa3a8c1dbcbd
2025-09-15 22:50:48.663 TRACE client[0]: Found transaction in block: 5d3b990bfae088644b9aeeece7957803296c873cf0293a500dae9438a3a10b5e
2025-09-15 22:50:48.663 TRACE client[0]: Found transaction in block: 45fb0dbb3af810bde43d3c2504ae26bb6f7cc924102a95d1fac39b85de8ddb9c
2025-09-15 22:50:48.663 TRACE client[0]: Found transaction in block: e96c2acd2e4af806f272bc1bfa4b235f8f7eacfc69eb5a494b8fbcc9b5c632d8
2025-09-15 22:50:48.663 TRACE client[0]: Found transaction in block: a35537f7de67de8456276a0151fa98fc151138c18f209416e18fe86ce8ab648e
2025-09-15 22:50:48.663 TRACE client[0]: Found transaction in block: 86f3cd05f572fa5605d5b32b8bc6629ce6c03ff58410e5d95db7b1104e5bfdf6
2025-09-15 22:50:48.663 TRACE client[0]: Found transaction in block: a638ce1b7257af4fd1ed87ac56c3e14c16e96b143549e4df984203b7af6bf72b
2025-09-15 22:50:48.663 TRACE client[0]: Found transaction in block: caedbfedef60bb7e345c927033b56979703528ae9dfe9b477fc1cd8e21565e5a
2025-09-15 22:50:48.663 TRACE client[0]: Found transaction in block: af003f9aba25ff4faeb1d5d837b1863ea083c1e35026dc3e0ba420f51ee3adb2
2025-09-15 22:50:48.663 TRACE client[0]: Found transaction in block: 3b79c1cdf6b50002bd97b43532e2f322a96a0e6133fe7410aab010d5ecfff436
2025-09-15 22:50:48.663 TRACE client[0]: Found transaction in block: 172be7ef948a3c2559fbcbc5ff9c006ffa0f05293f72759129d1f16829af9bd3
2025-09-15 22:50:48.663 TRACE client[0]: Found transaction in block: 1e34c2ed38017c5ccc65d3e6b9da8b45eb0a5c2173c67723a6114efbbacd55be
2025-09-15 22:50:48.663 TRACE client[0]: Found transaction in block: 950e862398ab4d650031119eb9d9a26390e873890a50f9207defc487c24733f9
2025-09-15 22:50:48.663 TRACE client[0]: Found transaction in block: a8bb4bf53d63983efebf9ad6dcc7f6bb5411ab4b6d7a08e433f18ded0e11ffe8
2025-09-15 22:50:48.663 TRACE client[0]: Found transaction in block: b99de8550ebc2fc09d83ea281125bbe3623c23c5400c8d32073b821cc8e9d978
2025-09-15 22:50:48.663 TRACE client[0]: Found transaction in block: d4e6d5a32dc1657fc37126173adc70d1b40556fe96584198e29564461c4d06f5
2025-09-15 22:50:48.663 TRACE client[0]: Found transaction in block: ad68117cdf78cfeba77685bfed4461daf78b922ebf0072aadc009b7a395ff47a
2025-09-15 22:50:48.663 TRACE client[0]: Found transaction in block: 9b8be17ed0d64ee91340ac327c8d672674f27dac6a276aa29338ce333471c54d
2025-09-15 22:50:48.663 TRACE client[0]: Found transaction in block: 535ba51f0366a6cf3d600b621bfd04293bc926ac89697aff3160115b47de9661
2025-09-15 22:50:48.663 TRACE client[0]: Found transaction in block: 587a9e0662150b1d948e77721a83297228dd03194201ea17f5cd3464bc4c4e56
2025-09-15 22:50:48.663 TRACE client[0]: Found transaction in block: d38449437038c2c3f5bd59df5c294e4626fadc8259616b8718223a2e3cc46597
2025-09-15 22:50:48.663 TRACE client[0]: Found transaction in block: 792ae68ccc465690d90432c07f6292a77c9bd0d6d1e571f236757c72d65c7ac4
2025-09-15 22:50:48.663 TRACE client[0]: Found transaction in block: 948a318b2ce9bb2f4948fa4c14faf21f52b4f907130331cd9f504619cbf42334
2025-09-15 22:50:48.663 TRACE client[0]: Found transaction in block: 6a3552387822e8186766481b52bbb571d2841d716ddeadeeeb04f6678d42ce55
2025-09-15 22:50:48.663 TRACE client[0]: Found transaction in block: 1628c4377c455f9a628ca484b7ff915450e114e5403d87196a3d926bbb0a8183
2025-09-15 22:50:48.663 TRACE client[0]: Found transaction in block: 59d82a598c1ee5cc239025287362fabb9861dcad571bf2c76db64ba73c286d33
2025-09-15 22:50:48.663 TRACE client[0]: Found transaction in block: 2eb7e08a9adbdad01b47402590a337685ba26961404043603f47068164fec2f0
2025-09-15 22:50:48.663 TRACE client[0]: Found transaction in block: 440415bae0e85fe0ebb56efd990ed3b5a42e13e3fef0af9f7827a953857781e7
2025-09-15 22:50:48.663 TRACE client[0]: Found transaction in block: 57f8c01fc2382fac84be971e87422be3859ba9c26b4417f38f45d72e9d5f28cb
2025-09-15 22:50:48.663 TRACE client[0]: Found transaction in block: 786451a8e6f146bbf60a4131475b937076600c66ebc83d94a195f3ce91a2f37a
2025-09-15 22:50:48.663 TRACE client[0]: Found transaction in block: 2c3a46f6c2739bec780b64be67378babe1bd3a14994c24a92c3125d5066ad800
2025-09-15 22:50:48.663 TRACE client[0]: Found transaction in block: bcd8ab11fc42cb7b175ad6b6dd0897d964bcd1eda08fff567cd0defa3543ddf7
2025-09-15 22:50:48.663 TRACE client[0]: Found transaction in block: 7465b08ef1b4ec8d9283d1eac9d53b832e16e7293044f0adf7a74e7c51d35a54
2025-09-15 22:50:48.663 TRACE client[0]: Found transaction in block: 8e5a4927f7bb3b3c76cd37c84ecdb067d2a2715421139c37c4c6bf284cb98d90
2025-09-15 22:50:48.663 TRACE client[0]: Found transaction in block: 1f70bce61a7176e72c84939337f949f62653c1ec048b3da651377f494ecbc3f2
2025-09-15 22:50:48.663 TRACE client[0]: Found transaction in block: 569f859fc638fa0f539cf04525380191194a05439a8e9aefb9246e411ddfb322
2025-09-15 22:50:48.663 TRACE client[0]: Found transaction in block: 386566cf5f2df4ead5968261fabdb0c17dd4186ec8bab4fd75d06066414e4063
2025-09-15 22:50:48.663 TRACE client[0]: Found transaction in block: 319d73cbfcc34cd5c98773b97fcb45541a5674764c6d226ce9f15faef096cdd7
2025-09-15 22:50:48.663 TRACE client[0]: Found transaction in block: 75d66a3ae6e36a12bb12296ea6e8ebe770bd5ec59c707e16791ba849994ff99f
2025-09-15 22:50:48.663 TRACE client[0]: Found transaction in block: 03a17584b0175bc4a1a0d463f8a33fb02596a9aeb0f4eae15eaea4cffde7233b
2025-09-15 22:50:48.663 TRACE client[0]: Found transaction in block: 3b69f8d76cef317bc102eddd75777c2b4fc1cbc79eef9006d242b13793faba43
2025-09-15 22:50:48.663 TRACE client[0]: Found transaction in block: 0e61371b368fa9c0ad133e21715db02732a70a25ed0ac69e22e2fdb6e1c53371
2025-09-15 22:50:48.663 TRACE client[0]: Found transaction in block: 6aaa55473f944bf29fda9d8be3f701b3a5e7bf8251b99aecbe105c5cfa8e5546
2025-09-15 22:50:48.663 TRACE client[0]: Found transaction in block: 64e5b3c0e14a96bdac159f8bff9e382661c0e5ca5085b55bee34b0c35894afcc
2025-09-15 22:50:48.663 TRACE client[0]: Found transaction in block: 64642e855837410bab41e35d6d7ff450b0af8b6cfdcb52d0926fc96d75c0b6e3
2025-09-15 22:50:48.663 TRACE client[0]: Found transaction in block: 4a3e6cd0648945ec06590503b6362ed5521c37069272b0e43ef5b6a2c2f73918
2025-09-15 22:50:48.663 TRACE client[0]: Found transaction in block: 7b3f9ba5534234b0ef8c7d774064b7547b6f5f088f6dceb2108fb890c9e5a902
2025-09-15 22:50:48.663 TRACE client[0]: Found transaction in block: fbc52ea19dbe4125593fd40d6f95d45ed3fb14e71755a323264ef9ca49a2fbb9
2025-09-15 22:50:48.663 TRACE client[0]: Found transaction in block: 70557be31f57e9b59498364f33c36f62364a913e89279e5f7bf879941aec2eeb
2025-09-15 22:50:48.663 TRACE client[0]: Found transaction in block: c99ce8a618b1bdd706dbb2f05c07f4c511a65bc19b1315edf94103bdb0a70000
2025-09-15 22:50:48.663 TRACE client[0]: Found transaction in block: 0c8eaf4938430e26037d7ab23ff74b15a1495406e19c8a7985ede37855457d2a
2025-09-15 22:50:48.663 TRACE client[0]: Found transaction in block: 74d23a9e21372ffb2f3dfd0862f4ae2e1ba2b14842f782bd307cd09d91e0daa6
2025-09-15 22:50:48.663 TRACE client[0]: Found transaction in block: c0bfd79dee1c8979c108db16d191a50fc1210b774756a5bea438cbd114957138
2025-09-15 22:50:48.663 TRACE client[0]: Found transaction in block: e17e565975b989fc57e26817012616e0a872609774523065bd2aca91e22b0725
2025-09-15 22:50:48.663 TRACE client[0]: Found transaction in block: 7fda5803b6976b909b5eb6c7b265232395bff4fa6f306a4a94173b40682efa0c
2025-09-15 22:50:48.663 TRACE client[0]: Found transaction in block: 734e39b28cbd02de3a6a836f3a5b8189c44d8ada1d2a7a2664089b9255418238
2025-09-15 22:50:48.663 TRACE client[0]: Found transaction in block: b4bdf7cb906802468fab4a313130e53cc3c51c178f6359af6c2467bbb2c8e9b3
2025-09-15 22:50:48.663 TRACE client[0]: Found transaction in block: 25c26be01779eb5c442f9d66ec06000fc053199ec691a1308d47252516790929
2025-09-15 22:50:48.663 TRACE client[0]: Found transaction in block: 7ba15b407419bf6b94b84c77bc78fe28df3d0e941091483ee3458946e051b32c
2025-09-15 22:50:48.663 TRACE client[0]: Found transaction in block: 9af2cc6a1920c3238444913e9d1b2309baa052dedd37c20eb919879a3f9a41b6
2025-09-15 22:50:48.663 TRACE client[0]: Found transaction in block: 9853df898143314da26ab5baefcefc9e4c8ab830282de1568be63eca7691ffa7
2025-09-15 22:50:48.663 TRACE client[0]: Found transaction in block: 3fb118a941292a576fb34afb3db355967c77dc2ee0f9183092b05c704dc62261
2025-09-15 22:50:48.663 TRACE client[0]: Found transaction in block: 0e14bb8486942dbec54af895cba029e43c8cd44df2e514e51ff1251e935ee059
2025-09-15 22:50:48.663 TRACE client[0]: Found transaction in block: d8be7a138206d05e62da039c1aee1c2dd141748f09583105c4117c87d2a00215
2025-09-15 22:50:48.663 TRACE client[0]: Found transaction in block: d97dc6d1063c7813303db928277c54af585da66c9384f3200adf07c1d00565bd
2025-09-15 22:50:48.663 TRACE client[0]: Found transaction in block: 2147d8b26b0bb7128e7b1049d7ac18d8b52b0fced9968f7453a4235cf5c08b7d
2025-09-15 22:50:48.663 TRACE client[0]: Found transaction in block: 816d6f239578ee4e8984ed8c53d9b10539ab1cbcdde43ed5e969df586b2153cd
2025-09-15 22:50:48.663 TRACE client[0]: Found transaction in block: ea7b7a0d07beb06616ddfa0bd297824169bded65403f7b2549f8fd696aba13fe
2025-09-15 22:50:48.663 TRACE client[0]: Found transaction in block: da19a47d84fcc7f3a5cdcee21a82a72cf7f5d1b4142279aba9bbc16b663f40a2
2025-09-15 22:50:48.663 TRACE client[0]: Found transaction in block: e7aa399dc6a0566ca30b7d21981547b2d79de109a561479353b5164c7f3a9dc5
2025-09-15 22:50:48.663 TRACE client[0]: Found transaction in block: a30ee4c39f53697461beebc098e1048496df470d1aceafc9cfbc5e311e45503f
2025-09-15 22:50:48.663 TRACE client[0]: Found transaction in block: 94d700bf4eaa0aabbeed90b6d8d39b7a054655845d6c6a30de702818ca514bc6
2025-09-15 22:50:48.663 TRACE client[0]: Found transaction in block: d29da6bc43b5f9c434494365972280d4bf28d1c1d7bcde6df22de5a7d6a8ede4
2025-09-15 22:50:48.663 TRACE client[0]: Found transaction in block: 5f68945dbf2b7ef0f33eb1bcb0253fcb3af741a14ff6a78dafc0899b71e9fc68
2025-09-15 22:50:48.663 TRACE client[0]: Found transaction in block: 1eb49a2eda2b6af1c06a108274f6cce2fa45f243de73d2bf4ab584b880398aac
2025-09-15 22:50:48.663 TRACE client[0]: Found transaction in block: abeeec7fa3da91cf1c95d893f4e1143a6a62cee1028c7e6ca450cc9ec64efd77
2025-09-15 22:50:48.663 TRACE client[0]: Found transaction in block: 58a998c42f504d4cb3841d3257ed87a7dce0b18fa5fa6c82b6d98c9da85b2bb0
2025-09-15 22:50:48.663 TRACE client[0]: Found transaction in block: e078a2c59b7410a3a6904feefd2d23ea84bb62ab4cb4f082da6bfde8ccd241eb
2025-09-15 22:50:48.663 TRACE client[0]: Found transaction in block: c30705ddf2dd23aff19cd505ba294d684a2b6a34cafb632ded96699a87a6580e
2025-09-15 22:50:48.663 TRACE client[0]: Found transaction in block: a11b3c774cb914f6bd30e3e39b78622fd64ddd74b0505c871a308b7ae0b3e4ba
2025-09-15 22:50:48.663 TRACE client[0]: Found transaction in block: 248cd9e8479f5b559ed340d541e676e0180677f007574cb5b80925594d4f4f63
2025-09-15 22:50:48.663 TRACE client[0]: Found transaction in block: 7f5b285e2d704c9e1b6c1f98d27e85143ad4d08c40a04b3b0979b9e3c8ae6789
2025-09-15 22:50:48.663 TRACE client[0]: Found transaction in block: 73b0b9b8823bf5467a7ff6e3008279771be475f575c80d6f269f750e624c5d11
2025-09-15 22:50:48.663 TRACE client[0]: Found transaction in block: d15daf3e1c33a28eb0ed56262cee9bb103eead89ebdd659aa3adfa3a8f44e351
2025-09-15 22:50:48.663 TRACE client[0]: Found transaction in block: d5fed852191a905e36457fb0b7290f67018c895888697278596ec7a4eb2593ba
2025-09-15 22:50:48.663 TRACE client[0]: Found transaction in block: b9ba5e23a4658d96da4d5008c3f29fccc159122118679e262e55ecf69cd2c5d4
2025-09-15 22:50:48.663 TRACE client[0]: Found transaction in block: 9df664784f4fdbb883672e1961d2910cc13958b36813761dd74e8f8fbc3d6879
2025-09-15 22:50:48.663 TRACE client[0]: Found transaction in block: 3a6b08249718eb13ce9a65b593eddb86f4a710af43d20c1120f1dc9f72302966
2025-09-15 22:50:48.663 TRACE client[0]: Found transaction in block: 8196434a1577275c7801bd2ce32d6a6644bbe7c1f764a46b125a71ae883523d6
2025-09-15 22:50:48.663 TRACE client[0]: Found transaction in block: 78304ef9d05befe12c1b9a67451318ee9d2e3b2ea0776b7906d7767b1fff33e3
2025-09-15 22:50:48.663 TRACE client[0]: Found transaction in block: 3da04d2bca3f0c20feac0e40cb770de9028db95d740a33082fbcbacbdc61d125
2025-09-15 22:50:48.663 TRACE client[0]: Found transaction in block: 35e27b8f0e7f62e5e3ffc119dd947924256fbb9bdf650666431a5aacef1b74ca
2025-09-15 22:50:48.663 TRACE client[0]: Found transaction in block: d2b71ee379d9783276e0936fb314bbb22ee21941e1cad3750fb5e4acb18d4a5a
2025-09-15 22:50:48.663 TRACE client[0]: Found transaction in block: 12e992e6fa8d41233fb787b9f5eec1e8d8ac0db6cecc34544dee86f6ba69d356
2025-09-15 22:50:48.663 TRACE client[0]: Found transaction in block: b682767e2f28c6f1c65cfc8261d74221280e719ab23c5b0f7cdf4cf18a67b007
2025-09-15 22:50:48.663 TRACE client[0]: Found transaction in block: 46133580e198dc626a6306f685ba257690b98138367d80dcea9ea87b3180b3e5
2025-09-15 22:50:48.663 TRACE client[0]: Found transaction in block: 6eebb7fd417bcd5ab35851276625d9289ff15aca89b021f2c37ce6ac2ebc6cb1
2025-09-15 22:50:48.663 TRACE client[0]: Found transaction in block: 745d321b25e04b17cb9df8bfcfa418a9efae792016beeb27b649769807a5e0e7
2025-09-15 22:50:48.663 TRACE client[0]: Found transaction in block: 2231d08a03e0401fe194e793b2b3a6a84b33cef9d37316cb66badfcfeead1df5
2025-09-15 22:50:48.663 TRACE client[0]: Found transaction in block: cff92b20cb358b3b2dd2b58a59e71d2d00cf20755a63334b3f2ecbbb920502df
2025-09-15 22:50:48.663 TRACE client[0]: Found transaction in block: 991ccf20d132001a914713e278970329870019e77996f91800fd7d835aafac00
2025-09-15 22:50:48.663 TRACE client[0]: Found transaction in block: aa7bcb781904ae7b6ae61f791decbc474f6024c5ed122d3a78b9b554ca3944cb
2025-09-15 22:50:48.663 TRACE client[0]: Found transaction in block: cb291112253b06a3b8748beb263e628470efca043442d7c321198839a4971195
2025-09-15 22:50:48.663 TRACE client[0]: Found transaction in block: 6d34ba335930600b818489d68f9b644df6683d9f8ea2fff9e2cff571e8cf10c5
2025-09-15 22:50:48.663 TRACE client[0]: Found transaction in block: 5e6b206ebef685408549dbcf26e018f3d2c5bbad00de29474cac32c2d6678be5
2025-09-15 22:50:48.663 TRACE client[0]: Found transaction in block: aa255e060e4c0ab2a310c79e6a742a358fb796d8bb81443b634f4ca833651374
2025-09-15 22:50:48.663 TRACE client[0]: Found transaction in block: 91b32fb7f5199ef79fb42ad11e245ae2082fa79eb922b35aa618432730e40382
2025-09-15 22:50:48.663 TRACE client[0]: Found transaction in block: 2744f10b878f733b8be4d9b3f7f2c001e9865a1692130e3e657f70ac443954f1
2025-09-15 22:50:48.663 TRACE client[0]: Found transaction in block: a740468c42c06c05881939b700641fbdb6db2d0c963ca685827ce3d43faae09d
2025-09-15 22:50:48.663 TRACE client[0]: Found transaction in block: 483d50cc89077cfb98ed057968e7148a3d1e811a1082f38efd9d618ee97936f3
2025-09-15 22:50:48.663 TRACE client[0]: Found transaction in block: 7e71e0eaa1e4ba3f99400ce09605238dbeb60822d07fffc8a9cab66f85311d73
2025-09-15 22:50:48.663 TRACE client[0]: Found transaction in block: 93685e63d6353aa91a935721ff41f034c234b95be0d9e7205061a040dfc9fb53
2025-09-15 22:50:48.663 TRACE client[0]: Found transaction in block: bb7ab866fe63561acce18f81cdccc027b658236b6a825cacff269f8beb27d120
2025-09-15 22:50:48.663 TRACE client[0]: Found transaction in block: 0bd482541c0bd4f424dc1468415ab415e8b885ea47f7329d103f38de9193f124
2025-09-15 22:50:48.663 TRACE client[0]: Found transaction in block: 7ff8c631908c2cabe2057f29693dab2c5825779b9a2978ab42ef7eba04b9f200
2025-09-15 22:50:48.663 TRACE client[0]: Found transaction in block: 004e69e99a83d9c30a468db2fbfb6e2b300f7522ab698fd11f2bd7349f18ed8d
2025-09-15 22:50:48.663 TRACE client[0]: Found transaction in block: 845450be1cf4546507abffa58720870b2af68df98870b28a40391eeed5ed6009
2025-09-15 22:50:48.663 TRACE client[0]: Found transaction in block: b0b8ec3facd2cfed94956431b70cb7f4629ac82db5ef96d4dd37b533ec9a7b1a
2025-09-15 22:52:13.371 INFO  : stop benchmark
2025-09-15 22:52:13.371 DEBUG : send 1200 results to primary
2025-09-15 22:52:13.371 TRACE : push result 1/1200
2025-09-15 22:52:13.371 TRACE : push result 2/1200
2025-09-15 22:52:13.371 TRACE : push result 3/1200
2025-09-15 22:52:13.371 TRACE : push result 4/1200
2025-09-15 22:52:13.371 TRACE : push result 5/1200
2025-09-15 22:52:13.371 TRACE : push result 6/1200
2025-09-15 22:52:13.371 TRACE : push result 7/1200
2025-09-15 22:52:13.371 TRACE : push result 8/1200
2025-09-15 22:52:13.371 TRACE : push result 9/1200
2025-09-15 22:52:13.371 TRACE : push result 10/1200
2025-09-15 22:52:13.371 TRACE : push result 11/1200
2025-09-15 22:52:13.371 TRACE : push result 12/1200
2025-09-15 22:52:13.371 TRACE : push result 13/1200
2025-09-15 22:52:13.371 TRACE : push result 14/1200
2025-09-15 22:52:13.371 TRACE : push result 15/1200
2025-09-15 22:52:13.371 TRACE : push result 16/1200
2025-09-15 22:52:13.371 TRACE : push result 17/1200
2025-09-15 22:52:13.371 TRACE : push result 18/1200
2025-09-15 22:52:13.371 TRACE : push result 19/1200
2025-09-15 22:52:13.371 TRACE : push result 20/1200
2025-09-15 22:52:13.371 TRACE : push result 21/1200
2025-09-15 22:52:13.371 TRACE : push result 22/1200
2025-09-15 22:52:13.371 TRACE : push result 23/1200
2025-09-15 22:52:13.371 TRACE : push result 24/1200
2025-09-15 22:52:13.371 TRACE : push result 25/1200
2025-09-15 22:52:13.371 TRACE : push result 26/1200
2025-09-15 22:52:13.371 TRACE : push result 27/1200
2025-09-15 22:52:13.371 TRACE : push result 28/1200
2025-09-15 22:52:13.371 TRACE : push result 29/1200
2025-09-15 22:52:13.371 TRACE : push result 30/1200
2025-09-15 22:52:13.371 TRACE : push result 31/1200
2025-09-15 22:52:13.371 TRACE : push result 32/1200
2025-09-15 22:52:13.371 TRACE : push result 33/1200
2025-09-15 22:52:13.371 TRACE : push result 34/1200
2025-09-15 22:52:13.371 TRACE : push result 35/1200
2025-09-15 22:52:13.371 TRACE : push result 36/1200
2025-09-15 22:52:13.371 TRACE : push result 37/1200
2025-09-15 22:52:13.371 TRACE : push result 38/1200
2025-09-15 22:52:13.371 TRACE : push result 39/1200
2025-09-15 22:52:13.371 TRACE : push result 40/1200
2025-09-15 22:52:13.371 TRACE : push result 41/1200
2025-09-15 22:52:13.371 TRACE : push result 42/1200
2025-09-15 22:52:13.371 TRACE : push result 43/1200
2025-09-15 22:52:13.371 TRACE : push result 44/1200
2025-09-15 22:52:13.371 TRACE : push result 45/1200
2025-09-15 22:52:13.371 TRACE : push result 46/1200
2025-09-15 22:52:13.371 TRACE : push result 47/1200
2025-09-15 22:52:13.371 TRACE : push result 48/1200
2025-09-15 22:52:13.371 TRACE : push result 49/1200
2025-09-15 22:52:13.371 TRACE : push result 50/1200
2025-09-15 22:52:13.371 TRACE : push result 51/1200
2025-09-15 22:52:13.371 TRACE : push result 52/1200
2025-09-15 22:52:13.371 TRACE : push result 53/1200
2025-09-15 22:52:13.371 TRACE : push result 54/1200
2025-09-15 22:52:13.371 TRACE : push result 55/1200
2025-09-15 22:52:13.371 TRACE : push result 56/1200
2025-09-15 22:52:13.371 TRACE : push result 57/1200
2025-09-15 22:52:13.371 TRACE : push result 58/1200
2025-09-15 22:52:13.371 TRACE : push result 59/1200
2025-09-15 22:52:13.371 TRACE : push result 60/1200
2025-09-15 22:52:13.371 TRACE : push result 61/1200
2025-09-15 22:52:13.371 TRACE : push result 62/1200
2025-09-15 22:52:13.371 TRACE : push result 63/1200
2025-09-15 22:52:13.371 TRACE : push result 64/1200
2025-09-15 22:52:13.371 TRACE : push result 65/1200
2025-09-15 22:52:13.371 TRACE : push result 66/1200
2025-09-15 22:52:13.371 TRACE : push result 67/1200
2025-09-15 22:52:13.371 TRACE : push result 68/1200
2025-09-15 22:52:13.371 TRACE : push result 69/1200
2025-09-15 22:52:13.371 TRACE : push result 70/1200
2025-09-15 22:52:13.371 TRACE : push result 71/1200
2025-09-15 22:52:13.371 TRACE : push result 72/1200
2025-09-15 22:52:13.371 TRACE : push result 73/1200
2025-09-15 22:52:13.371 TRACE : push result 74/1200
2025-09-15 22:52:13.371 TRACE : push result 75/1200
2025-09-15 22:52:13.371 TRACE : push result 76/1200
2025-09-15 22:52:13.371 TRACE : push result 77/1200
2025-09-15 22:52:13.371 TRACE : push result 78/1200
2025-09-15 22:52:13.371 TRACE : push result 79/1200
2025-09-15 22:52:13.371 TRACE : push result 80/1200
2025-09-15 22:52:13.371 TRACE : push result 81/1200
2025-09-15 22:52:13.371 TRACE : push result 82/1200
2025-09-15 22:52:13.371 TRACE : push result 83/1200
2025-09-15 22:52:13.371 TRACE : push result 84/1200
2025-09-15 22:52:13.371 TRACE : push result 85/1200
2025-09-15 22:52:13.371 TRACE : push result 86/1200
2025-09-15 22:52:13.371 TRACE : push result 87/1200
2025-09-15 22:52:13.371 TRACE : push result 88/1200
2025-09-15 22:52:13.371 TRACE : push result 89/1200
2025-09-15 22:52:13.371 TRACE : push result 90/1200
2025-09-15 22:52:13.371 TRACE : push result 91/1200
2025-09-15 22:52:13.371 TRACE : push result 92/1200
2025-09-15 22:52:13.371 TRACE : push result 93/1200
2025-09-15 22:52:13.371 TRACE : push result 94/1200
2025-09-15 22:52:13.371 TRACE : push result 95/1200
2025-09-15 22:52:13.371 TRACE : push result 96/1200
2025-09-15 22:52:13.371 TRACE : push result 97/1200
2025-09-15 22:52:13.371 TRACE : push result 98/1200
2025-09-15 22:52:13.371 TRACE : push result 99/1200
2025-09-15 22:52:13.371 TRACE : push result 100/1200
2025-09-15 22:52:13.371 TRACE : push result 101/1200
2025-09-15 22:52:13.371 TRACE : push result 102/1200
2025-09-15 22:52:13.371 TRACE : push result 103/1200
2025-09-15 22:52:13.371 TRACE : push result 104/1200
2025-09-15 22:52:13.371 TRACE : push result 105/1200
2025-09-15 22:52:13.371 TRACE : push result 106/1200
2025-09-15 22:52:13.371 TRACE : push result 107/1200
2025-09-15 22:52:13.371 TRACE : push result 108/1200
2025-09-15 22:52:13.371 TRACE : push result 109/1200
2025-09-15 22:52:13.371 TRACE : push result 110/1200
2025-09-15 22:52:13.371 TRACE : push result 111/1200
2025-09-15 22:52:13.371 TRACE : push result 112/1200
2025-09-15 22:52:13.371 TRACE : push result 113/1200
2025-09-15 22:52:13.371 TRACE : push result 114/1200
2025-09-15 22:52:13.371 TRACE : push result 115/1200
2025-09-15 22:52:13.371 TRACE : push result 116/1200
2025-09-15 22:52:13.371 TRACE : push result 117/1200
2025-09-15 22:52:13.371 TRACE : push result 118/1200
2025-09-15 22:52:13.371 TRACE : push result 119/1200
2025-09-15 22:52:13.371 TRACE : push result 120/1200
2025-09-15 22:52:13.371 TRACE : push result 121/1200
2025-09-15 22:52:13.371 TRACE : push result 122/1200
2025-09-15 22:52:13.371 TRACE : push result 123/1200
2025-09-15 22:52:13.371 TRACE : push result 124/1200
2025-09-15 22:52:13.371 TRACE : push result 125/1200
2025-09-15 22:52:13.371 TRACE : push result 126/1200
2025-09-15 22:52:13.371 TRACE : push result 127/1200
2025-09-15 22:52:13.371 TRACE : push result 128/1200
2025-09-15 22:52:13.371 TRACE : push result 129/1200
2025-09-15 22:52:13.371 TRACE : push result 130/1200
2025-09-15 22:52:13.371 TRACE : push result 131/1200
2025-09-15 22:52:13.371 TRACE : push result 132/1200
2025-09-15 22:52:13.371 TRACE : push result 133/1200
2025-09-15 22:52:13.371 TRACE : push result 134/1200
2025-09-15 22:52:13.371 TRACE : push result 135/1200
2025-09-15 22:52:13.371 TRACE : push result 136/1200
2025-09-15 22:52:13.371 TRACE : push result 137/1200
2025-09-15 22:52:13.371 TRACE : push result 138/1200
2025-09-15 22:52:13.371 TRACE : push result 139/1200
2025-09-15 22:52:13.371 TRACE : push result 140/1200
2025-09-15 22:52:13.371 TRACE : push result 141/1200
2025-09-15 22:52:13.371 TRACE : push result 142/1200
2025-09-15 22:52:13.371 TRACE : push result 143/1200
2025-09-15 22:52:13.371 TRACE : push result 144/1200
2025-09-15 22:52:13.371 TRACE : push result 145/1200
2025-09-15 22:52:13.371 TRACE : push result 146/1200
2025-09-15 22:52:13.371 TRACE : push result 147/1200
2025-09-15 22:52:13.371 TRACE : push result 148/1200
2025-09-15 22:52:13.371 TRACE : push result 149/1200
2025-09-15 22:52:13.371 TRACE : push result 150/1200
2025-09-15 22:52:13.371 TRACE : push result 151/1200
2025-09-15 22:52:13.371 TRACE : push result 152/1200
2025-09-15 22:52:13.371 TRACE : push result 153/1200
2025-09-15 22:52:13.371 TRACE : push result 154/1200
2025-09-15 22:52:13.371 TRACE : push result 155/1200
2025-09-15 22:52:13.371 TRACE : push result 156/1200
2025-09-15 22:52:13.371 TRACE : push result 157/1200
2025-09-15 22:52:13.371 TRACE : push result 158/1200
2025-09-15 22:52:13.371 TRACE : push result 159/1200
2025-09-15 22:52:13.371 TRACE : push result 160/1200
2025-09-15 22:52:13.371 TRACE : push result 161/1200
2025-09-15 22:52:13.371 TRACE : push result 162/1200
2025-09-15 22:52:13.371 TRACE : push result 163/1200
2025-09-15 22:52:13.371 TRACE : push result 164/1200
2025-09-15 22:52:13.371 TRACE : push result 165/1200
2025-09-15 22:52:13.371 TRACE : push result 166/1200
2025-09-15 22:52:13.371 TRACE : push result 167/1200
2025-09-15 22:52:13.371 TRACE : push result 168/1200
2025-09-15 22:52:13.371 TRACE : push result 169/1200
2025-09-15 22:52:13.371 TRACE : push result 170/1200
2025-09-15 22:52:13.371 TRACE : push result 171/1200
2025-09-15 22:52:13.371 TRACE : push result 172/1200
2025-09-15 22:52:13.371 TRACE : push result 173/1200
2025-09-15 22:52:13.371 TRACE : push result 174/1200
2025-09-15 22:52:13.371 TRACE : push result 175/1200
2025-09-15 22:52:13.371 TRACE : push result 176/1200
2025-09-15 22:52:13.371 TRACE : push result 177/1200
2025-09-15 22:52:13.371 TRACE : push result 178/1200
2025-09-15 22:52:13.371 TRACE : push result 179/1200
2025-09-15 22:52:13.371 TRACE : push result 180/1200
2025-09-15 22:52:13.371 TRACE : push result 181/1200
2025-09-15 22:52:13.371 TRACE : push result 182/1200
2025-09-15 22:52:13.371 TRACE : push result 183/1200
2025-09-15 22:52:13.371 TRACE : push result 184/1200
2025-09-15 22:52:13.371 TRACE : push result 185/1200
2025-09-15 22:52:13.371 TRACE : push result 186/1200
2025-09-15 22:52:13.371 TRACE : push result 187/1200
2025-09-15 22:52:13.371 TRACE : push result 188/1200
2025-09-15 22:52:13.371 TRACE : push result 189/1200
2025-09-15 22:52:13.371 TRACE : push result 190/1200
2025-09-15 22:52:13.371 TRACE : push result 191/1200
2025-09-15 22:52:13.371 TRACE : push result 192/1200
2025-09-15 22:52:13.371 TRACE : push result 193/1200
2025-09-15 22:52:13.371 TRACE : push result 194/1200
2025-09-15 22:52:13.371 TRACE : push result 195/1200
2025-09-15 22:52:13.371 TRACE : push result 196/1200
2025-09-15 22:52:13.371 TRACE : push result 197/1200
2025-09-15 22:52:13.371 TRACE : push result 198/1200
2025-09-15 22:52:13.371 TRACE : push result 199/1200
2025-09-15 22:52:13.371 TRACE : push result 200/1200
2025-09-15 22:52:13.371 TRACE : push result 201/1200
2025-09-15 22:52:13.371 TRACE : push result 202/1200
2025-09-15 22:52:13.371 TRACE : push result 203/1200
2025-09-15 22:52:13.371 TRACE : push result 204/1200
2025-09-15 22:52:13.371 TRACE : push result 205/1200
2025-09-15 22:52:13.371 TRACE : push result 206/1200
2025-09-15 22:52:13.371 TRACE : push result 207/1200
2025-09-15 22:52:13.371 TRACE : push result 208/1200
2025-09-15 22:52:13.371 TRACE : push result 209/1200
2025-09-15 22:52:13.371 TRACE : push result 210/1200
2025-09-15 22:52:13.371 TRACE : push result 211/1200
2025-09-15 22:52:13.371 TRACE : push result 212/1200
2025-09-15 22:52:13.371 TRACE : push result 213/1200
2025-09-15 22:52:13.371 TRACE : push result 214/1200
2025-09-15 22:52:13.371 TRACE : push result 215/1200
2025-09-15 22:52:13.371 TRACE : push result 216/1200
2025-09-15 22:52:13.371 TRACE : push result 217/1200
2025-09-15 22:52:13.371 TRACE : push result 218/1200
2025-09-15 22:52:13.372 TRACE : push result 219/1200
2025-09-15 22:52:13.372 TRACE : push result 220/1200
2025-09-15 22:52:13.372 TRACE : push result 221/1200
2025-09-15 22:52:13.372 TRACE : push result 222/1200
2025-09-15 22:52:13.372 TRACE : push result 223/1200
2025-09-15 22:52:13.372 TRACE : push result 224/1200
2025-09-15 22:52:13.372 TRACE : push result 225/1200
2025-09-15 22:52:13.372 TRACE : push result 226/1200
2025-09-15 22:52:13.372 TRACE : push result 227/1200
2025-09-15 22:52:13.372 TRACE : push result 228/1200
2025-09-15 22:52:13.372 TRACE : push result 229/1200
2025-09-15 22:52:13.372 TRACE : push result 230/1200
2025-09-15 22:52:13.372 TRACE : push result 231/1200
2025-09-15 22:52:13.372 TRACE : push result 232/1200
2025-09-15 22:52:13.372 TRACE : push result 233/1200
2025-09-15 22:52:13.372 TRACE : push result 234/1200
2025-09-15 22:52:13.372 TRACE : push result 235/1200
2025-09-15 22:52:13.372 TRACE : push result 236/1200
2025-09-15 22:52:13.372 TRACE : push result 237/1200
2025-09-15 22:52:13.372 TRACE : push result 238/1200
2025-09-15 22:52:13.372 TRACE : push result 239/1200
2025-09-15 22:52:13.372 TRACE : push result 240/1200
2025-09-15 22:52:13.372 TRACE : push result 241/1200
2025-09-15 22:52:13.372 TRACE : push result 242/1200
2025-09-15 22:52:13.372 TRACE : push result 243/1200
2025-09-15 22:52:13.372 TRACE : push result 244/1200
2025-09-15 22:52:13.372 TRACE : push result 245/1200
2025-09-15 22:52:13.372 TRACE : push result 246/1200
2025-09-15 22:52:13.372 TRACE : push result 247/1200
2025-09-15 22:52:13.372 TRACE : push result 248/1200
2025-09-15 22:52:13.372 TRACE : push result 249/1200
2025-09-15 22:52:13.372 TRACE : push result 250/1200
2025-09-15 22:52:13.372 TRACE : push result 251/1200
2025-09-15 22:52:13.372 TRACE : push result 252/1200
2025-09-15 22:52:13.372 TRACE : push result 253/1200
2025-09-15 22:52:13.372 TRACE : push result 254/1200
2025-09-15 22:52:13.372 TRACE : push result 255/1200
2025-09-15 22:52:13.372 TRACE : push result 256/1200
2025-09-15 22:52:13.372 TRACE : push result 257/1200
2025-09-15 22:52:13.372 TRACE : push result 258/1200
2025-09-15 22:52:13.372 TRACE : push result 259/1200
2025-09-15 22:52:13.372 TRACE : push result 260/1200
2025-09-15 22:52:13.372 TRACE : push result 261/1200
2025-09-15 22:52:13.372 TRACE : push result 262/1200
2025-09-15 22:52:13.372 TRACE : push result 263/1200
2025-09-15 22:52:13.372 TRACE : push result 264/1200
2025-09-15 22:52:13.372 TRACE : push result 265/1200
2025-09-15 22:52:13.372 TRACE : push result 266/1200
2025-09-15 22:52:13.372 TRACE : push result 267/1200
2025-09-15 22:52:13.372 TRACE : push result 268/1200
2025-09-15 22:52:13.372 TRACE : push result 269/1200
2025-09-15 22:52:13.372 TRACE : push result 270/1200
2025-09-15 22:52:13.372 TRACE : push result 271/1200
2025-09-15 22:52:13.372 TRACE : push result 272/1200
2025-09-15 22:52:13.372 TRACE : push result 273/1200
2025-09-15 22:52:13.372 TRACE : push result 274/1200
2025-09-15 22:52:13.372 TRACE : push result 275/1200
2025-09-15 22:52:13.372 TRACE : push result 276/1200
2025-09-15 22:52:13.372 TRACE : push result 277/1200
2025-09-15 22:52:13.372 TRACE : push result 278/1200
2025-09-15 22:52:13.372 TRACE : push result 279/1200
2025-09-15 22:52:13.372 TRACE : push result 280/1200
2025-09-15 22:52:13.372 TRACE : push result 281/1200
2025-09-15 22:52:13.372 TRACE : push result 282/1200
2025-09-15 22:52:13.372 TRACE : push result 283/1200
2025-09-15 22:52:13.372 TRACE : push result 284/1200
2025-09-15 22:52:13.372 TRACE : push result 285/1200
2025-09-15 22:52:13.372 TRACE : push result 286/1200
2025-09-15 22:52:13.372 TRACE : push result 287/1200
2025-09-15 22:52:13.372 TRACE : push result 288/1200
2025-09-15 22:52:13.372 TRACE : push result 289/1200
2025-09-15 22:52:13.372 TRACE : push result 290/1200
2025-09-15 22:52:13.372 TRACE : push result 291/1200
2025-09-15 22:52:13.372 TRACE : push result 292/1200
2025-09-15 22:52:13.372 TRACE : push result 293/1200
2025-09-15 22:52:13.372 TRACE : push result 294/1200
2025-09-15 22:52:13.372 TRACE : push result 295/1200
2025-09-15 22:52:13.372 TRACE : push result 296/1200
2025-09-15 22:52:13.372 TRACE : push result 297/1200
2025-09-15 22:52:13.372 TRACE : push result 298/1200
2025-09-15 22:52:13.372 TRACE : push result 299/1200
2025-09-15 22:52:13.372 TRACE : push result 300/1200
2025-09-15 22:52:13.372 TRACE : push result 301/1200
2025-09-15 22:52:13.372 TRACE : push result 302/1200
2025-09-15 22:52:13.372 TRACE : push result 303/1200
2025-09-15 22:52:13.372 TRACE : push result 304/1200
2025-09-15 22:52:13.372 TRACE : push result 305/1200
2025-09-15 22:52:13.372 TRACE : push result 306/1200
2025-09-15 22:52:13.372 TRACE : push result 307/1200
2025-09-15 22:52:13.372 TRACE : push result 308/1200
2025-09-15 22:52:13.372 TRACE : push result 309/1200
2025-09-15 22:52:13.372 TRACE : push result 310/1200
2025-09-15 22:52:13.372 TRACE : push result 311/1200
2025-09-15 22:52:13.372 TRACE : push result 312/1200
2025-09-15 22:52:13.372 TRACE : push result 313/1200
2025-09-15 22:52:13.372 TRACE : push result 314/1200
2025-09-15 22:52:13.372 TRACE : push result 315/1200
2025-09-15 22:52:13.372 TRACE : push result 316/1200
2025-09-15 22:52:13.372 TRACE : push result 317/1200
2025-09-15 22:52:13.372 TRACE : push result 318/1200
2025-09-15 22:52:13.372 TRACE : push result 319/1200
2025-09-15 22:52:13.372 TRACE : push result 320/1200
2025-09-15 22:52:13.372 TRACE : push result 321/1200
2025-09-15 22:52:13.372 TRACE : push result 322/1200
2025-09-15 22:52:13.372 TRACE : push result 323/1200
2025-09-15 22:52:13.372 TRACE : push result 324/1200
2025-09-15 22:52:13.372 TRACE : push result 325/1200
2025-09-15 22:52:13.372 TRACE : push result 326/1200
2025-09-15 22:52:13.372 TRACE : push result 327/1200
2025-09-15 22:52:13.372 TRACE : push result 328/1200
2025-09-15 22:52:13.372 TRACE : push result 329/1200
2025-09-15 22:52:13.372 TRACE : push result 330/1200
2025-09-15 22:52:13.372 TRACE : push result 331/1200
2025-09-15 22:52:13.372 TRACE : push result 332/1200
2025-09-15 22:52:13.372 TRACE : push result 333/1200
2025-09-15 22:52:13.372 TRACE : push result 334/1200
2025-09-15 22:52:13.372 TRACE : push result 335/1200
2025-09-15 22:52:13.372 TRACE : push result 336/1200
2025-09-15 22:52:13.372 TRACE : push result 337/1200
2025-09-15 22:52:13.372 TRACE : push result 338/1200
2025-09-15 22:52:13.372 TRACE : push result 339/1200
2025-09-15 22:52:13.372 TRACE : push result 340/1200
2025-09-15 22:52:13.372 TRACE : push result 341/1200
2025-09-15 22:52:13.372 TRACE : push result 342/1200
2025-09-15 22:52:13.372 TRACE : push result 343/1200
2025-09-15 22:52:13.372 TRACE : push result 344/1200
2025-09-15 22:52:13.372 TRACE : push result 345/1200
2025-09-15 22:52:13.372 TRACE : push result 346/1200
2025-09-15 22:52:13.372 TRACE : push result 347/1200
2025-09-15 22:52:13.372 TRACE : push result 348/1200
2025-09-15 22:52:13.372 TRACE : push result 349/1200
2025-09-15 22:52:13.372 TRACE : push result 350/1200
2025-09-15 22:52:13.372 TRACE : push result 351/1200
2025-09-15 22:52:13.372 TRACE : push result 352/1200
2025-09-15 22:52:13.372 TRACE : push result 353/1200
2025-09-15 22:52:13.372 TRACE : push result 354/1200
2025-09-15 22:52:13.372 TRACE : push result 355/1200
2025-09-15 22:52:13.372 TRACE : push result 356/1200
2025-09-15 22:52:13.372 TRACE : push result 357/1200
2025-09-15 22:52:13.372 TRACE : push result 358/1200
2025-09-15 22:52:13.372 TRACE : push result 359/1200
2025-09-15 22:52:13.372 TRACE : push result 360/1200
2025-09-15 22:52:13.372 TRACE : push result 361/1200
2025-09-15 22:52:13.372 TRACE : push result 362/1200
2025-09-15 22:52:13.372 TRACE : push result 363/1200
2025-09-15 22:52:13.372 TRACE : push result 364/1200
2025-09-15 22:52:13.372 TRACE : push result 365/1200
2025-09-15 22:52:13.372 TRACE : push result 366/1200
2025-09-15 22:52:13.372 TRACE : push result 367/1200
2025-09-15 22:52:13.372 TRACE : push result 368/1200
2025-09-15 22:52:13.372 TRACE : push result 369/1200
2025-09-15 22:52:13.372 TRACE : push result 370/1200
2025-09-15 22:52:13.372 TRACE : push result 371/1200
2025-09-15 22:52:13.372 TRACE : push result 372/1200
2025-09-15 22:52:13.372 TRACE : push result 373/1200
2025-09-15 22:52:13.372 TRACE : push result 374/1200
2025-09-15 22:52:13.372 TRACE : push result 375/1200
2025-09-15 22:52:13.372 TRACE : push result 376/1200
2025-09-15 22:52:13.372 TRACE : push result 377/1200
2025-09-15 22:52:13.372 TRACE : push result 378/1200
2025-09-15 22:52:13.372 TRACE : push result 379/1200
2025-09-15 22:52:13.372 TRACE : push result 380/1200
2025-09-15 22:52:13.372 TRACE : push result 381/1200
2025-09-15 22:52:13.372 TRACE : push result 382/1200
2025-09-15 22:52:13.372 TRACE : push result 383/1200
2025-09-15 22:52:13.372 TRACE : push result 384/1200
2025-09-15 22:52:13.372 TRACE : push result 385/1200
2025-09-15 22:52:13.372 TRACE : push result 386/1200
2025-09-15 22:52:13.372 TRACE : push result 387/1200
2025-09-15 22:52:13.372 TRACE : push result 388/1200
2025-09-15 22:52:13.372 TRACE : push result 389/1200
2025-09-15 22:52:13.372 TRACE : push result 390/1200
2025-09-15 22:52:13.372 TRACE : push result 391/1200
2025-09-15 22:52:13.372 TRACE : push result 392/1200
2025-09-15 22:52:13.372 TRACE : push result 393/1200
2025-09-15 22:52:13.372 TRACE : push result 394/1200
2025-09-15 22:52:13.372 TRACE : push result 395/1200
2025-09-15 22:52:13.372 TRACE : push result 396/1200
2025-09-15 22:52:13.372 TRACE : push result 397/1200
2025-09-15 22:52:13.372 TRACE : push result 398/1200
2025-09-15 22:52:13.372 TRACE : push result 399/1200
2025-09-15 22:52:13.372 TRACE : push result 400/1200
2025-09-15 22:52:13.372 TRACE : push result 401/1200
2025-09-15 22:52:13.372 TRACE : push result 402/1200
2025-09-15 22:52:13.372 TRACE : push result 403/1200
2025-09-15 22:52:13.372 TRACE : push result 404/1200
2025-09-15 22:52:13.372 TRACE : push result 405/1200
2025-09-15 22:52:13.372 TRACE : push result 406/1200
2025-09-15 22:52:13.372 TRACE : push result 407/1200
2025-09-15 22:52:13.372 TRACE : push result 408/1200
2025-09-15 22:52:13.372 TRACE : push result 409/1200
2025-09-15 22:52:13.372 TRACE : push result 410/1200
2025-09-15 22:52:13.372 TRACE : push result 411/1200
2025-09-15 22:52:13.372 TRACE : push result 412/1200
2025-09-15 22:52:13.372 TRACE : push result 413/1200
2025-09-15 22:52:13.372 TRACE : push result 414/1200
2025-09-15 22:52:13.372 TRACE : push result 415/1200
2025-09-15 22:52:13.372 TRACE : push result 416/1200
2025-09-15 22:52:13.372 TRACE : push result 417/1200
2025-09-15 22:52:13.372 TRACE : push result 418/1200
2025-09-15 22:52:13.372 TRACE : push result 419/1200
2025-09-15 22:52:13.372 TRACE : push result 420/1200
2025-09-15 22:52:13.372 TRACE : push result 421/1200
2025-09-15 22:52:13.372 TRACE : push result 422/1200
2025-09-15 22:52:13.372 TRACE : push result 423/1200
2025-09-15 22:52:13.372 TRACE : push result 424/1200
2025-09-15 22:52:13.372 TRACE : push result 425/1200
2025-09-15 22:52:13.372 TRACE : push result 426/1200
2025-09-15 22:52:13.372 TRACE : push result 427/1200
2025-09-15 22:52:13.372 TRACE : push result 428/1200
2025-09-15 22:52:13.372 TRACE : push result 429/1200
2025-09-15 22:52:13.372 TRACE : push result 430/1200
2025-09-15 22:52:13.372 TRACE : push result 431/1200
2025-09-15 22:52:13.372 TRACE : push result 432/1200
2025-09-15 22:52:13.372 TRACE : push result 433/1200
2025-09-15 22:52:13.372 TRACE : push result 434/1200
2025-09-15 22:52:13.372 TRACE : push result 435/1200
2025-09-15 22:52:13.372 TRACE : push result 436/1200
2025-09-15 22:52:13.372 TRACE : push result 437/1200
2025-09-15 22:52:13.372 TRACE : push result 438/1200
2025-09-15 22:52:13.372 TRACE : push result 439/1200
2025-09-15 22:52:13.372 TRACE : push result 440/1200
2025-09-15 22:52:13.372 TRACE : push result 441/1200
2025-09-15 22:52:13.372 TRACE : push result 442/1200
2025-09-15 22:52:13.372 TRACE : push result 443/1200
2025-09-15 22:52:13.372 TRACE : push result 444/1200
2025-09-15 22:52:13.372 TRACE : push result 445/1200
2025-09-15 22:52:13.372 TRACE : push result 446/1200
2025-09-15 22:52:13.372 TRACE : push result 447/1200
2025-09-15 22:52:13.372 TRACE : push result 448/1200
2025-09-15 22:52:13.372 TRACE : push result 449/1200
2025-09-15 22:52:13.372 TRACE : push result 450/1200
2025-09-15 22:52:13.372 TRACE : push result 451/1200
2025-09-15 22:52:13.372 TRACE : push result 452/1200
2025-09-15 22:52:13.372 TRACE : push result 453/1200
2025-09-15 22:52:13.372 TRACE : push result 454/1200
2025-09-15 22:52:13.372 TRACE : push result 455/1200
2025-09-15 22:52:13.372 TRACE : push result 456/1200
2025-09-15 22:52:13.372 TRACE : push result 457/1200
2025-09-15 22:52:13.372 TRACE : push result 458/1200
2025-09-15 22:52:13.372 TRACE : push result 459/1200
2025-09-15 22:52:13.372 TRACE : push result 460/1200
2025-09-15 22:52:13.372 TRACE : push result 461/1200
2025-09-15 22:52:13.372 TRACE : push result 462/1200
2025-09-15 22:52:13.372 TRACE : push result 463/1200
2025-09-15 22:52:13.372 TRACE : push result 464/1200
2025-09-15 22:52:13.372 TRACE : push result 465/1200
2025-09-15 22:52:13.372 TRACE : push result 466/1200
2025-09-15 22:52:13.372 TRACE : push result 467/1200
2025-09-15 22:52:13.372 TRACE : push result 468/1200
2025-09-15 22:52:13.372 TRACE : push result 469/1200
2025-09-15 22:52:13.372 TRACE : push result 470/1200
2025-09-15 22:52:13.372 TRACE : push result 471/1200
2025-09-15 22:52:13.372 TRACE : push result 472/1200
2025-09-15 22:52:13.372 TRACE : push result 473/1200
2025-09-15 22:52:13.372 TRACE : push result 474/1200
2025-09-15 22:52:13.372 TRACE : push result 475/1200
2025-09-15 22:52:13.372 TRACE : push result 476/1200
2025-09-15 22:52:13.372 TRACE : push result 477/1200
2025-09-15 22:52:13.372 TRACE : push result 478/1200
2025-09-15 22:52:13.372 TRACE : push result 479/1200
2025-09-15 22:52:13.372 TRACE : push result 480/1200
2025-09-15 22:52:13.372 TRACE : push result 481/1200
2025-09-15 22:52:13.372 TRACE : push result 482/1200
2025-09-15 22:52:13.372 TRACE : push result 483/1200
2025-09-15 22:52:13.372 TRACE : push result 484/1200
2025-09-15 22:52:13.372 TRACE : push result 485/1200
2025-09-15 22:52:13.372 TRACE : push result 486/1200
2025-09-15 22:52:13.372 TRACE : push result 487/1200
2025-09-15 22:52:13.372 TRACE : push result 488/1200
2025-09-15 22:52:13.372 TRACE : push result 489/1200
2025-09-15 22:52:13.372 TRACE : push result 490/1200
2025-09-15 22:52:13.372 TRACE : push result 491/1200
2025-09-15 22:52:13.372 TRACE : push result 492/1200
2025-09-15 22:52:13.372 TRACE : push result 493/1200
2025-09-15 22:52:13.372 TRACE : push result 494/1200
2025-09-15 22:52:13.372 TRACE : push result 495/1200
2025-09-15 22:52:13.372 TRACE : push result 496/1200
2025-09-15 22:52:13.372 TRACE : push result 497/1200
2025-09-15 22:52:13.372 TRACE : push result 498/1200
2025-09-15 22:52:13.372 TRACE : push result 499/1200
2025-09-15 22:52:13.372 TRACE : push result 500/1200
2025-09-15 22:52:13.372 TRACE : push result 501/1200
2025-09-15 22:52:13.372 TRACE : push result 502/1200
2025-09-15 22:52:13.372 TRACE : push result 503/1200
2025-09-15 22:52:13.372 TRACE : push result 504/1200
2025-09-15 22:52:13.372 TRACE : push result 505/1200
2025-09-15 22:52:13.372 TRACE : push result 506/1200
2025-09-15 22:52:13.372 TRACE : push result 507/1200
2025-09-15 22:52:13.372 TRACE : push result 508/1200
2025-09-15 22:52:13.372 TRACE : push result 509/1200
2025-09-15 22:52:13.372 TRACE : push result 510/1200
2025-09-15 22:52:13.372 TRACE : push result 511/1200
2025-09-15 22:52:13.372 TRACE : push result 512/1200
2025-09-15 22:52:13.372 TRACE : push result 513/1200
2025-09-15 22:52:13.372 TRACE : push result 514/1200
2025-09-15 22:52:13.372 TRACE : push result 515/1200
2025-09-15 22:52:13.372 TRACE : push result 516/1200
2025-09-15 22:52:13.372 TRACE : push result 517/1200
2025-09-15 22:52:13.372 TRACE : push result 518/1200
2025-09-15 22:52:13.372 TRACE : push result 519/1200
2025-09-15 22:52:13.372 TRACE : push result 520/1200
2025-09-15 22:52:13.372 TRACE : push result 521/1200
2025-09-15 22:52:13.372 TRACE : push result 522/1200
2025-09-15 22:52:13.372 TRACE : push result 523/1200
2025-09-15 22:52:13.372 TRACE : push result 524/1200
2025-09-15 22:52:13.372 TRACE : push result 525/1200
2025-09-15 22:52:13.372 TRACE : push result 526/1200
2025-09-15 22:52:13.372 TRACE : push result 527/1200
2025-09-15 22:52:13.372 TRACE : push result 528/1200
2025-09-15 22:52:13.372 TRACE : push result 529/1200
2025-09-15 22:52:13.372 TRACE : push result 530/1200
2025-09-15 22:52:13.372 TRACE : push result 531/1200
2025-09-15 22:52:13.372 TRACE : push result 532/1200
2025-09-15 22:52:13.372 TRACE : push result 533/1200
2025-09-15 22:52:13.372 TRACE : push result 534/1200
2025-09-15 22:52:13.372 TRACE : push result 535/1200
2025-09-15 22:52:13.372 TRACE : push result 536/1200
2025-09-15 22:52:13.372 TRACE : push result 537/1200
2025-09-15 22:52:13.372 TRACE : push result 538/1200
2025-09-15 22:52:13.372 TRACE : push result 539/1200
2025-09-15 22:52:13.372 TRACE : push result 540/1200
2025-09-15 22:52:13.372 TRACE : push result 541/1200
2025-09-15 22:52:13.372 TRACE : push result 542/1200
2025-09-15 22:52:13.372 TRACE : push result 543/1200
2025-09-15 22:52:13.372 TRACE : push result 544/1200
2025-09-15 22:52:13.372 TRACE : push result 545/1200
2025-09-15 22:52:13.372 TRACE : push result 546/1200
2025-09-15 22:52:13.372 TRACE : push result 547/1200
2025-09-15 22:52:13.372 TRACE : push result 548/1200
2025-09-15 22:52:13.372 TRACE : push result 549/1200
2025-09-15 22:52:13.372 TRACE : push result 550/1200
2025-09-15 22:52:13.372 TRACE : push result 551/1200
2025-09-15 22:52:13.372 TRACE : push result 552/1200
2025-09-15 22:52:13.372 TRACE : push result 553/1200
2025-09-15 22:52:13.372 TRACE : push result 554/1200
2025-09-15 22:52:13.372 TRACE : push result 555/1200
2025-09-15 22:52:13.372 TRACE : push result 556/1200
2025-09-15 22:52:13.372 TRACE : push result 557/1200
2025-09-15 22:52:13.372 TRACE : push result 558/1200
2025-09-15 22:52:13.372 TRACE : push result 559/1200
2025-09-15 22:52:13.372 TRACE : push result 560/1200
2025-09-15 22:52:13.372 TRACE : push result 561/1200
2025-09-15 22:52:13.372 TRACE : push result 562/1200
2025-09-15 22:52:13.372 TRACE : push result 563/1200
2025-09-15 22:52:13.372 TRACE : push result 564/1200
2025-09-15 22:52:13.372 TRACE : push result 565/1200
2025-09-15 22:52:13.372 TRACE : push result 566/1200
2025-09-15 22:52:13.372 TRACE : push result 567/1200
2025-09-15 22:52:13.372 TRACE : push result 568/1200
2025-09-15 22:52:13.372 TRACE : push result 569/1200
2025-09-15 22:52:13.372 TRACE : push result 570/1200
2025-09-15 22:52:13.372 TRACE : push result 571/1200
2025-09-15 22:52:13.372 TRACE : push result 572/1200
2025-09-15 22:52:13.372 TRACE : push result 573/1200
2025-09-15 22:52:13.372 TRACE : push result 574/1200
2025-09-15 22:52:13.372 TRACE : push result 575/1200
2025-09-15 22:52:13.372 TRACE : push result 576/1200
2025-09-15 22:52:13.372 TRACE : push result 577/1200
2025-09-15 22:52:13.372 TRACE : push result 578/1200
2025-09-15 22:52:13.372 TRACE : push result 579/1200
2025-09-15 22:52:13.372 TRACE : push result 580/1200
2025-09-15 22:52:13.372 TRACE : push result 581/1200
2025-09-15 22:52:13.372 TRACE : push result 582/1200
2025-09-15 22:52:13.372 TRACE : push result 583/1200
2025-09-15 22:52:13.372 TRACE : push result 584/1200
2025-09-15 22:52:13.372 TRACE : push result 585/1200
2025-09-15 22:52:13.372 TRACE : push result 586/1200
2025-09-15 22:52:13.372 TRACE : push result 587/1200
2025-09-15 22:52:13.372 TRACE : push result 588/1200
2025-09-15 22:52:13.372 TRACE : push result 589/1200
2025-09-15 22:52:13.372 TRACE : push result 590/1200
2025-09-15 22:52:13.372 TRACE : push result 591/1200
2025-09-15 22:52:13.372 TRACE : push result 592/1200
2025-09-15 22:52:13.372 TRACE : push result 593/1200
2025-09-15 22:52:13.372 TRACE : push result 594/1200
2025-09-15 22:52:13.372 TRACE : push result 595/1200
2025-09-15 22:52:13.372 TRACE : push result 596/1200
2025-09-15 22:52:13.372 TRACE : push result 597/1200
2025-09-15 22:52:13.372 TRACE : push result 598/1200
2025-09-15 22:52:13.372 TRACE : push result 599/1200
2025-09-15 22:52:13.372 TRACE : push result 600/1200
2025-09-15 22:52:13.372 TRACE : push result 601/1200
2025-09-15 22:52:13.372 TRACE : push result 602/1200
2025-09-15 22:52:13.372 TRACE : push result 603/1200
2025-09-15 22:52:13.372 TRACE : push result 604/1200
2025-09-15 22:52:13.372 TRACE : push result 605/1200
2025-09-15 22:52:13.372 TRACE : push result 606/1200
2025-09-15 22:52:13.372 TRACE : push result 607/1200
2025-09-15 22:52:13.372 TRACE : push result 608/1200
2025-09-15 22:52:13.372 TRACE : push result 609/1200
2025-09-15 22:52:13.372 TRACE : push result 610/1200
2025-09-15 22:52:13.372 TRACE : push result 611/1200
2025-09-15 22:52:13.372 TRACE : push result 612/1200
2025-09-15 22:52:13.372 TRACE : push result 613/1200
2025-09-15 22:52:13.372 TRACE : push result 614/1200
2025-09-15 22:52:13.372 TRACE : push result 615/1200
2025-09-15 22:52:13.372 TRACE : push result 616/1200
2025-09-15 22:52:13.372 TRACE : push result 617/1200
2025-09-15 22:52:13.372 TRACE : push result 618/1200
2025-09-15 22:52:13.372 TRACE : push result 619/1200
2025-09-15 22:52:13.372 TRACE : push result 620/1200
2025-09-15 22:52:13.372 TRACE : push result 621/1200
2025-09-15 22:52:13.372 TRACE : push result 622/1200
2025-09-15 22:52:13.372 TRACE : push result 623/1200
2025-09-15 22:52:13.373 TRACE : push result 624/1200
2025-09-15 22:52:13.373 TRACE : push result 625/1200
2025-09-15 22:52:13.373 TRACE : push result 626/1200
2025-09-15 22:52:13.373 TRACE : push result 627/1200
2025-09-15 22:52:13.373 TRACE : push result 628/1200
2025-09-15 22:52:13.373 TRACE : push result 629/1200
2025-09-15 22:52:13.373 TRACE : push result 630/1200
2025-09-15 22:52:13.373 TRACE : push result 631/1200
2025-09-15 22:52:13.373 TRACE : push result 632/1200
2025-09-15 22:52:13.373 TRACE : push result 633/1200
2025-09-15 22:52:13.373 TRACE : push result 634/1200
2025-09-15 22:52:13.373 TRACE : push result 635/1200
2025-09-15 22:52:13.373 TRACE : push result 636/1200
2025-09-15 22:52:13.373 TRACE : push result 637/1200
2025-09-15 22:52:13.373 TRACE : push result 638/1200
2025-09-15 22:52:13.373 TRACE : push result 639/1200
2025-09-15 22:52:13.373 TRACE : push result 640/1200
2025-09-15 22:52:13.373 TRACE : push result 641/1200
2025-09-15 22:52:13.373 TRACE : push result 642/1200
2025-09-15 22:52:13.373 TRACE : push result 643/1200
2025-09-15 22:52:13.373 TRACE : push result 644/1200
2025-09-15 22:52:13.373 TRACE : push result 645/1200
2025-09-15 22:52:13.373 TRACE : push result 646/1200
2025-09-15 22:52:13.373 TRACE : push result 647/1200
2025-09-15 22:52:13.373 TRACE : push result 648/1200
2025-09-15 22:52:13.373 TRACE : push result 649/1200
2025-09-15 22:52:13.373 TRACE : push result 650/1200
2025-09-15 22:52:13.373 TRACE : push result 651/1200
2025-09-15 22:52:13.373 TRACE : push result 652/1200
2025-09-15 22:52:13.373 TRACE : push result 653/1200
2025-09-15 22:52:13.373 TRACE : push result 654/1200
2025-09-15 22:52:13.373 TRACE : push result 655/1200
2025-09-15 22:52:13.373 TRACE : push result 656/1200
2025-09-15 22:52:13.373 TRACE : push result 657/1200
2025-09-15 22:52:13.373 TRACE : push result 658/1200
2025-09-15 22:52:13.373 TRACE : push result 659/1200
2025-09-15 22:52:13.373 TRACE : push result 660/1200
2025-09-15 22:52:13.373 TRACE : push result 661/1200
2025-09-15 22:52:13.373 TRACE : push result 662/1200
2025-09-15 22:52:13.373 TRACE : push result 663/1200
2025-09-15 22:52:13.373 TRACE : push result 664/1200
2025-09-15 22:52:13.373 TRACE : push result 665/1200
2025-09-15 22:52:13.373 TRACE : push result 666/1200
2025-09-15 22:52:13.373 TRACE : push result 667/1200
2025-09-15 22:52:13.373 TRACE : push result 668/1200
2025-09-15 22:52:13.373 TRACE : push result 669/1200
2025-09-15 22:52:13.373 TRACE : push result 670/1200
2025-09-15 22:52:13.373 TRACE : push result 671/1200
2025-09-15 22:52:13.373 TRACE : push result 672/1200
2025-09-15 22:52:13.373 TRACE : push result 673/1200
2025-09-15 22:52:13.373 TRACE : push result 674/1200
2025-09-15 22:52:13.373 TRACE : push result 675/1200
2025-09-15 22:52:13.373 TRACE : push result 676/1200
2025-09-15 22:52:13.373 TRACE : push result 677/1200
2025-09-15 22:52:13.373 TRACE : push result 678/1200
2025-09-15 22:52:13.373 TRACE : push result 679/1200
2025-09-15 22:52:13.373 TRACE : push result 680/1200
2025-09-15 22:52:13.373 TRACE : push result 681/1200
2025-09-15 22:52:13.373 TRACE : push result 682/1200
2025-09-15 22:52:13.373 TRACE : push result 683/1200
2025-09-15 22:52:13.373 TRACE : push result 684/1200
2025-09-15 22:52:13.373 TRACE : push result 685/1200
2025-09-15 22:52:13.373 TRACE : push result 686/1200
2025-09-15 22:52:13.373 TRACE : push result 687/1200
2025-09-15 22:52:13.373 TRACE : push result 688/1200
2025-09-15 22:52:13.373 TRACE : push result 689/1200
2025-09-15 22:52:13.373 TRACE : push result 690/1200
2025-09-15 22:52:13.373 TRACE : push result 691/1200
2025-09-15 22:52:13.373 TRACE : push result 692/1200
2025-09-15 22:52:13.373 TRACE : push result 693/1200
2025-09-15 22:52:13.373 TRACE : push result 694/1200
2025-09-15 22:52:13.373 TRACE : push result 695/1200
2025-09-15 22:52:13.373 TRACE : push result 696/1200
2025-09-15 22:52:13.373 TRACE : push result 697/1200
2025-09-15 22:52:13.373 TRACE : push result 698/1200
2025-09-15 22:52:13.373 TRACE : push result 699/1200
2025-09-15 22:52:13.373 TRACE : push result 700/1200
2025-09-15 22:52:13.373 TRACE : push result 701/1200
2025-09-15 22:52:13.373 TRACE : push result 702/1200
2025-09-15 22:52:13.373 TRACE : push result 703/1200
2025-09-15 22:52:13.373 TRACE : push result 704/1200
2025-09-15 22:52:13.373 TRACE : push result 705/1200
2025-09-15 22:52:13.373 TRACE : push result 706/1200
2025-09-15 22:52:13.373 TRACE : push result 707/1200
2025-09-15 22:52:13.373 TRACE : push result 708/1200
2025-09-15 22:52:13.373 TRACE : push result 709/1200
2025-09-15 22:52:13.373 TRACE : push result 710/1200
2025-09-15 22:52:13.373 TRACE : push result 711/1200
2025-09-15 22:52:13.373 TRACE : push result 712/1200
2025-09-15 22:52:13.373 TRACE : push result 713/1200
2025-09-15 22:52:13.373 TRACE : push result 714/1200
2025-09-15 22:52:13.373 TRACE : push result 715/1200
2025-09-15 22:52:13.373 TRACE : push result 716/1200
2025-09-15 22:52:13.373 TRACE : push result 717/1200
2025-09-15 22:52:13.373 TRACE : push result 718/1200
2025-09-15 22:52:13.373 TRACE : push result 719/1200
2025-09-15 22:52:13.373 TRACE : push result 720/1200
2025-09-15 22:52:13.373 TRACE : push result 721/1200
2025-09-15 22:52:13.373 TRACE : push result 722/1200
2025-09-15 22:52:13.373 TRACE : push result 723/1200
2025-09-15 22:52:13.373 TRACE : push result 724/1200
2025-09-15 22:52:13.373 TRACE : push result 725/1200
2025-09-15 22:52:13.373 TRACE : push result 726/1200
2025-09-15 22:52:13.373 TRACE : push result 727/1200
2025-09-15 22:52:13.373 TRACE : push result 728/1200
2025-09-15 22:52:13.373 TRACE : push result 729/1200
2025-09-15 22:52:13.373 TRACE : push result 730/1200
2025-09-15 22:52:13.373 TRACE : push result 731/1200
2025-09-15 22:52:13.373 TRACE : push result 732/1200
2025-09-15 22:52:13.373 TRACE : push result 733/1200
2025-09-15 22:52:13.373 TRACE : push result 734/1200
2025-09-15 22:52:13.373 TRACE : push result 735/1200
2025-09-15 22:52:13.373 TRACE : push result 736/1200
2025-09-15 22:52:13.373 TRACE : push result 737/1200
2025-09-15 22:52:13.373 TRACE : push result 738/1200
2025-09-15 22:52:13.373 TRACE : push result 739/1200
2025-09-15 22:52:13.373 TRACE : push result 740/1200
2025-09-15 22:52:13.373 TRACE : push result 741/1200
2025-09-15 22:52:13.373 TRACE : push result 742/1200
2025-09-15 22:52:13.373 TRACE : push result 743/1200
2025-09-15 22:52:13.373 TRACE : push result 744/1200
2025-09-15 22:52:13.373 TRACE : push result 745/1200
2025-09-15 22:52:13.373 TRACE : push result 746/1200
2025-09-15 22:52:13.373 TRACE : push result 747/1200
2025-09-15 22:52:13.373 TRACE : push result 748/1200
2025-09-15 22:52:13.373 TRACE : push result 749/1200
2025-09-15 22:52:13.373 TRACE : push result 750/1200
2025-09-15 22:52:13.373 TRACE : push result 751/1200
2025-09-15 22:52:13.373 TRACE : push result 752/1200
2025-09-15 22:52:13.373 TRACE : push result 753/1200
2025-09-15 22:52:13.373 TRACE : push result 754/1200
2025-09-15 22:52:13.373 TRACE : push result 755/1200
2025-09-15 22:52:13.373 TRACE : push result 756/1200
2025-09-15 22:52:13.373 TRACE : push result 757/1200
2025-09-15 22:52:13.373 TRACE : push result 758/1200
2025-09-15 22:52:13.373 TRACE : push result 759/1200
2025-09-15 22:52:13.373 TRACE : push result 760/1200
2025-09-15 22:52:13.373 TRACE : push result 761/1200
2025-09-15 22:52:13.373 TRACE : push result 762/1200
2025-09-15 22:52:13.373 TRACE : push result 763/1200
2025-09-15 22:52:13.373 TRACE : push result 764/1200
2025-09-15 22:52:13.373 TRACE : push result 765/1200
2025-09-15 22:52:13.373 TRACE : push result 766/1200
2025-09-15 22:52:13.373 TRACE : push result 767/1200
2025-09-15 22:52:13.373 TRACE : push result 768/1200
2025-09-15 22:52:13.373 TRACE : push result 769/1200
2025-09-15 22:52:13.373 TRACE : push result 770/1200
2025-09-15 22:52:13.373 TRACE : push result 771/1200
2025-09-15 22:52:13.373 TRACE : push result 772/1200
2025-09-15 22:52:13.373 TRACE : push result 773/1200
2025-09-15 22:52:13.373 TRACE : push result 774/1200
2025-09-15 22:52:13.373 TRACE : push result 775/1200
2025-09-15 22:52:13.373 TRACE : push result 776/1200
2025-09-15 22:52:13.373 TRACE : push result 777/1200
2025-09-15 22:52:13.373 TRACE : push result 778/1200
2025-09-15 22:52:13.373 TRACE : push result 779/1200
2025-09-15 22:52:13.373 TRACE : push result 780/1200
2025-09-15 22:52:13.373 TRACE : push result 781/1200
2025-09-15 22:52:13.373 TRACE : push result 782/1200
2025-09-15 22:52:13.373 TRACE : push result 783/1200
2025-09-15 22:52:13.373 TRACE : push result 784/1200
2025-09-15 22:52:13.373 TRACE : push result 785/1200
2025-09-15 22:52:13.373 TRACE : push result 786/1200
2025-09-15 22:52:13.373 TRACE : push result 787/1200
2025-09-15 22:52:13.373 TRACE : push result 788/1200
2025-09-15 22:52:13.373 TRACE : push result 789/1200
2025-09-15 22:52:13.373 TRACE : push result 790/1200
2025-09-15 22:52:13.373 TRACE : push result 791/1200
2025-09-15 22:52:13.373 TRACE : push result 792/1200
2025-09-15 22:52:13.373 TRACE : push result 793/1200
2025-09-15 22:52:13.373 TRACE : push result 794/1200
2025-09-15 22:52:13.373 TRACE : push result 795/1200
2025-09-15 22:52:13.373 TRACE : push result 796/1200
2025-09-15 22:52:13.373 TRACE : push result 797/1200
2025-09-15 22:52:13.373 TRACE : push result 798/1200
2025-09-15 22:52:13.373 TRACE : push result 799/1200
2025-09-15 22:52:13.373 TRACE : push result 800/1200
2025-09-15 22:52:13.373 TRACE : push result 801/1200
2025-09-15 22:52:13.373 TRACE : push result 802/1200
2025-09-15 22:52:13.373 TRACE : push result 803/1200
2025-09-15 22:52:13.373 TRACE : push result 804/1200
2025-09-15 22:52:13.373 TRACE : push result 805/1200
2025-09-15 22:52:13.373 TRACE : push result 806/1200
2025-09-15 22:52:13.373 TRACE : push result 807/1200
2025-09-15 22:52:13.373 TRACE : push result 808/1200
2025-09-15 22:52:13.373 TRACE : push result 809/1200
2025-09-15 22:52:13.373 TRACE : push result 810/1200
2025-09-15 22:52:13.373 TRACE : push result 811/1200
2025-09-15 22:52:13.373 TRACE : push result 812/1200
2025-09-15 22:52:13.373 TRACE : push result 813/1200
2025-09-15 22:52:13.373 TRACE : push result 814/1200
2025-09-15 22:52:13.373 TRACE : push result 815/1200
2025-09-15 22:52:13.373 TRACE : push result 816/1200
2025-09-15 22:52:13.373 TRACE : push result 817/1200
2025-09-15 22:52:13.373 TRACE : push result 818/1200
2025-09-15 22:52:13.373 TRACE : push result 819/1200
2025-09-15 22:52:13.373 TRACE : push result 820/1200
2025-09-15 22:52:13.373 TRACE : push result 821/1200
2025-09-15 22:52:13.373 TRACE : push result 822/1200
2025-09-15 22:52:13.373 TRACE : push result 823/1200
2025-09-15 22:52:13.373 TRACE : push result 824/1200
2025-09-15 22:52:13.373 TRACE : push result 825/1200
2025-09-15 22:52:13.373 TRACE : push result 826/1200
2025-09-15 22:52:13.373 TRACE : push result 827/1200
2025-09-15 22:52:13.373 TRACE : push result 828/1200
2025-09-15 22:52:13.373 TRACE : push result 829/1200
2025-09-15 22:52:13.373 TRACE : push result 830/1200
2025-09-15 22:52:13.373 TRACE : push result 831/1200
2025-09-15 22:52:13.373 TRACE : push result 832/1200
2025-09-15 22:52:13.373 TRACE : push result 833/1200
2025-09-15 22:52:13.373 TRACE : push result 834/1200
2025-09-15 22:52:13.373 TRACE : push result 835/1200
2025-09-15 22:52:13.373 TRACE : push result 836/1200
2025-09-15 22:52:13.373 TRACE : push result 837/1200
2025-09-15 22:52:13.373 TRACE : push result 838/1200
2025-09-15 22:52:13.373 TRACE : push result 839/1200
2025-09-15 22:52:13.373 TRACE : push result 840/1200
2025-09-15 22:52:13.373 TRACE : push result 841/1200
2025-09-15 22:52:13.373 TRACE : push result 842/1200
2025-09-15 22:52:13.373 TRACE : push result 843/1200
2025-09-15 22:52:13.373 TRACE : push result 844/1200
2025-09-15 22:52:13.373 TRACE : push result 845/1200
2025-09-15 22:52:13.373 TRACE : push result 846/1200
2025-09-15 22:52:13.373 TRACE : push result 847/1200
2025-09-15 22:52:13.373 TRACE : push result 848/1200
2025-09-15 22:52:13.373 TRACE : push result 849/1200
2025-09-15 22:52:13.373 TRACE : push result 850/1200
2025-09-15 22:52:13.373 TRACE : push result 851/1200
2025-09-15 22:52:13.373 TRACE : push result 852/1200
2025-09-15 22:52:13.373 TRACE : push result 853/1200
2025-09-15 22:52:13.373 TRACE : push result 854/1200
2025-09-15 22:52:13.373 TRACE : push result 855/1200
2025-09-15 22:52:13.373 TRACE : push result 856/1200
2025-09-15 22:52:13.373 TRACE : push result 857/1200
2025-09-15 22:52:13.373 TRACE : push result 858/1200
2025-09-15 22:52:13.373 TRACE : push result 859/1200
2025-09-15 22:52:13.373 TRACE : push result 860/1200
2025-09-15 22:52:13.373 TRACE : push result 861/1200
2025-09-15 22:52:13.373 TRACE : push result 862/1200
2025-09-15 22:52:13.373 TRACE : push result 863/1200
2025-09-15 22:52:13.373 TRACE : push result 864/1200
2025-09-15 22:52:13.373 TRACE : push result 865/1200
2025-09-15 22:52:13.373 TRACE : push result 866/1200
2025-09-15 22:52:13.373 TRACE : push result 867/1200
2025-09-15 22:52:13.373 TRACE : push result 868/1200
2025-09-15 22:52:13.373 TRACE : push result 869/1200
2025-09-15 22:52:13.373 TRACE : push result 870/1200
2025-09-15 22:52:13.373 TRACE : push result 871/1200
2025-09-15 22:52:13.373 TRACE : push result 872/1200
2025-09-15 22:52:13.373 TRACE : push result 873/1200
2025-09-15 22:52:13.373 TRACE : push result 874/1200
2025-09-15 22:52:13.373 TRACE : push result 875/1200
2025-09-15 22:52:13.373 TRACE : push result 876/1200
2025-09-15 22:52:13.373 TRACE : push result 877/1200
2025-09-15 22:52:13.373 TRACE : push result 878/1200
2025-09-15 22:52:13.373 TRACE : push result 879/1200
2025-09-15 22:52:13.373 TRACE : push result 880/1200
2025-09-15 22:52:13.373 TRACE : push result 881/1200
2025-09-15 22:52:13.373 TRACE : push result 882/1200
2025-09-15 22:52:13.373 TRACE : push result 883/1200
2025-09-15 22:52:13.373 TRACE : push result 884/1200
2025-09-15 22:52:13.373 TRACE : push result 885/1200
2025-09-15 22:52:13.373 TRACE : push result 886/1200
2025-09-15 22:52:13.373 TRACE : push result 887/1200
2025-09-15 22:52:13.373 TRACE : push result 888/1200
2025-09-15 22:52:13.373 TRACE : push result 889/1200
2025-09-15 22:52:13.373 TRACE : push result 890/1200
2025-09-15 22:52:13.373 TRACE : push result 891/1200
2025-09-15 22:52:13.373 TRACE : push result 892/1200
2025-09-15 22:52:13.373 TRACE : push result 893/1200
2025-09-15 22:52:13.373 TRACE : push result 894/1200
2025-09-15 22:52:13.373 TRACE : push result 895/1200
2025-09-15 22:52:13.373 TRACE : push result 896/1200
2025-09-15 22:52:13.373 TRACE : push result 897/1200
2025-09-15 22:52:13.373 TRACE : push result 898/1200
2025-09-15 22:52:13.373 TRACE : push result 899/1200
2025-09-15 22:52:13.373 TRACE : push result 900/1200
2025-09-15 22:52:13.373 TRACE : push result 901/1200
2025-09-15 22:52:13.373 TRACE : push result 902/1200
2025-09-15 22:52:13.373 TRACE : push result 903/1200
2025-09-15 22:52:13.373 TRACE : push result 904/1200
2025-09-15 22:52:13.373 TRACE : push result 905/1200
2025-09-15 22:52:13.373 TRACE : push result 906/1200
2025-09-15 22:52:13.373 TRACE : push result 907/1200
2025-09-15 22:52:13.373 TRACE : push result 908/1200
2025-09-15 22:52:13.373 TRACE : push result 909/1200
2025-09-15 22:52:13.373 TRACE : push result 910/1200
2025-09-15 22:52:13.373 TRACE : push result 911/1200
2025-09-15 22:52:13.373 TRACE : push result 912/1200
2025-09-15 22:52:13.373 TRACE : push result 913/1200
2025-09-15 22:52:13.373 TRACE : push result 914/1200
2025-09-15 22:52:13.373 TRACE : push result 915/1200
2025-09-15 22:52:13.373 TRACE : push result 916/1200
2025-09-15 22:52:13.373 TRACE : push result 917/1200
2025-09-15 22:52:13.373 TRACE : push result 918/1200
2025-09-15 22:52:13.373 TRACE : push result 919/1200
2025-09-15 22:52:13.373 TRACE : push result 920/1200
2025-09-15 22:52:13.373 TRACE : push result 921/1200
2025-09-15 22:52:13.373 TRACE : push result 922/1200
2025-09-15 22:52:13.373 TRACE : push result 923/1200
2025-09-15 22:52:13.373 TRACE : push result 924/1200
2025-09-15 22:52:13.373 TRACE : push result 925/1200
2025-09-15 22:52:13.373 TRACE : push result 926/1200
2025-09-15 22:52:13.373 TRACE : push result 927/1200
2025-09-15 22:52:13.373 TRACE : push result 928/1200
2025-09-15 22:52:13.373 TRACE : push result 929/1200
2025-09-15 22:52:13.373 TRACE : push result 930/1200
2025-09-15 22:52:13.373 TRACE : push result 931/1200
2025-09-15 22:52:13.373 TRACE : push result 932/1200
2025-09-15 22:52:13.373 TRACE : push result 933/1200
2025-09-15 22:52:13.373 TRACE : push result 934/1200
2025-09-15 22:52:13.373 TRACE : push result 935/1200
2025-09-15 22:52:13.373 TRACE : push result 936/1200
2025-09-15 22:52:13.373 TRACE : push result 937/1200
2025-09-15 22:52:13.373 TRACE : push result 938/1200
2025-09-15 22:52:13.373 TRACE : push result 939/1200
2025-09-15 22:52:13.373 TRACE : push result 940/1200
2025-09-15 22:52:13.373 TRACE : push result 941/1200
2025-09-15 22:52:13.373 TRACE : push result 942/1200
2025-09-15 22:52:13.373 TRACE : push result 943/1200
2025-09-15 22:52:13.373 TRACE : push result 944/1200
2025-09-15 22:52:13.373 TRACE : push result 945/1200
2025-09-15 22:52:13.373 TRACE : push result 946/1200
2025-09-15 22:52:13.373 TRACE : push result 947/1200
2025-09-15 22:52:13.373 TRACE : push result 948/1200
2025-09-15 22:52:13.373 TRACE : push result 949/1200
2025-09-15 22:52:13.373 TRACE : push result 950/1200
2025-09-15 22:52:13.373 TRACE : push result 951/1200
2025-09-15 22:52:13.373 TRACE : push result 952/1200
2025-09-15 22:52:13.373 TRACE : push result 953/1200
2025-09-15 22:52:13.373 TRACE : push result 954/1200
2025-09-15 22:52:13.373 TRACE : push result 955/1200
2025-09-15 22:52:13.373 TRACE : push result 956/1200
2025-09-15 22:52:13.373 TRACE : push result 957/1200
2025-09-15 22:52:13.373 TRACE : push result 958/1200
2025-09-15 22:52:13.373 TRACE : push result 959/1200
2025-09-15 22:52:13.373 TRACE : push result 960/1200
2025-09-15 22:52:13.373 TRACE : push result 961/1200
2025-09-15 22:52:13.373 TRACE : push result 962/1200
2025-09-15 22:52:13.373 TRACE : push result 963/1200
2025-09-15 22:52:13.373 TRACE : push result 964/1200
2025-09-15 22:52:13.373 TRACE : push result 965/1200
2025-09-15 22:52:13.373 TRACE : push result 966/1200
2025-09-15 22:52:13.373 TRACE : push result 967/1200
2025-09-15 22:52:13.373 TRACE : push result 968/1200
2025-09-15 22:52:13.373 TRACE : push result 969/1200
2025-09-15 22:52:13.373 TRACE : push result 970/1200
2025-09-15 22:52:13.373 TRACE : push result 971/1200
2025-09-15 22:52:13.373 TRACE : push result 972/1200
2025-09-15 22:52:13.373 TRACE : push result 973/1200
2025-09-15 22:52:13.373 TRACE : push result 974/1200
2025-09-15 22:52:13.373 TRACE : push result 975/1200
2025-09-15 22:52:13.373 TRACE : push result 976/1200
2025-09-15 22:52:13.373 TRACE : push result 977/1200
2025-09-15 22:52:13.373 TRACE : push result 978/1200
2025-09-15 22:52:13.373 TRACE : push result 979/1200
2025-09-15 22:52:13.373 TRACE : push result 980/1200
2025-09-15 22:52:13.373 TRACE : push result 981/1200
2025-09-15 22:52:13.373 TRACE : push result 982/1200
2025-09-15 22:52:13.373 TRACE : push result 983/1200
2025-09-15 22:52:13.373 TRACE : push result 984/1200
2025-09-15 22:52:13.373 TRACE : push result 985/1200
2025-09-15 22:52:13.373 TRACE : push result 986/1200
2025-09-15 22:52:13.373 TRACE : push result 987/1200
2025-09-15 22:52:13.373 TRACE : push result 988/1200
2025-09-15 22:52:13.373 TRACE : push result 989/1200
2025-09-15 22:52:13.373 TRACE : push result 990/1200
2025-09-15 22:52:13.373 TRACE : push result 991/1200
2025-09-15 22:52:13.373 TRACE : push result 992/1200
2025-09-15 22:52:13.373 TRACE : push result 993/1200
2025-09-15 22:52:13.373 TRACE : push result 994/1200
2025-09-15 22:52:13.373 TRACE : push result 995/1200
2025-09-15 22:52:13.373 TRACE : push result 996/1200
2025-09-15 22:52:13.373 TRACE : push result 997/1200
2025-09-15 22:52:13.373 TRACE : push result 998/1200
2025-09-15 22:52:13.373 TRACE : push result 999/1200
2025-09-15 22:52:13.373 TRACE : push result 1000/1200
2025-09-15 22:52:13.373 TRACE : push result 1001/1200
2025-09-15 22:52:13.373 TRACE : push result 1002/1200
2025-09-15 22:52:13.373 TRACE : push result 1003/1200
2025-09-15 22:52:13.373 TRACE : push result 1004/1200
2025-09-15 22:52:13.373 TRACE : push result 1005/1200
2025-09-15 22:52:13.373 TRACE : push result 1006/1200
2025-09-15 22:52:13.373 TRACE : push result 1007/1200
2025-09-15 22:52:13.373 TRACE : push result 1008/1200
2025-09-15 22:52:13.373 TRACE : push result 1009/1200
2025-09-15 22:52:13.373 TRACE : push result 1010/1200
2025-09-15 22:52:13.373 TRACE : push result 1011/1200
2025-09-15 22:52:13.373 TRACE : push result 1012/1200
2025-09-15 22:52:13.373 TRACE : push result 1013/1200
2025-09-15 22:52:13.373 TRACE : push result 1014/1200
2025-09-15 22:52:13.373 TRACE : push result 1015/1200
2025-09-15 22:52:13.373 TRACE : push result 1016/1200
2025-09-15 22:52:13.373 TRACE : push result 1017/1200
2025-09-15 22:52:13.373 TRACE : push result 1018/1200
2025-09-15 22:52:13.373 TRACE : push result 1019/1200
2025-09-15 22:52:13.373 TRACE : push result 1020/1200
2025-09-15 22:52:13.373 TRACE : push result 1021/1200
2025-09-15 22:52:13.373 TRACE : push result 1022/1200
2025-09-15 22:52:13.373 TRACE : push result 1023/1200
2025-09-15 22:52:13.373 TRACE : push result 1024/1200
2025-09-15 22:52:13.373 TRACE : push result 1025/1200
2025-09-15 22:52:13.374 TRACE : push result 1026/1200
2025-09-15 22:52:13.374 TRACE : push result 1027/1200
2025-09-15 22:52:13.374 TRACE : push result 1028/1200
2025-09-15 22:52:13.374 TRACE : push result 1029/1200
2025-09-15 22:52:13.374 TRACE : push result 1030/1200
2025-09-15 22:52:13.374 TRACE : push result 1031/1200
2025-09-15 22:52:13.374 TRACE : push result 1032/1200
2025-09-15 22:52:13.374 TRACE : push result 1033/1200
2025-09-15 22:52:13.374 TRACE : push result 1034/1200
2025-09-15 22:52:13.374 TRACE : push result 1035/1200
2025-09-15 22:52:13.374 TRACE : push result 1036/1200
2025-09-15 22:52:13.374 TRACE : push result 1037/1200
2025-09-15 22:52:13.374 TRACE : push result 1038/1200
2025-09-15 22:52:13.374 TRACE : push result 1039/1200
2025-09-15 22:52:13.374 TRACE : push result 1040/1200
2025-09-15 22:52:13.374 TRACE : push result 1041/1200
2025-09-15 22:52:13.374 TRACE : push result 1042/1200
2025-09-15 22:52:13.374 TRACE : push result 1043/1200
2025-09-15 22:52:13.374 TRACE : push result 1044/1200
2025-09-15 22:52:13.374 TRACE : push result 1045/1200
2025-09-15 22:52:13.374 TRACE : push result 1046/1200
2025-09-15 22:52:13.374 TRACE : push result 1047/1200
2025-09-15 22:52:13.374 TRACE : push result 1048/1200
2025-09-15 22:52:13.374 TRACE : push result 1049/1200
2025-09-15 22:52:13.374 TRACE : push result 1050/1200
2025-09-15 22:52:13.374 TRACE : push result 1051/1200
2025-09-15 22:52:13.374 TRACE : push result 1052/1200
2025-09-15 22:52:13.374 TRACE : push result 1053/1200
2025-09-15 22:52:13.374 TRACE : push result 1054/1200
2025-09-15 22:52:13.374 TRACE : push result 1055/1200
2025-09-15 22:52:13.374 TRACE : push result 1056/1200
2025-09-15 22:52:13.374 TRACE : push result 1057/1200
2025-09-15 22:52:13.374 TRACE : push result 1058/1200
2025-09-15 22:52:13.374 TRACE : push result 1059/1200
2025-09-15 22:52:13.374 TRACE : push result 1060/1200
2025-09-15 22:52:13.374 TRACE : push result 1061/1200
2025-09-15 22:52:13.374 TRACE : push result 1062/1200
2025-09-15 22:52:13.374 TRACE : push result 1063/1200
2025-09-15 22:52:13.374 TRACE : push result 1064/1200
2025-09-15 22:52:13.374 TRACE : push result 1065/1200
2025-09-15 22:52:13.374 TRACE : push result 1066/1200
2025-09-15 22:52:13.374 TRACE : push result 1067/1200
2025-09-15 22:52:13.374 TRACE : push result 1068/1200
2025-09-15 22:52:13.374 TRACE : push result 1069/1200
2025-09-15 22:52:13.374 TRACE : push result 1070/1200
2025-09-15 22:52:13.374 TRACE : push result 1071/1200
2025-09-15 22:52:13.374 TRACE : push result 1072/1200
2025-09-15 22:52:13.374 TRACE : push result 1073/1200
2025-09-15 22:52:13.374 TRACE : push result 1074/1200
2025-09-15 22:52:13.374 TRACE : push result 1075/1200
2025-09-15 22:52:13.374 TRACE : push result 1076/1200
2025-09-15 22:52:13.374 TRACE : push result 1077/1200
2025-09-15 22:52:13.374 TRACE : push result 1078/1200
2025-09-15 22:52:13.374 TRACE : push result 1079/1200
2025-09-15 22:52:13.374 TRACE : push result 1080/1200
2025-09-15 22:52:13.374 TRACE : push result 1081/1200
2025-09-15 22:52:13.374 TRACE : push result 1082/1200
2025-09-15 22:52:13.374 TRACE : push result 1083/1200
2025-09-15 22:52:13.374 TRACE : push result 1084/1200
2025-09-15 22:52:13.374 TRACE : push result 1085/1200
2025-09-15 22:52:13.374 TRACE : push result 1086/1200
2025-09-15 22:52:13.374 TRACE : push result 1087/1200
2025-09-15 22:52:13.374 TRACE : push result 1088/1200
2025-09-15 22:52:13.374 TRACE : push result 1089/1200
2025-09-15 22:52:13.374 TRACE : push result 1090/1200
2025-09-15 22:52:13.374 TRACE : push result 1091/1200
2025-09-15 22:52:13.374 TRACE : push result 1092/1200
2025-09-15 22:52:13.374 TRACE : push result 1093/1200
2025-09-15 22:52:13.374 TRACE : push result 1094/1200
2025-09-15 22:52:13.374 TRACE : push result 1095/1200
2025-09-15 22:52:13.374 TRACE : push result 1096/1200
2025-09-15 22:52:13.374 TRACE : push result 1097/1200
2025-09-15 22:52:13.374 TRACE : push result 1098/1200
2025-09-15 22:52:13.374 TRACE : push result 1099/1200
2025-09-15 22:52:13.374 TRACE : push result 1100/1200
2025-09-15 22:52:13.374 TRACE : push result 1101/1200
2025-09-15 22:52:13.374 TRACE : push result 1102/1200
2025-09-15 22:52:13.374 TRACE : push result 1103/1200
2025-09-15 22:52:13.374 TRACE : push result 1104/1200
2025-09-15 22:52:13.374 TRACE : push result 1105/1200
2025-09-15 22:52:13.374 TRACE : push result 1106/1200
2025-09-15 22:52:13.374 TRACE : push result 1107/1200
2025-09-15 22:52:13.374 TRACE : push result 1108/1200
2025-09-15 22:52:13.374 TRACE : push result 1109/1200
2025-09-15 22:52:13.374 TRACE : push result 1110/1200
2025-09-15 22:52:13.374 TRACE : push result 1111/1200
2025-09-15 22:52:13.374 TRACE : push result 1112/1200
2025-09-15 22:52:13.374 TRACE : push result 1113/1200
2025-09-15 22:52:13.374 TRACE : push result 1114/1200
2025-09-15 22:52:13.374 TRACE : push result 1115/1200
2025-09-15 22:52:13.374 TRACE : push result 1116/1200
2025-09-15 22:52:13.374 TRACE : push result 1117/1200
2025-09-15 22:52:13.374 TRACE : push result 1118/1200
2025-09-15 22:52:13.374 TRACE : push result 1119/1200
2025-09-15 22:52:13.374 TRACE : push result 1120/1200
2025-09-15 22:52:13.374 TRACE : push result 1121/1200
2025-09-15 22:52:13.374 TRACE : push result 1122/1200
2025-09-15 22:52:13.374 TRACE : push result 1123/1200
2025-09-15 22:52:13.374 TRACE : push result 1124/1200
2025-09-15 22:52:13.374 TRACE : push result 1125/1200
2025-09-15 22:52:13.374 TRACE : push result 1126/1200
2025-09-15 22:52:13.374 TRACE : push result 1127/1200
2025-09-15 22:52:13.374 TRACE : push result 1128/1200
2025-09-15 22:52:13.374 TRACE : push result 1129/1200
2025-09-15 22:52:13.374 TRACE : push result 1130/1200
2025-09-15 22:52:13.374 TRACE : push result 1131/1200
2025-09-15 22:52:13.374 TRACE : push result 1132/1200
2025-09-15 22:52:13.374 TRACE : push result 1133/1200
2025-09-15 22:52:13.374 TRACE : push result 1134/1200
2025-09-15 22:52:13.374 TRACE : push result 1135/1200
2025-09-15 22:52:13.374 TRACE : push result 1136/1200
2025-09-15 22:52:13.374 TRACE : push result 1137/1200
2025-09-15 22:52:13.374 TRACE : push result 1138/1200
2025-09-15 22:52:13.374 TRACE : push result 1139/1200
2025-09-15 22:52:13.374 TRACE : push result 1140/1200
2025-09-15 22:52:13.374 TRACE : push result 1141/1200
2025-09-15 22:52:13.374 TRACE : push result 1142/1200
2025-09-15 22:52:13.374 TRACE : push result 1143/1200
2025-09-15 22:52:13.374 TRACE : push result 1144/1200
2025-09-15 22:52:13.374 TRACE : push result 1145/1200
2025-09-15 22:52:13.374 TRACE : push result 1146/1200
2025-09-15 22:52:13.374 TRACE : push result 1147/1200
2025-09-15 22:52:13.374 TRACE : push result 1148/1200
2025-09-15 22:52:13.374 TRACE : push result 1149/1200
2025-09-15 22:52:13.374 TRACE : push result 1150/1200
2025-09-15 22:52:13.374 TRACE : push result 1151/1200
2025-09-15 22:52:13.374 TRACE : push result 1152/1200
2025-09-15 22:52:13.374 TRACE : push result 1153/1200
2025-09-15 22:52:13.374 TRACE : push result 1154/1200
2025-09-15 22:52:13.374 TRACE : push result 1155/1200
2025-09-15 22:52:13.374 TRACE : push result 1156/1200
2025-09-15 22:52:13.374 TRACE : push result 1157/1200
2025-09-15 22:52:13.374 TRACE : push result 1158/1200
2025-09-15 22:52:13.374 TRACE : push result 1159/1200
2025-09-15 22:52:13.374 TRACE : push result 1160/1200
2025-09-15 22:52:13.374 TRACE : push result 1161/1200
2025-09-15 22:52:13.374 TRACE : push result 1162/1200
2025-09-15 22:52:13.374 TRACE : push result 1163/1200
2025-09-15 22:52:13.374 TRACE : push result 1164/1200
2025-09-15 22:52:13.374 TRACE : push result 1165/1200
2025-09-15 22:52:13.374 TRACE : push result 1166/1200
2025-09-15 22:52:13.374 TRACE : push result 1167/1200
2025-09-15 22:52:13.374 TRACE : push result 1168/1200
2025-09-15 22:52:13.374 TRACE : push result 1169/1200
2025-09-15 22:52:13.374 TRACE : push result 1170/1200
2025-09-15 22:52:13.374 TRACE : push result 1171/1200
2025-09-15 22:52:13.374 TRACE : push result 1172/1200
2025-09-15 22:52:13.374 TRACE : push result 1173/1200
2025-09-15 22:52:13.374 TRACE : push result 1174/1200
2025-09-15 22:52:13.374 TRACE : push result 1175/1200
2025-09-15 22:52:13.374 TRACE : push result 1176/1200
2025-09-15 22:52:13.374 TRACE : push result 1177/1200
2025-09-15 22:52:13.374 TRACE : push result 1178/1200
2025-09-15 22:52:13.374 TRACE : push result 1179/1200
2025-09-15 22:52:13.374 TRACE : push result 1180/1200
2025-09-15 22:52:13.374 TRACE : push result 1181/1200
2025-09-15 22:52:13.374 TRACE : push result 1182/1200
2025-09-15 22:52:13.374 TRACE : push result 1183/1200
2025-09-15 22:52:13.374 TRACE : push result 1184/1200
2025-09-15 22:52:13.374 TRACE : push result 1185/1200
2025-09-15 22:52:13.374 TRACE : push result 1186/1200
2025-09-15 22:52:13.374 TRACE : push result 1187/1200
2025-09-15 22:52:13.374 TRACE : push result 1188/1200
2025-09-15 22:52:13.374 TRACE : push result 1189/1200
2025-09-15 22:52:13.374 TRACE : push result 1190/1200
2025-09-15 22:52:13.374 TRACE : push result 1191/1200
2025-09-15 22:52:13.374 TRACE : push result 1192/1200
2025-09-15 22:52:13.374 TRACE : push result 1193/1200
2025-09-15 22:52:13.374 TRACE : push result 1194/1200
2025-09-15 22:52:13.374 TRACE : push result 1195/1200
2025-09-15 22:52:13.374 TRACE : push result 1196/1200
2025-09-15 22:52:13.374 TRACE : push result 1197/1200
2025-09-15 22:52:13.374 TRACE : push result 1198/1200
2025-09-15 22:52:13.374 TRACE : push result 1199/1200
2025-09-15 22:52:13.374 TRACE : push result 1200/1200
2025-09-15 22:52:13.374 DEBUG : close connection to primary
