2025-09-15 11:44:37.283 DEBUG : connect to primary on tcp address: 127.0.0.1:5000
2025-09-15 11:44:37.283 DEBUG : connected to primary on tcp address: 127.0.0.1:5000
2025-09-15 11:44:37.283 DEBUG : use interface 'cardano'
2025-09-15 11:44:37.283 DEBUG : prepare runtime
2025-09-15 11:44:37.285 TRACE : create client 0
2025-09-15 11:44:37.285 TRACE client[0]: new client
2025-09-15 11:44:37.285 TRACE client[0]: using socket path: /tmp/testnet/pool/node.socket
2025-09-15 11:44:37.287 TRACE : decode interaction for time 0.083 on client 0
2025-09-15 11:44:37.287 TRACE : decode interaction for time 0.167 on client 0
2025-09-15 11:44:37.287 TRACE : decode interaction for time 0.250 on client 0
2025-09-15 11:44:37.287 TRACE : decode interaction for time 0.333 on client 0
2025-09-15 11:44:37.287 TRACE : decode interaction for time 0.417 on client 0
2025-09-15 11:44:37.287 TRACE : decode interaction for time 0.500 on client 0
2025-09-15 11:44:37.287 TRACE : decode interaction for time 0.583 on client 0
2025-09-15 11:44:37.287 TRACE : decode interaction for time 0.667 on client 0
2025-09-15 11:44:37.287 TRACE : decode interaction for time 0.750 on client 0
2025-09-15 11:44:37.287 TRACE : decode interaction for time 0.833 on client 0
2025-09-15 11:44:37.287 TRACE : decode interaction for time 0.917 on client 0
2025-09-15 11:44:37.287 TRACE : decode interaction for time 1.000 on client 0
2025-09-15 11:44:37.287 TRACE : decode interaction for time 1.083 on client 0
2025-09-15 11:44:37.287 TRACE : decode interaction for time 1.167 on client 0
2025-09-15 11:44:37.287 TRACE : decode interaction for time 1.250 on client 0
2025-09-15 11:44:37.287 TRACE : decode interaction for time 1.333 on client 0
2025-09-15 11:44:37.287 TRACE : decode interaction for time 1.417 on client 0
2025-09-15 11:44:37.287 TRACE : decode interaction for time 1.500 on client 0
2025-09-15 11:44:37.287 TRACE : decode interaction for time 1.583 on client 0
2025-09-15 11:44:37.287 TRACE : decode interaction for time 1.667 on client 0
2025-09-15 11:44:37.287 TRACE : decode interaction for time 1.750 on client 0
2025-09-15 11:44:37.287 TRACE : decode interaction for time 1.833 on client 0
2025-09-15 11:44:37.287 TRACE : decode interaction for time 1.917 on client 0
2025-09-15 11:44:37.287 TRACE : decode interaction for time 2.000 on client 0
2025-09-15 11:44:37.287 TRACE : decode interaction for time 2.083 on client 0
2025-09-15 11:44:37.287 TRACE : decode interaction for time 2.167 on client 0
2025-09-15 11:44:37.287 TRACE : decode interaction for time 2.250 on client 0
2025-09-15 11:44:37.287 TRACE : decode interaction for time 2.333 on client 0
2025-09-15 11:44:37.287 TRACE : decode interaction for time 2.417 on client 0
2025-09-15 11:44:37.287 TRACE : decode interaction for time 2.500 on client 0
2025-09-15 11:44:37.287 TRACE : decode interaction for time 2.583 on client 0
2025-09-15 11:44:37.287 TRACE : decode interaction for time 2.667 on client 0
2025-09-15 11:44:37.287 TRACE : decode interaction for time 2.750 on client 0
2025-09-15 11:44:37.287 TRACE : decode interaction for time 2.833 on client 0
2025-09-15 11:44:37.287 TRACE : decode interaction for time 2.917 on client 0
2025-09-15 11:44:37.287 TRACE : decode interaction for time 3.000 on client 0
2025-09-15 11:44:37.287 TRACE : decode interaction for time 3.083 on client 0
2025-09-15 11:44:37.287 TRACE : decode interaction for time 3.167 on client 0
2025-09-15 11:44:37.287 TRACE : decode interaction for time 3.250 on client 0
2025-09-15 11:44:37.287 TRACE : decode interaction for time 3.333 on client 0
2025-09-15 11:44:37.287 TRACE : decode interaction for time 3.417 on client 0
2025-09-15 11:44:37.287 TRACE : decode interaction for time 3.500 on client 0
2025-09-15 11:44:37.287 TRACE : decode interaction for time 3.583 on client 0
2025-09-15 11:44:37.287 TRACE : decode interaction for time 3.667 on client 0
2025-09-15 11:44:37.287 TRACE : decode interaction for time 3.750 on client 0
2025-09-15 11:44:37.288 TRACE : decode interaction for time 3.833 on client 0
2025-09-15 11:44:37.288 TRACE : decode interaction for time 3.917 on client 0
2025-09-15 11:44:37.288 TRACE : decode interaction for time 4.000 on client 0
2025-09-15 11:44:37.288 TRACE : decode interaction for time 4.083 on client 0
2025-09-15 11:44:37.288 TRACE : decode interaction for time 4.167 on client 0
2025-09-15 11:44:37.288 WARN  client[0]: Chain reorganisation detected - rolling back to slot 31477
2025-09-15 11:44:37.289 TRACE : decode interaction for time 4.250 on client 0
2025-09-15 11:44:37.289 TRACE : decode interaction for time 4.333 on client 0
2025-09-15 11:44:37.289 TRACE : decode interaction for time 4.417 on client 0
2025-09-15 11:44:37.289 TRACE : decode interaction for time 4.500 on client 0
2025-09-15 11:44:37.289 TRACE : decode interaction for time 4.583 on client 0
2025-09-15 11:44:37.289 TRACE : decode interaction for time 4.667 on client 0
2025-09-15 11:44:37.289 TRACE : decode interaction for time 4.750 on client 0
2025-09-15 11:44:37.289 TRACE : decode interaction for time 4.833 on client 0
2025-09-15 11:44:37.289 TRACE : decode interaction for time 4.917 on client 0
2025-09-15 11:44:37.289 TRACE : decode interaction for time 5.000 on client 0
2025-09-15 11:44:37.289 TRACE : decode interaction for time 5.083 on client 0
2025-09-15 11:44:37.289 TRACE : decode interaction for time 5.167 on client 0
2025-09-15 11:44:37.289 TRACE : decode interaction for time 5.250 on client 0
2025-09-15 11:44:37.289 TRACE : decode interaction for time 5.333 on client 0
2025-09-15 11:44:37.289 TRACE : decode interaction for time 5.417 on client 0
2025-09-15 11:44:37.289 TRACE : decode interaction for time 5.500 on client 0
2025-09-15 11:44:37.289 TRACE : decode interaction for time 5.583 on client 0
2025-09-15 11:44:37.289 TRACE : decode interaction for time 5.667 on client 0
2025-09-15 11:44:37.289 TRACE : decode interaction for time 5.750 on client 0
2025-09-15 11:44:37.289 TRACE : decode interaction for time 5.833 on client 0
2025-09-15 11:44:37.289 TRACE : decode interaction for time 5.917 on client 0
2025-09-15 11:44:37.289 TRACE : decode interaction for time 6.000 on client 0
2025-09-15 11:44:37.289 TRACE : decode interaction for time 6.083 on client 0
2025-09-15 11:44:37.289 TRACE : decode interaction for time 6.167 on client 0
2025-09-15 11:44:37.289 TRACE : decode interaction for time 6.250 on client 0
2025-09-15 11:44:37.289 TRACE : decode interaction for time 6.333 on client 0
2025-09-15 11:44:37.289 TRACE : decode interaction for time 6.417 on client 0
2025-09-15 11:44:37.289 TRACE : decode interaction for time 6.500 on client 0
2025-09-15 11:44:37.290 TRACE : decode interaction for time 6.583 on client 0
2025-09-15 11:44:37.290 TRACE : decode interaction for time 6.667 on client 0
2025-09-15 11:44:37.290 TRACE : decode interaction for time 6.750 on client 0
2025-09-15 11:44:37.290 TRACE : decode interaction for time 6.833 on client 0
2025-09-15 11:44:37.290 TRACE : decode interaction for time 6.917 on client 0
2025-09-15 11:44:37.290 TRACE : decode interaction for time 7.000 on client 0
2025-09-15 11:44:37.290 TRACE : decode interaction for time 7.083 on client 0
2025-09-15 11:44:37.290 TRACE : decode interaction for time 7.167 on client 0
2025-09-15 11:44:37.290 TRACE : decode interaction for time 7.250 on client 0
2025-09-15 11:44:37.290 TRACE : decode interaction for time 7.333 on client 0
2025-09-15 11:44:37.290 TRACE : decode interaction for time 7.417 on client 0
2025-09-15 11:44:37.290 TRACE : decode interaction for time 7.500 on client 0
2025-09-15 11:44:37.290 TRACE : decode interaction for time 7.583 on client 0
2025-09-15 11:44:37.290 TRACE : decode interaction for time 7.667 on client 0
2025-09-15 11:44:37.290 TRACE : decode interaction for time 7.750 on client 0
2025-09-15 11:44:37.290 TRACE : decode interaction for time 7.833 on client 0
2025-09-15 11:44:37.290 TRACE : decode interaction for time 7.917 on client 0
2025-09-15 11:44:37.290 TRACE : decode interaction for time 8.000 on client 0
2025-09-15 11:44:37.290 TRACE : decode interaction for time 8.083 on client 0
2025-09-15 11:44:37.290 TRACE : decode interaction for time 8.167 on client 0
2025-09-15 11:44:37.290 TRACE : decode interaction for time 8.250 on client 0
2025-09-15 11:44:37.290 TRACE : decode interaction for time 8.333 on client 0
2025-09-15 11:44:37.291 TRACE : decode interaction for time 8.417 on client 0
2025-09-15 11:44:37.291 TRACE : decode interaction for time 8.500 on client 0
2025-09-15 11:44:37.291 TRACE : decode interaction for time 8.583 on client 0
2025-09-15 11:44:37.291 TRACE : decode interaction for time 8.667 on client 0
2025-09-15 11:44:37.291 TRACE : decode interaction for time 8.750 on client 0
2025-09-15 11:44:37.291 TRACE : decode interaction for time 8.833 on client 0
2025-09-15 11:44:37.291 TRACE : decode interaction for time 8.917 on client 0
2025-09-15 11:44:37.291 TRACE : decode interaction for time 9.000 on client 0
2025-09-15 11:44:37.291 TRACE : decode interaction for time 9.083 on client 0
2025-09-15 11:44:37.291 TRACE : decode interaction for time 9.167 on client 0
2025-09-15 11:44:37.291 TRACE : decode interaction for time 9.250 on client 0
2025-09-15 11:44:37.291 TRACE : decode interaction for time 9.333 on client 0
2025-09-15 11:44:37.291 TRACE : decode interaction for time 9.417 on client 0
2025-09-15 11:44:37.291 TRACE : decode interaction for time 9.500 on client 0
2025-09-15 11:44:37.291 TRACE : decode interaction for time 9.583 on client 0
2025-09-15 11:44:37.291 TRACE : decode interaction for time 9.667 on client 0
2025-09-15 11:44:37.292 TRACE : decode interaction for time 9.750 on client 0
2025-09-15 11:44:37.292 TRACE : decode interaction for time 9.833 on client 0
2025-09-15 11:44:37.292 TRACE : decode interaction for time 9.917 on client 0
2025-09-15 11:44:37.292 TRACE : decode interaction for time 10.000 on client 0
2025-09-15 11:44:37.292 TRACE : decode interaction for time 10.083 on client 0
2025-09-15 11:44:37.292 TRACE : decode interaction for time 10.167 on client 0
2025-09-15 11:44:37.292 TRACE : decode interaction for time 10.250 on client 0
2025-09-15 11:44:37.292 TRACE : decode interaction for time 10.333 on client 0
2025-09-15 11:44:37.292 TRACE : decode interaction for time 10.417 on client 0
2025-09-15 11:44:37.292 TRACE : decode interaction for time 10.500 on client 0
2025-09-15 11:44:37.292 TRACE : decode interaction for time 10.583 on client 0
2025-09-15 11:44:37.292 TRACE : decode interaction for time 10.667 on client 0
2025-09-15 11:44:37.292 TRACE : decode interaction for time 10.750 on client 0
2025-09-15 11:44:37.292 TRACE : decode interaction for time 10.833 on client 0
2025-09-15 11:44:37.292 TRACE : decode interaction for time 10.917 on client 0
2025-09-15 11:44:37.292 TRACE : decode interaction for time 11.000 on client 0
2025-09-15 11:44:37.292 TRACE : decode interaction for time 11.083 on client 0
2025-09-15 11:44:37.293 TRACE : decode interaction for time 11.167 on client 0
2025-09-15 11:44:37.293 TRACE : decode interaction for time 11.250 on client 0
2025-09-15 11:44:37.293 TRACE : decode interaction for time 11.333 on client 0
2025-09-15 11:44:37.293 TRACE : decode interaction for time 11.417 on client 0
2025-09-15 11:44:37.293 TRACE : decode interaction for time 11.500 on client 0
2025-09-15 11:44:37.293 TRACE : decode interaction for time 11.583 on client 0
2025-09-15 11:44:37.293 TRACE : decode interaction for time 11.667 on client 0
2025-09-15 11:44:37.293 TRACE : decode interaction for time 11.750 on client 0
2025-09-15 11:44:37.293 TRACE : decode interaction for time 11.833 on client 0
2025-09-15 11:44:37.293 TRACE : decode interaction for time 11.917 on client 0
2025-09-15 11:44:37.293 TRACE : decode interaction for time 12.000 on client 0
2025-09-15 11:44:37.293 TRACE : decode interaction for time 12.083 on client 0
2025-09-15 11:44:37.293 TRACE : decode interaction for time 12.167 on client 0
2025-09-15 11:44:37.293 TRACE : decode interaction for time 12.250 on client 0
2025-09-15 11:44:37.293 TRACE : decode interaction for time 12.333 on client 0
2025-09-15 11:44:37.293 TRACE : decode interaction for time 12.417 on client 0
2025-09-15 11:44:37.293 TRACE : decode interaction for time 12.500 on client 0
2025-09-15 11:44:37.294 TRACE : decode interaction for time 12.583 on client 0
2025-09-15 11:44:37.294 TRACE : decode interaction for time 12.667 on client 0
2025-09-15 11:44:37.294 TRACE : decode interaction for time 12.750 on client 0
2025-09-15 11:44:37.294 TRACE : decode interaction for time 12.833 on client 0
2025-09-15 11:44:37.294 TRACE : decode interaction for time 12.917 on client 0
2025-09-15 11:44:37.294 TRACE : decode interaction for time 13.000 on client 0
2025-09-15 11:44:37.294 TRACE : decode interaction for time 13.083 on client 0
2025-09-15 11:44:37.294 TRACE : decode interaction for time 13.167 on client 0
2025-09-15 11:44:37.294 TRACE : decode interaction for time 13.250 on client 0
2025-09-15 11:44:37.294 TRACE : decode interaction for time 13.333 on client 0
2025-09-15 11:44:37.294 TRACE : decode interaction for time 13.417 on client 0
2025-09-15 11:44:37.294 TRACE : decode interaction for time 13.500 on client 0
2025-09-15 11:44:37.294 TRACE : decode interaction for time 13.583 on client 0
2025-09-15 11:44:37.294 TRACE : decode interaction for time 13.667 on client 0
2025-09-15 11:44:37.294 TRACE : decode interaction for time 13.750 on client 0
2025-09-15 11:44:37.294 TRACE : decode interaction for time 13.833 on client 0
2025-09-15 11:44:37.294 TRACE : decode interaction for time 13.917 on client 0
2025-09-15 11:44:37.295 TRACE : decode interaction for time 14.000 on client 0
2025-09-15 11:44:37.295 TRACE : decode interaction for time 14.083 on client 0
2025-09-15 11:44:37.295 TRACE : decode interaction for time 14.167 on client 0
2025-09-15 11:44:37.295 TRACE : decode interaction for time 14.250 on client 0
2025-09-15 11:44:37.295 TRACE : decode interaction for time 14.333 on client 0
2025-09-15 11:44:37.295 TRACE : decode interaction for time 14.417 on client 0
2025-09-15 11:44:37.295 TRACE : decode interaction for time 14.500 on client 0
2025-09-15 11:44:37.295 TRACE : decode interaction for time 14.583 on client 0
2025-09-15 11:44:37.295 TRACE : decode interaction for time 14.667 on client 0
2025-09-15 11:44:37.295 TRACE : decode interaction for time 14.750 on client 0
2025-09-15 11:44:37.295 TRACE : decode interaction for time 14.833 on client 0
2025-09-15 11:44:37.295 TRACE : decode interaction for time 14.917 on client 0
2025-09-15 11:44:37.295 TRACE : decode interaction for time 15.000 on client 0
2025-09-15 11:44:37.295 TRACE : decode interaction for time 15.083 on client 0
2025-09-15 11:44:37.295 TRACE : decode interaction for time 15.167 on client 0
2025-09-15 11:44:37.295 TRACE : decode interaction for time 15.250 on client 0
2025-09-15 11:44:37.295 TRACE : decode interaction for time 15.333 on client 0
2025-09-15 11:44:37.295 TRACE : decode interaction for time 15.417 on client 0
2025-09-15 11:44:37.295 TRACE : decode interaction for time 15.500 on client 0
2025-09-15 11:44:37.295 TRACE : decode interaction for time 15.583 on client 0
2025-09-15 11:44:37.295 TRACE : decode interaction for time 15.667 on client 0
2025-09-15 11:44:37.295 TRACE : decode interaction for time 15.750 on client 0
2025-09-15 11:44:37.295 TRACE : decode interaction for time 15.833 on client 0
2025-09-15 11:44:37.295 TRACE : decode interaction for time 15.917 on client 0
2025-09-15 11:44:37.295 TRACE : decode interaction for time 16.000 on client 0
2025-09-15 11:44:37.295 TRACE : decode interaction for time 16.083 on client 0
2025-09-15 11:44:37.295 TRACE : decode interaction for time 16.167 on client 0
2025-09-15 11:44:37.295 TRACE : decode interaction for time 16.250 on client 0
2025-09-15 11:44:37.295 TRACE : decode interaction for time 16.333 on client 0
2025-09-15 11:44:37.295 TRACE : decode interaction for time 16.417 on client 0
2025-09-15 11:44:37.295 TRACE : decode interaction for time 16.500 on client 0
2025-09-15 11:44:37.295 TRACE : decode interaction for time 16.583 on client 0
2025-09-15 11:44:37.295 TRACE : decode interaction for time 16.667 on client 0
2025-09-15 11:44:37.296 TRACE : decode interaction for time 16.750 on client 0
2025-09-15 11:44:37.296 TRACE : decode interaction for time 16.833 on client 0
2025-09-15 11:44:37.296 TRACE : decode interaction for time 16.917 on client 0
2025-09-15 11:44:37.296 TRACE : decode interaction for time 17.000 on client 0
2025-09-15 11:44:37.296 TRACE : decode interaction for time 17.083 on client 0
2025-09-15 11:44:37.296 TRACE : decode interaction for time 17.167 on client 0
2025-09-15 11:44:37.296 TRACE : decode interaction for time 17.250 on client 0
2025-09-15 11:44:37.296 TRACE : decode interaction for time 17.333 on client 0
2025-09-15 11:44:37.296 TRACE : decode interaction for time 17.417 on client 0
2025-09-15 11:44:37.296 TRACE : decode interaction for time 17.500 on client 0
2025-09-15 11:44:37.296 TRACE : decode interaction for time 17.583 on client 0
2025-09-15 11:44:37.296 TRACE : decode interaction for time 17.667 on client 0
2025-09-15 11:44:37.296 TRACE : decode interaction for time 17.750 on client 0
2025-09-15 11:44:37.296 TRACE : decode interaction for time 17.833 on client 0
2025-09-15 11:44:37.296 TRACE : decode interaction for time 17.917 on client 0
2025-09-15 11:44:37.296 TRACE : decode interaction for time 18.000 on client 0
2025-09-15 11:44:37.296 TRACE : decode interaction for time 18.083 on client 0
2025-09-15 11:44:37.297 TRACE : decode interaction for time 18.167 on client 0
2025-09-15 11:44:37.297 TRACE : decode interaction for time 18.250 on client 0
2025-09-15 11:44:37.297 TRACE : decode interaction for time 18.333 on client 0
2025-09-15 11:44:37.297 TRACE : decode interaction for time 18.417 on client 0
2025-09-15 11:44:37.297 TRACE : decode interaction for time 18.500 on client 0
2025-09-15 11:44:37.297 TRACE : decode interaction for time 18.583 on client 0
2025-09-15 11:44:37.297 TRACE : decode interaction for time 18.667 on client 0
2025-09-15 11:44:37.297 TRACE : decode interaction for time 18.750 on client 0
2025-09-15 11:44:37.297 TRACE : decode interaction for time 18.833 on client 0
2025-09-15 11:44:37.297 TRACE : decode interaction for time 18.917 on client 0
2025-09-15 11:44:37.297 TRACE : decode interaction for time 19.000 on client 0
2025-09-15 11:44:37.297 TRACE : decode interaction for time 19.083 on client 0
2025-09-15 11:44:37.297 TRACE : decode interaction for time 19.167 on client 0
2025-09-15 11:44:37.297 TRACE : decode interaction for time 19.250 on client 0
2025-09-15 11:44:37.297 TRACE : decode interaction for time 19.333 on client 0
2025-09-15 11:44:37.297 TRACE : decode interaction for time 19.417 on client 0
2025-09-15 11:44:37.298 TRACE : decode interaction for time 19.500 on client 0
2025-09-15 11:44:37.298 TRACE : decode interaction for time 19.583 on client 0
2025-09-15 11:44:37.298 TRACE : decode interaction for time 19.667 on client 0
2025-09-15 11:44:37.298 TRACE : decode interaction for time 19.750 on client 0
2025-09-15 11:44:37.298 TRACE : decode interaction for time 19.833 on client 0
2025-09-15 11:44:37.298 TRACE : decode interaction for time 19.917 on client 0
2025-09-15 11:44:37.298 TRACE : decode interaction for time 20.000 on client 0
2025-09-15 11:44:37.298 TRACE : decode interaction for time 20.083 on client 0
2025-09-15 11:44:37.298 TRACE : decode interaction for time 20.167 on client 0
2025-09-15 11:44:37.298 TRACE : decode interaction for time 20.250 on client 0
2025-09-15 11:44:37.298 TRACE : decode interaction for time 20.333 on client 0
2025-09-15 11:44:37.298 TRACE : decode interaction for time 20.417 on client 0
2025-09-15 11:44:37.298 TRACE : decode interaction for time 20.500 on client 0
2025-09-15 11:44:37.298 TRACE : decode interaction for time 20.583 on client 0
2025-09-15 11:44:37.298 TRACE : decode interaction for time 20.667 on client 0
2025-09-15 11:44:37.298 TRACE : decode interaction for time 20.750 on client 0
2025-09-15 11:44:37.298 TRACE : decode interaction for time 20.833 on client 0
2025-09-15 11:44:37.299 TRACE : decode interaction for time 20.917 on client 0
2025-09-15 11:44:37.299 TRACE : decode interaction for time 21.000 on client 0
2025-09-15 11:44:37.299 TRACE : decode interaction for time 21.083 on client 0
2025-09-15 11:44:37.299 TRACE : decode interaction for time 21.167 on client 0
2025-09-15 11:44:37.299 TRACE : decode interaction for time 21.250 on client 0
2025-09-15 11:44:37.299 TRACE : decode interaction for time 21.333 on client 0
2025-09-15 11:44:37.299 TRACE : decode interaction for time 21.417 on client 0
2025-09-15 11:44:37.299 TRACE : decode interaction for time 21.500 on client 0
2025-09-15 11:44:37.299 TRACE : decode interaction for time 21.583 on client 0
2025-09-15 11:44:37.299 TRACE : decode interaction for time 21.667 on client 0
2025-09-15 11:44:37.299 TRACE : decode interaction for time 21.750 on client 0
2025-09-15 11:44:37.299 TRACE : decode interaction for time 21.833 on client 0
2025-09-15 11:44:37.299 TRACE : decode interaction for time 21.917 on client 0
2025-09-15 11:44:37.299 TRACE : decode interaction for time 22.000 on client 0
2025-09-15 11:44:37.299 TRACE : decode interaction for time 22.083 on client 0
2025-09-15 11:44:37.299 TRACE : decode interaction for time 22.167 on client 0
2025-09-15 11:44:37.299 TRACE : decode interaction for time 22.250 on client 0
2025-09-15 11:44:37.299 TRACE : decode interaction for time 22.333 on client 0
2025-09-15 11:44:37.299 TRACE : decode interaction for time 22.417 on client 0
2025-09-15 11:44:37.299 TRACE : decode interaction for time 22.500 on client 0
2025-09-15 11:44:37.300 TRACE : decode interaction for time 22.583 on client 0
2025-09-15 11:44:37.300 TRACE : decode interaction for time 22.667 on client 0
2025-09-15 11:44:37.300 TRACE : decode interaction for time 22.750 on client 0
2025-09-15 11:44:37.300 TRACE : decode interaction for time 22.833 on client 0
2025-09-15 11:44:37.300 TRACE : decode interaction for time 22.917 on client 0
2025-09-15 11:44:37.300 TRACE : decode interaction for time 23.000 on client 0
2025-09-15 11:44:37.300 TRACE : decode interaction for time 23.083 on client 0
2025-09-15 11:44:37.300 TRACE : decode interaction for time 23.167 on client 0
2025-09-15 11:44:37.300 TRACE : decode interaction for time 23.250 on client 0
2025-09-15 11:44:37.300 TRACE : decode interaction for time 23.333 on client 0
2025-09-15 11:44:37.300 TRACE : decode interaction for time 23.417 on client 0
2025-09-15 11:44:37.300 TRACE : decode interaction for time 23.500 on client 0
2025-09-15 11:44:37.300 TRACE : decode interaction for time 23.583 on client 0
2025-09-15 11:44:37.300 TRACE : decode interaction for time 23.667 on client 0
2025-09-15 11:44:37.300 TRACE : decode interaction for time 23.750 on client 0
2025-09-15 11:44:37.300 TRACE : decode interaction for time 23.833 on client 0
2025-09-15 11:44:37.300 TRACE : decode interaction for time 23.917 on client 0
2025-09-15 11:44:37.300 TRACE : decode interaction for time 24.000 on client 0
2025-09-15 11:44:37.300 TRACE : decode interaction for time 24.083 on client 0
2025-09-15 11:44:37.300 TRACE : decode interaction for time 24.167 on client 0
2025-09-15 11:44:37.300 TRACE : decode interaction for time 24.250 on client 0
2025-09-15 11:44:37.300 TRACE : decode interaction for time 24.333 on client 0
2025-09-15 11:44:37.300 TRACE : decode interaction for time 24.417 on client 0
2025-09-15 11:44:37.300 TRACE : decode interaction for time 24.500 on client 0
2025-09-15 11:44:37.300 TRACE : decode interaction for time 24.583 on client 0
2025-09-15 11:44:37.300 TRACE : decode interaction for time 24.667 on client 0
2025-09-15 11:44:37.300 TRACE : decode interaction for time 24.750 on client 0
2025-09-15 11:44:37.300 TRACE : decode interaction for time 24.833 on client 0
2025-09-15 11:44:37.300 TRACE : decode interaction for time 24.917 on client 0
2025-09-15 11:44:37.300 TRACE : decode interaction for time 25.000 on client 0
2025-09-15 11:44:37.301 TRACE : decode interaction for time 25.083 on client 0
2025-09-15 11:44:37.301 TRACE : decode interaction for time 25.167 on client 0
2025-09-15 11:44:37.301 TRACE : decode interaction for time 25.250 on client 0
2025-09-15 11:44:37.301 TRACE : decode interaction for time 25.333 on client 0
2025-09-15 11:44:37.301 TRACE : decode interaction for time 25.417 on client 0
2025-09-15 11:44:37.301 TRACE : decode interaction for time 25.500 on client 0
2025-09-15 11:44:37.301 TRACE : decode interaction for time 25.583 on client 0
2025-09-15 11:44:37.301 TRACE : decode interaction for time 25.667 on client 0
2025-09-15 11:44:37.301 TRACE : decode interaction for time 25.750 on client 0
2025-09-15 11:44:37.301 TRACE : decode interaction for time 25.833 on client 0
2025-09-15 11:44:37.301 TRACE : decode interaction for time 25.917 on client 0
2025-09-15 11:44:37.301 TRACE : decode interaction for time 26.000 on client 0
2025-09-15 11:44:37.301 TRACE : decode interaction for time 26.083 on client 0
2025-09-15 11:44:37.301 TRACE : decode interaction for time 26.167 on client 0
2025-09-15 11:44:37.301 TRACE : decode interaction for time 26.250 on client 0
2025-09-15 11:44:37.301 TRACE : decode interaction for time 26.333 on client 0
2025-09-15 11:44:37.301 TRACE : decode interaction for time 26.417 on client 0
2025-09-15 11:44:37.302 TRACE : decode interaction for time 26.500 on client 0
2025-09-15 11:44:37.302 TRACE : decode interaction for time 26.583 on client 0
2025-09-15 11:44:37.302 TRACE : decode interaction for time 26.667 on client 0
2025-09-15 11:44:37.302 TRACE : decode interaction for time 26.750 on client 0
2025-09-15 11:44:37.302 TRACE : decode interaction for time 26.833 on client 0
2025-09-15 11:44:37.302 TRACE : decode interaction for time 26.917 on client 0
2025-09-15 11:44:37.302 TRACE : decode interaction for time 27.000 on client 0
2025-09-15 11:44:37.302 TRACE : decode interaction for time 27.083 on client 0
2025-09-15 11:44:37.302 TRACE : decode interaction for time 27.167 on client 0
2025-09-15 11:44:37.302 TRACE : decode interaction for time 27.250 on client 0
2025-09-15 11:44:37.302 TRACE : decode interaction for time 27.333 on client 0
2025-09-15 11:44:37.302 TRACE : decode interaction for time 27.417 on client 0
2025-09-15 11:44:37.302 TRACE : decode interaction for time 27.500 on client 0
2025-09-15 11:44:37.302 TRACE : decode interaction for time 27.583 on client 0
2025-09-15 11:44:37.302 TRACE : decode interaction for time 27.667 on client 0
2025-09-15 11:44:37.302 TRACE : decode interaction for time 27.750 on client 0
2025-09-15 11:44:37.302 TRACE : decode interaction for time 27.833 on client 0
2025-09-15 11:44:37.303 TRACE : decode interaction for time 27.917 on client 0
2025-09-15 11:44:37.303 TRACE : decode interaction for time 28.000 on client 0
2025-09-15 11:44:37.303 TRACE : decode interaction for time 28.083 on client 0
2025-09-15 11:44:37.303 TRACE : decode interaction for time 28.167 on client 0
2025-09-15 11:44:37.303 TRACE : decode interaction for time 28.250 on client 0
2025-09-15 11:44:37.303 TRACE : decode interaction for time 28.333 on client 0
2025-09-15 11:44:37.303 TRACE : decode interaction for time 28.417 on client 0
2025-09-15 11:44:37.303 TRACE : decode interaction for time 28.500 on client 0
2025-09-15 11:44:37.303 TRACE : decode interaction for time 28.583 on client 0
2025-09-15 11:44:37.303 TRACE : decode interaction for time 28.667 on client 0
2025-09-15 11:44:37.303 TRACE : decode interaction for time 28.750 on client 0
2025-09-15 11:44:37.303 TRACE : decode interaction for time 28.833 on client 0
2025-09-15 11:44:37.303 TRACE : decode interaction for time 28.917 on client 0
2025-09-15 11:44:37.303 TRACE : decode interaction for time 29.000 on client 0
2025-09-15 11:44:37.303 TRACE : decode interaction for time 29.083 on client 0
2025-09-15 11:44:37.303 TRACE : decode interaction for time 29.167 on client 0
2025-09-15 11:44:37.303 TRACE : decode interaction for time 29.250 on client 0
2025-09-15 11:44:37.303 TRACE : decode interaction for time 29.333 on client 0
2025-09-15 11:44:37.303 TRACE : decode interaction for time 29.417 on client 0
2025-09-15 11:44:37.303 TRACE : decode interaction for time 29.500 on client 0
2025-09-15 11:44:37.303 TRACE : decode interaction for time 29.583 on client 0
2025-09-15 11:44:37.303 TRACE : decode interaction for time 29.667 on client 0
2025-09-15 11:44:37.303 TRACE : decode interaction for time 29.750 on client 0
2025-09-15 11:44:37.303 TRACE : decode interaction for time 29.833 on client 0
2025-09-15 11:44:37.303 TRACE : decode interaction for time 29.917 on client 0
2025-09-15 11:44:37.303 TRACE : decode interaction for time 30.000 on client 0
2025-09-15 11:44:37.303 TRACE : decode interaction for time 30.083 on client 0
2025-09-15 11:44:37.303 TRACE : decode interaction for time 30.167 on client 0
2025-09-15 11:44:37.303 TRACE : decode interaction for time 30.250 on client 0
2025-09-15 11:44:37.303 TRACE : decode interaction for time 30.333 on client 0
2025-09-15 11:44:37.303 TRACE : decode interaction for time 30.417 on client 0
2025-09-15 11:44:37.303 TRACE : decode interaction for time 30.500 on client 0
2025-09-15 11:44:37.303 TRACE : decode interaction for time 30.583 on client 0
2025-09-15 11:44:37.304 TRACE : decode interaction for time 30.667 on client 0
2025-09-15 11:44:37.304 TRACE : decode interaction for time 30.750 on client 0
2025-09-15 11:44:37.304 TRACE : decode interaction for time 30.833 on client 0
2025-09-15 11:44:37.304 TRACE : decode interaction for time 30.917 on client 0
2025-09-15 11:44:37.304 TRACE : decode interaction for time 31.000 on client 0
2025-09-15 11:44:37.304 TRACE : decode interaction for time 31.083 on client 0
2025-09-15 11:44:37.304 TRACE : decode interaction for time 31.167 on client 0
2025-09-15 11:44:37.304 TRACE : decode interaction for time 31.250 on client 0
2025-09-15 11:44:37.304 TRACE : decode interaction for time 31.333 on client 0
2025-09-15 11:44:37.304 TRACE : decode interaction for time 31.417 on client 0
2025-09-15 11:44:37.304 TRACE : decode interaction for time 31.500 on client 0
2025-09-15 11:44:37.304 TRACE : decode interaction for time 31.583 on client 0
2025-09-15 11:44:37.304 TRACE : decode interaction for time 31.667 on client 0
2025-09-15 11:44:37.304 TRACE : decode interaction for time 31.750 on client 0
2025-09-15 11:44:37.304 TRACE : decode interaction for time 31.833 on client 0
2025-09-15 11:44:37.304 TRACE : decode interaction for time 31.917 on client 0
2025-09-15 11:44:37.304 TRACE : decode interaction for time 32.000 on client 0
2025-09-15 11:44:37.305 TRACE : decode interaction for time 32.083 on client 0
2025-09-15 11:44:37.305 TRACE : decode interaction for time 32.167 on client 0
2025-09-15 11:44:37.305 TRACE : decode interaction for time 32.250 on client 0
2025-09-15 11:44:37.305 TRACE : decode interaction for time 32.333 on client 0
2025-09-15 11:44:37.305 TRACE : decode interaction for time 32.417 on client 0
2025-09-15 11:44:37.305 TRACE : decode interaction for time 32.500 on client 0
2025-09-15 11:44:37.305 TRACE : decode interaction for time 32.583 on client 0
2025-09-15 11:44:37.305 TRACE : decode interaction for time 32.667 on client 0
2025-09-15 11:44:37.305 TRACE : decode interaction for time 32.750 on client 0
2025-09-15 11:44:37.305 TRACE : decode interaction for time 32.833 on client 0
2025-09-15 11:44:37.305 TRACE : decode interaction for time 32.917 on client 0
2025-09-15 11:44:37.305 TRACE : decode interaction for time 33.000 on client 0
2025-09-15 11:44:37.305 TRACE : decode interaction for time 33.083 on client 0
2025-09-15 11:44:37.305 TRACE : decode interaction for time 33.167 on client 0
2025-09-15 11:44:37.305 TRACE : decode interaction for time 33.250 on client 0
2025-09-15 11:44:37.305 TRACE : decode interaction for time 33.333 on client 0
2025-09-15 11:44:37.305 TRACE : decode interaction for time 33.417 on client 0
2025-09-15 11:44:37.305 TRACE : decode interaction for time 33.500 on client 0
2025-09-15 11:44:37.305 TRACE : decode interaction for time 33.583 on client 0
2025-09-15 11:44:37.305 TRACE : decode interaction for time 33.667 on client 0
2025-09-15 11:44:37.305 TRACE : decode interaction for time 33.750 on client 0
2025-09-15 11:44:37.305 TRACE : decode interaction for time 33.833 on client 0
2025-09-15 11:44:37.305 TRACE : decode interaction for time 33.917 on client 0
2025-09-15 11:44:37.305 TRACE : decode interaction for time 34.000 on client 0
2025-09-15 11:44:37.305 TRACE : decode interaction for time 34.083 on client 0
2025-09-15 11:44:37.305 TRACE : decode interaction for time 34.167 on client 0
2025-09-15 11:44:37.305 TRACE : decode interaction for time 34.250 on client 0
2025-09-15 11:44:37.305 TRACE : decode interaction for time 34.333 on client 0
2025-09-15 11:44:37.305 TRACE : decode interaction for time 34.417 on client 0
2025-09-15 11:44:37.305 TRACE : decode interaction for time 34.500 on client 0
2025-09-15 11:44:37.305 TRACE : decode interaction for time 34.583 on client 0
2025-09-15 11:44:37.305 TRACE : decode interaction for time 34.667 on client 0
2025-09-15 11:44:37.305 TRACE : decode interaction for time 34.750 on client 0
2025-09-15 11:44:37.306 TRACE : decode interaction for time 34.833 on client 0
2025-09-15 11:44:37.306 TRACE : decode interaction for time 34.917 on client 0
2025-09-15 11:44:37.306 TRACE : decode interaction for time 35.000 on client 0
2025-09-15 11:44:37.306 TRACE : decode interaction for time 35.083 on client 0
2025-09-15 11:44:37.306 TRACE : decode interaction for time 35.167 on client 0
2025-09-15 11:44:37.306 TRACE : decode interaction for time 35.250 on client 0
2025-09-15 11:44:37.306 TRACE : decode interaction for time 35.333 on client 0
2025-09-15 11:44:37.306 TRACE : decode interaction for time 35.417 on client 0
2025-09-15 11:44:37.306 TRACE : decode interaction for time 35.500 on client 0
2025-09-15 11:44:37.306 TRACE : decode interaction for time 35.583 on client 0
2025-09-15 11:44:37.306 TRACE : decode interaction for time 35.667 on client 0
2025-09-15 11:44:37.306 TRACE : decode interaction for time 35.750 on client 0
2025-09-15 11:44:37.306 TRACE : decode interaction for time 35.833 on client 0
2025-09-15 11:44:37.306 TRACE : decode interaction for time 35.917 on client 0
2025-09-15 11:44:37.306 TRACE : decode interaction for time 36.000 on client 0
2025-09-15 11:44:37.306 TRACE : decode interaction for time 36.083 on client 0
2025-09-15 11:44:37.306 TRACE : decode interaction for time 36.167 on client 0
2025-09-15 11:44:37.307 TRACE : decode interaction for time 36.250 on client 0
2025-09-15 11:44:37.307 TRACE : decode interaction for time 36.333 on client 0
2025-09-15 11:44:37.307 TRACE : decode interaction for time 36.417 on client 0
2025-09-15 11:44:37.307 TRACE : decode interaction for time 36.500 on client 0
2025-09-15 11:44:37.307 TRACE : decode interaction for time 36.583 on client 0
2025-09-15 11:44:37.307 TRACE : decode interaction for time 36.667 on client 0
2025-09-15 11:44:37.307 TRACE : decode interaction for time 36.750 on client 0
2025-09-15 11:44:37.307 TRACE : decode interaction for time 36.833 on client 0
2025-09-15 11:44:37.307 TRACE : decode interaction for time 36.917 on client 0
2025-09-15 11:44:37.307 TRACE : decode interaction for time 37.000 on client 0
2025-09-15 11:44:37.307 TRACE : decode interaction for time 37.083 on client 0
2025-09-15 11:44:37.307 TRACE : decode interaction for time 37.167 on client 0
2025-09-15 11:44:37.307 TRACE : decode interaction for time 37.250 on client 0
2025-09-15 11:44:37.307 TRACE : decode interaction for time 37.333 on client 0
2025-09-15 11:44:37.307 TRACE : decode interaction for time 37.417 on client 0
2025-09-15 11:44:37.307 TRACE : decode interaction for time 37.500 on client 0
2025-09-15 11:44:37.307 TRACE : decode interaction for time 37.583 on client 0
2025-09-15 11:44:37.308 TRACE : decode interaction for time 37.667 on client 0
2025-09-15 11:44:37.308 TRACE : decode interaction for time 37.750 on client 0
2025-09-15 11:44:37.308 TRACE : decode interaction for time 37.833 on client 0
2025-09-15 11:44:37.308 TRACE : decode interaction for time 37.917 on client 0
2025-09-15 11:44:37.308 TRACE : decode interaction for time 38.000 on client 0
2025-09-15 11:44:37.308 TRACE : decode interaction for time 38.083 on client 0
2025-09-15 11:44:37.308 TRACE : decode interaction for time 38.167 on client 0
2025-09-15 11:44:37.308 TRACE : decode interaction for time 38.250 on client 0
2025-09-15 11:44:37.308 TRACE : decode interaction for time 38.333 on client 0
2025-09-15 11:44:37.308 TRACE : decode interaction for time 38.417 on client 0
2025-09-15 11:44:37.308 TRACE : decode interaction for time 38.500 on client 0
2025-09-15 11:44:37.308 TRACE : decode interaction for time 38.583 on client 0
2025-09-15 11:44:37.308 TRACE : decode interaction for time 38.667 on client 0
2025-09-15 11:44:37.308 TRACE : decode interaction for time 38.750 on client 0
2025-09-15 11:44:37.308 TRACE : decode interaction for time 38.833 on client 0
2025-09-15 11:44:37.308 TRACE : decode interaction for time 38.917 on client 0
2025-09-15 11:44:37.309 TRACE : decode interaction for time 39.000 on client 0
2025-09-15 11:44:37.309 TRACE : decode interaction for time 39.083 on client 0
2025-09-15 11:44:37.309 TRACE : decode interaction for time 39.167 on client 0
2025-09-15 11:44:37.309 TRACE : decode interaction for time 39.250 on client 0
2025-09-15 11:44:37.309 TRACE : decode interaction for time 39.333 on client 0
2025-09-15 11:44:37.309 TRACE : decode interaction for time 39.417 on client 0
2025-09-15 11:44:37.309 TRACE : decode interaction for time 39.500 on client 0
2025-09-15 11:44:37.309 TRACE : decode interaction for time 39.583 on client 0
2025-09-15 11:44:37.309 TRACE : decode interaction for time 39.667 on client 0
2025-09-15 11:44:37.309 TRACE : decode interaction for time 39.750 on client 0
2025-09-15 11:44:37.309 TRACE : decode interaction for time 39.833 on client 0
2025-09-15 11:44:37.309 TRACE : decode interaction for time 39.917 on client 0
2025-09-15 11:44:37.309 TRACE : decode interaction for time 40.000 on client 0
2025-09-15 11:44:37.309 TRACE : decode interaction for time 40.083 on client 0
2025-09-15 11:44:37.309 TRACE : decode interaction for time 40.167 on client 0
2025-09-15 11:44:37.309 TRACE : decode interaction for time 40.250 on client 0
2025-09-15 11:44:37.309 TRACE : decode interaction for time 40.333 on client 0
2025-09-15 11:44:37.310 TRACE : decode interaction for time 40.417 on client 0
2025-09-15 11:44:37.310 TRACE : decode interaction for time 40.500 on client 0
2025-09-15 11:44:37.310 TRACE : decode interaction for time 40.583 on client 0
2025-09-15 11:44:37.310 TRACE : decode interaction for time 40.667 on client 0
2025-09-15 11:44:37.310 TRACE : decode interaction for time 40.750 on client 0
2025-09-15 11:44:37.310 TRACE : decode interaction for time 40.833 on client 0
2025-09-15 11:44:37.310 TRACE : decode interaction for time 40.917 on client 0
2025-09-15 11:44:37.310 TRACE : decode interaction for time 41.000 on client 0
2025-09-15 11:44:37.310 TRACE : decode interaction for time 41.083 on client 0
2025-09-15 11:44:37.310 TRACE : decode interaction for time 41.167 on client 0
2025-09-15 11:44:37.310 TRACE : decode interaction for time 41.250 on client 0
2025-09-15 11:44:37.310 TRACE : decode interaction for time 41.333 on client 0
2025-09-15 11:44:37.310 TRACE : decode interaction for time 41.417 on client 0
2025-09-15 11:44:37.310 TRACE : decode interaction for time 41.500 on client 0
2025-09-15 11:44:37.310 TRACE : decode interaction for time 41.583 on client 0
2025-09-15 11:44:37.310 TRACE : decode interaction for time 41.667 on client 0
2025-09-15 11:44:37.310 TRACE : decode interaction for time 41.750 on client 0
2025-09-15 11:44:37.311 TRACE : decode interaction for time 41.833 on client 0
2025-09-15 11:44:37.311 TRACE : decode interaction for time 41.917 on client 0
2025-09-15 11:44:37.311 TRACE : decode interaction for time 42.000 on client 0
2025-09-15 11:44:37.311 TRACE : decode interaction for time 42.083 on client 0
2025-09-15 11:44:37.311 TRACE : decode interaction for time 42.167 on client 0
2025-09-15 11:44:37.311 TRACE : decode interaction for time 42.250 on client 0
2025-09-15 11:44:37.311 TRACE : decode interaction for time 42.333 on client 0
2025-09-15 11:44:37.311 TRACE : decode interaction for time 42.417 on client 0
2025-09-15 11:44:37.311 TRACE : decode interaction for time 42.500 on client 0
2025-09-15 11:44:37.311 TRACE : decode interaction for time 42.583 on client 0
2025-09-15 11:44:37.311 TRACE : decode interaction for time 42.667 on client 0
2025-09-15 11:44:37.311 TRACE : decode interaction for time 42.750 on client 0
2025-09-15 11:44:37.311 TRACE : decode interaction for time 42.833 on client 0
2025-09-15 11:44:37.311 TRACE : decode interaction for time 42.917 on client 0
2025-09-15 11:44:37.311 TRACE : decode interaction for time 43.000 on client 0
2025-09-15 11:44:37.311 TRACE : decode interaction for time 43.083 on client 0
2025-09-15 11:44:37.311 TRACE : decode interaction for time 43.167 on client 0
2025-09-15 11:44:37.311 TRACE : decode interaction for time 43.250 on client 0
2025-09-15 11:44:37.311 TRACE : decode interaction for time 43.333 on client 0
2025-09-15 11:44:37.311 TRACE : decode interaction for time 43.417 on client 0
2025-09-15 11:44:37.311 TRACE : decode interaction for time 43.500 on client 0
2025-09-15 11:44:37.311 TRACE : decode interaction for time 43.583 on client 0
2025-09-15 11:44:37.311 TRACE : decode interaction for time 43.667 on client 0
2025-09-15 11:44:37.311 TRACE : decode interaction for time 43.750 on client 0
2025-09-15 11:44:37.311 TRACE : decode interaction for time 43.833 on client 0
2025-09-15 11:44:37.311 TRACE : decode interaction for time 43.917 on client 0
2025-09-15 11:44:37.311 TRACE : decode interaction for time 44.000 on client 0
2025-09-15 11:44:37.311 TRACE : decode interaction for time 44.083 on client 0
2025-09-15 11:44:37.311 TRACE : decode interaction for time 44.167 on client 0
2025-09-15 11:44:37.311 TRACE : decode interaction for time 44.250 on client 0
2025-09-15 11:44:37.311 TRACE : decode interaction for time 44.333 on client 0
2025-09-15 11:44:37.311 TRACE : decode interaction for time 44.417 on client 0
2025-09-15 11:44:37.311 TRACE : decode interaction for time 44.500 on client 0
2025-09-15 11:44:37.312 TRACE : decode interaction for time 44.583 on client 0
2025-09-15 11:44:37.312 TRACE : decode interaction for time 44.667 on client 0
2025-09-15 11:44:37.312 TRACE : decode interaction for time 44.750 on client 0
2025-09-15 11:44:37.312 TRACE : decode interaction for time 44.833 on client 0
2025-09-15 11:44:37.312 TRACE : decode interaction for time 44.917 on client 0
2025-09-15 11:44:37.312 TRACE : decode interaction for time 45.000 on client 0
2025-09-15 11:44:37.312 TRACE : decode interaction for time 45.083 on client 0
2025-09-15 11:44:37.312 TRACE : decode interaction for time 45.167 on client 0
2025-09-15 11:44:37.312 TRACE : decode interaction for time 45.250 on client 0
2025-09-15 11:44:37.312 TRACE : decode interaction for time 45.333 on client 0
2025-09-15 11:44:37.312 TRACE : decode interaction for time 45.417 on client 0
2025-09-15 11:44:37.312 TRACE : decode interaction for time 45.500 on client 0
2025-09-15 11:44:37.312 TRACE : decode interaction for time 45.583 on client 0
2025-09-15 11:44:37.312 TRACE : decode interaction for time 45.667 on client 0
2025-09-15 11:44:37.312 TRACE : decode interaction for time 45.750 on client 0
2025-09-15 11:44:37.312 TRACE : decode interaction for time 45.833 on client 0
2025-09-15 11:44:37.312 TRACE : decode interaction for time 45.917 on client 0
2025-09-15 11:44:37.313 TRACE : decode interaction for time 46.000 on client 0
2025-09-15 11:44:37.313 TRACE : decode interaction for time 46.083 on client 0
2025-09-15 11:44:37.313 TRACE : decode interaction for time 46.167 on client 0
2025-09-15 11:44:37.313 TRACE : decode interaction for time 46.250 on client 0
2025-09-15 11:44:37.313 TRACE : decode interaction for time 46.333 on client 0
2025-09-15 11:44:37.313 TRACE : decode interaction for time 46.417 on client 0
2025-09-15 11:44:37.313 TRACE : decode interaction for time 46.500 on client 0
2025-09-15 11:44:37.313 TRACE : decode interaction for time 46.583 on client 0
2025-09-15 11:44:37.313 TRACE : decode interaction for time 46.667 on client 0
2025-09-15 11:44:37.313 TRACE : decode interaction for time 46.750 on client 0
2025-09-15 11:44:37.313 TRACE : decode interaction for time 46.833 on client 0
2025-09-15 11:44:37.313 TRACE : decode interaction for time 46.917 on client 0
2025-09-15 11:44:37.313 TRACE : decode interaction for time 47.000 on client 0
2025-09-15 11:44:37.313 TRACE : decode interaction for time 47.083 on client 0
2025-09-15 11:44:37.313 TRACE : decode interaction for time 47.167 on client 0
2025-09-15 11:44:37.313 TRACE : decode interaction for time 47.250 on client 0
2025-09-15 11:44:37.313 TRACE : decode interaction for time 47.333 on client 0
2025-09-15 11:44:37.314 TRACE : decode interaction for time 47.417 on client 0
2025-09-15 11:44:37.314 TRACE : decode interaction for time 47.500 on client 0
2025-09-15 11:44:37.314 TRACE : decode interaction for time 47.583 on client 0
2025-09-15 11:44:37.314 TRACE : decode interaction for time 47.667 on client 0
2025-09-15 11:44:37.314 TRACE : decode interaction for time 47.750 on client 0
2025-09-15 11:44:37.314 TRACE : decode interaction for time 47.833 on client 0
2025-09-15 11:44:37.314 TRACE : decode interaction for time 47.917 on client 0
2025-09-15 11:44:37.314 TRACE : decode interaction for time 48.000 on client 0
2025-09-15 11:44:37.314 TRACE : decode interaction for time 48.083 on client 0
2025-09-15 11:44:37.314 TRACE : decode interaction for time 48.167 on client 0
2025-09-15 11:44:37.314 TRACE : decode interaction for time 48.250 on client 0
2025-09-15 11:44:37.314 TRACE : decode interaction for time 48.333 on client 0
2025-09-15 11:44:37.314 TRACE : decode interaction for time 48.417 on client 0
2025-09-15 11:44:37.314 TRACE : decode interaction for time 48.500 on client 0
2025-09-15 11:44:37.314 TRACE : decode interaction for time 48.583 on client 0
2025-09-15 11:44:37.314 TRACE : decode interaction for time 48.667 on client 0
2025-09-15 11:44:37.314 TRACE : decode interaction for time 48.750 on client 0
2025-09-15 11:44:37.314 TRACE : decode interaction for time 48.833 on client 0
2025-09-15 11:44:37.314 TRACE : decode interaction for time 48.917 on client 0
2025-09-15 11:44:37.314 TRACE : decode interaction for time 49.000 on client 0
2025-09-15 11:44:37.314 TRACE : decode interaction for time 49.083 on client 0
2025-09-15 11:44:37.314 TRACE : decode interaction for time 49.167 on client 0
2025-09-15 11:44:37.314 TRACE : decode interaction for time 49.250 on client 0
2025-09-15 11:44:37.314 TRACE : decode interaction for time 49.333 on client 0
2025-09-15 11:44:37.314 TRACE : decode interaction for time 49.417 on client 0
2025-09-15 11:44:37.314 TRACE : decode interaction for time 49.500 on client 0
2025-09-15 11:44:37.314 TRACE : decode interaction for time 49.583 on client 0
2025-09-15 11:44:37.314 TRACE : decode interaction for time 49.667 on client 0
2025-09-15 11:44:37.314 TRACE : decode interaction for time 49.750 on client 0
2025-09-15 11:44:37.314 TRACE : decode interaction for time 49.833 on client 0
2025-09-15 11:44:37.314 TRACE : decode interaction for time 49.917 on client 0
2025-09-15 11:44:37.314 TRACE : decode interaction for time 50.000 on client 0
2025-09-15 11:44:37.314 TRACE : decode interaction for time 50.083 on client 0
2025-09-15 11:44:37.315 TRACE : decode interaction for time 50.167 on client 0
2025-09-15 11:44:37.315 TRACE : decode interaction for time 50.250 on client 0
2025-09-15 11:44:37.315 TRACE : decode interaction for time 50.333 on client 0
2025-09-15 11:44:37.315 TRACE : decode interaction for time 50.417 on client 0
2025-09-15 11:44:37.315 TRACE : decode interaction for time 50.500 on client 0
2025-09-15 11:44:37.315 TRACE : decode interaction for time 50.583 on client 0
2025-09-15 11:44:37.315 TRACE : decode interaction for time 50.667 on client 0
2025-09-15 11:44:37.315 TRACE : decode interaction for time 50.750 on client 0
2025-09-15 11:44:37.315 TRACE : decode interaction for time 50.833 on client 0
2025-09-15 11:44:37.315 TRACE : decode interaction for time 50.917 on client 0
2025-09-15 11:44:37.315 TRACE : decode interaction for time 51.000 on client 0
2025-09-15 11:44:37.315 TRACE : decode interaction for time 51.083 on client 0
2025-09-15 11:44:37.315 TRACE : decode interaction for time 51.167 on client 0
2025-09-15 11:44:37.315 TRACE : decode interaction for time 51.250 on client 0
2025-09-15 11:44:37.315 TRACE : decode interaction for time 51.333 on client 0
2025-09-15 11:44:37.315 TRACE : decode interaction for time 51.417 on client 0
2025-09-15 11:44:37.315 TRACE : decode interaction for time 51.500 on client 0
2025-09-15 11:44:37.316 TRACE : decode interaction for time 51.583 on client 0
2025-09-15 11:44:37.316 TRACE : decode interaction for time 51.667 on client 0
2025-09-15 11:44:37.316 TRACE : decode interaction for time 51.750 on client 0
2025-09-15 11:44:37.316 TRACE : decode interaction for time 51.833 on client 0
2025-09-15 11:44:37.316 TRACE : decode interaction for time 51.917 on client 0
2025-09-15 11:44:37.316 TRACE : decode interaction for time 52.000 on client 0
2025-09-15 11:44:37.316 TRACE : decode interaction for time 52.083 on client 0
2025-09-15 11:44:37.316 TRACE : decode interaction for time 52.167 on client 0
2025-09-15 11:44:37.316 TRACE : decode interaction for time 52.250 on client 0
2025-09-15 11:44:37.316 TRACE : decode interaction for time 52.333 on client 0
2025-09-15 11:44:37.316 TRACE : decode interaction for time 52.417 on client 0
2025-09-15 11:44:37.316 TRACE : decode interaction for time 52.500 on client 0
2025-09-15 11:44:37.316 TRACE : decode interaction for time 52.583 on client 0
2025-09-15 11:44:37.316 TRACE : decode interaction for time 52.667 on client 0
2025-09-15 11:44:37.316 TRACE : decode interaction for time 52.750 on client 0
2025-09-15 11:44:37.316 TRACE : decode interaction for time 52.833 on client 0
2025-09-15 11:44:37.316 TRACE : decode interaction for time 52.917 on client 0
2025-09-15 11:44:37.317 TRACE : decode interaction for time 53.000 on client 0
2025-09-15 11:44:37.317 TRACE : decode interaction for time 53.083 on client 0
2025-09-15 11:44:37.317 TRACE : decode interaction for time 53.167 on client 0
2025-09-15 11:44:37.317 TRACE : decode interaction for time 53.250 on client 0
2025-09-15 11:44:37.317 TRACE : decode interaction for time 53.333 on client 0
2025-09-15 11:44:37.317 TRACE : decode interaction for time 53.417 on client 0
2025-09-15 11:44:37.317 TRACE : decode interaction for time 53.500 on client 0
2025-09-15 11:44:37.317 TRACE : decode interaction for time 53.583 on client 0
2025-09-15 11:44:37.317 TRACE : decode interaction for time 53.667 on client 0
2025-09-15 11:44:37.317 TRACE : decode interaction for time 53.750 on client 0
2025-09-15 11:44:37.317 TRACE : decode interaction for time 53.833 on client 0
2025-09-15 11:44:37.317 TRACE : decode interaction for time 53.917 on client 0
2025-09-15 11:44:37.317 TRACE : decode interaction for time 54.000 on client 0
2025-09-15 11:44:37.317 TRACE : decode interaction for time 54.083 on client 0
2025-09-15 11:44:37.317 TRACE : decode interaction for time 54.167 on client 0
2025-09-15 11:44:37.317 TRACE : decode interaction for time 54.250 on client 0
2025-09-15 11:44:37.318 TRACE : decode interaction for time 54.333 on client 0
2025-09-15 11:44:37.318 TRACE : decode interaction for time 54.417 on client 0
2025-09-15 11:44:37.318 TRACE : decode interaction for time 54.500 on client 0
2025-09-15 11:44:37.318 TRACE : decode interaction for time 54.583 on client 0
2025-09-15 11:44:37.318 TRACE : decode interaction for time 54.667 on client 0
2025-09-15 11:44:37.318 TRACE : decode interaction for time 54.750 on client 0
2025-09-15 11:44:37.318 TRACE : decode interaction for time 54.833 on client 0
2025-09-15 11:44:37.318 TRACE : decode interaction for time 54.917 on client 0
2025-09-15 11:44:37.318 TRACE : decode interaction for time 55.000 on client 0
2025-09-15 11:44:37.318 TRACE : decode interaction for time 55.083 on client 0
2025-09-15 11:44:37.318 TRACE : decode interaction for time 55.167 on client 0
2025-09-15 11:44:37.318 TRACE : decode interaction for time 55.250 on client 0
2025-09-15 11:44:37.318 TRACE : decode interaction for time 55.333 on client 0
2025-09-15 11:44:37.318 TRACE : decode interaction for time 55.417 on client 0
2025-09-15 11:44:37.318 TRACE : decode interaction for time 55.500 on client 0
2025-09-15 11:44:37.318 TRACE : decode interaction for time 55.583 on client 0
2025-09-15 11:44:37.318 TRACE : decode interaction for time 55.667 on client 0
2025-09-15 11:44:37.319 TRACE : decode interaction for time 55.750 on client 0
2025-09-15 11:44:37.319 TRACE : decode interaction for time 55.833 on client 0
2025-09-15 11:44:37.319 TRACE : decode interaction for time 55.917 on client 0
2025-09-15 11:44:37.319 TRACE : decode interaction for time 56.000 on client 0
2025-09-15 11:44:37.319 TRACE : decode interaction for time 56.083 on client 0
2025-09-15 11:44:37.319 TRACE : decode interaction for time 56.167 on client 0
2025-09-15 11:44:37.319 TRACE : decode interaction for time 56.250 on client 0
2025-09-15 11:44:37.319 TRACE : decode interaction for time 56.333 on client 0
2025-09-15 11:44:37.319 TRACE : decode interaction for time 56.417 on client 0
2025-09-15 11:44:37.319 TRACE : decode interaction for time 56.500 on client 0
2025-09-15 11:44:37.319 TRACE : decode interaction for time 56.583 on client 0
2025-09-15 11:44:37.319 TRACE : decode interaction for time 56.667 on client 0
2025-09-15 11:44:37.319 TRACE : decode interaction for time 56.750 on client 0
2025-09-15 11:44:37.319 TRACE : decode interaction for time 56.833 on client 0
2025-09-15 11:44:37.319 TRACE : decode interaction for time 56.917 on client 0
2025-09-15 11:44:37.319 TRACE : decode interaction for time 57.000 on client 0
2025-09-15 11:44:37.319 TRACE : decode interaction for time 57.083 on client 0
2025-09-15 11:44:37.320 TRACE : decode interaction for time 57.167 on client 0
2025-09-15 11:44:37.320 TRACE : decode interaction for time 57.250 on client 0
2025-09-15 11:44:37.320 TRACE : decode interaction for time 57.333 on client 0
2025-09-15 11:44:37.320 TRACE : decode interaction for time 57.417 on client 0
2025-09-15 11:44:37.320 TRACE : decode interaction for time 57.500 on client 0
2025-09-15 11:44:37.320 TRACE : decode interaction for time 57.583 on client 0
2025-09-15 11:44:37.320 TRACE : decode interaction for time 57.667 on client 0
2025-09-15 11:44:37.320 TRACE : decode interaction for time 57.750 on client 0
2025-09-15 11:44:37.320 TRACE : decode interaction for time 57.833 on client 0
2025-09-15 11:44:37.320 TRACE : decode interaction for time 57.917 on client 0
2025-09-15 11:44:37.320 TRACE : decode interaction for time 58.000 on client 0
2025-09-15 11:44:37.320 TRACE : decode interaction for time 58.083 on client 0
2025-09-15 11:44:37.320 TRACE : decode interaction for time 58.167 on client 0
2025-09-15 11:44:37.320 TRACE : decode interaction for time 58.250 on client 0
2025-09-15 11:44:37.320 TRACE : decode interaction for time 58.333 on client 0
2025-09-15 11:44:37.320 TRACE : decode interaction for time 58.417 on client 0
2025-09-15 11:44:37.320 TRACE : decode interaction for time 58.500 on client 0
2025-09-15 11:44:37.320 TRACE : decode interaction for time 58.583 on client 0
2025-09-15 11:44:37.320 TRACE : decode interaction for time 58.667 on client 0
2025-09-15 11:44:37.320 TRACE : decode interaction for time 58.750 on client 0
2025-09-15 11:44:37.320 TRACE : decode interaction for time 58.833 on client 0
2025-09-15 11:44:37.320 TRACE : decode interaction for time 58.917 on client 0
2025-09-15 11:44:37.320 TRACE : decode interaction for time 59.000 on client 0
2025-09-15 11:44:37.320 TRACE : decode interaction for time 59.083 on client 0
2025-09-15 11:44:37.320 TRACE : decode interaction for time 59.167 on client 0
2025-09-15 11:44:37.320 TRACE : decode interaction for time 59.250 on client 0
2025-09-15 11:44:37.320 TRACE : decode interaction for time 59.333 on client 0
2025-09-15 11:44:37.320 TRACE : decode interaction for time 59.417 on client 0
2025-09-15 11:44:37.320 TRACE : decode interaction for time 59.500 on client 0
2025-09-15 11:44:37.320 TRACE : decode interaction for time 59.583 on client 0
2025-09-15 11:44:37.320 TRACE : decode interaction for time 59.667 on client 0
2025-09-15 11:44:37.320 TRACE : decode interaction for time 59.750 on client 0
2025-09-15 11:44:37.320 TRACE : decode interaction for time 59.833 on client 0
2025-09-15 11:44:37.321 TRACE : decode interaction for time 59.917 on client 0
2025-09-15 11:44:37.321 TRACE : decode interaction for time 60.000 on client 0
2025-09-15 11:44:37.321 TRACE : decode interaction for time 60.083 on client 0
2025-09-15 11:44:37.321 TRACE : decode interaction for time 60.167 on client 0
2025-09-15 11:44:37.321 TRACE : decode interaction for time 60.250 on client 0
2025-09-15 11:44:37.321 TRACE : decode interaction for time 60.333 on client 0
2025-09-15 11:44:37.321 TRACE : decode interaction for time 60.417 on client 0
2025-09-15 11:44:37.321 TRACE : decode interaction for time 60.500 on client 0
2025-09-15 11:44:37.321 TRACE : decode interaction for time 60.583 on client 0
2025-09-15 11:44:37.321 TRACE : decode interaction for time 60.667 on client 0
2025-09-15 11:44:37.321 TRACE : decode interaction for time 60.750 on client 0
2025-09-15 11:44:37.321 TRACE : decode interaction for time 60.833 on client 0
2025-09-15 11:44:37.321 TRACE : decode interaction for time 60.917 on client 0
2025-09-15 11:44:37.321 TRACE : decode interaction for time 61.000 on client 0
2025-09-15 11:44:37.321 TRACE : decode interaction for time 61.083 on client 0
2025-09-15 11:44:37.321 TRACE : decode interaction for time 61.167 on client 0
2025-09-15 11:44:37.321 TRACE : decode interaction for time 61.250 on client 0
2025-09-15 11:44:37.323 TRACE : decode interaction for time 61.333 on client 0
2025-09-15 11:44:37.323 TRACE : decode interaction for time 61.417 on client 0
2025-09-15 11:44:37.323 TRACE : decode interaction for time 61.500 on client 0
2025-09-15 11:44:37.323 TRACE : decode interaction for time 61.583 on client 0
2025-09-15 11:44:37.323 TRACE : decode interaction for time 61.667 on client 0
2025-09-15 11:44:37.323 TRACE : decode interaction for time 61.750 on client 0
2025-09-15 11:44:37.323 TRACE : decode interaction for time 61.833 on client 0
2025-09-15 11:44:37.323 TRACE : decode interaction for time 61.917 on client 0
2025-09-15 11:44:37.323 TRACE : decode interaction for time 62.000 on client 0
2025-09-15 11:44:37.323 TRACE : decode interaction for time 62.083 on client 0
2025-09-15 11:44:37.323 TRACE : decode interaction for time 62.167 on client 0
2025-09-15 11:44:37.323 TRACE : decode interaction for time 62.250 on client 0
2025-09-15 11:44:37.323 TRACE : decode interaction for time 62.333 on client 0
2025-09-15 11:44:37.323 TRACE : decode interaction for time 62.417 on client 0
2025-09-15 11:44:37.323 TRACE : decode interaction for time 62.500 on client 0
2025-09-15 11:44:37.323 TRACE : decode interaction for time 62.583 on client 0
2025-09-15 11:44:37.323 TRACE : decode interaction for time 62.667 on client 0
2025-09-15 11:44:37.323 TRACE : decode interaction for time 62.750 on client 0
2025-09-15 11:44:37.323 TRACE : decode interaction for time 62.833 on client 0
2025-09-15 11:44:37.323 TRACE : decode interaction for time 62.917 on client 0
2025-09-15 11:44:37.323 TRACE : decode interaction for time 63.000 on client 0
2025-09-15 11:44:37.323 TRACE : decode interaction for time 63.083 on client 0
2025-09-15 11:44:37.323 TRACE : decode interaction for time 63.167 on client 0
2025-09-15 11:44:37.323 TRACE : decode interaction for time 63.250 on client 0
2025-09-15 11:44:37.324 TRACE : decode interaction for time 63.333 on client 0
2025-09-15 11:44:37.324 TRACE : decode interaction for time 63.417 on client 0
2025-09-15 11:44:37.324 TRACE : decode interaction for time 63.500 on client 0
2025-09-15 11:44:37.324 TRACE : decode interaction for time 63.583 on client 0
2025-09-15 11:44:37.324 TRACE : decode interaction for time 63.667 on client 0
2025-09-15 11:44:37.324 TRACE : decode interaction for time 63.750 on client 0
2025-09-15 11:44:37.324 TRACE : decode interaction for time 63.833 on client 0
2025-09-15 11:44:37.324 TRACE : decode interaction for time 63.917 on client 0
2025-09-15 11:44:37.324 TRACE : decode interaction for time 64.000 on client 0
2025-09-15 11:44:37.324 TRACE : decode interaction for time 64.083 on client 0
2025-09-15 11:44:37.324 TRACE : decode interaction for time 64.167 on client 0
2025-09-15 11:44:37.324 TRACE : decode interaction for time 64.250 on client 0
2025-09-15 11:44:37.324 TRACE : decode interaction for time 64.333 on client 0
2025-09-15 11:44:37.324 TRACE : decode interaction for time 64.417 on client 0
2025-09-15 11:44:37.324 TRACE : decode interaction for time 64.500 on client 0
2025-09-15 11:44:37.324 TRACE : decode interaction for time 64.583 on client 0
2025-09-15 11:44:37.324 TRACE : decode interaction for time 64.667 on client 0
2025-09-15 11:44:37.324 TRACE : decode interaction for time 64.750 on client 0
2025-09-15 11:44:37.324 TRACE : decode interaction for time 64.833 on client 0
2025-09-15 11:44:37.324 TRACE : decode interaction for time 64.917 on client 0
2025-09-15 11:44:37.324 TRACE : decode interaction for time 65.000 on client 0
2025-09-15 11:44:37.324 TRACE : decode interaction for time 65.083 on client 0
2025-09-15 11:44:37.324 TRACE : decode interaction for time 65.167 on client 0
2025-09-15 11:44:37.324 TRACE : decode interaction for time 65.250 on client 0
2025-09-15 11:44:37.324 TRACE : decode interaction for time 65.333 on client 0
2025-09-15 11:44:37.324 TRACE : decode interaction for time 65.417 on client 0
2025-09-15 11:44:37.325 TRACE : decode interaction for time 65.500 on client 0
2025-09-15 11:44:37.325 TRACE : decode interaction for time 65.583 on client 0
2025-09-15 11:44:37.325 TRACE : decode interaction for time 65.667 on client 0
2025-09-15 11:44:37.325 TRACE : decode interaction for time 65.750 on client 0
2025-09-15 11:44:37.325 TRACE : decode interaction for time 65.833 on client 0
2025-09-15 11:44:37.325 TRACE : decode interaction for time 65.917 on client 0
2025-09-15 11:44:37.325 TRACE : decode interaction for time 66.000 on client 0
2025-09-15 11:44:37.325 TRACE : decode interaction for time 66.083 on client 0
2025-09-15 11:44:37.325 TRACE : decode interaction for time 66.167 on client 0
2025-09-15 11:44:37.325 TRACE : decode interaction for time 66.250 on client 0
2025-09-15 11:44:37.325 TRACE : decode interaction for time 66.333 on client 0
2025-09-15 11:44:37.325 TRACE : decode interaction for time 66.417 on client 0
2025-09-15 11:44:37.325 TRACE : decode interaction for time 66.500 on client 0
2025-09-15 11:44:37.325 TRACE : decode interaction for time 66.583 on client 0
2025-09-15 11:44:37.325 TRACE : decode interaction for time 66.667 on client 0
2025-09-15 11:44:37.325 TRACE : decode interaction for time 66.750 on client 0
2025-09-15 11:44:37.325 TRACE : decode interaction for time 66.833 on client 0
2025-09-15 11:44:37.326 TRACE : decode interaction for time 66.917 on client 0
2025-09-15 11:44:37.326 TRACE : decode interaction for time 67.000 on client 0
2025-09-15 11:44:37.326 TRACE : decode interaction for time 67.083 on client 0
2025-09-15 11:44:37.326 TRACE : decode interaction for time 67.167 on client 0
2025-09-15 11:44:37.326 TRACE : decode interaction for time 67.250 on client 0
2025-09-15 11:44:37.326 TRACE : decode interaction for time 67.333 on client 0
2025-09-15 11:44:37.326 TRACE : decode interaction for time 67.417 on client 0
2025-09-15 11:44:37.326 TRACE : decode interaction for time 67.500 on client 0
2025-09-15 11:44:37.326 TRACE : decode interaction for time 67.583 on client 0
2025-09-15 11:44:37.326 TRACE : decode interaction for time 67.667 on client 0
2025-09-15 11:44:37.326 TRACE : decode interaction for time 67.750 on client 0
2025-09-15 11:44:37.326 TRACE : decode interaction for time 67.833 on client 0
2025-09-15 11:44:37.326 TRACE : decode interaction for time 67.917 on client 0
2025-09-15 11:44:37.326 TRACE : decode interaction for time 68.000 on client 0
2025-09-15 11:44:37.326 TRACE : decode interaction for time 68.083 on client 0
2025-09-15 11:44:37.326 TRACE : decode interaction for time 68.167 on client 0
2025-09-15 11:44:37.326 TRACE : decode interaction for time 68.250 on client 0
2025-09-15 11:44:37.327 TRACE : decode interaction for time 68.333 on client 0
2025-09-15 11:44:37.327 TRACE : decode interaction for time 68.417 on client 0
2025-09-15 11:44:37.327 TRACE : decode interaction for time 68.500 on client 0
2025-09-15 11:44:37.327 TRACE : decode interaction for time 68.583 on client 0
2025-09-15 11:44:37.327 TRACE : decode interaction for time 68.667 on client 0
2025-09-15 11:44:37.327 TRACE : decode interaction for time 68.750 on client 0
2025-09-15 11:44:37.327 TRACE : decode interaction for time 68.833 on client 0
2025-09-15 11:44:37.327 TRACE : decode interaction for time 68.917 on client 0
2025-09-15 11:44:37.327 TRACE : decode interaction for time 69.000 on client 0
2025-09-15 11:44:37.327 TRACE : decode interaction for time 69.083 on client 0
2025-09-15 11:44:37.327 TRACE : decode interaction for time 69.167 on client 0
2025-09-15 11:44:37.327 TRACE : decode interaction for time 69.250 on client 0
2025-09-15 11:44:37.327 TRACE : decode interaction for time 69.333 on client 0
2025-09-15 11:44:37.327 TRACE : decode interaction for time 69.417 on client 0
2025-09-15 11:44:37.327 TRACE : decode interaction for time 69.500 on client 0
2025-09-15 11:44:37.327 TRACE : decode interaction for time 69.583 on client 0
2025-09-15 11:44:37.328 TRACE : decode interaction for time 69.667 on client 0
2025-09-15 11:44:37.328 TRACE : decode interaction for time 69.750 on client 0
2025-09-15 11:44:37.328 TRACE : decode interaction for time 69.833 on client 0
2025-09-15 11:44:37.328 TRACE : decode interaction for time 69.917 on client 0
2025-09-15 11:44:37.328 TRACE : decode interaction for time 70.000 on client 0
2025-09-15 11:44:37.328 TRACE : decode interaction for time 70.083 on client 0
2025-09-15 11:44:37.328 TRACE : decode interaction for time 70.167 on client 0
2025-09-15 11:44:37.328 TRACE : decode interaction for time 70.250 on client 0
2025-09-15 11:44:37.328 TRACE : decode interaction for time 70.333 on client 0
2025-09-15 11:44:37.328 TRACE : decode interaction for time 70.417 on client 0
2025-09-15 11:44:37.328 TRACE : decode interaction for time 70.500 on client 0
2025-09-15 11:44:37.328 TRACE : decode interaction for time 70.583 on client 0
2025-09-15 11:44:37.328 TRACE : decode interaction for time 70.667 on client 0
2025-09-15 11:44:37.328 TRACE : decode interaction for time 70.750 on client 0
2025-09-15 11:44:37.328 TRACE : decode interaction for time 70.833 on client 0
2025-09-15 11:44:37.328 TRACE : decode interaction for time 70.917 on client 0
2025-09-15 11:44:37.328 TRACE : decode interaction for time 71.000 on client 0
2025-09-15 11:44:37.328 TRACE : decode interaction for time 71.083 on client 0
2025-09-15 11:44:37.328 TRACE : decode interaction for time 71.167 on client 0
2025-09-15 11:44:37.328 TRACE : decode interaction for time 71.250 on client 0
2025-09-15 11:44:37.328 TRACE : decode interaction for time 71.333 on client 0
2025-09-15 11:44:37.328 TRACE : decode interaction for time 71.417 on client 0
2025-09-15 11:44:37.328 TRACE : decode interaction for time 71.500 on client 0
2025-09-15 11:44:37.328 TRACE : decode interaction for time 71.583 on client 0
2025-09-15 11:44:37.328 TRACE : decode interaction for time 71.667 on client 0
2025-09-15 11:44:37.328 TRACE : decode interaction for time 71.750 on client 0
2025-09-15 11:44:37.328 TRACE : decode interaction for time 71.833 on client 0
2025-09-15 11:44:37.328 TRACE : decode interaction for time 71.917 on client 0
2025-09-15 11:44:37.328 TRACE : decode interaction for time 72.000 on client 0
2025-09-15 11:44:37.328 TRACE : decode interaction for time 72.083 on client 0
2025-09-15 11:44:37.328 TRACE : decode interaction for time 72.167 on client 0
2025-09-15 11:44:37.328 TRACE : decode interaction for time 72.250 on client 0
2025-09-15 11:44:37.328 TRACE : decode interaction for time 72.333 on client 0
2025-09-15 11:44:37.328 TRACE : decode interaction for time 72.417 on client 0
2025-09-15 11:44:37.329 TRACE : decode interaction for time 72.500 on client 0
2025-09-15 11:44:37.329 TRACE : decode interaction for time 72.583 on client 0
2025-09-15 11:44:37.329 TRACE : decode interaction for time 72.667 on client 0
2025-09-15 11:44:37.329 TRACE : decode interaction for time 72.750 on client 0
2025-09-15 11:44:37.329 TRACE : decode interaction for time 72.833 on client 0
2025-09-15 11:44:37.329 TRACE : decode interaction for time 72.917 on client 0
2025-09-15 11:44:37.329 TRACE : decode interaction for time 73.000 on client 0
2025-09-15 11:44:37.329 TRACE : decode interaction for time 73.083 on client 0
2025-09-15 11:44:37.329 TRACE : decode interaction for time 73.167 on client 0
2025-09-15 11:44:37.329 TRACE : decode interaction for time 73.250 on client 0
2025-09-15 11:44:37.329 TRACE : decode interaction for time 73.333 on client 0
2025-09-15 11:44:37.329 TRACE : decode interaction for time 73.417 on client 0
2025-09-15 11:44:37.329 TRACE : decode interaction for time 73.500 on client 0
2025-09-15 11:44:37.329 TRACE : decode interaction for time 73.583 on client 0
2025-09-15 11:44:37.329 TRACE : decode interaction for time 73.667 on client 0
2025-09-15 11:44:37.329 TRACE : decode interaction for time 73.750 on client 0
2025-09-15 11:44:37.330 TRACE : decode interaction for time 73.833 on client 0
2025-09-15 11:44:37.330 TRACE : decode interaction for time 73.917 on client 0
2025-09-15 11:44:37.330 TRACE : decode interaction for time 74.000 on client 0
2025-09-15 11:44:37.330 TRACE : decode interaction for time 74.083 on client 0
2025-09-15 11:44:37.330 TRACE : decode interaction for time 74.167 on client 0
2025-09-15 11:44:37.330 TRACE : decode interaction for time 74.250 on client 0
2025-09-15 11:44:37.330 TRACE : decode interaction for time 74.333 on client 0
2025-09-15 11:44:37.330 TRACE : decode interaction for time 74.417 on client 0
2025-09-15 11:44:37.330 TRACE : decode interaction for time 74.500 on client 0
2025-09-15 11:44:37.330 TRACE : decode interaction for time 74.583 on client 0
2025-09-15 11:44:37.330 TRACE : decode interaction for time 74.667 on client 0
2025-09-15 11:44:37.330 TRACE : decode interaction for time 74.750 on client 0
2025-09-15 11:44:37.330 TRACE : decode interaction for time 74.833 on client 0
2025-09-15 11:44:37.330 TRACE : decode interaction for time 74.917 on client 0
2025-09-15 11:44:37.330 TRACE : decode interaction for time 75.000 on client 0
2025-09-15 11:44:37.330 TRACE : decode interaction for time 75.083 on client 0
2025-09-15 11:44:37.330 TRACE : decode interaction for time 75.167 on client 0
2025-09-15 11:44:37.330 TRACE : decode interaction for time 75.250 on client 0
2025-09-15 11:44:37.330 TRACE : decode interaction for time 75.333 on client 0
2025-09-15 11:44:37.330 TRACE : decode interaction for time 75.417 on client 0
2025-09-15 11:44:37.330 TRACE : decode interaction for time 75.500 on client 0
2025-09-15 11:44:37.330 TRACE : decode interaction for time 75.583 on client 0
2025-09-15 11:44:37.330 TRACE : decode interaction for time 75.667 on client 0
2025-09-15 11:44:37.330 TRACE : decode interaction for time 75.750 on client 0
2025-09-15 11:44:37.330 TRACE : decode interaction for time 75.833 on client 0
2025-09-15 11:44:37.330 TRACE : decode interaction for time 75.917 on client 0
2025-09-15 11:44:37.330 TRACE : decode interaction for time 76.000 on client 0
2025-09-15 11:44:37.330 TRACE : decode interaction for time 76.083 on client 0
2025-09-15 11:44:37.330 TRACE : decode interaction for time 76.167 on client 0
2025-09-15 11:44:37.330 TRACE : decode interaction for time 76.250 on client 0
2025-09-15 11:44:37.330 TRACE : decode interaction for time 76.333 on client 0
2025-09-15 11:44:37.330 TRACE : decode interaction for time 76.417 on client 0
2025-09-15 11:44:37.330 TRACE : decode interaction for time 76.500 on client 0
2025-09-15 11:44:37.330 TRACE : decode interaction for time 76.583 on client 0
2025-09-15 11:44:37.331 TRACE : decode interaction for time 76.667 on client 0
2025-09-15 11:44:37.331 TRACE : decode interaction for time 76.750 on client 0
2025-09-15 11:44:37.331 TRACE : decode interaction for time 76.833 on client 0
2025-09-15 11:44:37.331 TRACE : decode interaction for time 76.917 on client 0
2025-09-15 11:44:37.331 TRACE : decode interaction for time 77.000 on client 0
2025-09-15 11:44:37.331 TRACE : decode interaction for time 77.083 on client 0
2025-09-15 11:44:37.331 TRACE : decode interaction for time 77.167 on client 0
2025-09-15 11:44:37.331 TRACE : decode interaction for time 77.250 on client 0
2025-09-15 11:44:37.331 TRACE : decode interaction for time 77.333 on client 0
2025-09-15 11:44:37.331 TRACE : decode interaction for time 77.417 on client 0
2025-09-15 11:44:37.331 TRACE : decode interaction for time 77.500 on client 0
2025-09-15 11:44:37.331 TRACE : decode interaction for time 77.583 on client 0
2025-09-15 11:44:37.331 TRACE : decode interaction for time 77.667 on client 0
2025-09-15 11:44:37.331 TRACE : decode interaction for time 77.750 on client 0
2025-09-15 11:44:37.331 TRACE : decode interaction for time 77.833 on client 0
2025-09-15 11:44:37.331 TRACE : decode interaction for time 77.917 on client 0
2025-09-15 11:44:37.331 TRACE : decode interaction for time 78.000 on client 0
2025-09-15 11:44:37.332 TRACE : decode interaction for time 78.083 on client 0
2025-09-15 11:44:37.332 TRACE : decode interaction for time 78.167 on client 0
2025-09-15 11:44:37.332 TRACE : decode interaction for time 78.250 on client 0
2025-09-15 11:44:37.332 TRACE : decode interaction for time 78.333 on client 0
2025-09-15 11:44:37.332 TRACE : decode interaction for time 78.417 on client 0
2025-09-15 11:44:37.332 TRACE : decode interaction for time 78.500 on client 0
2025-09-15 11:44:37.332 TRACE : decode interaction for time 78.583 on client 0
2025-09-15 11:44:37.332 TRACE : decode interaction for time 78.667 on client 0
2025-09-15 11:44:37.332 TRACE : decode interaction for time 78.750 on client 0
2025-09-15 11:44:37.332 TRACE : decode interaction for time 78.833 on client 0
2025-09-15 11:44:37.332 TRACE : decode interaction for time 78.917 on client 0
2025-09-15 11:44:37.332 TRACE : decode interaction for time 79.000 on client 0
2025-09-15 11:44:37.332 TRACE : decode interaction for time 79.083 on client 0
2025-09-15 11:44:37.332 TRACE : decode interaction for time 79.167 on client 0
2025-09-15 11:44:37.332 TRACE : decode interaction for time 79.250 on client 0
2025-09-15 11:44:37.332 TRACE : decode interaction for time 79.333 on client 0
2025-09-15 11:44:37.333 TRACE : decode interaction for time 79.417 on client 0
2025-09-15 11:44:37.333 TRACE : decode interaction for time 79.500 on client 0
2025-09-15 11:44:37.333 TRACE : decode interaction for time 79.583 on client 0
2025-09-15 11:44:37.333 TRACE : decode interaction for time 79.667 on client 0
2025-09-15 11:44:37.333 TRACE : decode interaction for time 79.750 on client 0
2025-09-15 11:44:37.333 TRACE : decode interaction for time 79.833 on client 0
2025-09-15 11:44:37.333 TRACE : decode interaction for time 79.917 on client 0
2025-09-15 11:44:37.333 TRACE : decode interaction for time 80.000 on client 0
2025-09-15 11:44:37.333 TRACE : decode interaction for time 80.083 on client 0
2025-09-15 11:44:37.333 TRACE : decode interaction for time 80.167 on client 0
2025-09-15 11:44:37.333 TRACE : decode interaction for time 80.250 on client 0
2025-09-15 11:44:37.333 TRACE : decode interaction for time 80.333 on client 0
2025-09-15 11:44:37.333 TRACE : decode interaction for time 80.417 on client 0
2025-09-15 11:44:37.333 TRACE : decode interaction for time 80.500 on client 0
2025-09-15 11:44:37.333 TRACE : decode interaction for time 80.583 on client 0
2025-09-15 11:44:37.333 TRACE : decode interaction for time 80.667 on client 0
2025-09-15 11:44:37.333 TRACE : decode interaction for time 80.750 on client 0
2025-09-15 11:44:37.334 TRACE : decode interaction for time 80.833 on client 0
2025-09-15 11:44:37.334 TRACE : decode interaction for time 80.917 on client 0
2025-09-15 11:44:37.334 TRACE : decode interaction for time 81.000 on client 0
2025-09-15 11:44:37.334 TRACE : decode interaction for time 81.083 on client 0
2025-09-15 11:44:37.334 TRACE : decode interaction for time 81.167 on client 0
2025-09-15 11:44:37.334 TRACE : decode interaction for time 81.250 on client 0
2025-09-15 11:44:37.334 TRACE : decode interaction for time 81.333 on client 0
2025-09-15 11:44:37.334 TRACE : decode interaction for time 81.417 on client 0
2025-09-15 11:44:37.334 TRACE : decode interaction for time 81.500 on client 0
2025-09-15 11:44:37.334 TRACE : decode interaction for time 81.583 on client 0
2025-09-15 11:44:37.334 TRACE : decode interaction for time 81.667 on client 0
2025-09-15 11:44:37.334 TRACE : decode interaction for time 81.750 on client 0
2025-09-15 11:44:37.334 TRACE : decode interaction for time 81.833 on client 0
2025-09-15 11:44:37.334 TRACE : decode interaction for time 81.917 on client 0
2025-09-15 11:44:37.334 TRACE : decode interaction for time 82.000 on client 0
2025-09-15 11:44:37.334 TRACE : decode interaction for time 82.083 on client 0
2025-09-15 11:44:37.334 TRACE : decode interaction for time 82.167 on client 0
2025-09-15 11:44:37.334 TRACE : decode interaction for time 82.250 on client 0
2025-09-15 11:44:37.334 TRACE : decode interaction for time 82.333 on client 0
2025-09-15 11:44:37.334 TRACE : decode interaction for time 82.417 on client 0
2025-09-15 11:44:37.334 TRACE : decode interaction for time 82.500 on client 0
2025-09-15 11:44:37.334 TRACE : decode interaction for time 82.583 on client 0
2025-09-15 11:44:37.334 TRACE : decode interaction for time 82.667 on client 0
2025-09-15 11:44:37.334 TRACE : decode interaction for time 82.750 on client 0
2025-09-15 11:44:37.334 TRACE : decode interaction for time 82.833 on client 0
2025-09-15 11:44:37.334 TRACE : decode interaction for time 82.917 on client 0
2025-09-15 11:44:37.334 TRACE : decode interaction for time 83.000 on client 0
2025-09-15 11:44:37.334 TRACE : decode interaction for time 83.083 on client 0
2025-09-15 11:44:37.334 TRACE : decode interaction for time 83.167 on client 0
2025-09-15 11:44:37.334 TRACE : decode interaction for time 83.250 on client 0
2025-09-15 11:44:37.334 TRACE : decode interaction for time 83.333 on client 0
2025-09-15 11:44:37.334 TRACE : decode interaction for time 83.417 on client 0
2025-09-15 11:44:37.334 TRACE : decode interaction for time 83.500 on client 0
2025-09-15 11:44:37.335 TRACE : decode interaction for time 83.583 on client 0
2025-09-15 11:44:37.335 TRACE : decode interaction for time 83.667 on client 0
2025-09-15 11:44:37.335 TRACE : decode interaction for time 83.750 on client 0
2025-09-15 11:44:37.335 TRACE : decode interaction for time 83.833 on client 0
2025-09-15 11:44:37.335 TRACE : decode interaction for time 83.917 on client 0
2025-09-15 11:44:37.335 TRACE : decode interaction for time 84.000 on client 0
2025-09-15 11:44:37.335 TRACE : decode interaction for time 84.083 on client 0
2025-09-15 11:44:37.335 TRACE : decode interaction for time 84.167 on client 0
2025-09-15 11:44:37.335 TRACE : decode interaction for time 84.250 on client 0
2025-09-15 11:44:37.335 TRACE : decode interaction for time 84.333 on client 0
2025-09-15 11:44:37.335 TRACE : decode interaction for time 84.417 on client 0
2025-09-15 11:44:37.335 TRACE : decode interaction for time 84.500 on client 0
2025-09-15 11:44:37.335 TRACE : decode interaction for time 84.583 on client 0
2025-09-15 11:44:37.335 TRACE : decode interaction for time 84.667 on client 0
2025-09-15 11:44:37.335 TRACE : decode interaction for time 84.750 on client 0
2025-09-15 11:44:37.335 TRACE : decode interaction for time 84.833 on client 0
2025-09-15 11:44:37.335 TRACE : decode interaction for time 84.917 on client 0
2025-09-15 11:44:37.336 TRACE : decode interaction for time 85.000 on client 0
2025-09-15 11:44:37.336 TRACE : decode interaction for time 85.083 on client 0
2025-09-15 11:44:37.336 TRACE : decode interaction for time 85.167 on client 0
2025-09-15 11:44:37.336 TRACE : decode interaction for time 85.250 on client 0
2025-09-15 11:44:37.336 TRACE : decode interaction for time 85.333 on client 0
2025-09-15 11:44:37.336 TRACE : decode interaction for time 85.417 on client 0
2025-09-15 11:44:37.336 TRACE : decode interaction for time 85.500 on client 0
2025-09-15 11:44:37.336 TRACE : decode interaction for time 85.583 on client 0
2025-09-15 11:44:37.336 TRACE : decode interaction for time 85.667 on client 0
2025-09-15 11:44:37.336 TRACE : decode interaction for time 85.750 on client 0
2025-09-15 11:44:37.336 TRACE : decode interaction for time 85.833 on client 0
2025-09-15 11:44:37.336 TRACE : decode interaction for time 85.917 on client 0
2025-09-15 11:44:37.336 TRACE : decode interaction for time 86.000 on client 0
2025-09-15 11:44:37.336 TRACE : decode interaction for time 86.083 on client 0
2025-09-15 11:44:37.336 TRACE : decode interaction for time 86.167 on client 0
2025-09-15 11:44:37.336 TRACE : decode interaction for time 86.250 on client 0
2025-09-15 11:44:37.336 TRACE : decode interaction for time 86.333 on client 0
2025-09-15 11:44:37.337 TRACE : decode interaction for time 86.417 on client 0
2025-09-15 11:44:37.337 TRACE : decode interaction for time 86.500 on client 0
2025-09-15 11:44:37.337 TRACE : decode interaction for time 86.583 on client 0
2025-09-15 11:44:37.337 TRACE : decode interaction for time 86.667 on client 0
2025-09-15 11:44:37.337 TRACE : decode interaction for time 86.750 on client 0
2025-09-15 11:44:37.337 TRACE : decode interaction for time 86.833 on client 0
2025-09-15 11:44:37.337 TRACE : decode interaction for time 86.917 on client 0
2025-09-15 11:44:37.337 TRACE : decode interaction for time 87.000 on client 0
2025-09-15 11:44:37.337 TRACE : decode interaction for time 87.083 on client 0
2025-09-15 11:44:37.337 TRACE : decode interaction for time 87.167 on client 0
2025-09-15 11:44:37.337 TRACE : decode interaction for time 87.250 on client 0
2025-09-15 11:44:37.337 TRACE : decode interaction for time 87.333 on client 0
2025-09-15 11:44:37.337 TRACE : decode interaction for time 87.417 on client 0
2025-09-15 11:44:37.337 TRACE : decode interaction for time 87.500 on client 0
2025-09-15 11:44:37.337 TRACE : decode interaction for time 87.583 on client 0
2025-09-15 11:44:37.337 TRACE : decode interaction for time 87.667 on client 0
2025-09-15 11:44:37.337 TRACE : decode interaction for time 87.750 on client 0
2025-09-15 11:44:37.338 TRACE : decode interaction for time 87.833 on client 0
2025-09-15 11:44:37.338 TRACE : decode interaction for time 87.917 on client 0
2025-09-15 11:44:37.338 TRACE : decode interaction for time 88.000 on client 0
2025-09-15 11:44:37.338 TRACE : decode interaction for time 88.083 on client 0
2025-09-15 11:44:37.338 TRACE : decode interaction for time 88.167 on client 0
2025-09-15 11:44:37.338 TRACE : decode interaction for time 88.250 on client 0
2025-09-15 11:44:37.338 TRACE : decode interaction for time 88.333 on client 0
2025-09-15 11:44:37.338 TRACE : decode interaction for time 88.417 on client 0
2025-09-15 11:44:37.338 TRACE : decode interaction for time 88.500 on client 0
2025-09-15 11:44:37.338 TRACE : decode interaction for time 88.583 on client 0
2025-09-15 11:44:37.338 TRACE : decode interaction for time 88.667 on client 0
2025-09-15 11:44:37.338 TRACE : decode interaction for time 88.750 on client 0
2025-09-15 11:44:37.338 TRACE : decode interaction for time 88.833 on client 0
2025-09-15 11:44:37.338 TRACE : decode interaction for time 88.917 on client 0
2025-09-15 11:44:37.338 TRACE : decode interaction for time 89.000 on client 0
2025-09-15 11:44:37.338 TRACE : decode interaction for time 89.083 on client 0
2025-09-15 11:44:37.339 TRACE : decode interaction for time 89.167 on client 0
2025-09-15 11:44:37.339 TRACE : decode interaction for time 89.250 on client 0
2025-09-15 11:44:37.339 TRACE : decode interaction for time 89.333 on client 0
2025-09-15 11:44:37.339 TRACE : decode interaction for time 89.417 on client 0
2025-09-15 11:44:37.339 TRACE : decode interaction for time 89.500 on client 0
2025-09-15 11:44:37.339 TRACE : decode interaction for time 89.583 on client 0
2025-09-15 11:44:37.339 TRACE : decode interaction for time 89.667 on client 0
2025-09-15 11:44:37.339 TRACE : decode interaction for time 89.750 on client 0
2025-09-15 11:44:37.339 TRACE : decode interaction for time 89.833 on client 0
2025-09-15 11:44:37.339 TRACE : decode interaction for time 89.917 on client 0
2025-09-15 11:44:37.339 TRACE : decode interaction for time 90.000 on client 0
2025-09-15 11:44:37.339 TRACE : decode interaction for time 90.083 on client 0
2025-09-15 11:44:37.339 TRACE : decode interaction for time 90.167 on client 0
2025-09-15 11:44:37.339 TRACE : decode interaction for time 90.250 on client 0
2025-09-15 11:44:37.339 TRACE : decode interaction for time 90.333 on client 0
2025-09-15 11:44:37.339 TRACE : decode interaction for time 90.417 on client 0
2025-09-15 11:44:37.339 TRACE : decode interaction for time 90.500 on client 0
2025-09-15 11:44:37.340 TRACE : decode interaction for time 90.583 on client 0
2025-09-15 11:44:37.340 TRACE : decode interaction for time 90.667 on client 0
2025-09-15 11:44:37.340 TRACE : decode interaction for time 90.750 on client 0
2025-09-15 11:44:37.340 TRACE : decode interaction for time 90.833 on client 0
2025-09-15 11:44:37.340 TRACE : decode interaction for time 90.917 on client 0
2025-09-15 11:44:37.340 TRACE : decode interaction for time 91.000 on client 0
2025-09-15 11:44:37.340 TRACE : decode interaction for time 91.083 on client 0
2025-09-15 11:44:37.340 TRACE : decode interaction for time 91.167 on client 0
2025-09-15 11:44:37.340 TRACE : decode interaction for time 91.250 on client 0
2025-09-15 11:44:37.340 TRACE : decode interaction for time 91.333 on client 0
2025-09-15 11:44:37.340 TRACE : decode interaction for time 91.417 on client 0
2025-09-15 11:44:37.340 TRACE : decode interaction for time 91.500 on client 0
2025-09-15 11:44:37.340 TRACE : decode interaction for time 91.583 on client 0
2025-09-15 11:44:37.340 TRACE : decode interaction for time 91.667 on client 0
2025-09-15 11:44:37.340 TRACE : decode interaction for time 91.750 on client 0
2025-09-15 11:44:37.340 TRACE : decode interaction for time 91.833 on client 0
2025-09-15 11:44:37.340 TRACE : decode interaction for time 91.917 on client 0
2025-09-15 11:44:37.341 TRACE : decode interaction for time 92.000 on client 0
2025-09-15 11:44:37.341 TRACE : decode interaction for time 92.083 on client 0
2025-09-15 11:44:37.341 TRACE : decode interaction for time 92.167 on client 0
2025-09-15 11:44:37.341 TRACE : decode interaction for time 92.250 on client 0
2025-09-15 11:44:37.341 TRACE : decode interaction for time 92.333 on client 0
2025-09-15 11:44:37.341 TRACE : decode interaction for time 92.417 on client 0
2025-09-15 11:44:37.341 TRACE : decode interaction for time 92.500 on client 0
2025-09-15 11:44:37.341 TRACE : decode interaction for time 92.583 on client 0
2025-09-15 11:44:37.341 TRACE : decode interaction for time 92.667 on client 0
2025-09-15 11:44:37.341 TRACE : decode interaction for time 92.750 on client 0
2025-09-15 11:44:37.341 TRACE : decode interaction for time 92.833 on client 0
2025-09-15 11:44:37.341 TRACE : decode interaction for time 92.917 on client 0
2025-09-15 11:44:37.341 TRACE : decode interaction for time 93.000 on client 0
2025-09-15 11:44:37.341 TRACE : decode interaction for time 93.083 on client 0
2025-09-15 11:44:37.341 TRACE : decode interaction for time 93.167 on client 0
2025-09-15 11:44:37.341 TRACE : decode interaction for time 93.250 on client 0
2025-09-15 11:44:37.341 TRACE : decode interaction for time 93.333 on client 0
2025-09-15 11:44:37.341 TRACE : decode interaction for time 93.417 on client 0
2025-09-15 11:44:37.341 TRACE : decode interaction for time 93.500 on client 0
2025-09-15 11:44:37.341 TRACE : decode interaction for time 93.583 on client 0
2025-09-15 11:44:37.341 TRACE : decode interaction for time 93.667 on client 0
2025-09-15 11:44:37.341 TRACE : decode interaction for time 93.750 on client 0
2025-09-15 11:44:37.341 TRACE : decode interaction for time 93.833 on client 0
2025-09-15 11:44:37.341 TRACE : decode interaction for time 93.917 on client 0
2025-09-15 11:44:37.341 TRACE : decode interaction for time 94.000 on client 0
2025-09-15 11:44:37.341 TRACE : decode interaction for time 94.083 on client 0
2025-09-15 11:44:37.341 TRACE : decode interaction for time 94.167 on client 0
2025-09-15 11:44:37.341 TRACE : decode interaction for time 94.250 on client 0
2025-09-15 11:44:37.341 TRACE : decode interaction for time 94.333 on client 0
2025-09-15 11:44:37.341 TRACE : decode interaction for time 94.417 on client 0
2025-09-15 11:44:37.341 TRACE : decode interaction for time 94.500 on client 0
2025-09-15 11:44:37.341 TRACE : decode interaction for time 94.583 on client 0
2025-09-15 11:44:37.342 TRACE : decode interaction for time 94.667 on client 0
2025-09-15 11:44:37.342 TRACE : decode interaction for time 94.750 on client 0
2025-09-15 11:44:37.342 TRACE : decode interaction for time 94.833 on client 0
2025-09-15 11:44:37.342 TRACE : decode interaction for time 94.917 on client 0
2025-09-15 11:44:37.342 TRACE : decode interaction for time 95.000 on client 0
2025-09-15 11:44:37.342 TRACE : decode interaction for time 95.083 on client 0
2025-09-15 11:44:37.342 TRACE : decode interaction for time 95.167 on client 0
2025-09-15 11:44:37.342 TRACE : decode interaction for time 95.250 on client 0
2025-09-15 11:44:37.342 TRACE : decode interaction for time 95.333 on client 0
2025-09-15 11:44:37.342 TRACE : decode interaction for time 95.417 on client 0
2025-09-15 11:44:37.342 TRACE : decode interaction for time 95.500 on client 0
2025-09-15 11:44:37.342 TRACE : decode interaction for time 95.583 on client 0
2025-09-15 11:44:37.342 TRACE : decode interaction for time 95.667 on client 0
2025-09-15 11:44:37.342 TRACE : decode interaction for time 95.750 on client 0
2025-09-15 11:44:37.342 TRACE : decode interaction for time 95.833 on client 0
2025-09-15 11:44:37.342 TRACE : decode interaction for time 95.917 on client 0
2025-09-15 11:44:37.342 TRACE : decode interaction for time 96.000 on client 0
2025-09-15 11:44:37.342 TRACE : decode interaction for time 96.083 on client 0
2025-09-15 11:44:37.343 TRACE : decode interaction for time 96.167 on client 0
2025-09-15 11:44:37.343 TRACE : decode interaction for time 96.250 on client 0
2025-09-15 11:44:37.343 TRACE : decode interaction for time 96.333 on client 0
2025-09-15 11:44:37.343 TRACE : decode interaction for time 96.417 on client 0
2025-09-15 11:44:37.343 TRACE : decode interaction for time 96.500 on client 0
2025-09-15 11:44:37.343 TRACE : decode interaction for time 96.583 on client 0
2025-09-15 11:44:37.343 TRACE : decode interaction for time 96.667 on client 0
2025-09-15 11:44:37.343 TRACE : decode interaction for time 96.750 on client 0
2025-09-15 11:44:37.343 TRACE : decode interaction for time 96.833 on client 0
2025-09-15 11:44:37.343 TRACE : decode interaction for time 96.917 on client 0
2025-09-15 11:44:37.343 TRACE : decode interaction for time 97.000 on client 0
2025-09-15 11:44:37.343 TRACE : decode interaction for time 97.083 on client 0
2025-09-15 11:44:37.343 TRACE : decode interaction for time 97.167 on client 0
2025-09-15 11:44:37.343 TRACE : decode interaction for time 97.250 on client 0
2025-09-15 11:44:37.343 TRACE : decode interaction for time 97.333 on client 0
2025-09-15 11:44:37.343 TRACE : decode interaction for time 97.417 on client 0
2025-09-15 11:44:37.343 TRACE : decode interaction for time 97.500 on client 0
2025-09-15 11:44:37.344 TRACE : decode interaction for time 97.583 on client 0
2025-09-15 11:44:37.344 TRACE : decode interaction for time 97.667 on client 0
2025-09-15 11:44:37.344 TRACE : decode interaction for time 97.750 on client 0
2025-09-15 11:44:37.344 TRACE : decode interaction for time 97.833 on client 0
2025-09-15 11:44:37.344 TRACE : decode interaction for time 97.917 on client 0
2025-09-15 11:44:37.344 TRACE : decode interaction for time 98.000 on client 0
2025-09-15 11:44:37.344 TRACE : decode interaction for time 98.083 on client 0
2025-09-15 11:44:37.344 TRACE : decode interaction for time 98.167 on client 0
2025-09-15 11:44:37.344 TRACE : decode interaction for time 98.250 on client 0
2025-09-15 11:44:37.344 TRACE : decode interaction for time 98.333 on client 0
2025-09-15 11:44:37.344 TRACE : decode interaction for time 98.417 on client 0
2025-09-15 11:44:37.344 TRACE : decode interaction for time 98.500 on client 0
2025-09-15 11:44:37.344 TRACE : decode interaction for time 98.583 on client 0
2025-09-15 11:44:37.344 TRACE : decode interaction for time 98.667 on client 0
2025-09-15 11:44:37.344 TRACE : decode interaction for time 98.750 on client 0
2025-09-15 11:44:37.344 TRACE : decode interaction for time 98.833 on client 0
2025-09-15 11:44:37.345 TRACE : decode interaction for time 98.917 on client 0
2025-09-15 11:44:37.345 TRACE : decode interaction for time 99.000 on client 0
2025-09-15 11:44:37.345 TRACE : decode interaction for time 99.083 on client 0
2025-09-15 11:44:37.345 TRACE : decode interaction for time 99.167 on client 0
2025-09-15 11:44:37.345 TRACE : decode interaction for time 99.250 on client 0
2025-09-15 11:44:37.345 TRACE : decode interaction for time 99.333 on client 0
2025-09-15 11:44:37.345 TRACE : decode interaction for time 99.417 on client 0
2025-09-15 11:44:37.345 TRACE : decode interaction for time 99.500 on client 0
2025-09-15 11:44:37.345 TRACE : decode interaction for time 99.583 on client 0
2025-09-15 11:44:37.345 TRACE : decode interaction for time 99.667 on client 0
2025-09-15 11:44:37.345 TRACE : decode interaction for time 99.750 on client 0
2025-09-15 11:44:37.345 TRACE : decode interaction for time 99.833 on client 0
2025-09-15 11:44:37.345 TRACE : decode interaction for time 99.917 on client 0
2025-09-15 11:44:37.345 TRACE : decode interaction for time 100.000 on client 0
2025-09-15 11:44:37.345 DEBUG : runtime is ready
2025-09-15 11:44:37.345 DEBUG : numDecoded = 0
2025-09-15 11:44:37.345 TRACE : closed decode channel
2025-09-15 11:44:37.345 TRACE : sort interactions
2025-09-15 11:44:37.345 DEBUG : synchronize with primary
2025-09-15 11:44:37.345 TRACE : wait for primary start signal
2025-09-15 11:44:37.345 INFO  : run benchmark for 100.000 seconds
2025-09-15 11:44:37.429 TRACE : trigger interaction 0xc0003e0000 1/1200
[TRACE] Decoding transaction bytes of length: 229
[TRACE] Transaction type: 6
[TRACE] Successfully decoded transaction with hash: 6005ed8363d1c0185c4225bfb657c49f9c946ca1e945ad6edd5eddc3fec2d59e
2025-09-15 11:44:37.430 TRACE client[0]: Processing transaction with hash: 6005ed8363d1c0185c4225bfb657c49f9c946ca1e945ad6edd5eddc3fec2d59e
2025-09-15 11:44:37.430 DEBUG client[0]: Submitting transaction 6005ed8363d1c0185c4225bfb657c49f9c946ca1e945ad6edd5eddc3fec2d59e
2025-09-15 11:44:37.513 TRACE : trigger interaction 0xc0003e00f0 2/1200
[TRACE] Decoding transaction bytes of length: 229
[TRACE] Transaction type: 6
[TRACE] Successfully decoded transaction with hash: 2768992e50189841e3724299075e9b8f5667647dbb8908bfa7c65ef674019523
2025-09-15 11:44:37.513 TRACE client[0]: Processing transaction with hash: 2768992e50189841e3724299075e9b8f5667647dbb8908bfa7c65ef674019523
2025-09-15 11:44:37.513 DEBUG client[0]: Submitting transaction 2768992e50189841e3724299075e9b8f5667647dbb8908bfa7c65ef674019523
2025-09-15 11:44:37.596 TRACE : trigger interaction 0xc0003e01e0 3/1200
[TRACE] Decoding transaction bytes of length: 229
[TRACE] Transaction type: 6
[TRACE] Successfully decoded transaction with hash: 4fc8b4a6b27973c1184d5d84e293ebfce9edad6140acd1e1c5d5cba6c845239e
2025-09-15 11:44:37.596 TRACE client[0]: Processing transaction with hash: 4fc8b4a6b27973c1184d5d84e293ebfce9edad6140acd1e1c5d5cba6c845239e
2025-09-15 11:44:37.596 DEBUG client[0]: Submitting transaction 4fc8b4a6b27973c1184d5d84e293ebfce9edad6140acd1e1c5d5cba6c845239e
2025-09-15 11:44:37.679 TRACE : trigger interaction 0xc0003e02d0 4/1200
[TRACE] Decoding transaction bytes of length: 229
[TRACE] Transaction type: 6
[TRACE] Successfully decoded transaction with hash: a7f0c58a1fa6538f349deec34c92807af359af12bf58444e12cf0b604b00e4ad
2025-09-15 11:44:37.679 TRACE client[0]: Processing transaction with hash: a7f0c58a1fa6538f349deec34c92807af359af12bf58444e12cf0b604b00e4ad
2025-09-15 11:44:37.679 DEBUG client[0]: Submitting transaction a7f0c58a1fa6538f349deec34c92807af359af12bf58444e12cf0b604b00e4ad
2025-09-15 11:44:37.762 TRACE : trigger interaction 0xc0003e03c0 5/1200
[TRACE] Decoding transaction bytes of length: 229
[TRACE] Transaction type: 6
[TRACE] Successfully decoded transaction with hash: 9955d045e2426e0c0b1cc9c92412c6657f5038c0b7befa29e1c193c2565f0865
2025-09-15 11:44:37.762 TRACE client[0]: Processing transaction with hash: 9955d045e2426e0c0b1cc9c92412c6657f5038c0b7befa29e1c193c2565f0865
2025-09-15 11:44:37.763 DEBUG client[0]: Submitting transaction 9955d045e2426e0c0b1cc9c92412c6657f5038c0b7befa29e1c193c2565f0865
2025-09-15 11:44:37.845 TRACE : trigger interaction 0xc0003e04b0 6/1200
[TRACE] Decoding transaction bytes of length: 229
[TRACE] Transaction type: 6
[TRACE] Successfully decoded transaction with hash: 7ac56c5527165ea54a8680cbf4803e224a1ead9fca77cde0537a7c98e3e068a1
2025-09-15 11:44:37.846 TRACE client[0]: Processing transaction with hash: 7ac56c5527165ea54a8680cbf4803e224a1ead9fca77cde0537a7c98e3e068a1
2025-09-15 11:44:37.846 DEBUG client[0]: Submitting transaction 7ac56c5527165ea54a8680cbf4803e224a1ead9fca77cde0537a7c98e3e068a1
2025-09-15 11:44:37.929 TRACE : trigger interaction 0xc0003e05a0 7/1200
[TRACE] Decoding transaction bytes of length: 229
[TRACE] Transaction type: 6
[TRACE] Successfully decoded transaction with hash: 69aab05a77328fdc8b97c6b6deb55c22ef471b21de5b8d647aef7fe0694717a3
2025-09-15 11:44:37.929 TRACE client[0]: Processing transaction with hash: 69aab05a77328fdc8b97c6b6deb55c22ef471b21de5b8d647aef7fe0694717a3
2025-09-15 11:44:37.929 DEBUG client[0]: Submitting transaction 69aab05a77328fdc8b97c6b6deb55c22ef471b21de5b8d647aef7fe0694717a3
2025-09-15 11:44:38.013 TRACE : trigger interaction 0xc0003e0690 8/1200
[TRACE] Decoding transaction bytes of length: 229
[TRACE] Transaction type: 6
[TRACE] Successfully decoded transaction with hash: 231b29242b5c4ae8ae4d36da69d76b8a11e27d359ed8ae4565299cf331096ce9
2025-09-15 11:44:38.013 TRACE client[0]: Processing transaction with hash: 231b29242b5c4ae8ae4d36da69d76b8a11e27d359ed8ae4565299cf331096ce9
2025-09-15 11:44:38.013 DEBUG client[0]: Submitting transaction 231b29242b5c4ae8ae4d36da69d76b8a11e27d359ed8ae4565299cf331096ce9
2025-09-15 11:44:38.096 TRACE : trigger interaction 0xc0003e0780 9/1200
[TRACE] Decoding transaction bytes of length: 229
[TRACE] Transaction type: 6
[TRACE] Successfully decoded transaction with hash: 6986337ea7e505a6cee62cc93c79567c9f95463f4a621c754143e0d3f196fdad
2025-09-15 11:44:38.096 TRACE client[0]: Processing transaction with hash: 6986337ea7e505a6cee62cc93c79567c9f95463f4a621c754143e0d3f196fdad
2025-09-15 11:44:38.096 DEBUG client[0]: Submitting transaction 6986337ea7e505a6cee62cc93c79567c9f95463f4a621c754143e0d3f196fdad
2025-09-15 11:44:38.179 TRACE : trigger interaction 0xc0003e0870 10/1200
[TRACE] Decoding transaction bytes of length: 229
[TRACE] Transaction type: 6
[TRACE] Successfully decoded transaction with hash: f682564873bf6e40c7eda1c6a135125718f28730779c97ea9f47945dcd1531af
2025-09-15 11:44:38.179 TRACE client[0]: Processing transaction with hash: f682564873bf6e40c7eda1c6a135125718f28730779c97ea9f47945dcd1531af
2025-09-15 11:44:38.179 DEBUG client[0]: Submitting transaction f682564873bf6e40c7eda1c6a135125718f28730779c97ea9f47945dcd1531af
2025-09-15 11:44:38.262 TRACE : trigger interaction 0xc0003e0960 11/1200
[TRACE] Decoding transaction bytes of length: 229
[TRACE] Transaction type: 6
[TRACE] Successfully decoded transaction with hash: 3c3b5077d6d39578dc90cf0a1a0a0b1e2b910c776ec6a5ca2f788084c4eceb9d
2025-09-15 11:44:38.262 TRACE client[0]: Processing transaction with hash: 3c3b5077d6d39578dc90cf0a1a0a0b1e2b910c776ec6a5ca2f788084c4eceb9d
2025-09-15 11:44:38.262 DEBUG client[0]: Submitting transaction 3c3b5077d6d39578dc90cf0a1a0a0b1e2b910c776ec6a5ca2f788084c4eceb9d
2025-09-15 11:44:38.346 TRACE : trigger interaction 0xc0003e0a50 12/1200
[TRACE] Decoding transaction bytes of length: 229
[TRACE] Transaction type: 6
[TRACE] Successfully decoded transaction with hash: 839b5b7059bfe51bc87a49835dd1d45bcc22ec001e3008a262f2e4e82c2e242e
2025-09-15 11:44:38.346 TRACE client[0]: Processing transaction with hash: 839b5b7059bfe51bc87a49835dd1d45bcc22ec001e3008a262f2e4e82c2e242e
2025-09-15 11:44:38.346 DEBUG client[0]: Submitting transaction 839b5b7059bfe51bc87a49835dd1d45bcc22ec001e3008a262f2e4e82c2e242e
2025-09-15 11:44:38.429 TRACE : trigger interaction 0xc0003e0b40 13/1200
[TRACE] Decoding transaction bytes of length: 229
[TRACE] Transaction type: 6
[TRACE] Successfully decoded transaction with hash: a40d204463f1a7b8f6515a20ca0ce01bb91d5c3b39f09b4b1930f2f3e360ed56
2025-09-15 11:44:38.429 TRACE client[0]: Processing transaction with hash: a40d204463f1a7b8f6515a20ca0ce01bb91d5c3b39f09b4b1930f2f3e360ed56
2025-09-15 11:44:38.429 DEBUG client[0]: Submitting transaction a40d204463f1a7b8f6515a20ca0ce01bb91d5c3b39f09b4b1930f2f3e360ed56
2025-09-15 11:44:38.513 TRACE : trigger interaction 0xc0003e0c30 14/1200
[TRACE] Decoding transaction bytes of length: 229
[TRACE] Transaction type: 6
[TRACE] Successfully decoded transaction with hash: 736ed599fe4a2e1c502ac513ae59cc63a87cc5d3acbaaeb3f433389f3e33831c
2025-09-15 11:44:38.513 TRACE client[0]: Processing transaction with hash: 736ed599fe4a2e1c502ac513ae59cc63a87cc5d3acbaaeb3f433389f3e33831c
2025-09-15 11:44:38.513 DEBUG client[0]: Submitting transaction 736ed599fe4a2e1c502ac513ae59cc63a87cc5d3acbaaeb3f433389f3e33831c
2025-09-15 11:44:38.596 TRACE : trigger interaction 0xc0003e0d20 15/1200
[TRACE] Decoding transaction bytes of length: 229
[TRACE] Transaction type: 6
[TRACE] Successfully decoded transaction with hash: e52582c5a40a64cbd5e9b06312e6ea0702666051f9e89df32316cbb735baa820
2025-09-15 11:44:38.596 TRACE client[0]: Processing transaction with hash: e52582c5a40a64cbd5e9b06312e6ea0702666051f9e89df32316cbb735baa820
2025-09-15 11:44:38.596 DEBUG client[0]: Submitting transaction e52582c5a40a64cbd5e9b06312e6ea0702666051f9e89df32316cbb735baa820
2025-09-15 11:44:38.679 TRACE : trigger interaction 0xc0003e0e10 16/1200
[TRACE] Decoding transaction bytes of length: 229
[TRACE] Transaction type: 6
[TRACE] Successfully decoded transaction with hash: 914e71deff8ba931be7422da26dd69479d5789044ea92ddb6af91d4868374996
2025-09-15 11:44:38.679 TRACE client[0]: Processing transaction with hash: 914e71deff8ba931be7422da26dd69479d5789044ea92ddb6af91d4868374996
2025-09-15 11:44:38.679 DEBUG client[0]: Submitting transaction 914e71deff8ba931be7422da26dd69479d5789044ea92ddb6af91d4868374996
2025-09-15 11:44:38.763 TRACE : trigger interaction 0xc0003e0f00 17/1200
[TRACE] Decoding transaction bytes of length: 229
[TRACE] Transaction type: 6
[TRACE] Successfully decoded transaction with hash: 5d76b90c09143b20695fc9e2fc0278293519910f9e351ed440ffb2a1252a9aac
2025-09-15 11:44:38.763 TRACE client[0]: Processing transaction with hash: 5d76b90c09143b20695fc9e2fc0278293519910f9e351ed440ffb2a1252a9aac
2025-09-15 11:44:38.763 DEBUG client[0]: Submitting transaction 5d76b90c09143b20695fc9e2fc0278293519910f9e351ed440ffb2a1252a9aac
2025-09-15 11:44:38.845 TRACE : trigger interaction 0xc0003e0ff0 18/1200
[TRACE] Decoding transaction bytes of length: 229
[TRACE] Transaction type: 6
[TRACE] Successfully decoded transaction with hash: 6d7983e85cded738f44f41eb48b9928453a09064d555b4bfd36aeb28b7bbde9a
2025-09-15 11:44:38.846 TRACE client[0]: Processing transaction with hash: 6d7983e85cded738f44f41eb48b9928453a09064d555b4bfd36aeb28b7bbde9a
2025-09-15 11:44:38.846 DEBUG client[0]: Submitting transaction 6d7983e85cded738f44f41eb48b9928453a09064d555b4bfd36aeb28b7bbde9a
2025-09-15 11:44:38.929 TRACE : trigger interaction 0xc0003e10e0 19/1200
[TRACE] Decoding transaction bytes of length: 229
[TRACE] Transaction type: 6
[TRACE] Successfully decoded transaction with hash: b8ac103abb6f877ddd0aac9e5b1109b98167d6aa13ecc73e6936d7c257a432f8
2025-09-15 11:44:38.929 TRACE client[0]: Processing transaction with hash: b8ac103abb6f877ddd0aac9e5b1109b98167d6aa13ecc73e6936d7c257a432f8
2025-09-15 11:44:38.929 DEBUG client[0]: Submitting transaction b8ac103abb6f877ddd0aac9e5b1109b98167d6aa13ecc73e6936d7c257a432f8
2025-09-15 11:44:39.013 TRACE : trigger interaction 0xc0003e11d0 20/1200
[TRACE] Decoding transaction bytes of length: 229
[TRACE] Transaction type: 6
[TRACE] Successfully decoded transaction with hash: 7f550781c6908c14905ea970770746b8376846038b7e1a986337a03a02cbc9c3
2025-09-15 11:44:39.013 TRACE client[0]: Processing transaction with hash: 7f550781c6908c14905ea970770746b8376846038b7e1a986337a03a02cbc9c3
2025-09-15 11:44:39.013 DEBUG client[0]: Submitting transaction 7f550781c6908c14905ea970770746b8376846038b7e1a986337a03a02cbc9c3
2025-09-15 11:44:39.096 TRACE : trigger interaction 0xc0003e12c0 21/1200
[TRACE] Decoding transaction bytes of length: 229
[TRACE] Transaction type: 6
[TRACE] Successfully decoded transaction with hash: ea5839a304c29089ec8c86f281f68be4add33a0d4b980fb0728a6923d4b03bf5
2025-09-15 11:44:39.096 TRACE client[0]: Processing transaction with hash: ea5839a304c29089ec8c86f281f68be4add33a0d4b980fb0728a6923d4b03bf5
2025-09-15 11:44:39.096 DEBUG client[0]: Submitting transaction ea5839a304c29089ec8c86f281f68be4add33a0d4b980fb0728a6923d4b03bf5
2025-09-15 11:44:39.179 TRACE : trigger interaction 0xc0003e13b0 22/1200
[TRACE] Decoding transaction bytes of length: 229
[TRACE] Transaction type: 6
[TRACE] Successfully decoded transaction with hash: 9880f53a83db81132cb75ed7ec24209538536e51f9f1a72535abdea987ce67af
2025-09-15 11:44:39.179 TRACE client[0]: Processing transaction with hash: 9880f53a83db81132cb75ed7ec24209538536e51f9f1a72535abdea987ce67af
2025-09-15 11:44:39.179 DEBUG client[0]: Submitting transaction 9880f53a83db81132cb75ed7ec24209538536e51f9f1a72535abdea987ce67af
2025-09-15 11:44:39.263 TRACE : trigger interaction 0xc0003e14a0 23/1200
[TRACE] Decoding transaction bytes of length: 229
[TRACE] Transaction type: 6
[TRACE] Successfully decoded transaction with hash: f1497d69a2cd367ff833f791b76219f40e0452cfe429df1dc1e3646f3d6d5c6e
2025-09-15 11:44:39.263 TRACE client[0]: Processing transaction with hash: f1497d69a2cd367ff833f791b76219f40e0452cfe429df1dc1e3646f3d6d5c6e
2025-09-15 11:44:39.263 DEBUG client[0]: Submitting transaction f1497d69a2cd367ff833f791b76219f40e0452cfe429df1dc1e3646f3d6d5c6e
2025-09-15 11:44:39.346 TRACE : trigger interaction 0xc0003e1590 24/1200
[TRACE] Decoding transaction bytes of length: 229
[TRACE] Transaction type: 6
[TRACE] Successfully decoded transaction with hash: e43f4abfe76e9e1761f1301f301ae88901e401843a3bff6808ea7b0a284c7b1e
2025-09-15 11:44:39.346 TRACE client[0]: Processing transaction with hash: e43f4abfe76e9e1761f1301f301ae88901e401843a3bff6808ea7b0a284c7b1e
2025-09-15 11:44:39.346 DEBUG client[0]: Submitting transaction e43f4abfe76e9e1761f1301f301ae88901e401843a3bff6808ea7b0a284c7b1e
2025-09-15 11:44:39.429 TRACE : trigger interaction 0xc0003e1680 25/1200
[TRACE] Decoding transaction bytes of length: 229
[TRACE] Transaction type: 6
[TRACE] Successfully decoded transaction with hash: 3965c78378a9e9035ea5724945353d57cccd7dc90acf31b26fa63b3c4ae32c94
2025-09-15 11:44:39.429 TRACE client[0]: Processing transaction with hash: 3965c78378a9e9035ea5724945353d57cccd7dc90acf31b26fa63b3c4ae32c94
2025-09-15 11:44:39.429 DEBUG client[0]: Submitting transaction 3965c78378a9e9035ea5724945353d57cccd7dc90acf31b26fa63b3c4ae32c94
2025-09-15 11:44:39.513 TRACE : trigger interaction 0xc0003e1770 26/1200
[TRACE] Decoding transaction bytes of length: 229
[TRACE] Transaction type: 6
[TRACE] Successfully decoded transaction with hash: 8d94c7b221c4e8e317917e19eaa502e93cce5682239e3b89ba10226980c07409
2025-09-15 11:44:39.513 TRACE client[0]: Processing transaction with hash: 8d94c7b221c4e8e317917e19eaa502e93cce5682239e3b89ba10226980c07409
2025-09-15 11:44:39.513 DEBUG client[0]: Submitting transaction 8d94c7b221c4e8e317917e19eaa502e93cce5682239e3b89ba10226980c07409
2025-09-15 11:44:39.596 TRACE : trigger interaction 0xc0003e1860 27/1200
[TRACE] Decoding transaction bytes of length: 229
[TRACE] Transaction type: 6
[TRACE] Successfully decoded transaction with hash: 77f804961fcf6ac622c77f8b4bf7ff989950520591841575fcb45ed84e5c62eb
2025-09-15 11:44:39.596 TRACE client[0]: Processing transaction with hash: 77f804961fcf6ac622c77f8b4bf7ff989950520591841575fcb45ed84e5c62eb
2025-09-15 11:44:39.596 DEBUG client[0]: Submitting transaction 77f804961fcf6ac622c77f8b4bf7ff989950520591841575fcb45ed84e5c62eb
2025-09-15 11:44:39.679 TRACE : trigger interaction 0xc0003e1950 28/1200
[TRACE] Decoding transaction bytes of length: 229
[TRACE] Transaction type: 6
[TRACE] Successfully decoded transaction with hash: 3369b8d2a75e960a0d2677c716de3d6846f4cffccf0458d7a90a8aad85792370
2025-09-15 11:44:39.679 TRACE client[0]: Processing transaction with hash: 3369b8d2a75e960a0d2677c716de3d6846f4cffccf0458d7a90a8aad85792370
2025-09-15 11:44:39.679 DEBUG client[0]: Submitting transaction 3369b8d2a75e960a0d2677c716de3d6846f4cffccf0458d7a90a8aad85792370
2025-09-15 11:44:39.763 TRACE : trigger interaction 0xc0003e1a40 29/1200
[TRACE] Decoding transaction bytes of length: 229
[TRACE] Transaction type: 6
[TRACE] Successfully decoded transaction with hash: 2a1a0a8594fd2d0d5c9c490e1c3d19ab2d01dcb5c3304303ed8de23ca5e105cb
2025-09-15 11:44:39.763 TRACE client[0]: Processing transaction with hash: 2a1a0a8594fd2d0d5c9c490e1c3d19ab2d01dcb5c3304303ed8de23ca5e105cb
2025-09-15 11:44:39.763 DEBUG client[0]: Submitting transaction 2a1a0a8594fd2d0d5c9c490e1c3d19ab2d01dcb5c3304303ed8de23ca5e105cb
2025-09-15 11:44:39.846 TRACE : trigger interaction 0xc0003e1b30 30/1200
[TRACE] Decoding transaction bytes of length: 229
[TRACE] Transaction type: 6
[TRACE] Successfully decoded transaction with hash: 72f587d6b321c0095410a386d44e0b7a089a9f0ca61299dac96903ae341f68b8
2025-09-15 11:44:39.846 TRACE client[0]: Processing transaction with hash: 72f587d6b321c0095410a386d44e0b7a089a9f0ca61299dac96903ae341f68b8
2025-09-15 11:44:39.846 DEBUG client[0]: Submitting transaction 72f587d6b321c0095410a386d44e0b7a089a9f0ca61299dac96903ae341f68b8
2025-09-15 11:44:39.929 TRACE : trigger interaction 0xc0003e1c20 31/1200
[TRACE] Decoding transaction bytes of length: 229
[TRACE] Transaction type: 6
[TRACE] Successfully decoded transaction with hash: 785a82795b9a85c50318780e34aa55d5aeb16548b0662244665aad35f3155af4
2025-09-15 11:44:39.929 TRACE client[0]: Processing transaction with hash: 785a82795b9a85c50318780e34aa55d5aeb16548b0662244665aad35f3155af4
2025-09-15 11:44:39.929 DEBUG client[0]: Submitting transaction 785a82795b9a85c50318780e34aa55d5aeb16548b0662244665aad35f3155af4
2025-09-15 11:44:40.012 TRACE : trigger interaction 0xc0003e1d10 32/1200
[TRACE] Decoding transaction bytes of length: 229
[TRACE] Transaction type: 6
[TRACE] Successfully decoded transaction with hash: 5d7f2458529642b3a637cfc4e4bc3954de53933507e9cac1c622229ae24f2f12
2025-09-15 11:44:40.012 TRACE client[0]: Processing transaction with hash: 5d7f2458529642b3a637cfc4e4bc3954de53933507e9cac1c622229ae24f2f12
2025-09-15 11:44:40.012 DEBUG client[0]: Submitting transaction 5d7f2458529642b3a637cfc4e4bc3954de53933507e9cac1c622229ae24f2f12
2025-09-15 11:44:40.096 TRACE : trigger interaction 0xc0003e1e00 33/1200
[TRACE] Decoding transaction bytes of length: 229
[TRACE] Transaction type: 6
[TRACE] Successfully decoded transaction with hash: 65471c702936cbb3af114f1b47f503eaaf6102987357aa6046c9d28a393799af
2025-09-15 11:44:40.096 TRACE client[0]: Processing transaction with hash: 65471c702936cbb3af114f1b47f503eaaf6102987357aa6046c9d28a393799af
2025-09-15 11:44:40.096 DEBUG client[0]: Submitting transaction 65471c702936cbb3af114f1b47f503eaaf6102987357aa6046c9d28a393799af
2025-09-15 11:44:40.179 TRACE : trigger interaction 0xc0003e1ef0 34/1200
[TRACE] Decoding transaction bytes of length: 229
[TRACE] Transaction type: 6
[TRACE] Successfully decoded transaction with hash: 1bfde0c50c29f8e628e6f3d3d00601b71f6f6ecba3d27da05d289d72e4be6df3
2025-09-15 11:44:40.179 TRACE client[0]: Processing transaction with hash: 1bfde0c50c29f8e628e6f3d3d00601b71f6f6ecba3d27da05d289d72e4be6df3
2025-09-15 11:44:40.179 DEBUG client[0]: Submitting transaction 1bfde0c50c29f8e628e6f3d3d00601b71f6f6ecba3d27da05d289d72e4be6df3
2025-09-15 11:44:40.262 TRACE : trigger interaction 0xc0003fa000 35/1200
[TRACE] Decoding transaction bytes of length: 229
[TRACE] Transaction type: 6
[TRACE] Successfully decoded transaction with hash: 6428e17dffb71225d70916227320efcd035080c7e598a4601dfcde15f6c02309
2025-09-15 11:44:40.263 TRACE client[0]: Processing transaction with hash: 6428e17dffb71225d70916227320efcd035080c7e598a4601dfcde15f6c02309
2025-09-15 11:44:40.263 DEBUG client[0]: Submitting transaction 6428e17dffb71225d70916227320efcd035080c7e598a4601dfcde15f6c02309
2025-09-15 11:44:40.345 TRACE : trigger interaction 0xc0003fa0f0 36/1200
[TRACE] Decoding transaction bytes of length: 229
[TRACE] Transaction type: 6
[TRACE] Successfully decoded transaction with hash: 89eca97db73dbdc848862ad03b6e489bac748a40b728d5b91e64d8479aba8eae
2025-09-15 11:44:40.346 TRACE client[0]: Processing transaction with hash: 89eca97db73dbdc848862ad03b6e489bac748a40b728d5b91e64d8479aba8eae
2025-09-15 11:44:40.346 DEBUG client[0]: Submitting transaction 89eca97db73dbdc848862ad03b6e489bac748a40b728d5b91e64d8479aba8eae
2025-09-15 11:44:40.429 TRACE : trigger interaction 0xc0003fa1e0 37/1200
[TRACE] Decoding transaction bytes of length: 229
[TRACE] Transaction type: 6
[TRACE] Successfully decoded transaction with hash: c038c23e24702001edee1b1bffb8505cd95e58c05a6ab7f21fd8c7a590eabb05
2025-09-15 11:44:40.429 TRACE client[0]: Processing transaction with hash: c038c23e24702001edee1b1bffb8505cd95e58c05a6ab7f21fd8c7a590eabb05
2025-09-15 11:44:40.429 DEBUG client[0]: Submitting transaction c038c23e24702001edee1b1bffb8505cd95e58c05a6ab7f21fd8c7a590eabb05
2025-09-15 11:44:40.513 TRACE : trigger interaction 0xc0003fa2d0 38/1200
[TRACE] Decoding transaction bytes of length: 229
[TRACE] Transaction type: 6
[TRACE] Successfully decoded transaction with hash: 6573b73be19210ed36c834fe968e9e7c76468089f15542a6da13b2e211246ee1
2025-09-15 11:44:40.513 TRACE client[0]: Processing transaction with hash: 6573b73be19210ed36c834fe968e9e7c76468089f15542a6da13b2e211246ee1
2025-09-15 11:44:40.513 DEBUG client[0]: Submitting transaction 6573b73be19210ed36c834fe968e9e7c76468089f15542a6da13b2e211246ee1
2025-09-15 11:44:40.596 TRACE : trigger interaction 0xc0003fa3c0 39/1200
[TRACE] Decoding transaction bytes of length: 229
[TRACE] Transaction type: 6
[TRACE] Successfully decoded transaction with hash: b747a446c9d707849589f9290c05fd9d2826fc8acaa11072f7928e6ecfc2cc71
2025-09-15 11:44:40.596 TRACE client[0]: Processing transaction with hash: b747a446c9d707849589f9290c05fd9d2826fc8acaa11072f7928e6ecfc2cc71
2025-09-15 11:44:40.596 DEBUG client[0]: Submitting transaction b747a446c9d707849589f9290c05fd9d2826fc8acaa11072f7928e6ecfc2cc71
2025-09-15 11:44:40.679 TRACE : trigger interaction 0xc0003fa4b0 40/1200
[TRACE] Decoding transaction bytes of length: 229
[TRACE] Transaction type: 6
[TRACE] Successfully decoded transaction with hash: b2579b6aec8725bfdcf097cf2d42bbf8d8159ebb464bb05955a35203c8b503a3
2025-09-15 11:44:40.679 TRACE client[0]: Processing transaction with hash: b2579b6aec8725bfdcf097cf2d42bbf8d8159ebb464bb05955a35203c8b503a3
2025-09-15 11:44:40.679 DEBUG client[0]: Submitting transaction b2579b6aec8725bfdcf097cf2d42bbf8d8159ebb464bb05955a35203c8b503a3
2025-09-15 11:44:40.763 TRACE : trigger interaction 0xc0003fa5a0 41/1200
[TRACE] Decoding transaction bytes of length: 229
[TRACE] Transaction type: 6
[TRACE] Successfully decoded transaction with hash: 09c6ed57c6a11097ecc46d2a175ea10258c4c03f859a703d098075d66b0fc3a6
2025-09-15 11:44:40.763 TRACE client[0]: Processing transaction with hash: 09c6ed57c6a11097ecc46d2a175ea10258c4c03f859a703d098075d66b0fc3a6
2025-09-15 11:44:40.763 DEBUG client[0]: Submitting transaction 09c6ed57c6a11097ecc46d2a175ea10258c4c03f859a703d098075d66b0fc3a6
2025-09-15 11:44:40.846 TRACE : trigger interaction 0xc0003fa690 42/1200
[TRACE] Decoding transaction bytes of length: 229
[TRACE] Transaction type: 6
[TRACE] Successfully decoded transaction with hash: bd0d0258705082dcd243db7834b665a55d5e3a24babce861b5b350b459778767
2025-09-15 11:44:40.846 TRACE client[0]: Processing transaction with hash: bd0d0258705082dcd243db7834b665a55d5e3a24babce861b5b350b459778767
2025-09-15 11:44:40.846 DEBUG client[0]: Submitting transaction bd0d0258705082dcd243db7834b665a55d5e3a24babce861b5b350b459778767
2025-09-15 11:44:40.929 TRACE : trigger interaction 0xc0003fa780 43/1200
[TRACE] Decoding transaction bytes of length: 229
[TRACE] Transaction type: 6
[TRACE] Successfully decoded transaction with hash: b12a6961e80bf45f8a409d54975219e0a022635eb34a64766327a18f5684439e
2025-09-15 11:44:40.929 TRACE client[0]: Processing transaction with hash: b12a6961e80bf45f8a409d54975219e0a022635eb34a64766327a18f5684439e
2025-09-15 11:44:40.929 DEBUG client[0]: Submitting transaction b12a6961e80bf45f8a409d54975219e0a022635eb34a64766327a18f5684439e
2025-09-15 11:44:41.013 TRACE : trigger interaction 0xc0003fa870 44/1200
[TRACE] Decoding transaction bytes of length: 229
[TRACE] Transaction type: 6
[TRACE] Successfully decoded transaction with hash: f8240c039318b44b4cbcbadc72eedcf55b9a67e59203f3e8bd7585acd799e178
2025-09-15 11:44:41.013 TRACE client[0]: Processing transaction with hash: f8240c039318b44b4cbcbadc72eedcf55b9a67e59203f3e8bd7585acd799e178
2025-09-15 11:44:41.013 DEBUG client[0]: Submitting transaction f8240c039318b44b4cbcbadc72eedcf55b9a67e59203f3e8bd7585acd799e178
2025-09-15 11:44:41.096 TRACE : trigger interaction 0xc0003fa960 45/1200
[TRACE] Decoding transaction bytes of length: 229
[TRACE] Transaction type: 6
[TRACE] Successfully decoded transaction with hash: 895899fd0081d33c5987baa26da1311aca1a8ccdfbf861c74fe5fbf42e6126bc
2025-09-15 11:44:41.096 TRACE client[0]: Processing transaction with hash: 895899fd0081d33c5987baa26da1311aca1a8ccdfbf861c74fe5fbf42e6126bc
2025-09-15 11:44:41.096 DEBUG client[0]: Submitting transaction 895899fd0081d33c5987baa26da1311aca1a8ccdfbf861c74fe5fbf42e6126bc
2025-09-15 11:44:41.179 TRACE : trigger interaction 0xc0003faa50 46/1200
[TRACE] Decoding transaction bytes of length: 229
[TRACE] Transaction type: 6
[TRACE] Successfully decoded transaction with hash: 2cda9538ba84affecbc5b5f6a71ed087bea21486f3aace6d062a0546432ca544
2025-09-15 11:44:41.179 TRACE client[0]: Processing transaction with hash: 2cda9538ba84affecbc5b5f6a71ed087bea21486f3aace6d062a0546432ca544
2025-09-15 11:44:41.179 DEBUG client[0]: Submitting transaction 2cda9538ba84affecbc5b5f6a71ed087bea21486f3aace6d062a0546432ca544
2025-09-15 11:44:41.262 TRACE : trigger interaction 0xc0003fab40 47/1200
[TRACE] Decoding transaction bytes of length: 229
[TRACE] Transaction type: 6
[TRACE] Successfully decoded transaction with hash: fa06f7691a23c73ddc76b197d7daba8d65da5cbccf50bd47fac134690dc2020c
2025-09-15 11:44:41.262 TRACE client[0]: Processing transaction with hash: fa06f7691a23c73ddc76b197d7daba8d65da5cbccf50bd47fac134690dc2020c
2025-09-15 11:44:41.262 DEBUG client[0]: Submitting transaction fa06f7691a23c73ddc76b197d7daba8d65da5cbccf50bd47fac134690dc2020c
2025-09-15 11:44:41.346 TRACE : trigger interaction 0xc0003fac30 48/1200
[TRACE] Decoding transaction bytes of length: 229
[TRACE] Transaction type: 6
[TRACE] Successfully decoded transaction with hash: 6c7b387e031f10be70e623dbf2fc346a220019fddd69d5295dfa555721855317
2025-09-15 11:44:41.346 TRACE client[0]: Processing transaction with hash: 6c7b387e031f10be70e623dbf2fc346a220019fddd69d5295dfa555721855317
2025-09-15 11:44:41.346 DEBUG client[0]: Submitting transaction 6c7b387e031f10be70e623dbf2fc346a220019fddd69d5295dfa555721855317
2025-09-15 11:44:41.429 TRACE : trigger interaction 0xc0003fad20 49/1200
[TRACE] Decoding transaction bytes of length: 229
[TRACE] Transaction type: 6
[TRACE] Successfully decoded transaction with hash: aa72dd0f86d6f965f5cf3b3ba2812cbc51c65f2542a269062927a7580d4c4417
2025-09-15 11:44:41.429 TRACE client[0]: Processing transaction with hash: aa72dd0f86d6f965f5cf3b3ba2812cbc51c65f2542a269062927a7580d4c4417
2025-09-15 11:44:41.429 DEBUG client[0]: Submitting transaction aa72dd0f86d6f965f5cf3b3ba2812cbc51c65f2542a269062927a7580d4c4417
2025-09-15 11:44:41.512 TRACE : trigger interaction 0xc0003fae10 50/1200
[TRACE] Decoding transaction bytes of length: 229
[TRACE] Transaction type: 6
[TRACE] Successfully decoded transaction with hash: 7e5bf3cc544162cc17cf2e4e807e80b5832c8aa28a176a96de2809e95640889c
2025-09-15 11:44:41.512 TRACE client[0]: Processing transaction with hash: 7e5bf3cc544162cc17cf2e4e807e80b5832c8aa28a176a96de2809e95640889c
2025-09-15 11:44:41.512 DEBUG client[0]: Submitting transaction 7e5bf3cc544162cc17cf2e4e807e80b5832c8aa28a176a96de2809e95640889c
2025-09-15 11:44:41.596 TRACE : trigger interaction 0xc000182960 51/1200
[TRACE] Decoding transaction bytes of length: 229
[TRACE] Transaction type: 6
[TRACE] Successfully decoded transaction with hash: 3e8c463cf3360a7d6c8519801e54a861a4b10ba48ba02832d1905e644a3e51e4
2025-09-15 11:44:41.596 TRACE client[0]: Processing transaction with hash: 3e8c463cf3360a7d6c8519801e54a861a4b10ba48ba02832d1905e644a3e51e4
2025-09-15 11:44:41.596 DEBUG client[0]: Submitting transaction 3e8c463cf3360a7d6c8519801e54a861a4b10ba48ba02832d1905e644a3e51e4
2025-09-15 11:44:41.679 TRACE : trigger interaction 0xc000182a50 52/1200
[TRACE] Decoding transaction bytes of length: 229
[TRACE] Transaction type: 6
[TRACE] Successfully decoded transaction with hash: e5ece1df295b8cfc8193c43367082871a67978741944a0dc4e0a304dd9b56c70
2025-09-15 11:44:41.679 TRACE client[0]: Processing transaction with hash: e5ece1df295b8cfc8193c43367082871a67978741944a0dc4e0a304dd9b56c70
2025-09-15 11:44:41.679 DEBUG client[0]: Submitting transaction e5ece1df295b8cfc8193c43367082871a67978741944a0dc4e0a304dd9b56c70
2025-09-15 11:44:41.762 TRACE : trigger interaction 0xc000182b40 53/1200
[TRACE] Decoding transaction bytes of length: 229
[TRACE] Transaction type: 6
[TRACE] Successfully decoded transaction with hash: 77478481d180d5f53c9bb63642ad84275a1f3345048c257b61ada5dd1a534256
2025-09-15 11:44:41.763 TRACE client[0]: Processing transaction with hash: 77478481d180d5f53c9bb63642ad84275a1f3345048c257b61ada5dd1a534256
2025-09-15 11:44:41.763 DEBUG client[0]: Submitting transaction 77478481d180d5f53c9bb63642ad84275a1f3345048c257b61ada5dd1a534256
2025-09-15 11:44:41.845 TRACE : trigger interaction 0xc000182c30 54/1200
[TRACE] Decoding transaction bytes of length: 229
[TRACE] Transaction type: 6
[TRACE] Successfully decoded transaction with hash: 8d749a088118a644f87af6d23c7a37c3fc0b73def5eeb279ae5fa728a6b1e91a
2025-09-15 11:44:41.846 TRACE client[0]: Processing transaction with hash: 8d749a088118a644f87af6d23c7a37c3fc0b73def5eeb279ae5fa728a6b1e91a
2025-09-15 11:44:41.846 DEBUG client[0]: Submitting transaction 8d749a088118a644f87af6d23c7a37c3fc0b73def5eeb279ae5fa728a6b1e91a
2025-09-15 11:44:41.929 TRACE : trigger interaction 0xc000182d20 55/1200
[TRACE] Decoding transaction bytes of length: 229
[TRACE] Transaction type: 6
[TRACE] Successfully decoded transaction with hash: 17d4684cce210607dbcaf13d7426048ec4f405d46da91966ef2c43e907b1c415
2025-09-15 11:44:41.929 TRACE client[0]: Processing transaction with hash: 17d4684cce210607dbcaf13d7426048ec4f405d46da91966ef2c43e907b1c415
2025-09-15 11:44:41.929 DEBUG client[0]: Submitting transaction 17d4684cce210607dbcaf13d7426048ec4f405d46da91966ef2c43e907b1c415
2025-09-15 11:44:42.013 TRACE : trigger interaction 0xc000182e10 56/1200
[TRACE] Decoding transaction bytes of length: 229
[TRACE] Transaction type: 6
[TRACE] Successfully decoded transaction with hash: 6f5c2c0d180ae54938a5973071c4775db576f4eb597eae9824762179ff027f81
2025-09-15 11:44:42.013 TRACE client[0]: Processing transaction with hash: 6f5c2c0d180ae54938a5973071c4775db576f4eb597eae9824762179ff027f81
2025-09-15 11:44:42.013 DEBUG client[0]: Submitting transaction 6f5c2c0d180ae54938a5973071c4775db576f4eb597eae9824762179ff027f81
2025-09-15 11:44:42.096 TRACE : trigger interaction 0xc000182f00 57/1200
[TRACE] Decoding transaction bytes of length: 229
[TRACE] Transaction type: 6
[TRACE] Successfully decoded transaction with hash: 25d138ed7503828e2f966fb69d4ddc8b8c14d4cf94d55061ca012a2f8266dbfc
2025-09-15 11:44:42.096 TRACE client[0]: Processing transaction with hash: 25d138ed7503828e2f966fb69d4ddc8b8c14d4cf94d55061ca012a2f8266dbfc
2025-09-15 11:44:42.096 DEBUG client[0]: Submitting transaction 25d138ed7503828e2f966fb69d4ddc8b8c14d4cf94d55061ca012a2f8266dbfc
2025-09-15 11:44:42.179 TRACE : trigger interaction 0xc000182ff0 58/1200
[TRACE] Decoding transaction bytes of length: 229
[TRACE] Transaction type: 6
[TRACE] Successfully decoded transaction with hash: c049ebd269799fcf3a91c077627ca8b6bd55e07e79b61d610fdf4378705228bc
2025-09-15 11:44:42.179 TRACE client[0]: Processing transaction with hash: c049ebd269799fcf3a91c077627ca8b6bd55e07e79b61d610fdf4378705228bc
2025-09-15 11:44:42.179 DEBUG client[0]: Submitting transaction c049ebd269799fcf3a91c077627ca8b6bd55e07e79b61d610fdf4378705228bc
2025-09-15 11:44:42.263 TRACE : trigger interaction 0xc0001830e0 59/1200
[TRACE] Decoding transaction bytes of length: 229
[TRACE] Transaction type: 6
[TRACE] Successfully decoded transaction with hash: aa6b50b3aa886a6299b4b9caa546166620aaff0a491401ba2f7705a0d126a42b
2025-09-15 11:44:42.263 TRACE client[0]: Processing transaction with hash: aa6b50b3aa886a6299b4b9caa546166620aaff0a491401ba2f7705a0d126a42b
2025-09-15 11:44:42.263 DEBUG client[0]: Submitting transaction aa6b50b3aa886a6299b4b9caa546166620aaff0a491401ba2f7705a0d126a42b
2025-09-15 11:44:42.346 TRACE : trigger interaction 0xc0001831d0 60/1200
[TRACE] Decoding transaction bytes of length: 229
[TRACE] Transaction type: 6
[TRACE] Successfully decoded transaction with hash: 3d3e319ddcdc586e261b8f7c3b7d71b0099af0caa9f6295c51bac53d2301e8c8
2025-09-15 11:44:42.346 TRACE client[0]: Processing transaction with hash: 3d3e319ddcdc586e261b8f7c3b7d71b0099af0caa9f6295c51bac53d2301e8c8
2025-09-15 11:44:42.346 DEBUG client[0]: Submitting transaction 3d3e319ddcdc586e261b8f7c3b7d71b0099af0caa9f6295c51bac53d2301e8c8
2025-09-15 11:44:42.429 TRACE : trigger interaction 0xc0001832c0 61/1200
[TRACE] Decoding transaction bytes of length: 229
[TRACE] Transaction type: 6
[TRACE] Successfully decoded transaction with hash: edbadb3a34b2c6d160c60536d96cc9171eca3242efe343af0844b13befdff904
2025-09-15 11:44:42.429 TRACE client[0]: Processing transaction with hash: edbadb3a34b2c6d160c60536d96cc9171eca3242efe343af0844b13befdff904
2025-09-15 11:44:42.429 DEBUG client[0]: Submitting transaction edbadb3a34b2c6d160c60536d96cc9171eca3242efe343af0844b13befdff904
2025-09-15 11:44:42.512 TRACE : trigger interaction 0xc0001833b0 62/1200
[TRACE] Decoding transaction bytes of length: 229
[TRACE] Transaction type: 6
[TRACE] Successfully decoded transaction with hash: a253cbce2d5d55493c5a34ba140d8d44d43a950a37a93ded2eab9bf1f0f1d681
2025-09-15 11:44:42.513 TRACE client[0]: Processing transaction with hash: a253cbce2d5d55493c5a34ba140d8d44d43a950a37a93ded2eab9bf1f0f1d681
2025-09-15 11:44:42.513 DEBUG client[0]: Submitting transaction a253cbce2d5d55493c5a34ba140d8d44d43a950a37a93ded2eab9bf1f0f1d681
2025-09-15 11:44:42.596 TRACE : trigger interaction 0xc0001834a0 63/1200
[TRACE] Decoding transaction bytes of length: 229
[TRACE] Transaction type: 6
[TRACE] Successfully decoded transaction with hash: e1f5479d3bb4a5a108ba084223c922fedd04f3dddcf882842344fcea9b4c0874
2025-09-15 11:44:42.596 TRACE client[0]: Processing transaction with hash: e1f5479d3bb4a5a108ba084223c922fedd04f3dddcf882842344fcea9b4c0874
2025-09-15 11:44:42.596 DEBUG client[0]: Submitting transaction e1f5479d3bb4a5a108ba084223c922fedd04f3dddcf882842344fcea9b4c0874
2025-09-15 11:44:42.679 TRACE : trigger interaction 0xc000183590 64/1200
[TRACE] Decoding transaction bytes of length: 229
[TRACE] Transaction type: 6
[TRACE] Successfully decoded transaction with hash: 915744544d480e5f002524757b2646cd77e561fc457135cfe9fd91f01162cace
2025-09-15 11:44:42.680 TRACE client[0]: Processing transaction with hash: 915744544d480e5f002524757b2646cd77e561fc457135cfe9fd91f01162cace
2025-09-15 11:44:42.680 DEBUG client[0]: Submitting transaction 915744544d480e5f002524757b2646cd77e561fc457135cfe9fd91f01162cace
2025-09-15 11:44:42.763 TRACE : trigger interaction 0xc000183680 65/1200
[TRACE] Decoding transaction bytes of length: 229
[TRACE] Transaction type: 6
[TRACE] Successfully decoded transaction with hash: dca2c8d0f410dbf3a8e5c709cdef255ab4c7ba14b9b004c8b737f7e0e8f26b5d
2025-09-15 11:44:42.763 TRACE client[0]: Processing transaction with hash: dca2c8d0f410dbf3a8e5c709cdef255ab4c7ba14b9b004c8b737f7e0e8f26b5d
2025-09-15 11:44:42.763 DEBUG client[0]: Submitting transaction dca2c8d0f410dbf3a8e5c709cdef255ab4c7ba14b9b004c8b737f7e0e8f26b5d
2025-09-15 11:44:42.846 TRACE : trigger interaction 0xc000183770 66/1200
[TRACE] Decoding transaction bytes of length: 229
[TRACE] Transaction type: 6
[TRACE] Successfully decoded transaction with hash: 8e65e194a0246b2b1fa42dc72980d43bc351d4c636598eb80b876017588caf33
2025-09-15 11:44:42.846 TRACE client[0]: Processing transaction with hash: 8e65e194a0246b2b1fa42dc72980d43bc351d4c636598eb80b876017588caf33
2025-09-15 11:44:42.846 DEBUG client[0]: Submitting transaction 8e65e194a0246b2b1fa42dc72980d43bc351d4c636598eb80b876017588caf33
2025-09-15 11:44:42.929 TRACE : trigger interaction 0xc000183860 67/1200
[TRACE] Decoding transaction bytes of length: 229
[TRACE] Transaction type: 6
[TRACE] Successfully decoded transaction with hash: 5f2b6b7d1f1bbcfb1419397b51543bfe3cefae9e6233872800a8c0ef69a1b635
2025-09-15 11:44:42.929 TRACE client[0]: Processing transaction with hash: 5f2b6b7d1f1bbcfb1419397b51543bfe3cefae9e6233872800a8c0ef69a1b635
2025-09-15 11:44:42.929 DEBUG client[0]: Submitting transaction 5f2b6b7d1f1bbcfb1419397b51543bfe3cefae9e6233872800a8c0ef69a1b635
2025-09-15 11:44:43.012 TRACE : trigger interaction 0xc000183950 68/1200
[TRACE] Decoding transaction bytes of length: 229
[TRACE] Transaction type: 6
[TRACE] Successfully decoded transaction with hash: 7c8bc9d905814c48d8b993aea7f910605fd7fd6578143d8f63fca2dccdc955ff
2025-09-15 11:44:43.013 TRACE client[0]: Processing transaction with hash: 7c8bc9d905814c48d8b993aea7f910605fd7fd6578143d8f63fca2dccdc955ff
2025-09-15 11:44:43.013 DEBUG client[0]: Submitting transaction 7c8bc9d905814c48d8b993aea7f910605fd7fd6578143d8f63fca2dccdc955ff
2025-09-15 11:44:43.096 TRACE : trigger interaction 0xc000183a40 69/1200
[TRACE] Decoding transaction bytes of length: 229
[TRACE] Transaction type: 6
[TRACE] Successfully decoded transaction with hash: 7556af808ccb139e343f2a175c6a389c355381550ee0c4e75266148f55be8c6a
2025-09-15 11:44:43.096 TRACE client[0]: Processing transaction with hash: 7556af808ccb139e343f2a175c6a389c355381550ee0c4e75266148f55be8c6a
2025-09-15 11:44:43.096 DEBUG client[0]: Submitting transaction 7556af808ccb139e343f2a175c6a389c355381550ee0c4e75266148f55be8c6a
2025-09-15 11:44:43.179 TRACE : trigger interaction 0xc000183b30 70/1200
[TRACE] Decoding transaction bytes of length: 229
[TRACE] Transaction type: 6
[TRACE] Successfully decoded transaction with hash: 607fe768cf297c8f16b89c39c9a86c165b03b6dedf93e0d5255f86ccbf71eecd
2025-09-15 11:44:43.179 TRACE client[0]: Processing transaction with hash: 607fe768cf297c8f16b89c39c9a86c165b03b6dedf93e0d5255f86ccbf71eecd
2025-09-15 11:44:43.179 DEBUG client[0]: Submitting transaction 607fe768cf297c8f16b89c39c9a86c165b03b6dedf93e0d5255f86ccbf71eecd
2025-09-15 11:44:43.263 TRACE : trigger interaction 0xc000183c20 71/1200
[TRACE] Decoding transaction bytes of length: 229
[TRACE] Transaction type: 6
[TRACE] Successfully decoded transaction with hash: a23cb7cd68f38a6b7e085505d413a8eb2c9fac47d865952a1210261a2e602651
2025-09-15 11:44:43.263 TRACE client[0]: Processing transaction with hash: a23cb7cd68f38a6b7e085505d413a8eb2c9fac47d865952a1210261a2e602651
2025-09-15 11:44:43.263 DEBUG client[0]: Submitting transaction a23cb7cd68f38a6b7e085505d413a8eb2c9fac47d865952a1210261a2e602651
2025-09-15 11:44:43.346 TRACE : trigger interaction 0xc000183d10 72/1200
[TRACE] Decoding transaction bytes of length: 229
[TRACE] Transaction type: 6
[TRACE] Successfully decoded transaction with hash: 7beda2ebdc653409b077ef566ea978ab10b0d8aed7c377cf04f255cb32f6a08d
2025-09-15 11:44:43.346 TRACE client[0]: Processing transaction with hash: 7beda2ebdc653409b077ef566ea978ab10b0d8aed7c377cf04f255cb32f6a08d
2025-09-15 11:44:43.346 DEBUG client[0]: Submitting transaction 7beda2ebdc653409b077ef566ea978ab10b0d8aed7c377cf04f255cb32f6a08d
2025-09-15 11:44:43.429 TRACE : trigger interaction 0xc000183e00 73/1200
[TRACE] Decoding transaction bytes of length: 229
[TRACE] Transaction type: 6
[TRACE] Successfully decoded transaction with hash: a5774fc51dddbae7a45195b3feba7eeb1427b6746b0f1e65feb58f7f811b49c8
2025-09-15 11:44:43.429 TRACE client[0]: Processing transaction with hash: a5774fc51dddbae7a45195b3feba7eeb1427b6746b0f1e65feb58f7f811b49c8
2025-09-15 11:44:43.429 DEBUG client[0]: Submitting transaction a5774fc51dddbae7a45195b3feba7eeb1427b6746b0f1e65feb58f7f811b49c8
2025-09-15 11:44:43.512 TRACE : trigger interaction 0xc000183ef0 74/1200
[TRACE] Decoding transaction bytes of length: 229
[TRACE] Transaction type: 6
[TRACE] Successfully decoded transaction with hash: 60596c6f6755e85251cc21686362dd7d22784e7a391c8d81ef45de3c01d98dec
2025-09-15 11:44:43.513 TRACE client[0]: Processing transaction with hash: 60596c6f6755e85251cc21686362dd7d22784e7a391c8d81ef45de3c01d98dec
2025-09-15 11:44:43.513 DEBUG client[0]: Submitting transaction 60596c6f6755e85251cc21686362dd7d22784e7a391c8d81ef45de3c01d98dec
2025-09-15 11:44:43.596 TRACE : trigger interaction 0xc000418000 75/1200
[TRACE] Decoding transaction bytes of length: 229
[TRACE] Transaction type: 6
[TRACE] Successfully decoded transaction with hash: 2e641b41e74c54f7da6e5824f0a7204f4add67a6c2950f615d6cfd8096711ad8
2025-09-15 11:44:43.596 TRACE client[0]: Processing transaction with hash: 2e641b41e74c54f7da6e5824f0a7204f4add67a6c2950f615d6cfd8096711ad8
2025-09-15 11:44:43.596 DEBUG client[0]: Submitting transaction 2e641b41e74c54f7da6e5824f0a7204f4add67a6c2950f615d6cfd8096711ad8
2025-09-15 11:44:43.679 TRACE : trigger interaction 0xc0004180f0 76/1200
[TRACE] Decoding transaction bytes of length: 229
[TRACE] Transaction type: 6
[TRACE] Successfully decoded transaction with hash: b89a9b8d1984d9d3e12c39fdc8f3702e0b4f30dc9bc0bbdc63193934dca87638
2025-09-15 11:44:43.680 TRACE client[0]: Processing transaction with hash: b89a9b8d1984d9d3e12c39fdc8f3702e0b4f30dc9bc0bbdc63193934dca87638
2025-09-15 11:44:43.680 DEBUG client[0]: Submitting transaction b89a9b8d1984d9d3e12c39fdc8f3702e0b4f30dc9bc0bbdc63193934dca87638
2025-09-15 11:44:43.763 TRACE : trigger interaction 0xc0004181e0 77/1200
[TRACE] Decoding transaction bytes of length: 229
[TRACE] Transaction type: 6
[TRACE] Successfully decoded transaction with hash: 4959324c4ac98fe40137a7304097a5d29b698cc00754c24b6473317df98eae7e
2025-09-15 11:44:43.763 TRACE client[0]: Processing transaction with hash: 4959324c4ac98fe40137a7304097a5d29b698cc00754c24b6473317df98eae7e
2025-09-15 11:44:43.763 DEBUG client[0]: Submitting transaction 4959324c4ac98fe40137a7304097a5d29b698cc00754c24b6473317df98eae7e
2025-09-15 11:44:43.846 TRACE : trigger interaction 0xc0004182d0 78/1200
[TRACE] Decoding transaction bytes of length: 229
[TRACE] Transaction type: 6
[TRACE] Successfully decoded transaction with hash: afee9fa0d452c8bada0369a82aecd475d775fe70783dc076fec1d2df22c9e3b8
2025-09-15 11:44:43.846 TRACE client[0]: Processing transaction with hash: afee9fa0d452c8bada0369a82aecd475d775fe70783dc076fec1d2df22c9e3b8
2025-09-15 11:44:43.846 DEBUG client[0]: Submitting transaction afee9fa0d452c8bada0369a82aecd475d775fe70783dc076fec1d2df22c9e3b8
2025-09-15 11:44:43.929 TRACE : trigger interaction 0xc0004183c0 79/1200
[TRACE] Decoding transaction bytes of length: 229
[TRACE] Transaction type: 6
[TRACE] Successfully decoded transaction with hash: 2fa754f2383d47af79a04bac52f4a95ed81f2fdba356df2171abe3953ddb51e2
2025-09-15 11:44:43.929 TRACE client[0]: Processing transaction with hash: 2fa754f2383d47af79a04bac52f4a95ed81f2fdba356df2171abe3953ddb51e2
2025-09-15 11:44:43.929 DEBUG client[0]: Submitting transaction 2fa754f2383d47af79a04bac52f4a95ed81f2fdba356df2171abe3953ddb51e2
2025-09-15 11:44:44.012 TRACE : trigger interaction 0xc0004184b0 80/1200
[TRACE] Decoding transaction bytes of length: 229
[TRACE] Transaction type: 6
[TRACE] Successfully decoded transaction with hash: 7edbe469eeebd470ff91970ec09e03dd133622192d34d5ccc7cb042c686d4877
2025-09-15 11:44:44.013 TRACE client[0]: Processing transaction with hash: 7edbe469eeebd470ff91970ec09e03dd133622192d34d5ccc7cb042c686d4877
2025-09-15 11:44:44.013 DEBUG client[0]: Submitting transaction 7edbe469eeebd470ff91970ec09e03dd133622192d34d5ccc7cb042c686d4877
2025-09-15 11:44:44.096 TRACE : trigger interaction 0xc0004185a0 81/1200
[TRACE] Decoding transaction bytes of length: 229
[TRACE] Transaction type: 6
[TRACE] Successfully decoded transaction with hash: 690ff53f665820b52ea7ff5f76fe06ba5313d5a6d3a64f0ab196a586fda45a79
2025-09-15 11:44:44.096 TRACE client[0]: Processing transaction with hash: 690ff53f665820b52ea7ff5f76fe06ba5313d5a6d3a64f0ab196a586fda45a79
2025-09-15 11:44:44.096 DEBUG client[0]: Submitting transaction 690ff53f665820b52ea7ff5f76fe06ba5313d5a6d3a64f0ab196a586fda45a79
2025-09-15 11:44:44.179 TRACE : trigger interaction 0xc000418690 82/1200
[TRACE] Decoding transaction bytes of length: 229
[TRACE] Transaction type: 6
[TRACE] Successfully decoded transaction with hash: 8d6b12c81a64fe4695a968e300ac235d84a48a070fa71c0b4801f696eeb58859
2025-09-15 11:44:44.180 TRACE client[0]: Processing transaction with hash: 8d6b12c81a64fe4695a968e300ac235d84a48a070fa71c0b4801f696eeb58859
2025-09-15 11:44:44.180 DEBUG client[0]: Submitting transaction 8d6b12c81a64fe4695a968e300ac235d84a48a070fa71c0b4801f696eeb58859
2025-09-15 11:44:44.262 TRACE : trigger interaction 0xc000418780 83/1200
[TRACE] Decoding transaction bytes of length: 229
[TRACE] Transaction type: 6
[TRACE] Successfully decoded transaction with hash: 2e693afa8b4386d07dec40eab162d7a38054c23e22cea3ba7af4e0901c673e02
2025-09-15 11:44:44.263 TRACE client[0]: Processing transaction with hash: 2e693afa8b4386d07dec40eab162d7a38054c23e22cea3ba7af4e0901c673e02
2025-09-15 11:44:44.263 DEBUG client[0]: Submitting transaction 2e693afa8b4386d07dec40eab162d7a38054c23e22cea3ba7af4e0901c673e02
2025-09-15 11:44:44.346 TRACE : trigger interaction 0xc000418870 84/1200
[TRACE] Decoding transaction bytes of length: 229
[TRACE] Transaction type: 6
[TRACE] Successfully decoded transaction with hash: 53b631e5c4a143f87f10557d49c06c9b67b7528a587fd347670f8267e2794e15
2025-09-15 11:44:44.346 TRACE client[0]: Processing transaction with hash: 53b631e5c4a143f87f10557d49c06c9b67b7528a587fd347670f8267e2794e15
2025-09-15 11:44:44.346 DEBUG client[0]: Submitting transaction 53b631e5c4a143f87f10557d49c06c9b67b7528a587fd347670f8267e2794e15
2025-09-15 11:44:44.429 TRACE : trigger interaction 0xc000418960 85/1200
[TRACE] Decoding transaction bytes of length: 229
[TRACE] Transaction type: 6
[TRACE] Successfully decoded transaction with hash: 0d2f33f7bf4644fde50bbcb5daf94ad1fa44cd3b4883e6e6c03fe367b963593c
2025-09-15 11:44:44.429 TRACE client[0]: Processing transaction with hash: 0d2f33f7bf4644fde50bbcb5daf94ad1fa44cd3b4883e6e6c03fe367b963593c
2025-09-15 11:44:44.429 DEBUG client[0]: Submitting transaction 0d2f33f7bf4644fde50bbcb5daf94ad1fa44cd3b4883e6e6c03fe367b963593c
2025-09-15 11:44:44.513 TRACE : trigger interaction 0xc000418a50 86/1200
[TRACE] Decoding transaction bytes of length: 229
[TRACE] Transaction type: 6
[TRACE] Successfully decoded transaction with hash: 6d3c482cb8878c496f7625d23c919575d1ae92447eb53b197a7e2992e9d40fac
2025-09-15 11:44:44.513 TRACE client[0]: Processing transaction with hash: 6d3c482cb8878c496f7625d23c919575d1ae92447eb53b197a7e2992e9d40fac
2025-09-15 11:44:44.513 DEBUG client[0]: Submitting transaction 6d3c482cb8878c496f7625d23c919575d1ae92447eb53b197a7e2992e9d40fac
2025-09-15 11:44:44.596 TRACE : trigger interaction 0xc000418b40 87/1200
[TRACE] Decoding transaction bytes of length: 229
[TRACE] Transaction type: 6
[TRACE] Successfully decoded transaction with hash: 1f5b635ebe7c9137b8cb71e615e53da99ac85ac5b85252e5035441bb9bac30cf
2025-09-15 11:44:44.596 TRACE client[0]: Processing transaction with hash: 1f5b635ebe7c9137b8cb71e615e53da99ac85ac5b85252e5035441bb9bac30cf
2025-09-15 11:44:44.596 DEBUG client[0]: Submitting transaction 1f5b635ebe7c9137b8cb71e615e53da99ac85ac5b85252e5035441bb9bac30cf
2025-09-15 11:44:44.679 TRACE : trigger interaction 0xc000418c30 88/1200
[TRACE] Decoding transaction bytes of length: 229
[TRACE] Transaction type: 6
[TRACE] Successfully decoded transaction with hash: 6fee40544f15f3d7ab1f1535937a04063ea1204189c7d218246de93b23c030d7
2025-09-15 11:44:44.679 TRACE client[0]: Processing transaction with hash: 6fee40544f15f3d7ab1f1535937a04063ea1204189c7d218246de93b23c030d7
2025-09-15 11:44:44.679 DEBUG client[0]: Submitting transaction 6fee40544f15f3d7ab1f1535937a04063ea1204189c7d218246de93b23c030d7
2025-09-15 11:44:44.762 TRACE : trigger interaction 0xc000418d20 89/1200
[TRACE] Decoding transaction bytes of length: 229
[TRACE] Transaction type: 6
[TRACE] Successfully decoded transaction with hash: b3bb4cfe235edbfd95a9b7f1365fa3e6889d9c44f32790c5fc77cea04415713e
2025-09-15 11:44:44.763 TRACE client[0]: Processing transaction with hash: b3bb4cfe235edbfd95a9b7f1365fa3e6889d9c44f32790c5fc77cea04415713e
2025-09-15 11:44:44.763 DEBUG client[0]: Submitting transaction b3bb4cfe235edbfd95a9b7f1365fa3e6889d9c44f32790c5fc77cea04415713e
2025-09-15 11:44:44.846 TRACE : trigger interaction 0xc000418e10 90/1200
[TRACE] Decoding transaction bytes of length: 229
[TRACE] Transaction type: 6
[TRACE] Successfully decoded transaction with hash: 96ddabf2899ce7ede09bc238b6c77e4fa3788cea94598bdb448a7ff4337bdf78
2025-09-15 11:44:44.846 TRACE client[0]: Processing transaction with hash: 96ddabf2899ce7ede09bc238b6c77e4fa3788cea94598bdb448a7ff4337bdf78
2025-09-15 11:44:44.846 DEBUG client[0]: Submitting transaction 96ddabf2899ce7ede09bc238b6c77e4fa3788cea94598bdb448a7ff4337bdf78
2025-09-15 11:44:44.929 TRACE : trigger interaction 0xc000418f00 91/1200
[TRACE] Decoding transaction bytes of length: 229
[TRACE] Transaction type: 6
[TRACE] Successfully decoded transaction with hash: a7b0eb421a94e93289f98672eab30d8271316815b70005153abc96e15a16ea66
2025-09-15 11:44:44.929 TRACE client[0]: Processing transaction with hash: a7b0eb421a94e93289f98672eab30d8271316815b70005153abc96e15a16ea66
2025-09-15 11:44:44.929 DEBUG client[0]: Submitting transaction a7b0eb421a94e93289f98672eab30d8271316815b70005153abc96e15a16ea66
2025-09-15 11:44:45.012 TRACE : trigger interaction 0xc000418ff0 92/1200
[TRACE] Decoding transaction bytes of length: 229
[TRACE] Transaction type: 6
[TRACE] Successfully decoded transaction with hash: a610b9335659ad6fff4d78779cf8236c9e1e078be48aafb1c328c351d70b0d62
2025-09-15 11:44:45.013 TRACE client[0]: Processing transaction with hash: a610b9335659ad6fff4d78779cf8236c9e1e078be48aafb1c328c351d70b0d62
2025-09-15 11:44:45.013 DEBUG client[0]: Submitting transaction a610b9335659ad6fff4d78779cf8236c9e1e078be48aafb1c328c351d70b0d62
2025-09-15 11:44:45.096 TRACE : trigger interaction 0xc0004190e0 93/1200
[TRACE] Decoding transaction bytes of length: 229
[TRACE] Transaction type: 6
[TRACE] Successfully decoded transaction with hash: 29b817ccd727455eb06a90274887452c788f1d18267bfbb125618fd5cfb1242e
2025-09-15 11:44:45.096 TRACE client[0]: Processing transaction with hash: 29b817ccd727455eb06a90274887452c788f1d18267bfbb125618fd5cfb1242e
2025-09-15 11:44:45.096 DEBUG client[0]: Submitting transaction 29b817ccd727455eb06a90274887452c788f1d18267bfbb125618fd5cfb1242e
2025-09-15 11:44:45.179 TRACE : trigger interaction 0xc0004191d0 94/1200
[TRACE] Decoding transaction bytes of length: 229
[TRACE] Transaction type: 6
[TRACE] Successfully decoded transaction with hash: b972669d4522015b1d94c48ad667744ea7a9cebf1d8a3a4e279285e8459423d5
2025-09-15 11:44:45.179 TRACE client[0]: Processing transaction with hash: b972669d4522015b1d94c48ad667744ea7a9cebf1d8a3a4e279285e8459423d5
2025-09-15 11:44:45.179 DEBUG client[0]: Submitting transaction b972669d4522015b1d94c48ad667744ea7a9cebf1d8a3a4e279285e8459423d5
2025-09-15 11:44:45.262 TRACE : trigger interaction 0xc0004192c0 95/1200
[TRACE] Decoding transaction bytes of length: 229
[TRACE] Transaction type: 6
[TRACE] Successfully decoded transaction with hash: d1f30c974d4eb0d18b55d80905af6e79d04daab81f752f433ac0eb227bb7033d
2025-09-15 11:44:45.262 TRACE client[0]: Processing transaction with hash: d1f30c974d4eb0d18b55d80905af6e79d04daab81f752f433ac0eb227bb7033d
2025-09-15 11:44:45.262 DEBUG client[0]: Submitting transaction d1f30c974d4eb0d18b55d80905af6e79d04daab81f752f433ac0eb227bb7033d
2025-09-15 11:44:45.346 TRACE : trigger interaction 0xc0004193b0 96/1200
[TRACE] Decoding transaction bytes of length: 229
[TRACE] Transaction type: 6
[TRACE] Successfully decoded transaction with hash: 2eb99645fe89ed8052bcafbac556db8417c719b235dd5a9bd5577eeb5d9e015f
2025-09-15 11:44:45.346 TRACE client[0]: Processing transaction with hash: 2eb99645fe89ed8052bcafbac556db8417c719b235dd5a9bd5577eeb5d9e015f
2025-09-15 11:44:45.346 DEBUG client[0]: Submitting transaction 2eb99645fe89ed8052bcafbac556db8417c719b235dd5a9bd5577eeb5d9e015f
2025-09-15 11:44:45.429 TRACE : trigger interaction 0xc0004194a0 97/1200
[TRACE] Decoding transaction bytes of length: 229
[TRACE] Transaction type: 6
[TRACE] Successfully decoded transaction with hash: 391264d84cbff8e1b70ef153b9993fa293e209fa5cdd97f9d0e8e47e500ed36d
2025-09-15 11:44:45.429 TRACE client[0]: Processing transaction with hash: 391264d84cbff8e1b70ef153b9993fa293e209fa5cdd97f9d0e8e47e500ed36d
2025-09-15 11:44:45.429 DEBUG client[0]: Submitting transaction 391264d84cbff8e1b70ef153b9993fa293e209fa5cdd97f9d0e8e47e500ed36d
2025-09-15 11:44:45.513 TRACE : trigger interaction 0xc000419590 98/1200
[TRACE] Decoding transaction bytes of length: 229
[TRACE] Transaction type: 6
[TRACE] Successfully decoded transaction with hash: 548ecb334ec23546ac66273c696585a880d7d6d56a58a8315ba3aae1fe8aa8c9
2025-09-15 11:44:45.513 TRACE client[0]: Processing transaction with hash: 548ecb334ec23546ac66273c696585a880d7d6d56a58a8315ba3aae1fe8aa8c9
2025-09-15 11:44:45.513 DEBUG client[0]: Submitting transaction 548ecb334ec23546ac66273c696585a880d7d6d56a58a8315ba3aae1fe8aa8c9
2025-09-15 11:44:45.596 TRACE : trigger interaction 0xc000419680 99/1200
[TRACE] Decoding transaction bytes of length: 229
[TRACE] Transaction type: 6
[TRACE] Successfully decoded transaction with hash: d76e9d862f2c9c7a6fe73d4ac89e3f2a6c4313a4b97c5753c5b991de6734663f
2025-09-15 11:44:45.596 TRACE client[0]: Processing transaction with hash: d76e9d862f2c9c7a6fe73d4ac89e3f2a6c4313a4b97c5753c5b991de6734663f
2025-09-15 11:44:45.596 DEBUG client[0]: Submitting transaction d76e9d862f2c9c7a6fe73d4ac89e3f2a6c4313a4b97c5753c5b991de6734663f
2025-09-15 11:44:45.679 TRACE : trigger interaction 0xc000419770 100/1200
[TRACE] Decoding transaction bytes of length: 229
[TRACE] Transaction type: 6
[TRACE] Successfully decoded transaction with hash: c9df45f8548e1cc3bf38a2e1343079c28179c0fe862709a8f73f2bb7c21d41ea
2025-09-15 11:44:45.679 TRACE client[0]: Processing transaction with hash: c9df45f8548e1cc3bf38a2e1343079c28179c0fe862709a8f73f2bb7c21d41ea
2025-09-15 11:44:45.679 DEBUG client[0]: Submitting transaction c9df45f8548e1cc3bf38a2e1343079c28179c0fe862709a8f73f2bb7c21d41ea
2025-09-15 11:44:45.762 TRACE : trigger interaction 0xc000419860 101/1200
[TRACE] Decoding transaction bytes of length: 229
[TRACE] Transaction type: 6
[TRACE] Successfully decoded transaction with hash: d94d949a1f6a18fbfbca3322bfcbdd79c483aa788f1e2c712e6d0cd1171c2ff5
2025-09-15 11:44:45.763 TRACE client[0]: Processing transaction with hash: d94d949a1f6a18fbfbca3322bfcbdd79c483aa788f1e2c712e6d0cd1171c2ff5
2025-09-15 11:44:45.763 DEBUG client[0]: Submitting transaction d94d949a1f6a18fbfbca3322bfcbdd79c483aa788f1e2c712e6d0cd1171c2ff5
2025-09-15 11:44:45.846 TRACE : trigger interaction 0xc0003faf00 102/1200
[TRACE] Decoding transaction bytes of length: 229
[TRACE] Transaction type: 6
[TRACE] Successfully decoded transaction with hash: 9f94683333be8aa82332eaf4fdef35fb6c943c25911ed3bea26a8fb25af89b2b
2025-09-15 11:44:45.846 TRACE client[0]: Processing transaction with hash: 9f94683333be8aa82332eaf4fdef35fb6c943c25911ed3bea26a8fb25af89b2b
2025-09-15 11:44:45.846 DEBUG client[0]: Submitting transaction 9f94683333be8aa82332eaf4fdef35fb6c943c25911ed3bea26a8fb25af89b2b
2025-09-15 11:44:45.929 TRACE : trigger interaction 0xc0003faff0 103/1200
[TRACE] Decoding transaction bytes of length: 229
[TRACE] Transaction type: 6
[TRACE] Successfully decoded transaction with hash: 7a9fb85250dcd0a5d77fa8dbfea15a2a4df4a4f44ff63fd414cf8e9195d0d178
2025-09-15 11:44:45.929 TRACE client[0]: Processing transaction with hash: 7a9fb85250dcd0a5d77fa8dbfea15a2a4df4a4f44ff63fd414cf8e9195d0d178
2025-09-15 11:44:45.929 DEBUG client[0]: Submitting transaction 7a9fb85250dcd0a5d77fa8dbfea15a2a4df4a4f44ff63fd414cf8e9195d0d178
2025-09-15 11:44:46.012 TRACE : trigger interaction 0xc0003fb0e0 104/1200
[TRACE] Decoding transaction bytes of length: 229
[TRACE] Transaction type: 6
[TRACE] Successfully decoded transaction with hash: c1a0b8c6730b040b2fe55eee30eb527e15f38f1101d7c378870fb509d58666aa
2025-09-15 11:44:46.013 TRACE client[0]: Processing transaction with hash: c1a0b8c6730b040b2fe55eee30eb527e15f38f1101d7c378870fb509d58666aa
2025-09-15 11:44:46.013 DEBUG client[0]: Submitting transaction c1a0b8c6730b040b2fe55eee30eb527e15f38f1101d7c378870fb509d58666aa
2025-09-15 11:44:46.096 TRACE : trigger interaction 0xc0003fb1d0 105/1200
[TRACE] Decoding transaction bytes of length: 229
[TRACE] Transaction type: 6
[TRACE] Successfully decoded transaction with hash: 91c63283887efb685967326c29695e6548beb7d07ef391b7b2bb3a01ab8cad47
2025-09-15 11:44:46.096 TRACE client[0]: Processing transaction with hash: 91c63283887efb685967326c29695e6548beb7d07ef391b7b2bb3a01ab8cad47
2025-09-15 11:44:46.096 DEBUG client[0]: Submitting transaction 91c63283887efb685967326c29695e6548beb7d07ef391b7b2bb3a01ab8cad47
2025-09-15 11:44:46.179 TRACE : trigger interaction 0xc0003fb2c0 106/1200
[TRACE] Decoding transaction bytes of length: 229
[TRACE] Transaction type: 6
[TRACE] Successfully decoded transaction with hash: d64ee0acd886938b0547fbd40fa5ed5f9b98dea56506924ac2685987c1021abf
2025-09-15 11:44:46.179 TRACE client[0]: Processing transaction with hash: d64ee0acd886938b0547fbd40fa5ed5f9b98dea56506924ac2685987c1021abf
2025-09-15 11:44:46.179 DEBUG client[0]: Submitting transaction d64ee0acd886938b0547fbd40fa5ed5f9b98dea56506924ac2685987c1021abf
2025-09-15 11:44:46.263 TRACE : trigger interaction 0xc0003fb3b0 107/1200
[TRACE] Decoding transaction bytes of length: 229
[TRACE] Transaction type: 6
[TRACE] Successfully decoded transaction with hash: 2875e4a5035b18502d7f0a2730ca86ffd8361a79a7dbb0d574660107c0bdaa1f
2025-09-15 11:44:46.263 TRACE client[0]: Processing transaction with hash: 2875e4a5035b18502d7f0a2730ca86ffd8361a79a7dbb0d574660107c0bdaa1f
2025-09-15 11:44:46.263 DEBUG client[0]: Submitting transaction 2875e4a5035b18502d7f0a2730ca86ffd8361a79a7dbb0d574660107c0bdaa1f
2025-09-15 11:44:46.346 TRACE : trigger interaction 0xc0003fb4a0 108/1200
[TRACE] Decoding transaction bytes of length: 229
[TRACE] Transaction type: 6
[TRACE] Successfully decoded transaction with hash: 4dfa9b7ee5ecc577928d740320744797c32de17e297f4c330ea9e87c391de089
2025-09-15 11:44:46.346 TRACE client[0]: Processing transaction with hash: 4dfa9b7ee5ecc577928d740320744797c32de17e297f4c330ea9e87c391de089
2025-09-15 11:44:46.346 DEBUG client[0]: Submitting transaction 4dfa9b7ee5ecc577928d740320744797c32de17e297f4c330ea9e87c391de089
2025-09-15 11:44:46.429 TRACE : trigger interaction 0xc0003fb590 109/1200
[TRACE] Decoding transaction bytes of length: 229
[TRACE] Transaction type: 6
[TRACE] Successfully decoded transaction with hash: cdb609c1e5d12f3e5c0f0b53904acc8f5ad6c2e97168c3e81805728926c17bcd
2025-09-15 11:44:46.429 TRACE client[0]: Processing transaction with hash: cdb609c1e5d12f3e5c0f0b53904acc8f5ad6c2e97168c3e81805728926c17bcd
2025-09-15 11:44:46.429 DEBUG client[0]: Submitting transaction cdb609c1e5d12f3e5c0f0b53904acc8f5ad6c2e97168c3e81805728926c17bcd
2025-09-15 11:44:46.513 TRACE : trigger interaction 0xc0003fb680 110/1200
[TRACE] Decoding transaction bytes of length: 229
[TRACE] Transaction type: 6
[TRACE] Successfully decoded transaction with hash: 415b34327af0a8168242f8bb2b2f3b3a8a0a9e77cc2f0163007323d6947cc8d0
2025-09-15 11:44:46.513 TRACE client[0]: Processing transaction with hash: 415b34327af0a8168242f8bb2b2f3b3a8a0a9e77cc2f0163007323d6947cc8d0
2025-09-15 11:44:46.513 DEBUG client[0]: Submitting transaction 415b34327af0a8168242f8bb2b2f3b3a8a0a9e77cc2f0163007323d6947cc8d0
2025-09-15 11:44:46.596 TRACE : trigger interaction 0xc0003fb770 111/1200
[TRACE] Decoding transaction bytes of length: 229
[TRACE] Transaction type: 6
[TRACE] Successfully decoded transaction with hash: 8b6381c448ef3ae51f84da0398c72b08a3bec9c013bdd1351daa32411f7d2d74
2025-09-15 11:44:46.596 TRACE client[0]: Processing transaction with hash: 8b6381c448ef3ae51f84da0398c72b08a3bec9c013bdd1351daa32411f7d2d74
2025-09-15 11:44:46.596 DEBUG client[0]: Submitting transaction 8b6381c448ef3ae51f84da0398c72b08a3bec9c013bdd1351daa32411f7d2d74
2025-09-15 11:44:46.679 TRACE : trigger interaction 0xc0003fb860 112/1200
[TRACE] Decoding transaction bytes of length: 229
[TRACE] Transaction type: 6
[TRACE] Successfully decoded transaction with hash: 138326edcb8b798f2adf723fb88b9a3e69dcdb71dc51709b9ec3b7b40cd72c77
2025-09-15 11:44:46.679 TRACE client[0]: Processing transaction with hash: 138326edcb8b798f2adf723fb88b9a3e69dcdb71dc51709b9ec3b7b40cd72c77
2025-09-15 11:44:46.679 DEBUG client[0]: Submitting transaction 138326edcb8b798f2adf723fb88b9a3e69dcdb71dc51709b9ec3b7b40cd72c77
2025-09-15 11:44:46.763 TRACE : trigger interaction 0xc0003fb950 113/1200
[TRACE] Decoding transaction bytes of length: 229
[TRACE] Transaction type: 6
[TRACE] Successfully decoded transaction with hash: 7f3606ee9c0c2fc387e45c195da686123d03cd16235fca2ae84c799a61fc3329
2025-09-15 11:44:46.763 TRACE client[0]: Processing transaction with hash: 7f3606ee9c0c2fc387e45c195da686123d03cd16235fca2ae84c799a61fc3329
2025-09-15 11:44:46.763 DEBUG client[0]: Submitting transaction 7f3606ee9c0c2fc387e45c195da686123d03cd16235fca2ae84c799a61fc3329
2025-09-15 11:44:46.846 TRACE : trigger interaction 0xc0003fba40 114/1200
[TRACE] Decoding transaction bytes of length: 229
[TRACE] Transaction type: 6
[TRACE] Successfully decoded transaction with hash: 0309a80a45dde01e99a496cdf87b98e8a7c9eba224b450282a033fcc3f90a146
2025-09-15 11:44:46.846 TRACE client[0]: Processing transaction with hash: 0309a80a45dde01e99a496cdf87b98e8a7c9eba224b450282a033fcc3f90a146
2025-09-15 11:44:46.846 DEBUG client[0]: Submitting transaction 0309a80a45dde01e99a496cdf87b98e8a7c9eba224b450282a033fcc3f90a146
2025-09-15 11:44:46.929 TRACE : trigger interaction 0xc0003fbb30 115/1200
[TRACE] Decoding transaction bytes of length: 229
[TRACE] Transaction type: 6
[TRACE] Successfully decoded transaction with hash: 5ec34564fb3304f6b5afc24b9670bbde8a79eff4798c296f6373ae90f59c1835
2025-09-15 11:44:46.929 TRACE client[0]: Processing transaction with hash: 5ec34564fb3304f6b5afc24b9670bbde8a79eff4798c296f6373ae90f59c1835
2025-09-15 11:44:46.929 DEBUG client[0]: Submitting transaction 5ec34564fb3304f6b5afc24b9670bbde8a79eff4798c296f6373ae90f59c1835
2025-09-15 11:44:47.012 TRACE : trigger interaction 0xc0003fbc20 116/1200
[TRACE] Decoding transaction bytes of length: 229
[TRACE] Transaction type: 6
[TRACE] Successfully decoded transaction with hash: 234de86ff1cf3680e67cbce1382888329cf506e3e69f28614a3fe35fbf8f0ebd
2025-09-15 11:44:47.013 TRACE client[0]: Processing transaction with hash: 234de86ff1cf3680e67cbce1382888329cf506e3e69f28614a3fe35fbf8f0ebd
2025-09-15 11:44:47.013 DEBUG client[0]: Submitting transaction 234de86ff1cf3680e67cbce1382888329cf506e3e69f28614a3fe35fbf8f0ebd
2025-09-15 11:44:47.096 TRACE : trigger interaction 0xc0003fbd10 117/1200
[TRACE] Decoding transaction bytes of length: 229
[TRACE] Transaction type: 6
[TRACE] Successfully decoded transaction with hash: 1a04c1676a27aaddd5ae7e09699f376d799110497740f100d53a740c0fa976ce
2025-09-15 11:44:47.096 TRACE client[0]: Processing transaction with hash: 1a04c1676a27aaddd5ae7e09699f376d799110497740f100d53a740c0fa976ce
2025-09-15 11:44:47.096 DEBUG client[0]: Submitting transaction 1a04c1676a27aaddd5ae7e09699f376d799110497740f100d53a740c0fa976ce
2025-09-15 11:44:47.179 TRACE : trigger interaction 0xc0000c2000 118/1200
[TRACE] Decoding transaction bytes of length: 229
[TRACE] Transaction type: 6
[TRACE] Successfully decoded transaction with hash: b34296bccdcc5e70626b2fe532860ff4e798621764f14af1da9bde44f756fd5d
2025-09-15 11:44:47.179 TRACE client[0]: Processing transaction with hash: b34296bccdcc5e70626b2fe532860ff4e798621764f14af1da9bde44f756fd5d
2025-09-15 11:44:47.179 DEBUG client[0]: Submitting transaction b34296bccdcc5e70626b2fe532860ff4e798621764f14af1da9bde44f756fd5d
2025-09-15 11:44:47.263 TRACE : trigger interaction 0xc0000c20f0 119/1200
[TRACE] Decoding transaction bytes of length: 229
[TRACE] Transaction type: 6
[TRACE] Successfully decoded transaction with hash: 024094798a5cefb16fcb3ddd1d0bce71a5f989e6b1e05b6b99ae162e46bc8698
2025-09-15 11:44:47.263 TRACE client[0]: Processing transaction with hash: 024094798a5cefb16fcb3ddd1d0bce71a5f989e6b1e05b6b99ae162e46bc8698
2025-09-15 11:44:47.263 DEBUG client[0]: Submitting transaction 024094798a5cefb16fcb3ddd1d0bce71a5f989e6b1e05b6b99ae162e46bc8698
2025-09-15 11:44:47.346 TRACE : trigger interaction 0xc0000c21e0 120/1200
[TRACE] Decoding transaction bytes of length: 229
[TRACE] Transaction type: 6
[TRACE] Successfully decoded transaction with hash: 7fba26d546762949cfc0933fb275615fb4be07e3ce790b7c8ca97297a99d3609
2025-09-15 11:44:47.346 TRACE client[0]: Processing transaction with hash: 7fba26d546762949cfc0933fb275615fb4be07e3ce790b7c8ca97297a99d3609
2025-09-15 11:44:47.346 DEBUG client[0]: Submitting transaction 7fba26d546762949cfc0933fb275615fb4be07e3ce790b7c8ca97297a99d3609
2025-09-15 11:44:47.429 TRACE : trigger interaction 0xc0000c22d0 121/1200
[TRACE] Decoding transaction bytes of length: 229
[TRACE] Transaction type: 6
[TRACE] Successfully decoded transaction with hash: 62b210281f7a43975a78679767e23114cc05c41a953977180d44b4b76b2e2298
2025-09-15 11:44:47.429 TRACE client[0]: Processing transaction with hash: 62b210281f7a43975a78679767e23114cc05c41a953977180d44b4b76b2e2298
2025-09-15 11:44:47.429 DEBUG client[0]: Submitting transaction 62b210281f7a43975a78679767e23114cc05c41a953977180d44b4b76b2e2298
2025-09-15 11:44:47.512 TRACE : trigger interaction 0xc0000c23c0 122/1200
[TRACE] Decoding transaction bytes of length: 229
[TRACE] Transaction type: 6
[TRACE] Successfully decoded transaction with hash: dd822022387e6aa2aa8d1a823d9ae9e2844e1bb3e7f28560ffb90ec414b66015
2025-09-15 11:44:47.513 TRACE client[0]: Processing transaction with hash: dd822022387e6aa2aa8d1a823d9ae9e2844e1bb3e7f28560ffb90ec414b66015
2025-09-15 11:44:47.513 DEBUG client[0]: Submitting transaction dd822022387e6aa2aa8d1a823d9ae9e2844e1bb3e7f28560ffb90ec414b66015
2025-09-15 11:44:47.596 TRACE : trigger interaction 0xc0000c24b0 123/1200
[TRACE] Decoding transaction bytes of length: 229
[TRACE] Transaction type: 6
[TRACE] Successfully decoded transaction with hash: b9890ff44007ac40a9ced208662f333ffe0acff71a0d49af1400a5d3855a1ca8
2025-09-15 11:44:47.596 TRACE client[0]: Processing transaction with hash: b9890ff44007ac40a9ced208662f333ffe0acff71a0d49af1400a5d3855a1ca8
2025-09-15 11:44:47.596 DEBUG client[0]: Submitting transaction b9890ff44007ac40a9ced208662f333ffe0acff71a0d49af1400a5d3855a1ca8
2025-09-15 11:44:47.679 TRACE : trigger interaction 0xc0000c25a0 124/1200
[TRACE] Decoding transaction bytes of length: 229
[TRACE] Transaction type: 6
[TRACE] Successfully decoded transaction with hash: 89448af3d3e337126287e7ac4ee864761b1dd69694b56fa07ec807cb42590436
2025-09-15 11:44:47.679 TRACE client[0]: Processing transaction with hash: 89448af3d3e337126287e7ac4ee864761b1dd69694b56fa07ec807cb42590436
2025-09-15 11:44:47.679 DEBUG client[0]: Submitting transaction 89448af3d3e337126287e7ac4ee864761b1dd69694b56fa07ec807cb42590436
2025-09-15 11:44:47.762 TRACE : trigger interaction 0xc0000c2690 125/1200
[TRACE] Decoding transaction bytes of length: 229
[TRACE] Transaction type: 6
[TRACE] Successfully decoded transaction with hash: e733819eea0d01053aa722a3ee76bf8e438053f499fdf3f1c6f634dfe24dee5e
2025-09-15 11:44:47.762 TRACE client[0]: Processing transaction with hash: e733819eea0d01053aa722a3ee76bf8e438053f499fdf3f1c6f634dfe24dee5e
2025-09-15 11:44:47.762 DEBUG client[0]: Submitting transaction e733819eea0d01053aa722a3ee76bf8e438053f499fdf3f1c6f634dfe24dee5e
2025-09-15 11:44:47.845 TRACE : trigger interaction 0xc0000c2780 126/1200
[TRACE] Decoding transaction bytes of length: 229
[TRACE] Transaction type: 6
[TRACE] Successfully decoded transaction with hash: 9d21779538165adf47191e2806cd7f6e97bbcb45c24a5b85ee2166cc2a4d1dbb
2025-09-15 11:44:47.846 TRACE client[0]: Processing transaction with hash: 9d21779538165adf47191e2806cd7f6e97bbcb45c24a5b85ee2166cc2a4d1dbb
2025-09-15 11:44:47.846 DEBUG client[0]: Submitting transaction 9d21779538165adf47191e2806cd7f6e97bbcb45c24a5b85ee2166cc2a4d1dbb
2025-09-15 11:44:47.929 TRACE : trigger interaction 0xc0000c2870 127/1200
[TRACE] Decoding transaction bytes of length: 229
[TRACE] Transaction type: 6
[TRACE] Successfully decoded transaction with hash: 6fdf133960e83bbcfe4597e569dea8606594bcf6ba3a3ad5387d3682611f1438
2025-09-15 11:44:47.929 TRACE client[0]: Processing transaction with hash: 6fdf133960e83bbcfe4597e569dea8606594bcf6ba3a3ad5387d3682611f1438
2025-09-15 11:44:47.929 DEBUG client[0]: Submitting transaction 6fdf133960e83bbcfe4597e569dea8606594bcf6ba3a3ad5387d3682611f1438
2025-09-15 11:44:48.012 TRACE : trigger interaction 0xc0000c2960 128/1200
[TRACE] Decoding transaction bytes of length: 229
[TRACE] Transaction type: 6
[TRACE] Successfully decoded transaction with hash: f119a7a7bd8b8e37a864d2bff58dd3ac354ad4bf09a064485f35411fa91a8844
2025-09-15 11:44:48.012 TRACE client[0]: Processing transaction with hash: f119a7a7bd8b8e37a864d2bff58dd3ac354ad4bf09a064485f35411fa91a8844
2025-09-15 11:44:48.012 DEBUG client[0]: Submitting transaction f119a7a7bd8b8e37a864d2bff58dd3ac354ad4bf09a064485f35411fa91a8844
2025-09-15 11:44:48.049 TRACE client[0]: Found transaction in block: 6005ed8363d1c0185c4225bfb657c49f9c946ca1e945ad6edd5eddc3fec2d59e
2025-09-15 11:44:48.049 TRACE client[0]: Found transaction in block: 2768992e50189841e3724299075e9b8f5667647dbb8908bfa7c65ef674019523
2025-09-15 11:44:48.049 TRACE client[0]: Found transaction in block: 4fc8b4a6b27973c1184d5d84e293ebfce9edad6140acd1e1c5d5cba6c845239e
2025-09-15 11:44:48.049 TRACE client[0]: Found transaction in block: a7f0c58a1fa6538f349deec34c92807af359af12bf58444e12cf0b604b00e4ad
2025-09-15 11:44:48.049 TRACE client[0]: Found transaction in block: 9955d045e2426e0c0b1cc9c92412c6657f5038c0b7befa29e1c193c2565f0865
2025-09-15 11:44:48.049 TRACE client[0]: Found transaction in block: 7ac56c5527165ea54a8680cbf4803e224a1ead9fca77cde0537a7c98e3e068a1
2025-09-15 11:44:48.049 TRACE client[0]: Found transaction in block: 69aab05a77328fdc8b97c6b6deb55c22ef471b21de5b8d647aef7fe0694717a3
2025-09-15 11:44:48.049 TRACE client[0]: Found transaction in block: 231b29242b5c4ae8ae4d36da69d76b8a11e27d359ed8ae4565299cf331096ce9
2025-09-15 11:44:48.049 TRACE client[0]: Found transaction in block: 6986337ea7e505a6cee62cc93c79567c9f95463f4a621c754143e0d3f196fdad
2025-09-15 11:44:48.049 TRACE client[0]: Found transaction in block: f682564873bf6e40c7eda1c6a135125718f28730779c97ea9f47945dcd1531af
2025-09-15 11:44:48.049 TRACE client[0]: Found transaction in block: 3c3b5077d6d39578dc90cf0a1a0a0b1e2b910c776ec6a5ca2f788084c4eceb9d
2025-09-15 11:44:48.049 TRACE client[0]: Found transaction in block: 839b5b7059bfe51bc87a49835dd1d45bcc22ec001e3008a262f2e4e82c2e242e
2025-09-15 11:44:48.049 TRACE client[0]: Found transaction in block: a40d204463f1a7b8f6515a20ca0ce01bb91d5c3b39f09b4b1930f2f3e360ed56
2025-09-15 11:44:48.049 TRACE client[0]: Found transaction in block: 736ed599fe4a2e1c502ac513ae59cc63a87cc5d3acbaaeb3f433389f3e33831c
2025-09-15 11:44:48.049 TRACE client[0]: Found transaction in block: e52582c5a40a64cbd5e9b06312e6ea0702666051f9e89df32316cbb735baa820
2025-09-15 11:44:48.049 TRACE client[0]: Found transaction in block: 914e71deff8ba931be7422da26dd69479d5789044ea92ddb6af91d4868374996
2025-09-15 11:44:48.049 TRACE client[0]: Found transaction in block: 5d76b90c09143b20695fc9e2fc0278293519910f9e351ed440ffb2a1252a9aac
2025-09-15 11:44:48.049 TRACE client[0]: Found transaction in block: 6d7983e85cded738f44f41eb48b9928453a09064d555b4bfd36aeb28b7bbde9a
2025-09-15 11:44:48.049 TRACE client[0]: Found transaction in block: b8ac103abb6f877ddd0aac9e5b1109b98167d6aa13ecc73e6936d7c257a432f8
2025-09-15 11:44:48.049 TRACE client[0]: Found transaction in block: 7f550781c6908c14905ea970770746b8376846038b7e1a986337a03a02cbc9c3
2025-09-15 11:44:48.049 TRACE client[0]: Found transaction in block: ea5839a304c29089ec8c86f281f68be4add33a0d4b980fb0728a6923d4b03bf5
2025-09-15 11:44:48.049 TRACE client[0]: Found transaction in block: 9880f53a83db81132cb75ed7ec24209538536e51f9f1a72535abdea987ce67af
2025-09-15 11:44:48.049 TRACE client[0]: Found transaction in block: f1497d69a2cd367ff833f791b76219f40e0452cfe429df1dc1e3646f3d6d5c6e
2025-09-15 11:44:48.049 TRACE client[0]: Found transaction in block: e43f4abfe76e9e1761f1301f301ae88901e401843a3bff6808ea7b0a284c7b1e
2025-09-15 11:44:48.049 TRACE client[0]: Found transaction in block: 3965c78378a9e9035ea5724945353d57cccd7dc90acf31b26fa63b3c4ae32c94
2025-09-15 11:44:48.049 TRACE client[0]: Found transaction in block: 8d94c7b221c4e8e317917e19eaa502e93cce5682239e3b89ba10226980c07409
2025-09-15 11:44:48.049 TRACE client[0]: Found transaction in block: 77f804961fcf6ac622c77f8b4bf7ff989950520591841575fcb45ed84e5c62eb
2025-09-15 11:44:48.049 TRACE client[0]: Found transaction in block: 3369b8d2a75e960a0d2677c716de3d6846f4cffccf0458d7a90a8aad85792370
2025-09-15 11:44:48.049 TRACE client[0]: Found transaction in block: 2a1a0a8594fd2d0d5c9c490e1c3d19ab2d01dcb5c3304303ed8de23ca5e105cb
2025-09-15 11:44:48.049 TRACE client[0]: Found transaction in block: 72f587d6b321c0095410a386d44e0b7a089a9f0ca61299dac96903ae341f68b8
2025-09-15 11:44:48.049 TRACE client[0]: Found transaction in block: 785a82795b9a85c50318780e34aa55d5aeb16548b0662244665aad35f3155af4
2025-09-15 11:44:48.049 TRACE client[0]: Found transaction in block: 5d7f2458529642b3a637cfc4e4bc3954de53933507e9cac1c622229ae24f2f12
2025-09-15 11:44:48.049 TRACE client[0]: Found transaction in block: 65471c702936cbb3af114f1b47f503eaaf6102987357aa6046c9d28a393799af
2025-09-15 11:44:48.049 TRACE client[0]: Found transaction in block: 1bfde0c50c29f8e628e6f3d3d00601b71f6f6ecba3d27da05d289d72e4be6df3
2025-09-15 11:44:48.049 TRACE client[0]: Found transaction in block: 6428e17dffb71225d70916227320efcd035080c7e598a4601dfcde15f6c02309
2025-09-15 11:44:48.049 TRACE client[0]: Found transaction in block: 89eca97db73dbdc848862ad03b6e489bac748a40b728d5b91e64d8479aba8eae
2025-09-15 11:44:48.049 TRACE client[0]: Found transaction in block: c038c23e24702001edee1b1bffb8505cd95e58c05a6ab7f21fd8c7a590eabb05
2025-09-15 11:44:48.049 TRACE client[0]: Found transaction in block: 6573b73be19210ed36c834fe968e9e7c76468089f15542a6da13b2e211246ee1
2025-09-15 11:44:48.049 TRACE client[0]: Found transaction in block: b747a446c9d707849589f9290c05fd9d2826fc8acaa11072f7928e6ecfc2cc71
2025-09-15 11:44:48.049 TRACE client[0]: Found transaction in block: b2579b6aec8725bfdcf097cf2d42bbf8d8159ebb464bb05955a35203c8b503a3
2025-09-15 11:44:48.049 TRACE client[0]: Found transaction in block: 09c6ed57c6a11097ecc46d2a175ea10258c4c03f859a703d098075d66b0fc3a6
2025-09-15 11:44:48.049 TRACE client[0]: Found transaction in block: bd0d0258705082dcd243db7834b665a55d5e3a24babce861b5b350b459778767
2025-09-15 11:44:48.049 TRACE client[0]: Found transaction in block: b12a6961e80bf45f8a409d54975219e0a022635eb34a64766327a18f5684439e
2025-09-15 11:44:48.049 TRACE client[0]: Found transaction in block: f8240c039318b44b4cbcbadc72eedcf55b9a67e59203f3e8bd7585acd799e178
2025-09-15 11:44:48.049 TRACE client[0]: Found transaction in block: 895899fd0081d33c5987baa26da1311aca1a8ccdfbf861c74fe5fbf42e6126bc
2025-09-15 11:44:48.049 TRACE client[0]: Found transaction in block: 2cda9538ba84affecbc5b5f6a71ed087bea21486f3aace6d062a0546432ca544
2025-09-15 11:44:48.049 TRACE client[0]: Found transaction in block: fa06f7691a23c73ddc76b197d7daba8d65da5cbccf50bd47fac134690dc2020c
2025-09-15 11:44:48.049 TRACE client[0]: Found transaction in block: 6c7b387e031f10be70e623dbf2fc346a220019fddd69d5295dfa555721855317
2025-09-15 11:44:48.049 TRACE client[0]: Found transaction in block: aa72dd0f86d6f965f5cf3b3ba2812cbc51c65f2542a269062927a7580d4c4417
2025-09-15 11:44:48.049 TRACE client[0]: Found transaction in block: 7e5bf3cc544162cc17cf2e4e807e80b5832c8aa28a176a96de2809e95640889c
2025-09-15 11:44:48.049 TRACE client[0]: Found transaction in block: 3e8c463cf3360a7d6c8519801e54a861a4b10ba48ba02832d1905e644a3e51e4
2025-09-15 11:44:48.049 TRACE client[0]: Found transaction in block: e5ece1df295b8cfc8193c43367082871a67978741944a0dc4e0a304dd9b56c70
2025-09-15 11:44:48.049 TRACE client[0]: Found transaction in block: 77478481d180d5f53c9bb63642ad84275a1f3345048c257b61ada5dd1a534256
2025-09-15 11:44:48.049 TRACE client[0]: Found transaction in block: 8d749a088118a644f87af6d23c7a37c3fc0b73def5eeb279ae5fa728a6b1e91a
2025-09-15 11:44:48.049 TRACE client[0]: Found transaction in block: 17d4684cce210607dbcaf13d7426048ec4f405d46da91966ef2c43e907b1c415
2025-09-15 11:44:48.049 TRACE client[0]: Found transaction in block: 6f5c2c0d180ae54938a5973071c4775db576f4eb597eae9824762179ff027f81
2025-09-15 11:44:48.049 TRACE client[0]: Found transaction in block: 25d138ed7503828e2f966fb69d4ddc8b8c14d4cf94d55061ca012a2f8266dbfc
2025-09-15 11:44:48.049 TRACE client[0]: Found transaction in block: c049ebd269799fcf3a91c077627ca8b6bd55e07e79b61d610fdf4378705228bc
2025-09-15 11:44:48.049 TRACE client[0]: Found transaction in block: aa6b50b3aa886a6299b4b9caa546166620aaff0a491401ba2f7705a0d126a42b
2025-09-15 11:44:48.049 TRACE client[0]: Found transaction in block: 3d3e319ddcdc586e261b8f7c3b7d71b0099af0caa9f6295c51bac53d2301e8c8
2025-09-15 11:44:48.049 TRACE client[0]: Found transaction in block: edbadb3a34b2c6d160c60536d96cc9171eca3242efe343af0844b13befdff904
2025-09-15 11:44:48.049 TRACE client[0]: Found transaction in block: a253cbce2d5d55493c5a34ba140d8d44d43a950a37a93ded2eab9bf1f0f1d681
2025-09-15 11:44:48.049 TRACE client[0]: Found transaction in block: e1f5479d3bb4a5a108ba084223c922fedd04f3dddcf882842344fcea9b4c0874
2025-09-15 11:44:48.049 TRACE client[0]: Found transaction in block: 915744544d480e5f002524757b2646cd77e561fc457135cfe9fd91f01162cace
2025-09-15 11:44:48.049 TRACE client[0]: Found transaction in block: dca2c8d0f410dbf3a8e5c709cdef255ab4c7ba14b9b004c8b737f7e0e8f26b5d
2025-09-15 11:44:48.049 TRACE client[0]: Found transaction in block: 8e65e194a0246b2b1fa42dc72980d43bc351d4c636598eb80b876017588caf33
2025-09-15 11:44:48.049 TRACE client[0]: Found transaction in block: 5f2b6b7d1f1bbcfb1419397b51543bfe3cefae9e6233872800a8c0ef69a1b635
2025-09-15 11:44:48.049 TRACE client[0]: Found transaction in block: 7c8bc9d905814c48d8b993aea7f910605fd7fd6578143d8f63fca2dccdc955ff
2025-09-15 11:44:48.049 TRACE client[0]: Found transaction in block: 7556af808ccb139e343f2a175c6a389c355381550ee0c4e75266148f55be8c6a
2025-09-15 11:44:48.049 TRACE client[0]: Found transaction in block: 607fe768cf297c8f16b89c39c9a86c165b03b6dedf93e0d5255f86ccbf71eecd
2025-09-15 11:44:48.049 TRACE client[0]: Found transaction in block: a23cb7cd68f38a6b7e085505d413a8eb2c9fac47d865952a1210261a2e602651
2025-09-15 11:44:48.049 TRACE client[0]: Found transaction in block: 7beda2ebdc653409b077ef566ea978ab10b0d8aed7c377cf04f255cb32f6a08d
2025-09-15 11:44:48.049 TRACE client[0]: Found transaction in block: a5774fc51dddbae7a45195b3feba7eeb1427b6746b0f1e65feb58f7f811b49c8
2025-09-15 11:44:48.049 TRACE client[0]: Found transaction in block: 60596c6f6755e85251cc21686362dd7d22784e7a391c8d81ef45de3c01d98dec
2025-09-15 11:44:48.049 TRACE client[0]: Found transaction in block: 2e641b41e74c54f7da6e5824f0a7204f4add67a6c2950f615d6cfd8096711ad8
2025-09-15 11:44:48.049 TRACE client[0]: Found transaction in block: b89a9b8d1984d9d3e12c39fdc8f3702e0b4f30dc9bc0bbdc63193934dca87638
2025-09-15 11:44:48.049 TRACE client[0]: Found transaction in block: 4959324c4ac98fe40137a7304097a5d29b698cc00754c24b6473317df98eae7e
2025-09-15 11:44:48.049 TRACE client[0]: Found transaction in block: afee9fa0d452c8bada0369a82aecd475d775fe70783dc076fec1d2df22c9e3b8
2025-09-15 11:44:48.049 TRACE client[0]: Found transaction in block: 2fa754f2383d47af79a04bac52f4a95ed81f2fdba356df2171abe3953ddb51e2
2025-09-15 11:44:48.049 TRACE client[0]: Found transaction in block: 7edbe469eeebd470ff91970ec09e03dd133622192d34d5ccc7cb042c686d4877
2025-09-15 11:44:48.049 TRACE client[0]: Found transaction in block: 690ff53f665820b52ea7ff5f76fe06ba5313d5a6d3a64f0ab196a586fda45a79
2025-09-15 11:44:48.049 TRACE client[0]: Found transaction in block: 8d6b12c81a64fe4695a968e300ac235d84a48a070fa71c0b4801f696eeb58859
2025-09-15 11:44:48.049 TRACE client[0]: Found transaction in block: 2e693afa8b4386d07dec40eab162d7a38054c23e22cea3ba7af4e0901c673e02
2025-09-15 11:44:48.049 TRACE client[0]: Found transaction in block: 53b631e5c4a143f87f10557d49c06c9b67b7528a587fd347670f8267e2794e15
2025-09-15 11:44:48.049 TRACE client[0]: Found transaction in block: 0d2f33f7bf4644fde50bbcb5daf94ad1fa44cd3b4883e6e6c03fe367b963593c
2025-09-15 11:44:48.049 TRACE client[0]: Found transaction in block: 6d3c482cb8878c496f7625d23c919575d1ae92447eb53b197a7e2992e9d40fac
2025-09-15 11:44:48.049 TRACE client[0]: Found transaction in block: 1f5b635ebe7c9137b8cb71e615e53da99ac85ac5b85252e5035441bb9bac30cf
2025-09-15 11:44:48.049 TRACE client[0]: Found transaction in block: 6fee40544f15f3d7ab1f1535937a04063ea1204189c7d218246de93b23c030d7
2025-09-15 11:44:48.049 TRACE client[0]: Found transaction in block: b3bb4cfe235edbfd95a9b7f1365fa3e6889d9c44f32790c5fc77cea04415713e
2025-09-15 11:44:48.049 TRACE client[0]: Found transaction in block: 96ddabf2899ce7ede09bc238b6c77e4fa3788cea94598bdb448a7ff4337bdf78
2025-09-15 11:44:48.049 TRACE client[0]: Found transaction in block: a7b0eb421a94e93289f98672eab30d8271316815b70005153abc96e15a16ea66
2025-09-15 11:44:48.049 TRACE client[0]: Found transaction in block: a610b9335659ad6fff4d78779cf8236c9e1e078be48aafb1c328c351d70b0d62
2025-09-15 11:44:48.049 TRACE client[0]: Found transaction in block: 29b817ccd727455eb06a90274887452c788f1d18267bfbb125618fd5cfb1242e
2025-09-15 11:44:48.049 TRACE client[0]: Found transaction in block: b972669d4522015b1d94c48ad667744ea7a9cebf1d8a3a4e279285e8459423d5
2025-09-15 11:44:48.049 TRACE client[0]: Found transaction in block: d1f30c974d4eb0d18b55d80905af6e79d04daab81f752f433ac0eb227bb7033d
2025-09-15 11:44:48.049 TRACE client[0]: Found transaction in block: 2eb99645fe89ed8052bcafbac556db8417c719b235dd5a9bd5577eeb5d9e015f
2025-09-15 11:44:48.049 TRACE client[0]: Found transaction in block: 391264d84cbff8e1b70ef153b9993fa293e209fa5cdd97f9d0e8e47e500ed36d
2025-09-15 11:44:48.049 TRACE client[0]: Found transaction in block: 548ecb334ec23546ac66273c696585a880d7d6d56a58a8315ba3aae1fe8aa8c9
2025-09-15 11:44:48.049 TRACE client[0]: Found transaction in block: d76e9d862f2c9c7a6fe73d4ac89e3f2a6c4313a4b97c5753c5b991de6734663f
2025-09-15 11:44:48.049 TRACE client[0]: Found transaction in block: c9df45f8548e1cc3bf38a2e1343079c28179c0fe862709a8f73f2bb7c21d41ea
2025-09-15 11:44:48.049 TRACE client[0]: Found transaction in block: d94d949a1f6a18fbfbca3322bfcbdd79c483aa788f1e2c712e6d0cd1171c2ff5
2025-09-15 11:44:48.049 TRACE client[0]: Found transaction in block: 9f94683333be8aa82332eaf4fdef35fb6c943c25911ed3bea26a8fb25af89b2b
2025-09-15 11:44:48.049 TRACE client[0]: Found transaction in block: 7a9fb85250dcd0a5d77fa8dbfea15a2a4df4a4f44ff63fd414cf8e9195d0d178
2025-09-15 11:44:48.049 TRACE client[0]: Found transaction in block: c1a0b8c6730b040b2fe55eee30eb527e15f38f1101d7c378870fb509d58666aa
2025-09-15 11:44:48.049 TRACE client[0]: Found transaction in block: 91c63283887efb685967326c29695e6548beb7d07ef391b7b2bb3a01ab8cad47
2025-09-15 11:44:48.049 TRACE client[0]: Found transaction in block: d64ee0acd886938b0547fbd40fa5ed5f9b98dea56506924ac2685987c1021abf
2025-09-15 11:44:48.049 TRACE client[0]: Found transaction in block: 2875e4a5035b18502d7f0a2730ca86ffd8361a79a7dbb0d574660107c0bdaa1f
2025-09-15 11:44:48.049 TRACE client[0]: Found transaction in block: 4dfa9b7ee5ecc577928d740320744797c32de17e297f4c330ea9e87c391de089
2025-09-15 11:44:48.049 TRACE client[0]: Found transaction in block: cdb609c1e5d12f3e5c0f0b53904acc8f5ad6c2e97168c3e81805728926c17bcd
2025-09-15 11:44:48.049 TRACE client[0]: Found transaction in block: 415b34327af0a8168242f8bb2b2f3b3a8a0a9e77cc2f0163007323d6947cc8d0
2025-09-15 11:44:48.049 TRACE client[0]: Found transaction in block: 8b6381c448ef3ae51f84da0398c72b08a3bec9c013bdd1351daa32411f7d2d74
2025-09-15 11:44:48.049 TRACE client[0]: Found transaction in block: 138326edcb8b798f2adf723fb88b9a3e69dcdb71dc51709b9ec3b7b40cd72c77
2025-09-15 11:44:48.049 TRACE client[0]: Found transaction in block: 7f3606ee9c0c2fc387e45c195da686123d03cd16235fca2ae84c799a61fc3329
2025-09-15 11:44:48.049 TRACE client[0]: Found transaction in block: 0309a80a45dde01e99a496cdf87b98e8a7c9eba224b450282a033fcc3f90a146
2025-09-15 11:44:48.049 TRACE client[0]: Found transaction in block: 5ec34564fb3304f6b5afc24b9670bbde8a79eff4798c296f6373ae90f59c1835
2025-09-15 11:44:48.049 TRACE client[0]: Found transaction in block: 234de86ff1cf3680e67cbce1382888329cf506e3e69f28614a3fe35fbf8f0ebd
2025-09-15 11:44:48.049 TRACE client[0]: Found transaction in block: 1a04c1676a27aaddd5ae7e09699f376d799110497740f100d53a740c0fa976ce
2025-09-15 11:44:48.049 TRACE client[0]: Found transaction in block: b34296bccdcc5e70626b2fe532860ff4e798621764f14af1da9bde44f756fd5d
2025-09-15 11:44:48.049 TRACE client[0]: Found transaction in block: 024094798a5cefb16fcb3ddd1d0bce71a5f989e6b1e05b6b99ae162e46bc8698
2025-09-15 11:44:48.049 TRACE client[0]: Found transaction in block: 7fba26d546762949cfc0933fb275615fb4be07e3ce790b7c8ca97297a99d3609
2025-09-15 11:44:48.049 TRACE client[0]: Found transaction in block: 62b210281f7a43975a78679767e23114cc05c41a953977180d44b4b76b2e2298
2025-09-15 11:44:48.049 TRACE client[0]: Found transaction in block: dd822022387e6aa2aa8d1a823d9ae9e2844e1bb3e7f28560ffb90ec414b66015
2025-09-15 11:44:48.049 TRACE client[0]: Found transaction in block: b9890ff44007ac40a9ced208662f333ffe0acff71a0d49af1400a5d3855a1ca8
2025-09-15 11:44:48.049 TRACE client[0]: Found transaction in block: 89448af3d3e337126287e7ac4ee864761b1dd69694b56fa07ec807cb42590436
2025-09-15 11:44:48.049 TRACE client[0]: Found transaction in block: e733819eea0d01053aa722a3ee76bf8e438053f499fdf3f1c6f634dfe24dee5e
2025-09-15 11:44:48.049 TRACE client[0]: Found transaction in block: 9d21779538165adf47191e2806cd7f6e97bbcb45c24a5b85ee2166cc2a4d1dbb
2025-09-15 11:44:48.049 TRACE client[0]: Found transaction in block: 6fdf133960e83bbcfe4597e569dea8606594bcf6ba3a3ad5387d3682611f1438
2025-09-15 11:44:48.096 TRACE : trigger interaction 0xc0000c2a50 129/1200
[TRACE] Decoding transaction bytes of length: 229
[TRACE] Transaction type: 6
[TRACE] Successfully decoded transaction with hash: ed7b2cae09ae2e0f45276af5fa99f9c70ac0735eee48dc0b32c90d402a263fb1
2025-09-15 11:44:48.096 TRACE client[0]: Processing transaction with hash: ed7b2cae09ae2e0f45276af5fa99f9c70ac0735eee48dc0b32c90d402a263fb1
2025-09-15 11:44:48.096 DEBUG client[0]: Submitting transaction ed7b2cae09ae2e0f45276af5fa99f9c70ac0735eee48dc0b32c90d402a263fb1
2025-09-15 11:44:48.179 TRACE : trigger interaction 0xc0000c2b40 130/1200
[TRACE] Decoding transaction bytes of length: 229
[TRACE] Transaction type: 6
[TRACE] Successfully decoded transaction with hash: 2bc043906a9ea1421e5959a776c21255211350813f3f26029e3b951b3dbef5f2
2025-09-15 11:44:48.180 TRACE client[0]: Processing transaction with hash: 2bc043906a9ea1421e5959a776c21255211350813f3f26029e3b951b3dbef5f2
2025-09-15 11:44:48.180 DEBUG client[0]: Submitting transaction 2bc043906a9ea1421e5959a776c21255211350813f3f26029e3b951b3dbef5f2
2025-09-15 11:44:48.262 TRACE : trigger interaction 0xc0000c2c30 131/1200
[TRACE] Decoding transaction bytes of length: 229
[TRACE] Transaction type: 6
[TRACE] Successfully decoded transaction with hash: 2a70b0874312ca61143867a0f351c4f06a8f4c25874dfb44fe1ec61cd9d142d8
2025-09-15 11:44:48.263 TRACE client[0]: Processing transaction with hash: 2a70b0874312ca61143867a0f351c4f06a8f4c25874dfb44fe1ec61cd9d142d8
2025-09-15 11:44:48.263 DEBUG client[0]: Submitting transaction 2a70b0874312ca61143867a0f351c4f06a8f4c25874dfb44fe1ec61cd9d142d8
2025-09-15 11:44:48.345 TRACE : trigger interaction 0xc0000c2d20 132/1200
[TRACE] Decoding transaction bytes of length: 229
[TRACE] Transaction type: 6
[TRACE] Successfully decoded transaction with hash: a372a8225c4b95fc69eb44a0af425811a20e4d841037a9f9ba14f669e0834ced
2025-09-15 11:44:48.346 TRACE client[0]: Processing transaction with hash: a372a8225c4b95fc69eb44a0af425811a20e4d841037a9f9ba14f669e0834ced
2025-09-15 11:44:48.346 DEBUG client[0]: Submitting transaction a372a8225c4b95fc69eb44a0af425811a20e4d841037a9f9ba14f669e0834ced
2025-09-15 11:44:48.429 TRACE : trigger interaction 0xc0000c2e10 133/1200
[TRACE] Decoding transaction bytes of length: 229
[TRACE] Transaction type: 6
[TRACE] Successfully decoded transaction with hash: 2c663d5ee4d769dfaedc0f896a5f4a61e4d32bc31d9e82a1d67417c88397a7ec
2025-09-15 11:44:48.430 TRACE client[0]: Processing transaction with hash: 2c663d5ee4d769dfaedc0f896a5f4a61e4d32bc31d9e82a1d67417c88397a7ec
2025-09-15 11:44:48.430 DEBUG client[0]: Submitting transaction 2c663d5ee4d769dfaedc0f896a5f4a61e4d32bc31d9e82a1d67417c88397a7ec
2025-09-15 11:44:48.512 TRACE : trigger interaction 0xc0000c2f00 134/1200
[TRACE] Decoding transaction bytes of length: 229
[TRACE] Transaction type: 6
[TRACE] Successfully decoded transaction with hash: 1529c715d373e49fe9eff5f0e4b664a6930e10376da5e543a783a5866e88517d
2025-09-15 11:44:48.513 TRACE client[0]: Processing transaction with hash: 1529c715d373e49fe9eff5f0e4b664a6930e10376da5e543a783a5866e88517d
2025-09-15 11:44:48.513 DEBUG client[0]: Submitting transaction 1529c715d373e49fe9eff5f0e4b664a6930e10376da5e543a783a5866e88517d
2025-09-15 11:44:48.596 TRACE : trigger interaction 0xc0003fbe00 135/1200
[TRACE] Decoding transaction bytes of length: 229
[TRACE] Transaction type: 6
[TRACE] Successfully decoded transaction with hash: 4c27004e04a26e907f53b30c11d7ce943a8b3f122a548d459e111934ce320e92
2025-09-15 11:44:48.596 TRACE client[0]: Processing transaction with hash: 4c27004e04a26e907f53b30c11d7ce943a8b3f122a548d459e111934ce320e92
2025-09-15 11:44:48.596 DEBUG client[0]: Submitting transaction 4c27004e04a26e907f53b30c11d7ce943a8b3f122a548d459e111934ce320e92
2025-09-15 11:44:48.679 TRACE : trigger interaction 0xc0003fbef0 136/1200
[TRACE] Decoding transaction bytes of length: 229
[TRACE] Transaction type: 6
[TRACE] Successfully decoded transaction with hash: bfa945c27de4fbaaea4271eb133304afdc86f36b3f71525b16f3a354c468fde5
2025-09-15 11:44:48.679 TRACE client[0]: Processing transaction with hash: bfa945c27de4fbaaea4271eb133304afdc86f36b3f71525b16f3a354c468fde5
2025-09-15 11:44:48.679 DEBUG client[0]: Submitting transaction bfa945c27de4fbaaea4271eb133304afdc86f36b3f71525b16f3a354c468fde5
2025-09-15 11:44:48.763 TRACE : trigger interaction 0xc000490000 137/1200
[TRACE] Decoding transaction bytes of length: 229
[TRACE] Transaction type: 6
[TRACE] Successfully decoded transaction with hash: 17f74b36a0dbbe7bc5e2ed79f476ac3d7918ac9c81245a176dd322e90e4acc85
2025-09-15 11:44:48.763 TRACE client[0]: Processing transaction with hash: 17f74b36a0dbbe7bc5e2ed79f476ac3d7918ac9c81245a176dd322e90e4acc85
2025-09-15 11:44:48.763 DEBUG client[0]: Submitting transaction 17f74b36a0dbbe7bc5e2ed79f476ac3d7918ac9c81245a176dd322e90e4acc85
2025-09-15 11:44:48.846 TRACE : trigger interaction 0xc0004900f0 138/1200
[TRACE] Decoding transaction bytes of length: 229
[TRACE] Transaction type: 6
[TRACE] Successfully decoded transaction with hash: 4738fb9d2fb5badb0876748da0adc144539c97829ea3035c5185c139e7557a55
2025-09-15 11:44:48.846 TRACE client[0]: Processing transaction with hash: 4738fb9d2fb5badb0876748da0adc144539c97829ea3035c5185c139e7557a55
2025-09-15 11:44:48.846 DEBUG client[0]: Submitting transaction 4738fb9d2fb5badb0876748da0adc144539c97829ea3035c5185c139e7557a55
2025-09-15 11:44:48.929 TRACE : trigger interaction 0xc0004901e0 139/1200
[TRACE] Decoding transaction bytes of length: 229
[TRACE] Transaction type: 6
[TRACE] Successfully decoded transaction with hash: d763482989ec3fe3f7def40966018c65ba497a63d7501fa97a87a64310fb2ed1
2025-09-15 11:44:48.929 TRACE client[0]: Processing transaction with hash: d763482989ec3fe3f7def40966018c65ba497a63d7501fa97a87a64310fb2ed1
2025-09-15 11:44:48.929 DEBUG client[0]: Submitting transaction d763482989ec3fe3f7def40966018c65ba497a63d7501fa97a87a64310fb2ed1
2025-09-15 11:44:49.012 TRACE : trigger interaction 0xc0004902d0 140/1200
[TRACE] Decoding transaction bytes of length: 229
[TRACE] Transaction type: 6
[TRACE] Successfully decoded transaction with hash: d29cb5a950347cad2190af66b050cb711449b0eac6f4ca6045f6e1c3e7033f2a
2025-09-15 11:44:49.013 TRACE client[0]: Processing transaction with hash: d29cb5a950347cad2190af66b050cb711449b0eac6f4ca6045f6e1c3e7033f2a
2025-09-15 11:44:49.013 DEBUG client[0]: Submitting transaction d29cb5a950347cad2190af66b050cb711449b0eac6f4ca6045f6e1c3e7033f2a
2025-09-15 11:44:49.096 TRACE : trigger interaction 0xc0004903c0 141/1200
[TRACE] Decoding transaction bytes of length: 229
[TRACE] Transaction type: 6
[TRACE] Successfully decoded transaction with hash: 5478a59aa890a1057d6db9381b9dad52c1b26bfffd21a6657a7a10f21fba0d64
2025-09-15 11:44:49.096 TRACE client[0]: Processing transaction with hash: 5478a59aa890a1057d6db9381b9dad52c1b26bfffd21a6657a7a10f21fba0d64
2025-09-15 11:44:49.096 DEBUG client[0]: Submitting transaction 5478a59aa890a1057d6db9381b9dad52c1b26bfffd21a6657a7a10f21fba0d64
2025-09-15 11:44:49.179 TRACE : trigger interaction 0xc0004904b0 142/1200
[TRACE] Decoding transaction bytes of length: 229
[TRACE] Transaction type: 6
[TRACE] Successfully decoded transaction with hash: 0dfe98d996835bf02210a4886e7ced7ef4883674169f1f7ee87cbf4d56177f30
2025-09-15 11:44:49.179 TRACE client[0]: Processing transaction with hash: 0dfe98d996835bf02210a4886e7ced7ef4883674169f1f7ee87cbf4d56177f30
2025-09-15 11:44:49.179 DEBUG client[0]: Submitting transaction 0dfe98d996835bf02210a4886e7ced7ef4883674169f1f7ee87cbf4d56177f30
2025-09-15 11:44:49.263 TRACE : trigger interaction 0xc0004905a0 143/1200
[TRACE] Decoding transaction bytes of length: 229
[TRACE] Transaction type: 6
[TRACE] Successfully decoded transaction with hash: 476ae690b03efc52e44a2cc85b4070b1fcb9469fada7c8541c6d5c8e61782a48
2025-09-15 11:44:49.263 TRACE client[0]: Processing transaction with hash: 476ae690b03efc52e44a2cc85b4070b1fcb9469fada7c8541c6d5c8e61782a48
2025-09-15 11:44:49.263 DEBUG client[0]: Submitting transaction 476ae690b03efc52e44a2cc85b4070b1fcb9469fada7c8541c6d5c8e61782a48
2025-09-15 11:44:49.346 TRACE : trigger interaction 0xc000490690 144/1200
[TRACE] Decoding transaction bytes of length: 229
[TRACE] Transaction type: 6
[TRACE] Successfully decoded transaction with hash: 2541ee0ef080d4e933e3da3df8d3210dfddd7eb3498d7f81e7cfe98d36dbc006
2025-09-15 11:44:49.346 TRACE client[0]: Processing transaction with hash: 2541ee0ef080d4e933e3da3df8d3210dfddd7eb3498d7f81e7cfe98d36dbc006
2025-09-15 11:44:49.346 DEBUG client[0]: Submitting transaction 2541ee0ef080d4e933e3da3df8d3210dfddd7eb3498d7f81e7cfe98d36dbc006
2025-09-15 11:44:49.429 TRACE : trigger interaction 0xc000490780 145/1200
[TRACE] Decoding transaction bytes of length: 229
[TRACE] Transaction type: 6
[TRACE] Successfully decoded transaction with hash: 7eed1a7e247490a63941d28ebf9980bb878c7056496e3e8b4636054af5efdcae
2025-09-15 11:44:49.429 TRACE client[0]: Processing transaction with hash: 7eed1a7e247490a63941d28ebf9980bb878c7056496e3e8b4636054af5efdcae
2025-09-15 11:44:49.429 DEBUG client[0]: Submitting transaction 7eed1a7e247490a63941d28ebf9980bb878c7056496e3e8b4636054af5efdcae
2025-09-15 11:44:49.512 TRACE : trigger interaction 0xc000490870 146/1200
[TRACE] Decoding transaction bytes of length: 229
[TRACE] Transaction type: 6
[TRACE] Successfully decoded transaction with hash: 4c5229b28ec00325a40a1d739f9328906c6c231c1fefdd206b83abaadd145ad1
2025-09-15 11:44:49.512 TRACE client[0]: Processing transaction with hash: 4c5229b28ec00325a40a1d739f9328906c6c231c1fefdd206b83abaadd145ad1
2025-09-15 11:44:49.512 DEBUG client[0]: Submitting transaction 4c5229b28ec00325a40a1d739f9328906c6c231c1fefdd206b83abaadd145ad1
2025-09-15 11:44:49.596 TRACE : trigger interaction 0xc000490960 147/1200
[TRACE] Decoding transaction bytes of length: 229
[TRACE] Transaction type: 6
[TRACE] Successfully decoded transaction with hash: 5936f049e65db5f60f40476aec3ee2ac023cbd3d3bca93d7e199577f86985de8
2025-09-15 11:44:49.596 TRACE client[0]: Processing transaction with hash: 5936f049e65db5f60f40476aec3ee2ac023cbd3d3bca93d7e199577f86985de8
2025-09-15 11:44:49.596 DEBUG client[0]: Submitting transaction 5936f049e65db5f60f40476aec3ee2ac023cbd3d3bca93d7e199577f86985de8
2025-09-15 11:44:49.679 TRACE : trigger interaction 0xc000490a50 148/1200
[TRACE] Decoding transaction bytes of length: 229
[TRACE] Transaction type: 6
[TRACE] Successfully decoded transaction with hash: ea2cf35eeacd63f2abfb0f7a04577e942fe117307c426bf937b17be213527d17
2025-09-15 11:44:49.679 TRACE client[0]: Processing transaction with hash: ea2cf35eeacd63f2abfb0f7a04577e942fe117307c426bf937b17be213527d17
2025-09-15 11:44:49.680 DEBUG client[0]: Submitting transaction ea2cf35eeacd63f2abfb0f7a04577e942fe117307c426bf937b17be213527d17
2025-09-15 11:44:49.763 TRACE : trigger interaction 0xc000490b40 149/1200
[TRACE] Decoding transaction bytes of length: 229
[TRACE] Transaction type: 6
[TRACE] Successfully decoded transaction with hash: 469ef04860f15e2e5c6cd3ef8b5bec0c28d7a087643ec2fe9c5e16d088106bb5
2025-09-15 11:44:49.763 TRACE client[0]: Processing transaction with hash: 469ef04860f15e2e5c6cd3ef8b5bec0c28d7a087643ec2fe9c5e16d088106bb5
2025-09-15 11:44:49.763 DEBUG client[0]: Submitting transaction 469ef04860f15e2e5c6cd3ef8b5bec0c28d7a087643ec2fe9c5e16d088106bb5
2025-09-15 11:44:49.846 TRACE : trigger interaction 0xc000490c30 150/1200
[TRACE] Decoding transaction bytes of length: 229
[TRACE] Transaction type: 6
[TRACE] Successfully decoded transaction with hash: 6e1dcd5f1d7a28875fa66e02e816279a48bc025236eb6b55545874cc6b65c977
2025-09-15 11:44:49.846 TRACE client[0]: Processing transaction with hash: 6e1dcd5f1d7a28875fa66e02e816279a48bc025236eb6b55545874cc6b65c977
2025-09-15 11:44:49.846 DEBUG client[0]: Submitting transaction 6e1dcd5f1d7a28875fa66e02e816279a48bc025236eb6b55545874cc6b65c977
2025-09-15 11:44:49.929 TRACE : trigger interaction 0xc000490d20 151/1200
[TRACE] Decoding transaction bytes of length: 229
[TRACE] Transaction type: 6
[TRACE] Successfully decoded transaction with hash: d9248846dc796909d5bba5d8044a325b91ce3ded60a1d5f86e5fc8df8dde2fbe
2025-09-15 11:44:49.929 TRACE client[0]: Processing transaction with hash: d9248846dc796909d5bba5d8044a325b91ce3ded60a1d5f86e5fc8df8dde2fbe
2025-09-15 11:44:49.929 DEBUG client[0]: Submitting transaction d9248846dc796909d5bba5d8044a325b91ce3ded60a1d5f86e5fc8df8dde2fbe
2025-09-15 11:44:50.012 TRACE : trigger interaction 0xc0000c2ff0 152/1200
[TRACE] Decoding transaction bytes of length: 229
[TRACE] Transaction type: 6
[TRACE] Successfully decoded transaction with hash: 2b1764942f0fbf5373286e9e1dd7e439f4c631461c00664778eb310e61d0c956
2025-09-15 11:44:50.012 TRACE client[0]: Processing transaction with hash: 2b1764942f0fbf5373286e9e1dd7e439f4c631461c00664778eb310e61d0c956
2025-09-15 11:44:50.012 DEBUG client[0]: Submitting transaction 2b1764942f0fbf5373286e9e1dd7e439f4c631461c00664778eb310e61d0c956
2025-09-15 11:44:50.096 TRACE : trigger interaction 0xc0000c30e0 153/1200
[TRACE] Decoding transaction bytes of length: 229
[TRACE] Transaction type: 6
[TRACE] Successfully decoded transaction with hash: 7e55985d38ef7c949dfa8012886ba493e093712599295a1de584b70b789467b8
2025-09-15 11:44:50.096 TRACE client[0]: Processing transaction with hash: 7e55985d38ef7c949dfa8012886ba493e093712599295a1de584b70b789467b8
2025-09-15 11:44:50.096 DEBUG client[0]: Submitting transaction 7e55985d38ef7c949dfa8012886ba493e093712599295a1de584b70b789467b8
2025-09-15 11:44:50.179 TRACE : trigger interaction 0xc0000c31d0 154/1200
[TRACE] Decoding transaction bytes of length: 229
[TRACE] Transaction type: 6
[TRACE] Successfully decoded transaction with hash: a199527069c4c235a0e8d6e45f17fbbaaddf4ea47951cbfe738d1a8973e0255c
2025-09-15 11:44:50.179 TRACE client[0]: Processing transaction with hash: a199527069c4c235a0e8d6e45f17fbbaaddf4ea47951cbfe738d1a8973e0255c
2025-09-15 11:44:50.179 DEBUG client[0]: Submitting transaction a199527069c4c235a0e8d6e45f17fbbaaddf4ea47951cbfe738d1a8973e0255c
2025-09-15 11:44:50.262 TRACE : trigger interaction 0xc0000c32c0 155/1200
[TRACE] Decoding transaction bytes of length: 229
[TRACE] Transaction type: 6
[TRACE] Successfully decoded transaction with hash: 31cfe40842a6070ede08e0809df08c8d0a5028bfff161938917ef7d9208424e3
2025-09-15 11:44:50.262 TRACE client[0]: Processing transaction with hash: 31cfe40842a6070ede08e0809df08c8d0a5028bfff161938917ef7d9208424e3
2025-09-15 11:44:50.262 DEBUG client[0]: Submitting transaction 31cfe40842a6070ede08e0809df08c8d0a5028bfff161938917ef7d9208424e3
2025-09-15 11:44:50.346 TRACE : trigger interaction 0xc0000c33b0 156/1200
[TRACE] Decoding transaction bytes of length: 229
[TRACE] Transaction type: 6
[TRACE] Successfully decoded transaction with hash: 04cca8af78329a9afa955982ee3fca47bee2852bd45494ce651b98695fde0ea6
2025-09-15 11:44:50.346 TRACE client[0]: Processing transaction with hash: 04cca8af78329a9afa955982ee3fca47bee2852bd45494ce651b98695fde0ea6
2025-09-15 11:44:50.346 DEBUG client[0]: Submitting transaction 04cca8af78329a9afa955982ee3fca47bee2852bd45494ce651b98695fde0ea6
2025-09-15 11:44:50.429 TRACE : trigger interaction 0xc0000c34a0 157/1200
[TRACE] Decoding transaction bytes of length: 229
[TRACE] Transaction type: 6
[TRACE] Successfully decoded transaction with hash: 70db0ff2f16ed11e8df224b6e8007da016c408c60992af06bb244605aeb68acb
2025-09-15 11:44:50.429 TRACE client[0]: Processing transaction with hash: 70db0ff2f16ed11e8df224b6e8007da016c408c60992af06bb244605aeb68acb
2025-09-15 11:44:50.429 DEBUG client[0]: Submitting transaction 70db0ff2f16ed11e8df224b6e8007da016c408c60992af06bb244605aeb68acb
2025-09-15 11:44:50.513 TRACE : trigger interaction 0xc0000c3590 158/1200
[TRACE] Decoding transaction bytes of length: 229
[TRACE] Transaction type: 6
[TRACE] Successfully decoded transaction with hash: d64a35c25005c8b55b3e4d9cb9be9a1ccb3bff7d5e254bed672ef2772beccadd
2025-09-15 11:44:50.513 TRACE client[0]: Processing transaction with hash: d64a35c25005c8b55b3e4d9cb9be9a1ccb3bff7d5e254bed672ef2772beccadd
2025-09-15 11:44:50.513 DEBUG client[0]: Submitting transaction d64a35c25005c8b55b3e4d9cb9be9a1ccb3bff7d5e254bed672ef2772beccadd
2025-09-15 11:44:50.596 TRACE : trigger interaction 0xc0000c3680 159/1200
[TRACE] Decoding transaction bytes of length: 229
[TRACE] Transaction type: 6
[TRACE] Successfully decoded transaction with hash: 3943a2fb5076778ff5b90d00579f93a5a01cfc9ed15daca65f316da0fbd8122d
2025-09-15 11:44:50.596 TRACE client[0]: Processing transaction with hash: 3943a2fb5076778ff5b90d00579f93a5a01cfc9ed15daca65f316da0fbd8122d
2025-09-15 11:44:50.596 DEBUG client[0]: Submitting transaction 3943a2fb5076778ff5b90d00579f93a5a01cfc9ed15daca65f316da0fbd8122d
2025-09-15 11:44:50.679 TRACE : trigger interaction 0xc0000c3770 160/1200
[TRACE] Decoding transaction bytes of length: 229
[TRACE] Transaction type: 6
[TRACE] Successfully decoded transaction with hash: d8111be1ea9cf670f99084b2c458319eb5f9b0e13fb25c14298273f0a9f48ac2
2025-09-15 11:44:50.679 TRACE client[0]: Processing transaction with hash: d8111be1ea9cf670f99084b2c458319eb5f9b0e13fb25c14298273f0a9f48ac2
2025-09-15 11:44:50.679 DEBUG client[0]: Submitting transaction d8111be1ea9cf670f99084b2c458319eb5f9b0e13fb25c14298273f0a9f48ac2
2025-09-15 11:44:50.762 TRACE : trigger interaction 0xc0000c3860 161/1200
[TRACE] Decoding transaction bytes of length: 229
[TRACE] Transaction type: 6
[TRACE] Successfully decoded transaction with hash: 20499072f5ffb434ffbb8b84a8ab432af261531387d5cb78298cc776bc9b3c79
2025-09-15 11:44:50.763 TRACE client[0]: Processing transaction with hash: 20499072f5ffb434ffbb8b84a8ab432af261531387d5cb78298cc776bc9b3c79
2025-09-15 11:44:50.763 DEBUG client[0]: Submitting transaction 20499072f5ffb434ffbb8b84a8ab432af261531387d5cb78298cc776bc9b3c79
2025-09-15 11:44:50.846 TRACE : trigger interaction 0xc0000c3950 162/1200
[TRACE] Decoding transaction bytes of length: 229
[TRACE] Transaction type: 6
[TRACE] Successfully decoded transaction with hash: 1f8f2f73f83daff47aec1128621b699bd1a2c74e0ed683f048d19eb7a9c488a6
2025-09-15 11:44:50.846 TRACE client[0]: Processing transaction with hash: 1f8f2f73f83daff47aec1128621b699bd1a2c74e0ed683f048d19eb7a9c488a6
2025-09-15 11:44:50.846 DEBUG client[0]: Submitting transaction 1f8f2f73f83daff47aec1128621b699bd1a2c74e0ed683f048d19eb7a9c488a6
2025-09-15 11:44:50.929 TRACE : trigger interaction 0xc0000c3a40 163/1200
[TRACE] Decoding transaction bytes of length: 229
[TRACE] Transaction type: 6
[TRACE] Successfully decoded transaction with hash: c1f4cedb10d2e3aafb6737c96c75c9948a54b40ac31f67efb54bb4f780457591
2025-09-15 11:44:50.929 TRACE client[0]: Processing transaction with hash: c1f4cedb10d2e3aafb6737c96c75c9948a54b40ac31f67efb54bb4f780457591
2025-09-15 11:44:50.929 DEBUG client[0]: Submitting transaction c1f4cedb10d2e3aafb6737c96c75c9948a54b40ac31f67efb54bb4f780457591
2025-09-15 11:44:51.012 TRACE : trigger interaction 0xc0000c3b30 164/1200
[TRACE] Decoding transaction bytes of length: 229
[TRACE] Transaction type: 6
[TRACE] Successfully decoded transaction with hash: 6f7dea0e0bc16e5dec07d661a900fb806800010d0ed437c34b4af0611e14c0cc
2025-09-15 11:44:51.012 TRACE client[0]: Processing transaction with hash: 6f7dea0e0bc16e5dec07d661a900fb806800010d0ed437c34b4af0611e14c0cc
2025-09-15 11:44:51.012 DEBUG client[0]: Submitting transaction 6f7dea0e0bc16e5dec07d661a900fb806800010d0ed437c34b4af0611e14c0cc
2025-09-15 11:44:51.096 TRACE : trigger interaction 0xc0000c3c20 165/1200
[TRACE] Decoding transaction bytes of length: 229
[TRACE] Transaction type: 6
[TRACE] Successfully decoded transaction with hash: 606b45bc6611b0fce3dc8ad9324346b7e446efa65ca90da2d293b8009ba90cd3
2025-09-15 11:44:51.096 TRACE client[0]: Processing transaction with hash: 606b45bc6611b0fce3dc8ad9324346b7e446efa65ca90da2d293b8009ba90cd3
2025-09-15 11:44:51.096 DEBUG client[0]: Submitting transaction 606b45bc6611b0fce3dc8ad9324346b7e446efa65ca90da2d293b8009ba90cd3
2025-09-15 11:44:51.179 TRACE : trigger interaction 0xc0000c3d10 166/1200
[TRACE] Decoding transaction bytes of length: 229
[TRACE] Transaction type: 6
[TRACE] Successfully decoded transaction with hash: e5af9a15210b96661302c64f295665d25d4c36aa58b158eda25334e6084dd26d
2025-09-15 11:44:51.179 TRACE client[0]: Processing transaction with hash: e5af9a15210b96661302c64f295665d25d4c36aa58b158eda25334e6084dd26d
2025-09-15 11:44:51.179 DEBUG client[0]: Submitting transaction e5af9a15210b96661302c64f295665d25d4c36aa58b158eda25334e6084dd26d
2025-09-15 11:44:51.262 TRACE : trigger interaction 0xc0000c3e00 167/1200
[TRACE] Decoding transaction bytes of length: 229
[TRACE] Transaction type: 6
[TRACE] Successfully decoded transaction with hash: 0ad5449be7049a95d46435c301516ea2dd1993390b12e49ec1e7fc7368b67d78
2025-09-15 11:44:51.262 TRACE client[0]: Processing transaction with hash: 0ad5449be7049a95d46435c301516ea2dd1993390b12e49ec1e7fc7368b67d78
2025-09-15 11:44:51.263 DEBUG client[0]: Submitting transaction 0ad5449be7049a95d46435c301516ea2dd1993390b12e49ec1e7fc7368b67d78
2025-09-15 11:44:51.345 TRACE : trigger interaction 0xc000419950 168/1200
[TRACE] Decoding transaction bytes of length: 229
[TRACE] Transaction type: 6
[TRACE] Successfully decoded transaction with hash: f16807c1c39fa10318108d4373cc3d53e320accbab279939dce0a34d57725c2d
2025-09-15 11:44:51.346 TRACE client[0]: Processing transaction with hash: f16807c1c39fa10318108d4373cc3d53e320accbab279939dce0a34d57725c2d
2025-09-15 11:44:51.346 DEBUG client[0]: Submitting transaction f16807c1c39fa10318108d4373cc3d53e320accbab279939dce0a34d57725c2d
2025-09-15 11:44:51.429 TRACE : trigger interaction 0xc000419a40 169/1200
[TRACE] Decoding transaction bytes of length: 229
[TRACE] Transaction type: 6
[TRACE] Successfully decoded transaction with hash: e9705306e1779ddd7640bd03a130388b862e2cb2162889a776688c171ae2658e
2025-09-15 11:44:51.429 TRACE client[0]: Processing transaction with hash: e9705306e1779ddd7640bd03a130388b862e2cb2162889a776688c171ae2658e
2025-09-15 11:44:51.429 DEBUG client[0]: Submitting transaction e9705306e1779ddd7640bd03a130388b862e2cb2162889a776688c171ae2658e
2025-09-15 11:44:51.512 TRACE : trigger interaction 0xc000419b30 170/1200
[TRACE] Decoding transaction bytes of length: 229
[TRACE] Transaction type: 6
[TRACE] Successfully decoded transaction with hash: 5088c1aadc28517b9e4251d0ce0fbf41ed05f219a53967a8757cb3ccb12ae25c
2025-09-15 11:44:51.513 TRACE client[0]: Processing transaction with hash: 5088c1aadc28517b9e4251d0ce0fbf41ed05f219a53967a8757cb3ccb12ae25c
2025-09-15 11:44:51.513 DEBUG client[0]: Submitting transaction 5088c1aadc28517b9e4251d0ce0fbf41ed05f219a53967a8757cb3ccb12ae25c
2025-09-15 11:44:51.595 TRACE : trigger interaction 0xc000419c20 171/1200
[TRACE] Decoding transaction bytes of length: 229
[TRACE] Transaction type: 6
[TRACE] Successfully decoded transaction with hash: 310b95ba2f56951650482e87fb532794bb50d4ff0b31191031ff576103563fc7
2025-09-15 11:44:51.596 TRACE client[0]: Processing transaction with hash: 310b95ba2f56951650482e87fb532794bb50d4ff0b31191031ff576103563fc7
2025-09-15 11:44:51.596 DEBUG client[0]: Submitting transaction 310b95ba2f56951650482e87fb532794bb50d4ff0b31191031ff576103563fc7
2025-09-15 11:44:51.679 TRACE : trigger interaction 0xc000419d10 172/1200
[TRACE] Decoding transaction bytes of length: 229
[TRACE] Transaction type: 6
[TRACE] Successfully decoded transaction with hash: a04454b08204109ef9661e9995401f2d616d32f64652e5aa3e3841c20c8c28d6
2025-09-15 11:44:51.680 TRACE client[0]: Processing transaction with hash: a04454b08204109ef9661e9995401f2d616d32f64652e5aa3e3841c20c8c28d6
2025-09-15 11:44:51.680 DEBUG client[0]: Submitting transaction a04454b08204109ef9661e9995401f2d616d32f64652e5aa3e3841c20c8c28d6
2025-09-15 11:44:51.762 TRACE : trigger interaction 0xc000419e00 173/1200
[TRACE] Decoding transaction bytes of length: 229
[TRACE] Transaction type: 6
[TRACE] Successfully decoded transaction with hash: d9670fee43686b724e7f449a696aca1113e1f92e00bc864f91d6cab3b9ddb32a
2025-09-15 11:44:51.762 TRACE client[0]: Processing transaction with hash: d9670fee43686b724e7f449a696aca1113e1f92e00bc864f91d6cab3b9ddb32a
2025-09-15 11:44:51.762 DEBUG client[0]: Submitting transaction d9670fee43686b724e7f449a696aca1113e1f92e00bc864f91d6cab3b9ddb32a
2025-09-15 11:44:51.846 TRACE : trigger interaction 0xc000419ef0 174/1200
[TRACE] Decoding transaction bytes of length: 229
[TRACE] Transaction type: 6
[TRACE] Successfully decoded transaction with hash: 2f4bea3946e50aa3a171d368de2027da50104933f780a0a4931360c31b1e16f7
2025-09-15 11:44:51.846 TRACE client[0]: Processing transaction with hash: 2f4bea3946e50aa3a171d368de2027da50104933f780a0a4931360c31b1e16f7
2025-09-15 11:44:51.846 DEBUG client[0]: Submitting transaction 2f4bea3946e50aa3a171d368de2027da50104933f780a0a4931360c31b1e16f7
2025-09-15 11:44:51.929 TRACE : trigger interaction 0xc000432000 175/1200
[TRACE] Decoding transaction bytes of length: 229
[TRACE] Transaction type: 6
[TRACE] Successfully decoded transaction with hash: 23d246cf4bfa1c5940acad7d201471cc6e53aeca7113015f85e9dbb70e7fb938
2025-09-15 11:44:51.929 TRACE client[0]: Processing transaction with hash: 23d246cf4bfa1c5940acad7d201471cc6e53aeca7113015f85e9dbb70e7fb938
2025-09-15 11:44:51.929 DEBUG client[0]: Submitting transaction 23d246cf4bfa1c5940acad7d201471cc6e53aeca7113015f85e9dbb70e7fb938
2025-09-15 11:44:52.012 TRACE : trigger interaction 0xc0004320f0 176/1200
[TRACE] Decoding transaction bytes of length: 229
[TRACE] Transaction type: 6
[TRACE] Successfully decoded transaction with hash: 932b010acb37ac442fdfda7381e50d76a5a283ea6117a33af395b0a430b8c534
2025-09-15 11:44:52.012 TRACE client[0]: Processing transaction with hash: 932b010acb37ac442fdfda7381e50d76a5a283ea6117a33af395b0a430b8c534
2025-09-15 11:44:52.012 DEBUG client[0]: Submitting transaction 932b010acb37ac442fdfda7381e50d76a5a283ea6117a33af395b0a430b8c534
2025-09-15 11:44:52.096 TRACE : trigger interaction 0xc0004321e0 177/1200
[TRACE] Decoding transaction bytes of length: 229
[TRACE] Transaction type: 6
[TRACE] Successfully decoded transaction with hash: 036d7a5a4462a8a8b48224417aedebefc75183eeef7267c8d9141689ea5bbc86
2025-09-15 11:44:52.096 TRACE client[0]: Processing transaction with hash: 036d7a5a4462a8a8b48224417aedebefc75183eeef7267c8d9141689ea5bbc86
2025-09-15 11:44:52.096 DEBUG client[0]: Submitting transaction 036d7a5a4462a8a8b48224417aedebefc75183eeef7267c8d9141689ea5bbc86
2025-09-15 11:44:52.179 TRACE : trigger interaction 0xc0004322d0 178/1200
[TRACE] Decoding transaction bytes of length: 229
[TRACE] Transaction type: 6
[TRACE] Successfully decoded transaction with hash: 437f661e8075b2b5b606bb60b44e9ec9f86c011fd1f4b96af06cd00af497651d
2025-09-15 11:44:52.179 TRACE client[0]: Processing transaction with hash: 437f661e8075b2b5b606bb60b44e9ec9f86c011fd1f4b96af06cd00af497651d
2025-09-15 11:44:52.179 DEBUG client[0]: Submitting transaction 437f661e8075b2b5b606bb60b44e9ec9f86c011fd1f4b96af06cd00af497651d
2025-09-15 11:44:52.263 TRACE : trigger interaction 0xc0004323c0 179/1200
[TRACE] Decoding transaction bytes of length: 229
[TRACE] Transaction type: 6
[TRACE] Successfully decoded transaction with hash: 43f7212037283de887d3e1f97839ac4ce1918f0930a8f55e9fe23728474a69c8
2025-09-15 11:44:52.263 TRACE client[0]: Processing transaction with hash: 43f7212037283de887d3e1f97839ac4ce1918f0930a8f55e9fe23728474a69c8
2025-09-15 11:44:52.263 DEBUG client[0]: Submitting transaction 43f7212037283de887d3e1f97839ac4ce1918f0930a8f55e9fe23728474a69c8
2025-09-15 11:44:52.346 TRACE : trigger interaction 0xc0004324b0 180/1200
[TRACE] Decoding transaction bytes of length: 229
[TRACE] Transaction type: 6
[TRACE] Successfully decoded transaction with hash: a30c052e02708f792fa749f8cf6dea7fc111595da42bff72e860b3f6758ed84e
2025-09-15 11:44:52.346 TRACE client[0]: Processing transaction with hash: a30c052e02708f792fa749f8cf6dea7fc111595da42bff72e860b3f6758ed84e
2025-09-15 11:44:52.346 DEBUG client[0]: Submitting transaction a30c052e02708f792fa749f8cf6dea7fc111595da42bff72e860b3f6758ed84e
2025-09-15 11:44:52.429 TRACE : trigger interaction 0xc0004325a0 181/1200
[TRACE] Decoding transaction bytes of length: 229
[TRACE] Transaction type: 6
[TRACE] Successfully decoded transaction with hash: 62edb35a80a906480c656ee22fb97c19fcb64c300b7fbd633addea93629669a2
2025-09-15 11:44:52.429 TRACE client[0]: Processing transaction with hash: 62edb35a80a906480c656ee22fb97c19fcb64c300b7fbd633addea93629669a2
2025-09-15 11:44:52.429 DEBUG client[0]: Submitting transaction 62edb35a80a906480c656ee22fb97c19fcb64c300b7fbd633addea93629669a2
2025-09-15 11:44:52.513 TRACE : trigger interaction 0xc000432690 182/1200
[TRACE] Decoding transaction bytes of length: 229
[TRACE] Transaction type: 6
[TRACE] Successfully decoded transaction with hash: 72bdd4ec7386f2bd964c5f2953b97a7444d9d8a5c1b2ff6ff42192624477f1ee
2025-09-15 11:44:52.513 TRACE client[0]: Processing transaction with hash: 72bdd4ec7386f2bd964c5f2953b97a7444d9d8a5c1b2ff6ff42192624477f1ee
2025-09-15 11:44:52.513 DEBUG client[0]: Submitting transaction 72bdd4ec7386f2bd964c5f2953b97a7444d9d8a5c1b2ff6ff42192624477f1ee
2025-09-15 11:44:52.596 TRACE : trigger interaction 0xc000432780 183/1200
[TRACE] Decoding transaction bytes of length: 229
[TRACE] Transaction type: 6
[TRACE] Successfully decoded transaction with hash: 9282cbbff063f6ab20456e73fea13220c562c559f4f1c037002725441746b274
2025-09-15 11:44:52.596 TRACE client[0]: Processing transaction with hash: 9282cbbff063f6ab20456e73fea13220c562c559f4f1c037002725441746b274
2025-09-15 11:44:52.596 DEBUG client[0]: Submitting transaction 9282cbbff063f6ab20456e73fea13220c562c559f4f1c037002725441746b274
2025-09-15 11:44:52.679 TRACE : trigger interaction 0xc000432870 184/1200
[TRACE] Decoding transaction bytes of length: 229
[TRACE] Transaction type: 6
[TRACE] Successfully decoded transaction with hash: 6e506674f4c2ec4b32f3b06068d0057c6ad2e7f7162faf8b379421df8a941afd
2025-09-15 11:44:52.679 TRACE client[0]: Processing transaction with hash: 6e506674f4c2ec4b32f3b06068d0057c6ad2e7f7162faf8b379421df8a941afd
2025-09-15 11:44:52.679 DEBUG client[0]: Submitting transaction 6e506674f4c2ec4b32f3b06068d0057c6ad2e7f7162faf8b379421df8a941afd
2025-09-15 11:44:52.762 TRACE : trigger interaction 0xc000432960 185/1200
[TRACE] Decoding transaction bytes of length: 229
[TRACE] Transaction type: 6
[TRACE] Successfully decoded transaction with hash: 9dc443085209d70987a437d4ca3122b7b083e5c91d2d0a10c642235ca2978444
2025-09-15 11:44:52.762 TRACE client[0]: Processing transaction with hash: 9dc443085209d70987a437d4ca3122b7b083e5c91d2d0a10c642235ca2978444
2025-09-15 11:44:52.762 DEBUG client[0]: Submitting transaction 9dc443085209d70987a437d4ca3122b7b083e5c91d2d0a10c642235ca2978444
2025-09-15 11:44:52.846 TRACE : trigger interaction 0xc000432a50 186/1200
[TRACE] Decoding transaction bytes of length: 229
[TRACE] Transaction type: 6
[TRACE] Successfully decoded transaction with hash: 2896ce632669f9f9165fdc14cd4b3ac6ea30a69d14e5fd0ffe7a5447d5fc7816
2025-09-15 11:44:52.846 TRACE client[0]: Processing transaction with hash: 2896ce632669f9f9165fdc14cd4b3ac6ea30a69d14e5fd0ffe7a5447d5fc7816
2025-09-15 11:44:52.846 DEBUG client[0]: Submitting transaction 2896ce632669f9f9165fdc14cd4b3ac6ea30a69d14e5fd0ffe7a5447d5fc7816
2025-09-15 11:44:52.929 TRACE : trigger interaction 0xc000432b40 187/1200
[TRACE] Decoding transaction bytes of length: 229
[TRACE] Transaction type: 6
[TRACE] Successfully decoded transaction with hash: d330b159f499345dfaaac1dad75d374729ca3792ec8b6524e268a4dc2d1f7f2b
2025-09-15 11:44:52.929 TRACE client[0]: Processing transaction with hash: d330b159f499345dfaaac1dad75d374729ca3792ec8b6524e268a4dc2d1f7f2b
2025-09-15 11:44:52.929 DEBUG client[0]: Submitting transaction d330b159f499345dfaaac1dad75d374729ca3792ec8b6524e268a4dc2d1f7f2b
2025-09-15 11:44:53.012 TRACE : trigger interaction 0xc000432c30 188/1200
[TRACE] Decoding transaction bytes of length: 229
[TRACE] Transaction type: 6
[TRACE] Successfully decoded transaction with hash: 9f199829d7869ae5418127486aff486359aa5deddbf7ca9d4adc96f329133c9c
2025-09-15 11:44:53.013 TRACE client[0]: Processing transaction with hash: 9f199829d7869ae5418127486aff486359aa5deddbf7ca9d4adc96f329133c9c
2025-09-15 11:44:53.013 DEBUG client[0]: Submitting transaction 9f199829d7869ae5418127486aff486359aa5deddbf7ca9d4adc96f329133c9c
2025-09-15 11:44:53.096 TRACE : trigger interaction 0xc000432d20 189/1200
[TRACE] Decoding transaction bytes of length: 229
[TRACE] Transaction type: 6
[TRACE] Successfully decoded transaction with hash: 0babc042a2288cc5c1f18913e9bccefdffec4a7aa3e1b9d0e5534261485fbb39
2025-09-15 11:44:53.096 TRACE client[0]: Processing transaction with hash: 0babc042a2288cc5c1f18913e9bccefdffec4a7aa3e1b9d0e5534261485fbb39
2025-09-15 11:44:53.096 DEBUG client[0]: Submitting transaction 0babc042a2288cc5c1f18913e9bccefdffec4a7aa3e1b9d0e5534261485fbb39
2025-09-15 11:44:53.179 TRACE : trigger interaction 0xc000432e10 190/1200
[TRACE] Decoding transaction bytes of length: 229
[TRACE] Transaction type: 6
[TRACE] Successfully decoded transaction with hash: 957496fdafe90fd1ae41395f110034b65a5a5e9307443cd9ab1433088a18daf0
2025-09-15 11:44:53.179 TRACE client[0]: Processing transaction with hash: 957496fdafe90fd1ae41395f110034b65a5a5e9307443cd9ab1433088a18daf0
2025-09-15 11:44:53.179 DEBUG client[0]: Submitting transaction 957496fdafe90fd1ae41395f110034b65a5a5e9307443cd9ab1433088a18daf0
2025-09-15 11:44:53.263 TRACE : trigger interaction 0xc000432f00 191/1200
[TRACE] Decoding transaction bytes of length: 229
[TRACE] Transaction type: 6
[TRACE] Successfully decoded transaction with hash: ed55faba5145e0c3442c350c3c288ed0acb6bdf9d592b5621db0e2c5e2fb0d94
2025-09-15 11:44:53.263 TRACE client[0]: Processing transaction with hash: ed55faba5145e0c3442c350c3c288ed0acb6bdf9d592b5621db0e2c5e2fb0d94
2025-09-15 11:44:53.263 DEBUG client[0]: Submitting transaction ed55faba5145e0c3442c350c3c288ed0acb6bdf9d592b5621db0e2c5e2fb0d94
2025-09-15 11:44:53.346 TRACE : trigger interaction 0xc000432ff0 192/1200
[TRACE] Decoding transaction bytes of length: 229
[TRACE] Transaction type: 6
[TRACE] Successfully decoded transaction with hash: 3263498b19bee15ff998897e4b56a708c4ab0764c6036fecdd2899e636c420b5
2025-09-15 11:44:53.346 TRACE client[0]: Processing transaction with hash: 3263498b19bee15ff998897e4b56a708c4ab0764c6036fecdd2899e636c420b5
2025-09-15 11:44:53.346 DEBUG client[0]: Submitting transaction 3263498b19bee15ff998897e4b56a708c4ab0764c6036fecdd2899e636c420b5
2025-09-15 11:44:53.429 TRACE : trigger interaction 0xc0004330e0 193/1200
[TRACE] Decoding transaction bytes of length: 229
[TRACE] Transaction type: 6
[TRACE] Successfully decoded transaction with hash: a9bcb0319361501b57eabe075efbb00d51feba61ea4dc7064ee4440c3b675671
2025-09-15 11:44:53.429 TRACE client[0]: Processing transaction with hash: a9bcb0319361501b57eabe075efbb00d51feba61ea4dc7064ee4440c3b675671
2025-09-15 11:44:53.429 DEBUG client[0]: Submitting transaction a9bcb0319361501b57eabe075efbb00d51feba61ea4dc7064ee4440c3b675671
2025-09-15 11:44:53.512 TRACE : trigger interaction 0xc0004331d0 194/1200
[TRACE] Decoding transaction bytes of length: 229
[TRACE] Transaction type: 6
[TRACE] Successfully decoded transaction with hash: 97f5d20950765884dae2de568ae1096897cfa8c50a3110a4e5724a98fcc6b3a6
2025-09-15 11:44:53.512 TRACE client[0]: Processing transaction with hash: 97f5d20950765884dae2de568ae1096897cfa8c50a3110a4e5724a98fcc6b3a6
2025-09-15 11:44:53.512 DEBUG client[0]: Submitting transaction 97f5d20950765884dae2de568ae1096897cfa8c50a3110a4e5724a98fcc6b3a6
2025-09-15 11:44:53.596 TRACE : trigger interaction 0xc0004332c0 195/1200
[TRACE] Decoding transaction bytes of length: 229
[TRACE] Transaction type: 6
[TRACE] Successfully decoded transaction with hash: 16d2aa3c21c370f1c3043e1798e54ee02b0703b433ae8451a7c6c477dd3ba7d5
2025-09-15 11:44:53.596 TRACE client[0]: Processing transaction with hash: 16d2aa3c21c370f1c3043e1798e54ee02b0703b433ae8451a7c6c477dd3ba7d5
2025-09-15 11:44:53.596 DEBUG client[0]: Submitting transaction 16d2aa3c21c370f1c3043e1798e54ee02b0703b433ae8451a7c6c477dd3ba7d5
2025-09-15 11:44:53.679 TRACE : trigger interaction 0xc0004333b0 196/1200
[TRACE] Decoding transaction bytes of length: 229
[TRACE] Transaction type: 6
[TRACE] Successfully decoded transaction with hash: 2c6d9aa288026e81ae5464010f55077a9ef1e24febb5b2ebd14e1b9893221c43
2025-09-15 11:44:53.679 TRACE client[0]: Processing transaction with hash: 2c6d9aa288026e81ae5464010f55077a9ef1e24febb5b2ebd14e1b9893221c43
2025-09-15 11:44:53.679 DEBUG client[0]: Submitting transaction 2c6d9aa288026e81ae5464010f55077a9ef1e24febb5b2ebd14e1b9893221c43
2025-09-15 11:44:53.763 TRACE : trigger interaction 0xc0004334a0 197/1200
[TRACE] Decoding transaction bytes of length: 229
[TRACE] Transaction type: 6
[TRACE] Successfully decoded transaction with hash: 593bd6e4aba9d578fdf711181c401908e12941fc2c7da228e7580811d46afaa3
2025-09-15 11:44:53.763 TRACE client[0]: Processing transaction with hash: 593bd6e4aba9d578fdf711181c401908e12941fc2c7da228e7580811d46afaa3
2025-09-15 11:44:53.763 DEBUG client[0]: Submitting transaction 593bd6e4aba9d578fdf711181c401908e12941fc2c7da228e7580811d46afaa3
2025-09-15 11:44:53.846 TRACE : trigger interaction 0xc000433590 198/1200
[TRACE] Decoding transaction bytes of length: 229
[TRACE] Transaction type: 6
[TRACE] Successfully decoded transaction with hash: a55b6588ba36966f4bff2c79b9d18190507cbe4381da38128a8bdc292639a8d4
2025-09-15 11:44:53.846 TRACE client[0]: Processing transaction with hash: a55b6588ba36966f4bff2c79b9d18190507cbe4381da38128a8bdc292639a8d4
2025-09-15 11:44:53.846 DEBUG client[0]: Submitting transaction a55b6588ba36966f4bff2c79b9d18190507cbe4381da38128a8bdc292639a8d4
2025-09-15 11:44:53.929 TRACE : trigger interaction 0xc000433680 199/1200
[TRACE] Decoding transaction bytes of length: 229
[TRACE] Transaction type: 6
[TRACE] Successfully decoded transaction with hash: ce071810ddf6c9822f96e9d368f75ba60dfbab81e739942c423980929d32846e
2025-09-15 11:44:53.929 TRACE client[0]: Processing transaction with hash: ce071810ddf6c9822f96e9d368f75ba60dfbab81e739942c423980929d32846e
2025-09-15 11:44:53.929 DEBUG client[0]: Submitting transaction ce071810ddf6c9822f96e9d368f75ba60dfbab81e739942c423980929d32846e
2025-09-15 11:44:54.012 TRACE : trigger interaction 0xc000433770 200/1200
[TRACE] Decoding transaction bytes of length: 229
[TRACE] Transaction type: 6
[TRACE] Successfully decoded transaction with hash: 47982a7c63469ffc1d2638ca76e1800f8f2d9457ee74ca1597e78870501b4190
2025-09-15 11:44:54.012 TRACE client[0]: Processing transaction with hash: 47982a7c63469ffc1d2638ca76e1800f8f2d9457ee74ca1597e78870501b4190
2025-09-15 11:44:54.012 DEBUG client[0]: Submitting transaction 47982a7c63469ffc1d2638ca76e1800f8f2d9457ee74ca1597e78870501b4190
2025-09-15 11:44:54.095 TRACE : trigger interaction 0xc000433860 201/1200
[TRACE] Decoding transaction bytes of length: 229
[TRACE] Transaction type: 6
[TRACE] Successfully decoded transaction with hash: 163ac4042543193c69820d3fc96080be9270314915c93551b1d7978e0ca288af
2025-09-15 11:44:54.096 TRACE client[0]: Processing transaction with hash: 163ac4042543193c69820d3fc96080be9270314915c93551b1d7978e0ca288af
2025-09-15 11:44:54.096 DEBUG client[0]: Submitting transaction 163ac4042543193c69820d3fc96080be9270314915c93551b1d7978e0ca288af
2025-09-15 11:44:54.179 TRACE : trigger interaction 0xc0000c3ef0 202/1200
[TRACE] Decoding transaction bytes of length: 229
[TRACE] Transaction type: 6
[TRACE] Successfully decoded transaction with hash: f8bee2f65b97feb577464fbdd093d2242f44a190734c7e04d1fc5116081a95ac
2025-09-15 11:44:54.179 TRACE client[0]: Processing transaction with hash: f8bee2f65b97feb577464fbdd093d2242f44a190734c7e04d1fc5116081a95ac
2025-09-15 11:44:54.179 DEBUG client[0]: Submitting transaction f8bee2f65b97feb577464fbdd093d2242f44a190734c7e04d1fc5116081a95ac
2025-09-15 11:44:54.263 TRACE : trigger interaction 0xc0000d8000 203/1200
[TRACE] Decoding transaction bytes of length: 229
[TRACE] Transaction type: 6
[TRACE] Successfully decoded transaction with hash: 1c125ec1a0f2faac0fe97476ecca9551ca81f455621ed2ee531764ad9370556e
2025-09-15 11:44:54.263 TRACE client[0]: Processing transaction with hash: 1c125ec1a0f2faac0fe97476ecca9551ca81f455621ed2ee531764ad9370556e
2025-09-15 11:44:54.263 DEBUG client[0]: Submitting transaction 1c125ec1a0f2faac0fe97476ecca9551ca81f455621ed2ee531764ad9370556e
2025-09-15 11:44:54.346 TRACE : trigger interaction 0xc0000d80f0 204/1200
[TRACE] Decoding transaction bytes of length: 229
[TRACE] Transaction type: 6
[TRACE] Successfully decoded transaction with hash: 3ea7e3d952f50dd42eb5ab81940427695a2bacc96a19567f0a2be1dd8d759f51
2025-09-15 11:44:54.346 TRACE client[0]: Processing transaction with hash: 3ea7e3d952f50dd42eb5ab81940427695a2bacc96a19567f0a2be1dd8d759f51
2025-09-15 11:44:54.346 DEBUG client[0]: Submitting transaction 3ea7e3d952f50dd42eb5ab81940427695a2bacc96a19567f0a2be1dd8d759f51
2025-09-15 11:44:54.429 TRACE : trigger interaction 0xc0000d81e0 205/1200
[TRACE] Decoding transaction bytes of length: 229
[TRACE] Transaction type: 6
[TRACE] Successfully decoded transaction with hash: 608bb42340a0ddaf0e930fb45c767e2ce2a5865ed74590ae57b2df2356b36c12
2025-09-15 11:44:54.429 TRACE client[0]: Processing transaction with hash: 608bb42340a0ddaf0e930fb45c767e2ce2a5865ed74590ae57b2df2356b36c12
2025-09-15 11:44:54.429 DEBUG client[0]: Submitting transaction 608bb42340a0ddaf0e930fb45c767e2ce2a5865ed74590ae57b2df2356b36c12
2025-09-15 11:44:54.512 TRACE : trigger interaction 0xc0000d82d0 206/1200
[TRACE] Decoding transaction bytes of length: 229
[TRACE] Transaction type: 6
[TRACE] Successfully decoded transaction with hash: 3e8f34093c4e94cedb95707fecd82f12b27d1f001d28c872e4f0e6776daf909d
2025-09-15 11:44:54.512 TRACE client[0]: Processing transaction with hash: 3e8f34093c4e94cedb95707fecd82f12b27d1f001d28c872e4f0e6776daf909d
2025-09-15 11:44:54.512 DEBUG client[0]: Submitting transaction 3e8f34093c4e94cedb95707fecd82f12b27d1f001d28c872e4f0e6776daf909d
2025-09-15 11:44:54.596 TRACE : trigger interaction 0xc0000d83c0 207/1200
[TRACE] Decoding transaction bytes of length: 229
[TRACE] Transaction type: 6
[TRACE] Successfully decoded transaction with hash: 3fb0d964c5a0cff8006945177f4e8035fc5b31a9bfa26a6c4a5febe6069e1ad8
2025-09-15 11:44:54.596 TRACE client[0]: Processing transaction with hash: 3fb0d964c5a0cff8006945177f4e8035fc5b31a9bfa26a6c4a5febe6069e1ad8
2025-09-15 11:44:54.596 DEBUG client[0]: Submitting transaction 3fb0d964c5a0cff8006945177f4e8035fc5b31a9bfa26a6c4a5febe6069e1ad8
2025-09-15 11:44:54.679 TRACE : trigger interaction 0xc0000d84b0 208/1200
[TRACE] Decoding transaction bytes of length: 229
[TRACE] Transaction type: 6
[TRACE] Successfully decoded transaction with hash: f50de75f6710bb5aa7c1496a30eb3801441c0bef2fe682daf26e624aab767838
2025-09-15 11:44:54.679 TRACE client[0]: Processing transaction with hash: f50de75f6710bb5aa7c1496a30eb3801441c0bef2fe682daf26e624aab767838
2025-09-15 11:44:54.679 DEBUG client[0]: Submitting transaction f50de75f6710bb5aa7c1496a30eb3801441c0bef2fe682daf26e624aab767838
2025-09-15 11:44:54.762 TRACE : trigger interaction 0xc0000d85a0 209/1200
[TRACE] Decoding transaction bytes of length: 229
[TRACE] Transaction type: 6
[TRACE] Successfully decoded transaction with hash: ad6d4d5588f9da94a0be565aee611486c0c98da045eff2b6ea3dfcb9eb29d362
2025-09-15 11:44:54.762 TRACE client[0]: Processing transaction with hash: ad6d4d5588f9da94a0be565aee611486c0c98da045eff2b6ea3dfcb9eb29d362
2025-09-15 11:44:54.762 DEBUG client[0]: Submitting transaction ad6d4d5588f9da94a0be565aee611486c0c98da045eff2b6ea3dfcb9eb29d362
2025-09-15 11:44:54.846 TRACE : trigger interaction 0xc0000d8690 210/1200
[TRACE] Decoding transaction bytes of length: 229
[TRACE] Transaction type: 6
[TRACE] Successfully decoded transaction with hash: ae4373a56e07b0933998915a0a7a2e97fd5fcd8ac3ea1ad816b10f99f4a4eef1
2025-09-15 11:44:54.846 TRACE client[0]: Processing transaction with hash: ae4373a56e07b0933998915a0a7a2e97fd5fcd8ac3ea1ad816b10f99f4a4eef1
2025-09-15 11:44:54.846 DEBUG client[0]: Submitting transaction ae4373a56e07b0933998915a0a7a2e97fd5fcd8ac3ea1ad816b10f99f4a4eef1
2025-09-15 11:44:54.929 TRACE : trigger interaction 0xc0000d8780 211/1200
[TRACE] Decoding transaction bytes of length: 229
[TRACE] Transaction type: 6
[TRACE] Successfully decoded transaction with hash: ff2359b0355ea6314e39b28c31d6053606177bff02ee32437305944349aafa30
2025-09-15 11:44:54.929 TRACE client[0]: Processing transaction with hash: ff2359b0355ea6314e39b28c31d6053606177bff02ee32437305944349aafa30
2025-09-15 11:44:54.929 DEBUG client[0]: Submitting transaction ff2359b0355ea6314e39b28c31d6053606177bff02ee32437305944349aafa30
2025-09-15 11:44:55.012 TRACE : trigger interaction 0xc0000d8870 212/1200
[TRACE] Decoding transaction bytes of length: 229
[TRACE] Transaction type: 6
[TRACE] Successfully decoded transaction with hash: 29c3aefda11f5f0cbfea8b1cfdaf49202d286066eb1e3afe1cd9bb6bf27427ae
2025-09-15 11:44:55.012 TRACE client[0]: Processing transaction with hash: 29c3aefda11f5f0cbfea8b1cfdaf49202d286066eb1e3afe1cd9bb6bf27427ae
2025-09-15 11:44:55.012 DEBUG client[0]: Submitting transaction 29c3aefda11f5f0cbfea8b1cfdaf49202d286066eb1e3afe1cd9bb6bf27427ae
2025-09-15 11:44:55.096 TRACE : trigger interaction 0xc0000d8960 213/1200
[TRACE] Decoding transaction bytes of length: 229
[TRACE] Transaction type: 6
[TRACE] Successfully decoded transaction with hash: 5f393561aedf5e4fbde12a3151365e1682e8a6da0b4fbc5bd6d9b605d292c3f9
2025-09-15 11:44:55.096 TRACE client[0]: Processing transaction with hash: 5f393561aedf5e4fbde12a3151365e1682e8a6da0b4fbc5bd6d9b605d292c3f9
2025-09-15 11:44:55.096 DEBUG client[0]: Submitting transaction 5f393561aedf5e4fbde12a3151365e1682e8a6da0b4fbc5bd6d9b605d292c3f9
2025-09-15 11:44:55.179 TRACE : trigger interaction 0xc0000d8a50 214/1200
[TRACE] Decoding transaction bytes of length: 229
[TRACE] Transaction type: 6
[TRACE] Successfully decoded transaction with hash: 0b119bd52cea993c9c064f010a6d025641e0cddf49fdfa69eea4a29002b580c5
2025-09-15 11:44:55.179 TRACE client[0]: Processing transaction with hash: 0b119bd52cea993c9c064f010a6d025641e0cddf49fdfa69eea4a29002b580c5
2025-09-15 11:44:55.179 DEBUG client[0]: Submitting transaction 0b119bd52cea993c9c064f010a6d025641e0cddf49fdfa69eea4a29002b580c5
2025-09-15 11:44:55.262 TRACE : trigger interaction 0xc0000d8b40 215/1200
[TRACE] Decoding transaction bytes of length: 229
[TRACE] Transaction type: 6
[TRACE] Successfully decoded transaction with hash: 1992fe6c3b9329465dabae2590134b828c3992c99c4b3c847d6ec03b4be83750
2025-09-15 11:44:55.262 TRACE client[0]: Processing transaction with hash: 1992fe6c3b9329465dabae2590134b828c3992c99c4b3c847d6ec03b4be83750
2025-09-15 11:44:55.262 DEBUG client[0]: Submitting transaction 1992fe6c3b9329465dabae2590134b828c3992c99c4b3c847d6ec03b4be83750
2025-09-15 11:44:55.345 TRACE : trigger interaction 0xc0000d8c30 216/1200
[TRACE] Decoding transaction bytes of length: 229
[TRACE] Transaction type: 6
[TRACE] Successfully decoded transaction with hash: 46707f0a97c9bf7438e90351d1adb72444b26af31668b7ed2c45fbd285b4d3fc
2025-09-15 11:44:55.346 TRACE client[0]: Processing transaction with hash: 46707f0a97c9bf7438e90351d1adb72444b26af31668b7ed2c45fbd285b4d3fc
2025-09-15 11:44:55.346 DEBUG client[0]: Submitting transaction 46707f0a97c9bf7438e90351d1adb72444b26af31668b7ed2c45fbd285b4d3fc
2025-09-15 11:44:55.429 TRACE : trigger interaction 0xc0000d8d20 217/1200
[TRACE] Decoding transaction bytes of length: 229
[TRACE] Transaction type: 6
[TRACE] Successfully decoded transaction with hash: 694dcfa26a01805d4ae310b4f35328038a35893a65a3664850c0a90640346f87
2025-09-15 11:44:55.429 TRACE client[0]: Processing transaction with hash: 694dcfa26a01805d4ae310b4f35328038a35893a65a3664850c0a90640346f87
2025-09-15 11:44:55.429 DEBUG client[0]: Submitting transaction 694dcfa26a01805d4ae310b4f35328038a35893a65a3664850c0a90640346f87
2025-09-15 11:44:55.513 TRACE : trigger interaction 0xc0000d8e10 218/1200
[TRACE] Decoding transaction bytes of length: 229
[TRACE] Transaction type: 6
[TRACE] Successfully decoded transaction with hash: 3c9e2609c6b09ca7d802b37c69c120fff43a2491c3c6199a242530b44a161e80
2025-09-15 11:44:55.513 TRACE client[0]: Processing transaction with hash: 3c9e2609c6b09ca7d802b37c69c120fff43a2491c3c6199a242530b44a161e80
2025-09-15 11:44:55.513 DEBUG client[0]: Submitting transaction 3c9e2609c6b09ca7d802b37c69c120fff43a2491c3c6199a242530b44a161e80
2025-09-15 11:44:55.596 TRACE : trigger interaction 0xc000433950 219/1200
[TRACE] Decoding transaction bytes of length: 229
[TRACE] Transaction type: 6
[TRACE] Successfully decoded transaction with hash: d1cb23b2f697db11f0d60c8068cf77889fc16d11f8313e5c123d9de89fc98797
2025-09-15 11:44:55.596 TRACE client[0]: Processing transaction with hash: d1cb23b2f697db11f0d60c8068cf77889fc16d11f8313e5c123d9de89fc98797
2025-09-15 11:44:55.596 DEBUG client[0]: Submitting transaction d1cb23b2f697db11f0d60c8068cf77889fc16d11f8313e5c123d9de89fc98797
2025-09-15 11:44:55.679 TRACE : trigger interaction 0xc000433a40 220/1200
[TRACE] Decoding transaction bytes of length: 229
[TRACE] Transaction type: 6
[TRACE] Successfully decoded transaction with hash: df3b96a75cd3be51cd881203ff37ddc9d24eabbb348b170a0f7572564aef4857
2025-09-15 11:44:55.679 TRACE client[0]: Processing transaction with hash: df3b96a75cd3be51cd881203ff37ddc9d24eabbb348b170a0f7572564aef4857
2025-09-15 11:44:55.679 DEBUG client[0]: Submitting transaction df3b96a75cd3be51cd881203ff37ddc9d24eabbb348b170a0f7572564aef4857
2025-09-15 11:44:55.762 TRACE : trigger interaction 0xc000433b30 221/1200
[TRACE] Decoding transaction bytes of length: 229
[TRACE] Transaction type: 6
[TRACE] Successfully decoded transaction with hash: b072548ac68123a36c496556c06a5c1c92f88df420e5a3e3faddeb37efa40f0f
2025-09-15 11:44:55.762 TRACE client[0]: Processing transaction with hash: b072548ac68123a36c496556c06a5c1c92f88df420e5a3e3faddeb37efa40f0f
2025-09-15 11:44:55.762 DEBUG client[0]: Submitting transaction b072548ac68123a36c496556c06a5c1c92f88df420e5a3e3faddeb37efa40f0f
2025-09-15 11:44:55.846 TRACE : trigger interaction 0xc000433c20 222/1200
[TRACE] Decoding transaction bytes of length: 229
[TRACE] Transaction type: 6
[TRACE] Successfully decoded transaction with hash: 6a6e34a1b4172d94ef615f076b3d549dc579572f36b99f0ad01e567ef53afd6c
2025-09-15 11:44:55.846 TRACE client[0]: Processing transaction with hash: 6a6e34a1b4172d94ef615f076b3d549dc579572f36b99f0ad01e567ef53afd6c
2025-09-15 11:44:55.846 DEBUG client[0]: Submitting transaction 6a6e34a1b4172d94ef615f076b3d549dc579572f36b99f0ad01e567ef53afd6c
2025-09-15 11:44:55.929 TRACE : trigger interaction 0xc000433d10 223/1200
[TRACE] Decoding transaction bytes of length: 229
[TRACE] Transaction type: 6
[TRACE] Successfully decoded transaction with hash: 900300fd091d5b982f85880381b37b3a859033fc0f8e457da1b0f545739243e8
2025-09-15 11:44:55.929 TRACE client[0]: Processing transaction with hash: 900300fd091d5b982f85880381b37b3a859033fc0f8e457da1b0f545739243e8
2025-09-15 11:44:55.929 DEBUG client[0]: Submitting transaction 900300fd091d5b982f85880381b37b3a859033fc0f8e457da1b0f545739243e8
2025-09-15 11:44:56.012 TRACE : trigger interaction 0xc000433e00 224/1200
[TRACE] Decoding transaction bytes of length: 229
[TRACE] Transaction type: 6
[TRACE] Successfully decoded transaction with hash: 46e02e49d28e52effd595fd4b4290d5ace760193c45caf6718fa3de8e30b250d
2025-09-15 11:44:56.012 TRACE client[0]: Processing transaction with hash: 46e02e49d28e52effd595fd4b4290d5ace760193c45caf6718fa3de8e30b250d
2025-09-15 11:44:56.012 DEBUG client[0]: Submitting transaction 46e02e49d28e52effd595fd4b4290d5ace760193c45caf6718fa3de8e30b250d
2025-09-15 11:44:56.096 TRACE : trigger interaction 0xc000433ef0 225/1200
[TRACE] Decoding transaction bytes of length: 229
[TRACE] Transaction type: 6
[TRACE] Successfully decoded transaction with hash: d0e749b930235a38d3529b87b40fd22e4299ebfe4602fc5ddc4fde74dce37f93
2025-09-15 11:44:56.096 TRACE client[0]: Processing transaction with hash: d0e749b930235a38d3529b87b40fd22e4299ebfe4602fc5ddc4fde74dce37f93
2025-09-15 11:44:56.096 DEBUG client[0]: Submitting transaction d0e749b930235a38d3529b87b40fd22e4299ebfe4602fc5ddc4fde74dce37f93
2025-09-15 11:44:56.179 TRACE : trigger interaction 0xc00044c000 226/1200
[TRACE] Decoding transaction bytes of length: 229
[TRACE] Transaction type: 6
[TRACE] Successfully decoded transaction with hash: 15865f16ef777beaebc60b5e35a3778ee7abaefb48e4391672119b8f532344dd
2025-09-15 11:44:56.179 TRACE client[0]: Processing transaction with hash: 15865f16ef777beaebc60b5e35a3778ee7abaefb48e4391672119b8f532344dd
2025-09-15 11:44:56.179 DEBUG client[0]: Submitting transaction 15865f16ef777beaebc60b5e35a3778ee7abaefb48e4391672119b8f532344dd
2025-09-15 11:44:56.262 TRACE : trigger interaction 0xc00044c0f0 227/1200
[TRACE] Decoding transaction bytes of length: 229
[TRACE] Transaction type: 6
[TRACE] Successfully decoded transaction with hash: 101f97e45f0b40a6af758206736560f72b8e507bf1d14690cae6b5e1d56dc31c
2025-09-15 11:44:56.262 TRACE client[0]: Processing transaction with hash: 101f97e45f0b40a6af758206736560f72b8e507bf1d14690cae6b5e1d56dc31c
2025-09-15 11:44:56.262 DEBUG client[0]: Submitting transaction 101f97e45f0b40a6af758206736560f72b8e507bf1d14690cae6b5e1d56dc31c
2025-09-15 11:44:56.346 TRACE : trigger interaction 0xc00044c1e0 228/1200
[TRACE] Decoding transaction bytes of length: 229
[TRACE] Transaction type: 6
[TRACE] Successfully decoded transaction with hash: e7c3776274395bf82e6e3a96f3ace5584f0881f183a872a224521a81e44d6a8f
2025-09-15 11:44:56.346 TRACE client[0]: Processing transaction with hash: e7c3776274395bf82e6e3a96f3ace5584f0881f183a872a224521a81e44d6a8f
2025-09-15 11:44:56.346 DEBUG client[0]: Submitting transaction e7c3776274395bf82e6e3a96f3ace5584f0881f183a872a224521a81e44d6a8f
2025-09-15 11:44:56.429 TRACE : trigger interaction 0xc00044c2d0 229/1200
[TRACE] Decoding transaction bytes of length: 229
[TRACE] Transaction type: 6
[TRACE] Successfully decoded transaction with hash: 71ad9d02ee2541e73fc904abea53df237b194d3350f1309a4942f6e42a3194fa
2025-09-15 11:44:56.429 TRACE client[0]: Processing transaction with hash: 71ad9d02ee2541e73fc904abea53df237b194d3350f1309a4942f6e42a3194fa
2025-09-15 11:44:56.429 DEBUG client[0]: Submitting transaction 71ad9d02ee2541e73fc904abea53df237b194d3350f1309a4942f6e42a3194fa
2025-09-15 11:44:56.512 TRACE : trigger interaction 0xc00044c3c0 230/1200
[TRACE] Decoding transaction bytes of length: 229
[TRACE] Transaction type: 6
[TRACE] Successfully decoded transaction with hash: f0f880ed7d865f631a9b916b5422639a73ff30334839c1c3176cdd23d69d1cd4
2025-09-15 11:44:56.512 TRACE client[0]: Processing transaction with hash: f0f880ed7d865f631a9b916b5422639a73ff30334839c1c3176cdd23d69d1cd4
2025-09-15 11:44:56.512 DEBUG client[0]: Submitting transaction f0f880ed7d865f631a9b916b5422639a73ff30334839c1c3176cdd23d69d1cd4
2025-09-15 11:44:56.595 TRACE : trigger interaction 0xc00044c4b0 231/1200
[TRACE] Decoding transaction bytes of length: 229
[TRACE] Transaction type: 6
[TRACE] Successfully decoded transaction with hash: cd4858d90fae0d5530fae70e67d25ae0df7c10caaa7e53e23fc2e40c69b72ebc
2025-09-15 11:44:56.595 TRACE client[0]: Processing transaction with hash: cd4858d90fae0d5530fae70e67d25ae0df7c10caaa7e53e23fc2e40c69b72ebc
2025-09-15 11:44:56.595 DEBUG client[0]: Submitting transaction cd4858d90fae0d5530fae70e67d25ae0df7c10caaa7e53e23fc2e40c69b72ebc
2025-09-15 11:44:56.679 TRACE : trigger interaction 0xc00044c5a0 232/1200
[TRACE] Decoding transaction bytes of length: 229
[TRACE] Transaction type: 6
[TRACE] Successfully decoded transaction with hash: d31dc2615177bed79fc7439ce091601939bbf7296f946352c30d5726c3d583d5
2025-09-15 11:44:56.680 TRACE client[0]: Processing transaction with hash: d31dc2615177bed79fc7439ce091601939bbf7296f946352c30d5726c3d583d5
2025-09-15 11:44:56.680 DEBUG client[0]: Submitting transaction d31dc2615177bed79fc7439ce091601939bbf7296f946352c30d5726c3d583d5
2025-09-15 11:44:56.763 TRACE : trigger interaction 0xc00044c690 233/1200
[TRACE] Decoding transaction bytes of length: 229
[TRACE] Transaction type: 6
[TRACE] Successfully decoded transaction with hash: 6337d0ae37c38920e02ed86761f265d04337b05a91cd5cb13cbbd97ad2759340
2025-09-15 11:44:56.763 TRACE client[0]: Processing transaction with hash: 6337d0ae37c38920e02ed86761f265d04337b05a91cd5cb13cbbd97ad2759340
2025-09-15 11:44:56.763 DEBUG client[0]: Submitting transaction 6337d0ae37c38920e02ed86761f265d04337b05a91cd5cb13cbbd97ad2759340
2025-09-15 11:44:56.846 TRACE : trigger interaction 0xc00044c780 234/1200
[TRACE] Decoding transaction bytes of length: 229
[TRACE] Transaction type: 6
[TRACE] Successfully decoded transaction with hash: 13695f9ed0d0bbbb62cfa94d6212fc8683383a730d333d07b44ee2bea3f2e016
2025-09-15 11:44:56.846 TRACE client[0]: Processing transaction with hash: 13695f9ed0d0bbbb62cfa94d6212fc8683383a730d333d07b44ee2bea3f2e016
2025-09-15 11:44:56.846 DEBUG client[0]: Submitting transaction 13695f9ed0d0bbbb62cfa94d6212fc8683383a730d333d07b44ee2bea3f2e016
2025-09-15 11:44:56.929 TRACE : trigger interaction 0xc000490e10 235/1200
[TRACE] Decoding transaction bytes of length: 229
[TRACE] Transaction type: 6
[TRACE] Successfully decoded transaction with hash: 5320ac2b82bc8603002f8fd8a6b347f71bae858b0c2b264a17d2b30963d58710
2025-09-15 11:44:56.929 TRACE client[0]: Processing transaction with hash: 5320ac2b82bc8603002f8fd8a6b347f71bae858b0c2b264a17d2b30963d58710
2025-09-15 11:44:56.929 DEBUG client[0]: Submitting transaction 5320ac2b82bc8603002f8fd8a6b347f71bae858b0c2b264a17d2b30963d58710
2025-09-15 11:44:57.012 TRACE : trigger interaction 0xc000490f00 236/1200
[TRACE] Decoding transaction bytes of length: 229
[TRACE] Transaction type: 6
[TRACE] Successfully decoded transaction with hash: c05358392096a5a87bb2af87eece887a177c981acc3b19afd7ac157609cc15fb
2025-09-15 11:44:57.012 TRACE client[0]: Processing transaction with hash: c05358392096a5a87bb2af87eece887a177c981acc3b19afd7ac157609cc15fb
2025-09-15 11:44:57.012 DEBUG client[0]: Submitting transaction c05358392096a5a87bb2af87eece887a177c981acc3b19afd7ac157609cc15fb
2025-09-15 11:44:57.096 TRACE : trigger interaction 0xc000490ff0 237/1200
[TRACE] Decoding transaction bytes of length: 229
[TRACE] Transaction type: 6
[TRACE] Successfully decoded transaction with hash: 677ed4fa819713f0f2f0469d6bdc3da014a019795f736fafeaa8e9d051ae64b7
2025-09-15 11:44:57.096 TRACE client[0]: Processing transaction with hash: 677ed4fa819713f0f2f0469d6bdc3da014a019795f736fafeaa8e9d051ae64b7
2025-09-15 11:44:57.096 DEBUG client[0]: Submitting transaction 677ed4fa819713f0f2f0469d6bdc3da014a019795f736fafeaa8e9d051ae64b7
2025-09-15 11:44:57.179 TRACE : trigger interaction 0xc0004910e0 238/1200
[TRACE] Decoding transaction bytes of length: 229
[TRACE] Transaction type: 6
[TRACE] Successfully decoded transaction with hash: fbf4250a89c73521cc5104bf1fbc283cf251aac791b8b195e93cf20fb31a978c
2025-09-15 11:44:57.179 TRACE client[0]: Processing transaction with hash: fbf4250a89c73521cc5104bf1fbc283cf251aac791b8b195e93cf20fb31a978c
2025-09-15 11:44:57.179 DEBUG client[0]: Submitting transaction fbf4250a89c73521cc5104bf1fbc283cf251aac791b8b195e93cf20fb31a978c
2025-09-15 11:44:57.262 TRACE : trigger interaction 0xc0004911d0 239/1200
[TRACE] Decoding transaction bytes of length: 229
[TRACE] Transaction type: 6
[TRACE] Successfully decoded transaction with hash: fc6a792c2117bf5ef5b5e1c1335031413a170876067c87ec53e9d4995b60b88e
2025-09-15 11:44:57.262 TRACE client[0]: Processing transaction with hash: fc6a792c2117bf5ef5b5e1c1335031413a170876067c87ec53e9d4995b60b88e
2025-09-15 11:44:57.262 DEBUG client[0]: Submitting transaction fc6a792c2117bf5ef5b5e1c1335031413a170876067c87ec53e9d4995b60b88e
2025-09-15 11:44:57.346 TRACE : trigger interaction 0xc0004912c0 240/1200
[TRACE] Decoding transaction bytes of length: 229
[TRACE] Transaction type: 6
[TRACE] Successfully decoded transaction with hash: 942f1b14dd670c0216ddff1650119ce0aa9f8145ab8b1ec640d7954947c1fd7d
2025-09-15 11:44:57.346 TRACE client[0]: Processing transaction with hash: 942f1b14dd670c0216ddff1650119ce0aa9f8145ab8b1ec640d7954947c1fd7d
2025-09-15 11:44:57.346 DEBUG client[0]: Submitting transaction 942f1b14dd670c0216ddff1650119ce0aa9f8145ab8b1ec640d7954947c1fd7d
2025-09-15 11:44:57.429 TRACE : trigger interaction 0xc0004913b0 241/1200
[TRACE] Decoding transaction bytes of length: 229
[TRACE] Transaction type: 6
[TRACE] Successfully decoded transaction with hash: fa199033f8d3e9f7285c7a31f4717689e16596b293fda84e0bb9dfbd15aaa193
2025-09-15 11:44:57.429 TRACE client[0]: Processing transaction with hash: fa199033f8d3e9f7285c7a31f4717689e16596b293fda84e0bb9dfbd15aaa193
2025-09-15 11:44:57.429 DEBUG client[0]: Submitting transaction fa199033f8d3e9f7285c7a31f4717689e16596b293fda84e0bb9dfbd15aaa193
2025-09-15 11:44:57.512 TRACE : trigger interaction 0xc0004914a0 242/1200
[TRACE] Decoding transaction bytes of length: 229
[TRACE] Transaction type: 6
[TRACE] Successfully decoded transaction with hash: b6c43c3988317d3812ca7135b06f8bc1baf897e81a3e259374396f9231517481
2025-09-15 11:44:57.512 TRACE client[0]: Processing transaction with hash: b6c43c3988317d3812ca7135b06f8bc1baf897e81a3e259374396f9231517481
2025-09-15 11:44:57.512 DEBUG client[0]: Submitting transaction b6c43c3988317d3812ca7135b06f8bc1baf897e81a3e259374396f9231517481
2025-09-15 11:44:57.596 TRACE : trigger interaction 0xc000491590 243/1200
[TRACE] Decoding transaction bytes of length: 229
[TRACE] Transaction type: 6
[TRACE] Successfully decoded transaction with hash: 4b042f29006f54124f8ff192b00184c87c314485bc4dcf3c2168cd73af005f2d
2025-09-15 11:44:57.596 TRACE client[0]: Processing transaction with hash: 4b042f29006f54124f8ff192b00184c87c314485bc4dcf3c2168cd73af005f2d
2025-09-15 11:44:57.596 DEBUG client[0]: Submitting transaction 4b042f29006f54124f8ff192b00184c87c314485bc4dcf3c2168cd73af005f2d
2025-09-15 11:44:57.679 TRACE : trigger interaction 0xc000491680 244/1200
[TRACE] Decoding transaction bytes of length: 229
[TRACE] Transaction type: 6
[TRACE] Successfully decoded transaction with hash: 571e9a355595078bac8061f12bc933075a1a0a3c2e632918250810289c81d8ae
2025-09-15 11:44:57.679 TRACE client[0]: Processing transaction with hash: 571e9a355595078bac8061f12bc933075a1a0a3c2e632918250810289c81d8ae
2025-09-15 11:44:57.679 DEBUG client[0]: Submitting transaction 571e9a355595078bac8061f12bc933075a1a0a3c2e632918250810289c81d8ae
2025-09-15 11:44:57.762 TRACE : trigger interaction 0xc000491770 245/1200
[TRACE] Decoding transaction bytes of length: 229
[TRACE] Transaction type: 6
[TRACE] Successfully decoded transaction with hash: b563849d39102987b1a17ebc07147a66c8c8f56fecf192c618777a065fda250f
2025-09-15 11:44:57.762 TRACE client[0]: Processing transaction with hash: b563849d39102987b1a17ebc07147a66c8c8f56fecf192c618777a065fda250f
2025-09-15 11:44:57.762 DEBUG client[0]: Submitting transaction b563849d39102987b1a17ebc07147a66c8c8f56fecf192c618777a065fda250f
2025-09-15 11:44:57.846 TRACE : trigger interaction 0xc000491860 246/1200
[TRACE] Decoding transaction bytes of length: 229
[TRACE] Transaction type: 6
[TRACE] Successfully decoded transaction with hash: 62f568a2c7ad94e3b0b6f93334eaa57b11e4fd36f5593b8dfb0b861ae9deda27
2025-09-15 11:44:57.846 TRACE client[0]: Processing transaction with hash: 62f568a2c7ad94e3b0b6f93334eaa57b11e4fd36f5593b8dfb0b861ae9deda27
2025-09-15 11:44:57.846 DEBUG client[0]: Submitting transaction 62f568a2c7ad94e3b0b6f93334eaa57b11e4fd36f5593b8dfb0b861ae9deda27
2025-09-15 11:44:57.929 TRACE : trigger interaction 0xc000491950 247/1200
[TRACE] Decoding transaction bytes of length: 229
[TRACE] Transaction type: 6
[TRACE] Successfully decoded transaction with hash: 6d99f2cb54fe0936a86b3ce07338e5d8201a38b980d4aeabdaa7c96c21ddfcd7
2025-09-15 11:44:57.929 TRACE client[0]: Processing transaction with hash: 6d99f2cb54fe0936a86b3ce07338e5d8201a38b980d4aeabdaa7c96c21ddfcd7
2025-09-15 11:44:57.929 DEBUG client[0]: Submitting transaction 6d99f2cb54fe0936a86b3ce07338e5d8201a38b980d4aeabdaa7c96c21ddfcd7
2025-09-15 11:44:58.012 TRACE : trigger interaction 0xc000491a40 248/1200
[TRACE] Decoding transaction bytes of length: 229
[TRACE] Transaction type: 6
[TRACE] Successfully decoded transaction with hash: d041b2855a030ff29c8ce832cd3d1b7a87e4523805cdcaff3dd7a4aac00062ba
2025-09-15 11:44:58.012 TRACE client[0]: Processing transaction with hash: d041b2855a030ff29c8ce832cd3d1b7a87e4523805cdcaff3dd7a4aac00062ba
2025-09-15 11:44:58.012 DEBUG client[0]: Submitting transaction d041b2855a030ff29c8ce832cd3d1b7a87e4523805cdcaff3dd7a4aac00062ba
2025-09-15 11:44:58.096 TRACE : trigger interaction 0xc000491b30 249/1200
[TRACE] Decoding transaction bytes of length: 229
[TRACE] Transaction type: 6
[TRACE] Successfully decoded transaction with hash: 457854324184fef74eea0aac8bca39ca4dd6829d6f367b4e686685f18b73e27c
2025-09-15 11:44:58.096 TRACE client[0]: Processing transaction with hash: 457854324184fef74eea0aac8bca39ca4dd6829d6f367b4e686685f18b73e27c
2025-09-15 11:44:58.096 DEBUG client[0]: Submitting transaction 457854324184fef74eea0aac8bca39ca4dd6829d6f367b4e686685f18b73e27c
2025-09-15 11:44:58.179 TRACE : trigger interaction 0xc000491c20 250/1200
[TRACE] Decoding transaction bytes of length: 229
[TRACE] Transaction type: 6
[TRACE] Successfully decoded transaction with hash: e321536de0162d1b534d24994ff6348bd8ded3f9cebe66ee0e1abc719e1b7d25
2025-09-15 11:44:58.179 TRACE client[0]: Processing transaction with hash: e321536de0162d1b534d24994ff6348bd8ded3f9cebe66ee0e1abc719e1b7d25
2025-09-15 11:44:58.179 DEBUG client[0]: Submitting transaction e321536de0162d1b534d24994ff6348bd8ded3f9cebe66ee0e1abc719e1b7d25
2025-09-15 11:44:58.262 TRACE : trigger interaction 0xc000491d10 251/1200
[TRACE] Decoding transaction bytes of length: 229
[TRACE] Transaction type: 6
[TRACE] Successfully decoded transaction with hash: c55ab2628606f68ea9cb71359c3090f7cc4dda3bc3593588437f4a28b61d139d
2025-09-15 11:44:58.262 TRACE client[0]: Processing transaction with hash: c55ab2628606f68ea9cb71359c3090f7cc4dda3bc3593588437f4a28b61d139d
2025-09-15 11:44:58.262 DEBUG client[0]: Submitting transaction c55ab2628606f68ea9cb71359c3090f7cc4dda3bc3593588437f4a28b61d139d
2025-09-15 11:44:58.345 TRACE : trigger interaction 0xc0000d8f00 252/1200
[TRACE] Decoding transaction bytes of length: 229
[TRACE] Transaction type: 6
[TRACE] Successfully decoded transaction with hash: 2040bbc372b33ea24c2ff74f26fba06d774edfed1cfe94405585615233c1f83c
2025-09-15 11:44:58.346 TRACE client[0]: Processing transaction with hash: 2040bbc372b33ea24c2ff74f26fba06d774edfed1cfe94405585615233c1f83c
2025-09-15 11:44:58.346 DEBUG client[0]: Submitting transaction 2040bbc372b33ea24c2ff74f26fba06d774edfed1cfe94405585615233c1f83c
2025-09-15 11:44:58.429 TRACE : trigger interaction 0xc0000d8ff0 253/1200
[TRACE] Decoding transaction bytes of length: 229
[TRACE] Transaction type: 6
[TRACE] Successfully decoded transaction with hash: 1138745f011fbb891783787699b4415c8d37a8dc3541b18de6d4df62dbb8de8b
2025-09-15 11:44:58.429 TRACE client[0]: Processing transaction with hash: 1138745f011fbb891783787699b4415c8d37a8dc3541b18de6d4df62dbb8de8b
2025-09-15 11:44:58.429 DEBUG client[0]: Submitting transaction 1138745f011fbb891783787699b4415c8d37a8dc3541b18de6d4df62dbb8de8b
2025-09-15 11:44:58.512 TRACE : trigger interaction 0xc0000d90e0 254/1200
[TRACE] Decoding transaction bytes of length: 229
[TRACE] Transaction type: 6
[TRACE] Successfully decoded transaction with hash: 5fdf68b17c7824730ee5923893a934c69de05995debd9c8d1054d984b1acf48e
2025-09-15 11:44:58.512 TRACE client[0]: Processing transaction with hash: 5fdf68b17c7824730ee5923893a934c69de05995debd9c8d1054d984b1acf48e
2025-09-15 11:44:58.512 DEBUG client[0]: Submitting transaction 5fdf68b17c7824730ee5923893a934c69de05995debd9c8d1054d984b1acf48e
2025-09-15 11:44:58.596 TRACE : trigger interaction 0xc0000d91d0 255/1200
[TRACE] Decoding transaction bytes of length: 229
[TRACE] Transaction type: 6
[TRACE] Successfully decoded transaction with hash: 2361c65d42ebd3a319b23e27fe532c037c48fb6ff0daa64e7162c7e6158acf59
2025-09-15 11:44:58.596 TRACE client[0]: Processing transaction with hash: 2361c65d42ebd3a319b23e27fe532c037c48fb6ff0daa64e7162c7e6158acf59
2025-09-15 11:44:58.596 DEBUG client[0]: Submitting transaction 2361c65d42ebd3a319b23e27fe532c037c48fb6ff0daa64e7162c7e6158acf59
2025-09-15 11:44:58.679 TRACE : trigger interaction 0xc0000d92c0 256/1200
[TRACE] Decoding transaction bytes of length: 229
[TRACE] Transaction type: 6
[TRACE] Successfully decoded transaction with hash: 1f25deb537ad81df26a27caff2f65b0ca0bc9b5e4dd676e306575ec2ee37684a
2025-09-15 11:44:58.679 TRACE client[0]: Processing transaction with hash: 1f25deb537ad81df26a27caff2f65b0ca0bc9b5e4dd676e306575ec2ee37684a
2025-09-15 11:44:58.679 DEBUG client[0]: Submitting transaction 1f25deb537ad81df26a27caff2f65b0ca0bc9b5e4dd676e306575ec2ee37684a
2025-09-15 11:44:58.762 TRACE : trigger interaction 0xc0000d93b0 257/1200
[TRACE] Decoding transaction bytes of length: 229
[TRACE] Transaction type: 6
[TRACE] Successfully decoded transaction with hash: 36326acff2bc5793c07fef2d4ce6a87b35c85a5307bcda4fdba677d806768763
2025-09-15 11:44:58.762 TRACE client[0]: Processing transaction with hash: 36326acff2bc5793c07fef2d4ce6a87b35c85a5307bcda4fdba677d806768763
2025-09-15 11:44:58.762 DEBUG client[0]: Submitting transaction 36326acff2bc5793c07fef2d4ce6a87b35c85a5307bcda4fdba677d806768763
2025-09-15 11:44:58.846 TRACE : trigger interaction 0xc0000d94a0 258/1200
[TRACE] Decoding transaction bytes of length: 229
[TRACE] Transaction type: 6
[TRACE] Successfully decoded transaction with hash: 74d6912075051edcdb019afdedbc57b464a591849044f6994c9c4ac9185063f2
2025-09-15 11:44:58.846 TRACE client[0]: Processing transaction with hash: 74d6912075051edcdb019afdedbc57b464a591849044f6994c9c4ac9185063f2
2025-09-15 11:44:58.846 DEBUG client[0]: Submitting transaction 74d6912075051edcdb019afdedbc57b464a591849044f6994c9c4ac9185063f2
2025-09-15 11:44:58.929 TRACE : trigger interaction 0xc0000d9590 259/1200
[TRACE] Decoding transaction bytes of length: 229
[TRACE] Transaction type: 6
[TRACE] Successfully decoded transaction with hash: 69e06394cbf36ce4587449990636ad03cbd299ec613ae277fc6e3ee9d612a608
2025-09-15 11:44:58.929 TRACE client[0]: Processing transaction with hash: 69e06394cbf36ce4587449990636ad03cbd299ec613ae277fc6e3ee9d612a608
2025-09-15 11:44:58.929 DEBUG client[0]: Submitting transaction 69e06394cbf36ce4587449990636ad03cbd299ec613ae277fc6e3ee9d612a608
2025-09-15 11:44:59.012 TRACE : trigger interaction 0xc0000d9680 260/1200
[TRACE] Decoding transaction bytes of length: 229
[TRACE] Transaction type: 6
[TRACE] Successfully decoded transaction with hash: 0a3217239cf844c55a0a8c90b839027b0a9366f50e355b6da71aa35efbdde259
2025-09-15 11:44:59.012 TRACE client[0]: Processing transaction with hash: 0a3217239cf844c55a0a8c90b839027b0a9366f50e355b6da71aa35efbdde259
2025-09-15 11:44:59.012 DEBUG client[0]: Submitting transaction 0a3217239cf844c55a0a8c90b839027b0a9366f50e355b6da71aa35efbdde259
2025-09-15 11:44:59.096 TRACE : trigger interaction 0xc0000d9770 261/1200
[TRACE] Decoding transaction bytes of length: 229
[TRACE] Transaction type: 6
[TRACE] Successfully decoded transaction with hash: 6998157e0d5f2e7ae59bae12d02a30f741dce43ae8ec96cc336a2a4754ece804
2025-09-15 11:44:59.096 TRACE client[0]: Processing transaction with hash: 6998157e0d5f2e7ae59bae12d02a30f741dce43ae8ec96cc336a2a4754ece804
2025-09-15 11:44:59.096 DEBUG client[0]: Submitting transaction 6998157e0d5f2e7ae59bae12d02a30f741dce43ae8ec96cc336a2a4754ece804
2025-09-15 11:44:59.179 TRACE : trigger interaction 0xc0000d9860 262/1200
[TRACE] Decoding transaction bytes of length: 229
[TRACE] Transaction type: 6
[TRACE] Successfully decoded transaction with hash: 75220c86f485a31418d9ba9e89bebaf7f6cab5f1c7524cba5739756c289d0d2b
2025-09-15 11:44:59.179 TRACE client[0]: Processing transaction with hash: 75220c86f485a31418d9ba9e89bebaf7f6cab5f1c7524cba5739756c289d0d2b
2025-09-15 11:44:59.179 DEBUG client[0]: Submitting transaction 75220c86f485a31418d9ba9e89bebaf7f6cab5f1c7524cba5739756c289d0d2b
2025-09-15 11:44:59.262 TRACE : trigger interaction 0xc0000d9950 263/1200
[TRACE] Decoding transaction bytes of length: 229
[TRACE] Transaction type: 6
[TRACE] Successfully decoded transaction with hash: 13079f9d2029d3c31b5329c4f15aeeeec740d1496e79b6b1bcc764838ecd4524
2025-09-15 11:44:59.262 TRACE client[0]: Processing transaction with hash: 13079f9d2029d3c31b5329c4f15aeeeec740d1496e79b6b1bcc764838ecd4524
2025-09-15 11:44:59.262 DEBUG client[0]: Submitting transaction 13079f9d2029d3c31b5329c4f15aeeeec740d1496e79b6b1bcc764838ecd4524
2025-09-15 11:44:59.346 TRACE : trigger interaction 0xc0000d9a40 264/1200
[TRACE] Decoding transaction bytes of length: 229
[TRACE] Transaction type: 6
[TRACE] Successfully decoded transaction with hash: 296f5063e17f8a2124d33634ed9695a2af21615e8138d1f961d423bf0d80502c
2025-09-15 11:44:59.346 TRACE client[0]: Processing transaction with hash: 296f5063e17f8a2124d33634ed9695a2af21615e8138d1f961d423bf0d80502c
2025-09-15 11:44:59.346 DEBUG client[0]: Submitting transaction 296f5063e17f8a2124d33634ed9695a2af21615e8138d1f961d423bf0d80502c
2025-09-15 11:44:59.429 TRACE : trigger interaction 0xc0000d9b30 265/1200
[TRACE] Decoding transaction bytes of length: 229
[TRACE] Transaction type: 6
[TRACE] Successfully decoded transaction with hash: a53d22e0a8c89ff41034f63acecb5b90ffce0640fa5e130e19ded03a6df2daea
2025-09-15 11:44:59.429 TRACE client[0]: Processing transaction with hash: a53d22e0a8c89ff41034f63acecb5b90ffce0640fa5e130e19ded03a6df2daea
2025-09-15 11:44:59.429 DEBUG client[0]: Submitting transaction a53d22e0a8c89ff41034f63acecb5b90ffce0640fa5e130e19ded03a6df2daea
2025-09-15 11:44:59.512 TRACE : trigger interaction 0xc0000d9c20 266/1200
[TRACE] Decoding transaction bytes of length: 229
[TRACE] Transaction type: 6
[TRACE] Successfully decoded transaction with hash: 77819a2211ea06f2a570777c714c7af1680e6052a128dec88c1c16c21680f03f
2025-09-15 11:44:59.512 TRACE client[0]: Processing transaction with hash: 77819a2211ea06f2a570777c714c7af1680e6052a128dec88c1c16c21680f03f
2025-09-15 11:44:59.512 DEBUG client[0]: Submitting transaction 77819a2211ea06f2a570777c714c7af1680e6052a128dec88c1c16c21680f03f
2025-09-15 11:44:59.596 TRACE : trigger interaction 0xc0000d9d10 267/1200
[TRACE] Decoding transaction bytes of length: 229
[TRACE] Transaction type: 6
[TRACE] Successfully decoded transaction with hash: 771d23aa1f156305b3a26e6036697fe07e58fcbeedea117d44f7320c22934b03
2025-09-15 11:44:59.596 TRACE client[0]: Processing transaction with hash: 771d23aa1f156305b3a26e6036697fe07e58fcbeedea117d44f7320c22934b03
2025-09-15 11:44:59.596 DEBUG client[0]: Submitting transaction 771d23aa1f156305b3a26e6036697fe07e58fcbeedea117d44f7320c22934b03
2025-09-15 11:44:59.679 TRACE : trigger interaction 0xc0000d9e00 268/1200
[TRACE] Decoding transaction bytes of length: 229
[TRACE] Transaction type: 6
[TRACE] Successfully decoded transaction with hash: 9c55671e2a2925e3b2354cf7ba01f26613e1d3db7fa658b4b83dafe2880676c5
2025-09-15 11:44:59.679 TRACE client[0]: Processing transaction with hash: 9c55671e2a2925e3b2354cf7ba01f26613e1d3db7fa658b4b83dafe2880676c5
2025-09-15 11:44:59.679 DEBUG client[0]: Submitting transaction 9c55671e2a2925e3b2354cf7ba01f26613e1d3db7fa658b4b83dafe2880676c5
2025-09-15 11:44:59.763 TRACE : trigger interaction 0xc000491e00 269/1200
[TRACE] Decoding transaction bytes of length: 229
[TRACE] Transaction type: 6
[TRACE] Successfully decoded transaction with hash: f02587f942d5cf638d824c770fbd37955b4e16be50b894555fcb9024007d2311
2025-09-15 11:44:59.763 TRACE client[0]: Processing transaction with hash: f02587f942d5cf638d824c770fbd37955b4e16be50b894555fcb9024007d2311
2025-09-15 11:44:59.763 DEBUG client[0]: Submitting transaction f02587f942d5cf638d824c770fbd37955b4e16be50b894555fcb9024007d2311
2025-09-15 11:44:59.846 TRACE : trigger interaction 0xc000491ef0 270/1200
[TRACE] Decoding transaction bytes of length: 229
[TRACE] Transaction type: 6
[TRACE] Successfully decoded transaction with hash: ed3068c868be4f891b2f4e6da3843f214dd00fea6d2398c7ef7576426973c236
2025-09-15 11:44:59.846 TRACE client[0]: Processing transaction with hash: ed3068c868be4f891b2f4e6da3843f214dd00fea6d2398c7ef7576426973c236
2025-09-15 11:44:59.846 DEBUG client[0]: Submitting transaction ed3068c868be4f891b2f4e6da3843f214dd00fea6d2398c7ef7576426973c236
2025-09-15 11:44:59.929 TRACE : trigger interaction 0xc0004b2000 271/1200
[TRACE] Decoding transaction bytes of length: 229
[TRACE] Transaction type: 6
[TRACE] Successfully decoded transaction with hash: c5cdb8bcfc8a88760b69193ff9836a93e1defc03e328fd6173bdebb81e3606a9
2025-09-15 11:44:59.929 TRACE client[0]: Processing transaction with hash: c5cdb8bcfc8a88760b69193ff9836a93e1defc03e328fd6173bdebb81e3606a9
2025-09-15 11:44:59.929 DEBUG client[0]: Submitting transaction c5cdb8bcfc8a88760b69193ff9836a93e1defc03e328fd6173bdebb81e3606a9
2025-09-15 11:45:00.012 TRACE : trigger interaction 0xc0004b20f0 272/1200
[TRACE] Decoding transaction bytes of length: 229
[TRACE] Transaction type: 6
[TRACE] Successfully decoded transaction with hash: 8853474aecaac68a29457dd14a43897bd01f588c37e98bfa8084f831775463f6
2025-09-15 11:45:00.012 TRACE client[0]: Processing transaction with hash: 8853474aecaac68a29457dd14a43897bd01f588c37e98bfa8084f831775463f6
2025-09-15 11:45:00.012 DEBUG client[0]: Submitting transaction 8853474aecaac68a29457dd14a43897bd01f588c37e98bfa8084f831775463f6
2025-09-15 11:45:00.096 TRACE : trigger interaction 0xc0004b21e0 273/1200
[TRACE] Decoding transaction bytes of length: 229
[TRACE] Transaction type: 6
[TRACE] Successfully decoded transaction with hash: 39a3f852aec6816aa6485981ae2049c9393d949309025ecd41db7807b2c73810
2025-09-15 11:45:00.096 TRACE client[0]: Processing transaction with hash: 39a3f852aec6816aa6485981ae2049c9393d949309025ecd41db7807b2c73810
2025-09-15 11:45:00.096 DEBUG client[0]: Submitting transaction 39a3f852aec6816aa6485981ae2049c9393d949309025ecd41db7807b2c73810
2025-09-15 11:45:00.179 TRACE : trigger interaction 0xc0004b22d0 274/1200
[TRACE] Decoding transaction bytes of length: 229
[TRACE] Transaction type: 6
[TRACE] Successfully decoded transaction with hash: 329bccc71850c935fa843e109cdba02b4f56b3ea11ab4100729b90956acc23ba
2025-09-15 11:45:00.179 TRACE client[0]: Processing transaction with hash: 329bccc71850c935fa843e109cdba02b4f56b3ea11ab4100729b90956acc23ba
2025-09-15 11:45:00.179 DEBUG client[0]: Submitting transaction 329bccc71850c935fa843e109cdba02b4f56b3ea11ab4100729b90956acc23ba
2025-09-15 11:45:00.262 TRACE : trigger interaction 0xc0004b23c0 275/1200
[TRACE] Decoding transaction bytes of length: 229
[TRACE] Transaction type: 6
[TRACE] Successfully decoded transaction with hash: 810befb4cce2362cb1506a3cf685614b3f5bbcd3c2386590613a7b086582bef9
2025-09-15 11:45:00.262 TRACE client[0]: Processing transaction with hash: 810befb4cce2362cb1506a3cf685614b3f5bbcd3c2386590613a7b086582bef9
2025-09-15 11:45:00.262 DEBUG client[0]: Submitting transaction 810befb4cce2362cb1506a3cf685614b3f5bbcd3c2386590613a7b086582bef9
2025-09-15 11:45:00.346 TRACE : trigger interaction 0xc0004b24b0 276/1200
[TRACE] Decoding transaction bytes of length: 229
[TRACE] Transaction type: 6
[TRACE] Successfully decoded transaction with hash: e8ff28acbe21c5366c3209d2b064364c4b03124d2f035ef0b23f17fd68318f71
2025-09-15 11:45:00.346 TRACE client[0]: Processing transaction with hash: e8ff28acbe21c5366c3209d2b064364c4b03124d2f035ef0b23f17fd68318f71
2025-09-15 11:45:00.346 DEBUG client[0]: Submitting transaction e8ff28acbe21c5366c3209d2b064364c4b03124d2f035ef0b23f17fd68318f71
2025-09-15 11:45:00.429 TRACE : trigger interaction 0xc0004b25a0 277/1200
[TRACE] Decoding transaction bytes of length: 229
[TRACE] Transaction type: 6
[TRACE] Successfully decoded transaction with hash: 848060a9d8191d3dc1a8b53a9764a82922f664ae3b128c17949088eb4e20c61f
2025-09-15 11:45:00.429 TRACE client[0]: Processing transaction with hash: 848060a9d8191d3dc1a8b53a9764a82922f664ae3b128c17949088eb4e20c61f
2025-09-15 11:45:00.429 DEBUG client[0]: Submitting transaction 848060a9d8191d3dc1a8b53a9764a82922f664ae3b128c17949088eb4e20c61f
2025-09-15 11:45:00.512 TRACE : trigger interaction 0xc0004b2690 278/1200
[TRACE] Decoding transaction bytes of length: 229
[TRACE] Transaction type: 6
[TRACE] Successfully decoded transaction with hash: f444bde9e3a1e4bf59ed21b273a79e4a4e27471847b5de6b080d87f5b5f19cb6
2025-09-15 11:45:00.512 TRACE client[0]: Processing transaction with hash: f444bde9e3a1e4bf59ed21b273a79e4a4e27471847b5de6b080d87f5b5f19cb6
2025-09-15 11:45:00.512 DEBUG client[0]: Submitting transaction f444bde9e3a1e4bf59ed21b273a79e4a4e27471847b5de6b080d87f5b5f19cb6
2025-09-15 11:45:00.596 TRACE : trigger interaction 0xc0004b2780 279/1200
[TRACE] Decoding transaction bytes of length: 229
[TRACE] Transaction type: 6
[TRACE] Successfully decoded transaction with hash: 53602c48eaf99b753790acd427db951d711d49ed1fef108a58f31d37dfcd9210
2025-09-15 11:45:00.596 TRACE client[0]: Processing transaction with hash: 53602c48eaf99b753790acd427db951d711d49ed1fef108a58f31d37dfcd9210
2025-09-15 11:45:00.596 DEBUG client[0]: Submitting transaction 53602c48eaf99b753790acd427db951d711d49ed1fef108a58f31d37dfcd9210
2025-09-15 11:45:00.679 TRACE : trigger interaction 0xc0004b2870 280/1200
[TRACE] Decoding transaction bytes of length: 229
[TRACE] Transaction type: 6
[TRACE] Successfully decoded transaction with hash: 05b696a8f58b516b1d3c103aaa7184dcfeb883e65fa0626917f4cbb2364ac8b7
2025-09-15 11:45:00.679 TRACE client[0]: Processing transaction with hash: 05b696a8f58b516b1d3c103aaa7184dcfeb883e65fa0626917f4cbb2364ac8b7
2025-09-15 11:45:00.679 DEBUG client[0]: Submitting transaction 05b696a8f58b516b1d3c103aaa7184dcfeb883e65fa0626917f4cbb2364ac8b7
2025-09-15 11:45:00.762 TRACE : trigger interaction 0xc0004b2960 281/1200
[TRACE] Decoding transaction bytes of length: 229
[TRACE] Transaction type: 6
[TRACE] Successfully decoded transaction with hash: 0a37622019700e668bed4bac5a3698f1cc4325c3d012d1704f81788b188cbef3
2025-09-15 11:45:00.762 TRACE client[0]: Processing transaction with hash: 0a37622019700e668bed4bac5a3698f1cc4325c3d012d1704f81788b188cbef3
2025-09-15 11:45:00.762 DEBUG client[0]: Submitting transaction 0a37622019700e668bed4bac5a3698f1cc4325c3d012d1704f81788b188cbef3
2025-09-15 11:45:00.846 TRACE : trigger interaction 0xc0004b2a50 282/1200
[TRACE] Decoding transaction bytes of length: 229
[TRACE] Transaction type: 6
[TRACE] Successfully decoded transaction with hash: 8e8991526f78743070a92458a867d2989e027e7f1da5aaa5fe05edf8ae596069
2025-09-15 11:45:00.846 TRACE client[0]: Processing transaction with hash: 8e8991526f78743070a92458a867d2989e027e7f1da5aaa5fe05edf8ae596069
2025-09-15 11:45:00.846 DEBUG client[0]: Submitting transaction 8e8991526f78743070a92458a867d2989e027e7f1da5aaa5fe05edf8ae596069
2025-09-15 11:45:00.929 TRACE : trigger interaction 0xc0004b2b40 283/1200
[TRACE] Decoding transaction bytes of length: 229
[TRACE] Transaction type: 6
[TRACE] Successfully decoded transaction with hash: 96a3e8a62a493f5e9a455f4145d9ca0079adbe3e0803408ebdeb8ac33fcb32c9
2025-09-15 11:45:00.929 TRACE client[0]: Processing transaction with hash: 96a3e8a62a493f5e9a455f4145d9ca0079adbe3e0803408ebdeb8ac33fcb32c9
2025-09-15 11:45:00.929 DEBUG client[0]: Submitting transaction 96a3e8a62a493f5e9a455f4145d9ca0079adbe3e0803408ebdeb8ac33fcb32c9
2025-09-15 11:45:01.012 TRACE : trigger interaction 0xc0004b2c30 284/1200
[TRACE] Decoding transaction bytes of length: 229
[TRACE] Transaction type: 6
[TRACE] Successfully decoded transaction with hash: da32d559d1bc21859b0317d5e88e8d19d8b452ab7f0fcedb8c000b8df19d8d9e
2025-09-15 11:45:01.012 TRACE client[0]: Processing transaction with hash: da32d559d1bc21859b0317d5e88e8d19d8b452ab7f0fcedb8c000b8df19d8d9e
2025-09-15 11:45:01.012 DEBUG client[0]: Submitting transaction da32d559d1bc21859b0317d5e88e8d19d8b452ab7f0fcedb8c000b8df19d8d9e
2025-09-15 11:45:01.096 TRACE : trigger interaction 0xc0000d9ef0 285/1200
[TRACE] Decoding transaction bytes of length: 229
[TRACE] Transaction type: 6
[TRACE] Successfully decoded transaction with hash: 870722044976a2dc9f155dfad6181da673272d91afa43cfd6225b0582940b639
2025-09-15 11:45:01.096 TRACE client[0]: Processing transaction with hash: 870722044976a2dc9f155dfad6181da673272d91afa43cfd6225b0582940b639
2025-09-15 11:45:01.096 DEBUG client[0]: Submitting transaction 870722044976a2dc9f155dfad6181da673272d91afa43cfd6225b0582940b639
2025-09-15 11:45:01.179 TRACE : trigger interaction 0xc0000f4000 286/1200
[TRACE] Decoding transaction bytes of length: 229
[TRACE] Transaction type: 6
[TRACE] Successfully decoded transaction with hash: b1dbc0beef828b8f3aee6a2d975cbf7059478284d4d78080fc44beede9a4ee56
2025-09-15 11:45:01.180 TRACE client[0]: Processing transaction with hash: b1dbc0beef828b8f3aee6a2d975cbf7059478284d4d78080fc44beede9a4ee56
2025-09-15 11:45:01.180 DEBUG client[0]: Submitting transaction b1dbc0beef828b8f3aee6a2d975cbf7059478284d4d78080fc44beede9a4ee56
2025-09-15 11:45:01.263 TRACE : trigger interaction 0xc0000f40f0 287/1200
[TRACE] Decoding transaction bytes of length: 229
[TRACE] Transaction type: 6
[TRACE] Successfully decoded transaction with hash: 4a573a58cd74626c976bbc8bd03b393cd3e120c2aca4081c4f842f17761c5b58
2025-09-15 11:45:01.263 TRACE client[0]: Processing transaction with hash: 4a573a58cd74626c976bbc8bd03b393cd3e120c2aca4081c4f842f17761c5b58
2025-09-15 11:45:01.263 DEBUG client[0]: Submitting transaction 4a573a58cd74626c976bbc8bd03b393cd3e120c2aca4081c4f842f17761c5b58
2025-09-15 11:45:01.346 TRACE : trigger interaction 0xc0000f41e0 288/1200
[TRACE] Decoding transaction bytes of length: 229
[TRACE] Transaction type: 6
[TRACE] Successfully decoded transaction with hash: 3a61ff897b092b8d2f4053e505eff115f60a3017dbd45eebb274783d3a2426ff
2025-09-15 11:45:01.346 TRACE client[0]: Processing transaction with hash: 3a61ff897b092b8d2f4053e505eff115f60a3017dbd45eebb274783d3a2426ff
2025-09-15 11:45:01.346 DEBUG client[0]: Submitting transaction 3a61ff897b092b8d2f4053e505eff115f60a3017dbd45eebb274783d3a2426ff
2025-09-15 11:45:01.429 TRACE : trigger interaction 0xc0000f42d0 289/1200
[TRACE] Decoding transaction bytes of length: 229
[TRACE] Transaction type: 6
[TRACE] Successfully decoded transaction with hash: 0e5ec45616fa8862863bb3ea3236519d7bf78699b20e94089a443a9b485921e8
2025-09-15 11:45:01.429 TRACE client[0]: Processing transaction with hash: 0e5ec45616fa8862863bb3ea3236519d7bf78699b20e94089a443a9b485921e8
2025-09-15 11:45:01.429 DEBUG client[0]: Submitting transaction 0e5ec45616fa8862863bb3ea3236519d7bf78699b20e94089a443a9b485921e8
2025-09-15 11:45:01.512 TRACE : trigger interaction 0xc0000f43c0 290/1200
[TRACE] Decoding transaction bytes of length: 229
[TRACE] Transaction type: 6
[TRACE] Successfully decoded transaction with hash: e2584e64528df2999d6a0fde14f0d9384d160d6ccacbdd172260313b7dbedc3c
2025-09-15 11:45:01.512 TRACE client[0]: Processing transaction with hash: e2584e64528df2999d6a0fde14f0d9384d160d6ccacbdd172260313b7dbedc3c
2025-09-15 11:45:01.512 DEBUG client[0]: Submitting transaction e2584e64528df2999d6a0fde14f0d9384d160d6ccacbdd172260313b7dbedc3c
2025-09-15 11:45:01.596 TRACE : trigger interaction 0xc0000f44b0 291/1200
[TRACE] Decoding transaction bytes of length: 229
[TRACE] Transaction type: 6
[TRACE] Successfully decoded transaction with hash: f6cbd4171b935311d1b9a682c11c711b19f6fecf6a0695f3ee9f41daa1e3319d
2025-09-15 11:45:01.596 TRACE client[0]: Processing transaction with hash: f6cbd4171b935311d1b9a682c11c711b19f6fecf6a0695f3ee9f41daa1e3319d
2025-09-15 11:45:01.596 DEBUG client[0]: Submitting transaction f6cbd4171b935311d1b9a682c11c711b19f6fecf6a0695f3ee9f41daa1e3319d
2025-09-15 11:45:01.679 TRACE : trigger interaction 0xc0000f45a0 292/1200
[TRACE] Decoding transaction bytes of length: 229
[TRACE] Transaction type: 6
[TRACE] Successfully decoded transaction with hash: e8d7cc1c2825e9042a4925d0e1011055d8682ffd91b68a65155b03206af47d47
2025-09-15 11:45:01.679 TRACE client[0]: Processing transaction with hash: e8d7cc1c2825e9042a4925d0e1011055d8682ffd91b68a65155b03206af47d47
2025-09-15 11:45:01.679 DEBUG client[0]: Submitting transaction e8d7cc1c2825e9042a4925d0e1011055d8682ffd91b68a65155b03206af47d47
2025-09-15 11:45:01.762 TRACE : trigger interaction 0xc0000f4690 293/1200
[TRACE] Decoding transaction bytes of length: 229
[TRACE] Transaction type: 6
[TRACE] Successfully decoded transaction with hash: 27a6d2b2d301f9958f40a9ecc43af5850cd0e28ced1eb26fe0752a98131c3c1e
2025-09-15 11:45:01.762 TRACE client[0]: Processing transaction with hash: 27a6d2b2d301f9958f40a9ecc43af5850cd0e28ced1eb26fe0752a98131c3c1e
2025-09-15 11:45:01.762 DEBUG client[0]: Submitting transaction 27a6d2b2d301f9958f40a9ecc43af5850cd0e28ced1eb26fe0752a98131c3c1e
2025-09-15 11:45:01.846 TRACE : trigger interaction 0xc0000f4780 294/1200
[TRACE] Decoding transaction bytes of length: 229
[TRACE] Transaction type: 6
[TRACE] Successfully decoded transaction with hash: 5d8bdfa12de274d7419649f4c9a26d07e8f3fb348c2a0bbae170aa8b6576f3cb
2025-09-15 11:45:01.846 TRACE client[0]: Processing transaction with hash: 5d8bdfa12de274d7419649f4c9a26d07e8f3fb348c2a0bbae170aa8b6576f3cb
2025-09-15 11:45:01.846 DEBUG client[0]: Submitting transaction 5d8bdfa12de274d7419649f4c9a26d07e8f3fb348c2a0bbae170aa8b6576f3cb
2025-09-15 11:45:01.929 TRACE : trigger interaction 0xc0000f4870 295/1200
[TRACE] Decoding transaction bytes of length: 229
[TRACE] Transaction type: 6
[TRACE] Successfully decoded transaction with hash: afd84605af3a69852f378de12c94a5ab40f3fe36a4322770a6ba5484e31bb1ef
2025-09-15 11:45:01.929 TRACE client[0]: Processing transaction with hash: afd84605af3a69852f378de12c94a5ab40f3fe36a4322770a6ba5484e31bb1ef
2025-09-15 11:45:01.929 DEBUG client[0]: Submitting transaction afd84605af3a69852f378de12c94a5ab40f3fe36a4322770a6ba5484e31bb1ef
2025-09-15 11:45:02.012 TRACE : trigger interaction 0xc0000f4960 296/1200
[TRACE] Decoding transaction bytes of length: 229
[TRACE] Transaction type: 6
[TRACE] Successfully decoded transaction with hash: eb24ec1263f7ffcea5d4b2988e1e5286c62410b8e021e40c14d6e2d9063a6cb4
2025-09-15 11:45:02.012 TRACE client[0]: Processing transaction with hash: eb24ec1263f7ffcea5d4b2988e1e5286c62410b8e021e40c14d6e2d9063a6cb4
2025-09-15 11:45:02.012 DEBUG client[0]: Submitting transaction eb24ec1263f7ffcea5d4b2988e1e5286c62410b8e021e40c14d6e2d9063a6cb4
2025-09-15 11:45:02.095 TRACE : trigger interaction 0xc0000f4a50 297/1200
[TRACE] Decoding transaction bytes of length: 229
[TRACE] Transaction type: 6
[TRACE] Successfully decoded transaction with hash: 849448ee3a8dd8149c4c354534f1d06eb972c7dac270b7c3ed267317ba237e34
2025-09-15 11:45:02.096 TRACE client[0]: Processing transaction with hash: 849448ee3a8dd8149c4c354534f1d06eb972c7dac270b7c3ed267317ba237e34
2025-09-15 11:45:02.096 DEBUG client[0]: Submitting transaction 849448ee3a8dd8149c4c354534f1d06eb972c7dac270b7c3ed267317ba237e34
2025-09-15 11:45:02.179 TRACE : trigger interaction 0xc0000f4b40 298/1200
[TRACE] Decoding transaction bytes of length: 229
[TRACE] Transaction type: 6
[TRACE] Successfully decoded transaction with hash: 4d370c52eb44bd3bc093d0405d5b8774f7651003a18fbb72451bfab68b290ecc
2025-09-15 11:45:02.179 TRACE client[0]: Processing transaction with hash: 4d370c52eb44bd3bc093d0405d5b8774f7651003a18fbb72451bfab68b290ecc
2025-09-15 11:45:02.179 DEBUG client[0]: Submitting transaction 4d370c52eb44bd3bc093d0405d5b8774f7651003a18fbb72451bfab68b290ecc
2025-09-15 11:45:02.262 TRACE : trigger interaction 0xc0000f4c30 299/1200
[TRACE] Decoding transaction bytes of length: 229
[TRACE] Transaction type: 6
[TRACE] Successfully decoded transaction with hash: d5106b762143f4f26f777e8604f3574d3cb1e0d5a3a10bbd49012241b36b0267
2025-09-15 11:45:02.262 TRACE client[0]: Processing transaction with hash: d5106b762143f4f26f777e8604f3574d3cb1e0d5a3a10bbd49012241b36b0267
2025-09-15 11:45:02.262 DEBUG client[0]: Submitting transaction d5106b762143f4f26f777e8604f3574d3cb1e0d5a3a10bbd49012241b36b0267
2025-09-15 11:45:02.345 TRACE : trigger interaction 0xc0000f4d20 300/1200
[TRACE] Decoding transaction bytes of length: 229
[TRACE] Transaction type: 6
[TRACE] Successfully decoded transaction with hash: c633078067d0c1eaf2296ef778a9dc59760b632f752471bccc536630d6b40319
2025-09-15 11:45:02.346 TRACE client[0]: Processing transaction with hash: c633078067d0c1eaf2296ef778a9dc59760b632f752471bccc536630d6b40319
2025-09-15 11:45:02.346 DEBUG client[0]: Submitting transaction c633078067d0c1eaf2296ef778a9dc59760b632f752471bccc536630d6b40319
2025-09-15 11:45:02.429 TRACE : trigger interaction 0xc0000f4e10 301/1200
[TRACE] Decoding transaction bytes of length: 229
[TRACE] Transaction type: 6
[TRACE] Successfully decoded transaction with hash: c387ec5a9ff919573f3f07eabdfc32e8267ccdbc0e13a39b5531dcb05e921960
2025-09-15 11:45:02.429 TRACE client[0]: Processing transaction with hash: c387ec5a9ff919573f3f07eabdfc32e8267ccdbc0e13a39b5531dcb05e921960
2025-09-15 11:45:02.430 DEBUG client[0]: Submitting transaction c387ec5a9ff919573f3f07eabdfc32e8267ccdbc0e13a39b5531dcb05e921960
2025-09-15 11:45:02.512 TRACE : trigger interaction 0xc0004b2d20 302/1200
[TRACE] Decoding transaction bytes of length: 229
[TRACE] Transaction type: 6
[TRACE] Successfully decoded transaction with hash: 450d10695dc0f068c6ae5d67e5a6be8fa55c64010319e536aba27961c6fa89c1
2025-09-15 11:45:02.512 TRACE client[0]: Processing transaction with hash: 450d10695dc0f068c6ae5d67e5a6be8fa55c64010319e536aba27961c6fa89c1
2025-09-15 11:45:02.512 DEBUG client[0]: Submitting transaction 450d10695dc0f068c6ae5d67e5a6be8fa55c64010319e536aba27961c6fa89c1
2025-09-15 11:45:02.595 TRACE : trigger interaction 0xc0004b2e10 303/1200
[TRACE] Decoding transaction bytes of length: 229
[TRACE] Transaction type: 6
[TRACE] Successfully decoded transaction with hash: b0a594c4eea1a936e7f16cbe1bbd04efdd1faa5fcb0d71345e87a71511219d60
2025-09-15 11:45:02.596 TRACE client[0]: Processing transaction with hash: b0a594c4eea1a936e7f16cbe1bbd04efdd1faa5fcb0d71345e87a71511219d60
2025-09-15 11:45:02.596 DEBUG client[0]: Submitting transaction b0a594c4eea1a936e7f16cbe1bbd04efdd1faa5fcb0d71345e87a71511219d60
2025-09-15 11:45:02.679 TRACE : trigger interaction 0xc0004b2f00 304/1200
[TRACE] Decoding transaction bytes of length: 229
[TRACE] Transaction type: 6
[TRACE] Successfully decoded transaction with hash: 9c50124d4ae8fd65b0134b5b4aeffd2a75e2b62f477c1873d6f62d2ebcb46ae4
2025-09-15 11:45:02.679 TRACE client[0]: Processing transaction with hash: 9c50124d4ae8fd65b0134b5b4aeffd2a75e2b62f477c1873d6f62d2ebcb46ae4
2025-09-15 11:45:02.679 DEBUG client[0]: Submitting transaction 9c50124d4ae8fd65b0134b5b4aeffd2a75e2b62f477c1873d6f62d2ebcb46ae4
2025-09-15 11:45:02.762 TRACE : trigger interaction 0xc0004b2ff0 305/1200
[TRACE] Decoding transaction bytes of length: 229
[TRACE] Transaction type: 6
[TRACE] Successfully decoded transaction with hash: 2d773c030121ec7476e4a40e92496e207c725a4124362654dd69d40bffb375f2
2025-09-15 11:45:02.762 TRACE client[0]: Processing transaction with hash: 2d773c030121ec7476e4a40e92496e207c725a4124362654dd69d40bffb375f2
2025-09-15 11:45:02.762 DEBUG client[0]: Submitting transaction 2d773c030121ec7476e4a40e92496e207c725a4124362654dd69d40bffb375f2
2025-09-15 11:45:02.846 TRACE : trigger interaction 0xc0004b30e0 306/1200
[TRACE] Decoding transaction bytes of length: 229
[TRACE] Transaction type: 6
[TRACE] Successfully decoded transaction with hash: 76ad9d36757262db227d8b5c994f3c9e24b00f7e2bf02bae26668e0513aedc02
2025-09-15 11:45:02.846 TRACE client[0]: Processing transaction with hash: 76ad9d36757262db227d8b5c994f3c9e24b00f7e2bf02bae26668e0513aedc02
2025-09-15 11:45:02.846 DEBUG client[0]: Submitting transaction 76ad9d36757262db227d8b5c994f3c9e24b00f7e2bf02bae26668e0513aedc02
2025-09-15 11:45:02.929 TRACE : trigger interaction 0xc0004b31d0 307/1200
[TRACE] Decoding transaction bytes of length: 229
[TRACE] Transaction type: 6
[TRACE] Successfully decoded transaction with hash: e4482133dcc10478b54040257dd1728b172b6064d7d9a620160b2df33dac5c59
2025-09-15 11:45:02.929 TRACE client[0]: Processing transaction with hash: e4482133dcc10478b54040257dd1728b172b6064d7d9a620160b2df33dac5c59
2025-09-15 11:45:02.929 DEBUG client[0]: Submitting transaction e4482133dcc10478b54040257dd1728b172b6064d7d9a620160b2df33dac5c59
2025-09-15 11:45:03.012 TRACE : trigger interaction 0xc0004b32c0 308/1200
[TRACE] Decoding transaction bytes of length: 229
[TRACE] Transaction type: 6
[TRACE] Successfully decoded transaction with hash: c1934aa5f8af45881bc745dc19df439742c54808171def52dae6a6a75c6f0b72
2025-09-15 11:45:03.013 TRACE client[0]: Processing transaction with hash: c1934aa5f8af45881bc745dc19df439742c54808171def52dae6a6a75c6f0b72
2025-09-15 11:45:03.013 DEBUG client[0]: Submitting transaction c1934aa5f8af45881bc745dc19df439742c54808171def52dae6a6a75c6f0b72
2025-09-15 11:45:03.095 TRACE : trigger interaction 0xc0004b33b0 309/1200
[TRACE] Decoding transaction bytes of length: 229
[TRACE] Transaction type: 6
[TRACE] Successfully decoded transaction with hash: 1aa43d84872af5320159d91d6af260fa7dc66106586c3ed2e140b39051769152
2025-09-15 11:45:03.096 TRACE client[0]: Processing transaction with hash: 1aa43d84872af5320159d91d6af260fa7dc66106586c3ed2e140b39051769152
2025-09-15 11:45:03.096 DEBUG client[0]: Submitting transaction 1aa43d84872af5320159d91d6af260fa7dc66106586c3ed2e140b39051769152
2025-09-15 11:45:03.179 TRACE : trigger interaction 0xc0004b34a0 310/1200
[TRACE] Decoding transaction bytes of length: 229
[TRACE] Transaction type: 6
[TRACE] Successfully decoded transaction with hash: 5625638ab4b0a65184139a4fe10cdeee9d638000fa2225a9331d849a50dddd1c
2025-09-15 11:45:03.179 TRACE client[0]: Processing transaction with hash: 5625638ab4b0a65184139a4fe10cdeee9d638000fa2225a9331d849a50dddd1c
2025-09-15 11:45:03.179 DEBUG client[0]: Submitting transaction 5625638ab4b0a65184139a4fe10cdeee9d638000fa2225a9331d849a50dddd1c
2025-09-15 11:45:03.262 TRACE : trigger interaction 0xc0004b3590 311/1200
[TRACE] Decoding transaction bytes of length: 229
[TRACE] Transaction type: 6
[TRACE] Successfully decoded transaction with hash: 228bd41f479a13b64ce1586fe95607d06ecfa9f4cd90846bacfa2a31461fd3f4
2025-09-15 11:45:03.262 TRACE client[0]: Processing transaction with hash: 228bd41f479a13b64ce1586fe95607d06ecfa9f4cd90846bacfa2a31461fd3f4
2025-09-15 11:45:03.262 DEBUG client[0]: Submitting transaction 228bd41f479a13b64ce1586fe95607d06ecfa9f4cd90846bacfa2a31461fd3f4
2025-09-15 11:45:03.346 TRACE : trigger interaction 0xc0004b3680 312/1200
[TRACE] Decoding transaction bytes of length: 229
[TRACE] Transaction type: 6
[TRACE] Successfully decoded transaction with hash: 6f5bbf3911ff4fda6c6ca5e15ddcb253697425f8101026fb3ac468a76fb2c26f
2025-09-15 11:45:03.346 TRACE client[0]: Processing transaction with hash: 6f5bbf3911ff4fda6c6ca5e15ddcb253697425f8101026fb3ac468a76fb2c26f
2025-09-15 11:45:03.346 DEBUG client[0]: Submitting transaction 6f5bbf3911ff4fda6c6ca5e15ddcb253697425f8101026fb3ac468a76fb2c26f
2025-09-15 11:45:03.429 TRACE : trigger interaction 0xc0004b3770 313/1200
[TRACE] Decoding transaction bytes of length: 229
[TRACE] Transaction type: 6
[TRACE] Successfully decoded transaction with hash: 94f2a20b3de40d3340032c25e49367f158e150265827ce9722d4de7b1a62dc6a
2025-09-15 11:45:03.429 TRACE client[0]: Processing transaction with hash: 94f2a20b3de40d3340032c25e49367f158e150265827ce9722d4de7b1a62dc6a
2025-09-15 11:45:03.429 DEBUG client[0]: Submitting transaction 94f2a20b3de40d3340032c25e49367f158e150265827ce9722d4de7b1a62dc6a
2025-09-15 11:45:03.512 TRACE : trigger interaction 0xc0004b3860 314/1200
[TRACE] Decoding transaction bytes of length: 229
[TRACE] Transaction type: 6
[TRACE] Successfully decoded transaction with hash: 55fb17a649bc5bc8943c1a25c742dfe5c669c3634fcfd7a401674edcf77458dd
2025-09-15 11:45:03.512 TRACE client[0]: Processing transaction with hash: 55fb17a649bc5bc8943c1a25c742dfe5c669c3634fcfd7a401674edcf77458dd
2025-09-15 11:45:03.512 DEBUG client[0]: Submitting transaction 55fb17a649bc5bc8943c1a25c742dfe5c669c3634fcfd7a401674edcf77458dd
2025-09-15 11:45:03.596 TRACE : trigger interaction 0xc0004b3950 315/1200
[TRACE] Decoding transaction bytes of length: 229
[TRACE] Transaction type: 6
[TRACE] Successfully decoded transaction with hash: 3a2a3c118f4bb5522f2a9e909c22e20acb5681ef19ac30dea1bbdd0cc5827e03
2025-09-15 11:45:03.596 TRACE client[0]: Processing transaction with hash: 3a2a3c118f4bb5522f2a9e909c22e20acb5681ef19ac30dea1bbdd0cc5827e03
2025-09-15 11:45:03.596 DEBUG client[0]: Submitting transaction 3a2a3c118f4bb5522f2a9e909c22e20acb5681ef19ac30dea1bbdd0cc5827e03
2025-09-15 11:45:03.679 TRACE : trigger interaction 0xc0004b3a40 316/1200
[TRACE] Decoding transaction bytes of length: 229
[TRACE] Transaction type: 6
[TRACE] Successfully decoded transaction with hash: 50d1239b67b565b81a6594be49d494650964a65e245ef183e2c1b146335d3b8a
2025-09-15 11:45:03.680 TRACE client[0]: Processing transaction with hash: 50d1239b67b565b81a6594be49d494650964a65e245ef183e2c1b146335d3b8a
2025-09-15 11:45:03.680 DEBUG client[0]: Submitting transaction 50d1239b67b565b81a6594be49d494650964a65e245ef183e2c1b146335d3b8a
2025-09-15 11:45:03.763 TRACE : trigger interaction 0xc0004b3b30 317/1200
[TRACE] Decoding transaction bytes of length: 229
[TRACE] Transaction type: 6
[TRACE] Successfully decoded transaction with hash: d22eddfbfca24cfa41009d01ce7060224c1dfc4ae88f4c9b798ae24a3f531731
2025-09-15 11:45:03.763 TRACE client[0]: Processing transaction with hash: d22eddfbfca24cfa41009d01ce7060224c1dfc4ae88f4c9b798ae24a3f531731
2025-09-15 11:45:03.763 DEBUG client[0]: Submitting transaction d22eddfbfca24cfa41009d01ce7060224c1dfc4ae88f4c9b798ae24a3f531731
2025-09-15 11:45:03.846 TRACE : trigger interaction 0xc0004b3c20 318/1200
[TRACE] Decoding transaction bytes of length: 229
[TRACE] Transaction type: 6
[TRACE] Successfully decoded transaction with hash: 055013576f7b5abb35b630ab6438c4e2c2571938ca285f401376454758f6cd56
2025-09-15 11:45:03.846 TRACE client[0]: Processing transaction with hash: 055013576f7b5abb35b630ab6438c4e2c2571938ca285f401376454758f6cd56
2025-09-15 11:45:03.846 DEBUG client[0]: Submitting transaction 055013576f7b5abb35b630ab6438c4e2c2571938ca285f401376454758f6cd56
2025-09-15 11:45:03.929 TRACE : trigger interaction 0xc0000f4f00 319/1200
[TRACE] Decoding transaction bytes of length: 229
[TRACE] Transaction type: 6
[TRACE] Successfully decoded transaction with hash: 7a0fbae681e9b65210369a69eaa1821817cc28d2640517f2434f8ce5480fb21e
2025-09-15 11:45:03.930 TRACE client[0]: Processing transaction with hash: 7a0fbae681e9b65210369a69eaa1821817cc28d2640517f2434f8ce5480fb21e
2025-09-15 11:45:03.930 DEBUG client[0]: Submitting transaction 7a0fbae681e9b65210369a69eaa1821817cc28d2640517f2434f8ce5480fb21e
2025-09-15 11:45:04.012 TRACE : trigger interaction 0xc0000f4ff0 320/1200
[TRACE] Decoding transaction bytes of length: 229
[TRACE] Transaction type: 6
[TRACE] Successfully decoded transaction with hash: 30a1c4089925bc661db4995434280501bd205e3f395670db157ced1eb8d6f269
2025-09-15 11:45:04.013 TRACE client[0]: Processing transaction with hash: 30a1c4089925bc661db4995434280501bd205e3f395670db157ced1eb8d6f269
2025-09-15 11:45:04.013 DEBUG client[0]: Submitting transaction 30a1c4089925bc661db4995434280501bd205e3f395670db157ced1eb8d6f269
2025-09-15 11:45:04.095 TRACE : trigger interaction 0xc0000f50e0 321/1200
[TRACE] Decoding transaction bytes of length: 229
[TRACE] Transaction type: 6
[TRACE] Successfully decoded transaction with hash: 389b0fc64df9f3267402801b329c1e749df3524c5ba2e8bf696900df6ab9d330
2025-09-15 11:45:04.096 TRACE client[0]: Processing transaction with hash: 389b0fc64df9f3267402801b329c1e749df3524c5ba2e8bf696900df6ab9d330
2025-09-15 11:45:04.096 DEBUG client[0]: Submitting transaction 389b0fc64df9f3267402801b329c1e749df3524c5ba2e8bf696900df6ab9d330
2025-09-15 11:45:04.179 TRACE : trigger interaction 0xc0000f51d0 322/1200
[TRACE] Decoding transaction bytes of length: 229
[TRACE] Transaction type: 6
[TRACE] Successfully decoded transaction with hash: 4170a18a33ef44b957000c3bb89d0acf5880dff4a44c71cd615fce9fea412ef3
2025-09-15 11:45:04.180 TRACE client[0]: Processing transaction with hash: 4170a18a33ef44b957000c3bb89d0acf5880dff4a44c71cd615fce9fea412ef3
2025-09-15 11:45:04.180 DEBUG client[0]: Submitting transaction 4170a18a33ef44b957000c3bb89d0acf5880dff4a44c71cd615fce9fea412ef3
2025-09-15 11:45:04.262 TRACE : trigger interaction 0xc0000f52c0 323/1200
[TRACE] Decoding transaction bytes of length: 229
[TRACE] Transaction type: 6
[TRACE] Successfully decoded transaction with hash: 72df61bd1dcb6b75ab70afaf7b9ed5be193fecba126eb06516376e2818ef36f4
2025-09-15 11:45:04.263 TRACE client[0]: Processing transaction with hash: 72df61bd1dcb6b75ab70afaf7b9ed5be193fecba126eb06516376e2818ef36f4
2025-09-15 11:45:04.263 DEBUG client[0]: Submitting transaction 72df61bd1dcb6b75ab70afaf7b9ed5be193fecba126eb06516376e2818ef36f4
2025-09-15 11:45:04.345 TRACE : trigger interaction 0xc0000f53b0 324/1200
[TRACE] Decoding transaction bytes of length: 229
[TRACE] Transaction type: 6
[TRACE] Successfully decoded transaction with hash: f8ac0793773962ac65e954e933640b49c03aef3da66eaedec0c23ba1249ee033
2025-09-15 11:45:04.346 TRACE client[0]: Processing transaction with hash: f8ac0793773962ac65e954e933640b49c03aef3da66eaedec0c23ba1249ee033
2025-09-15 11:45:04.346 DEBUG client[0]: Submitting transaction f8ac0793773962ac65e954e933640b49c03aef3da66eaedec0c23ba1249ee033
2025-09-15 11:45:04.429 TRACE : trigger interaction 0xc0000f54a0 325/1200
[TRACE] Decoding transaction bytes of length: 229
[TRACE] Transaction type: 6
[TRACE] Successfully decoded transaction with hash: 52f45cf02052277b3d9f13092d257f6e51a8661d6a82776e195d0c8ccf1c0207
2025-09-15 11:45:04.429 TRACE client[0]: Processing transaction with hash: 52f45cf02052277b3d9f13092d257f6e51a8661d6a82776e195d0c8ccf1c0207
2025-09-15 11:45:04.429 DEBUG client[0]: Submitting transaction 52f45cf02052277b3d9f13092d257f6e51a8661d6a82776e195d0c8ccf1c0207
2025-09-15 11:45:04.513 TRACE : trigger interaction 0xc0000f5590 326/1200
[TRACE] Decoding transaction bytes of length: 229
[TRACE] Transaction type: 6
[TRACE] Successfully decoded transaction with hash: a8b69a327387fa0147224eb20d3609ec2083178904fe09dfe1a0b1021b418494
2025-09-15 11:45:04.513 TRACE client[0]: Processing transaction with hash: a8b69a327387fa0147224eb20d3609ec2083178904fe09dfe1a0b1021b418494
2025-09-15 11:45:04.513 DEBUG client[0]: Submitting transaction a8b69a327387fa0147224eb20d3609ec2083178904fe09dfe1a0b1021b418494
2025-09-15 11:45:04.596 TRACE : trigger interaction 0xc0000f5680 327/1200
[TRACE] Decoding transaction bytes of length: 229
[TRACE] Transaction type: 6
[TRACE] Successfully decoded transaction with hash: 63d5c4a22383de8dfce0af31a5a5a2b4dd1267b5908e2735b7d9aae146b8ee0f
2025-09-15 11:45:04.596 TRACE client[0]: Processing transaction with hash: 63d5c4a22383de8dfce0af31a5a5a2b4dd1267b5908e2735b7d9aae146b8ee0f
2025-09-15 11:45:04.596 DEBUG client[0]: Submitting transaction 63d5c4a22383de8dfce0af31a5a5a2b4dd1267b5908e2735b7d9aae146b8ee0f
2025-09-15 11:45:04.679 TRACE : trigger interaction 0xc0000f5770 328/1200
[TRACE] Decoding transaction bytes of length: 229
[TRACE] Transaction type: 6
[TRACE] Successfully decoded transaction with hash: 4ab51526bae4f0f97baff11a108ba6d182da9468170e79e5412037bcac65a79b
2025-09-15 11:45:04.679 TRACE client[0]: Processing transaction with hash: 4ab51526bae4f0f97baff11a108ba6d182da9468170e79e5412037bcac65a79b
2025-09-15 11:45:04.679 DEBUG client[0]: Submitting transaction 4ab51526bae4f0f97baff11a108ba6d182da9468170e79e5412037bcac65a79b
2025-09-15 11:45:04.762 TRACE : trigger interaction 0xc0000f5860 329/1200
[TRACE] Decoding transaction bytes of length: 229
[TRACE] Transaction type: 6
[TRACE] Successfully decoded transaction with hash: 83718dca4410ca76e79bb36be9dd745ec5b83769328b2be38d9f253bbc803c0a
2025-09-15 11:45:04.762 TRACE client[0]: Processing transaction with hash: 83718dca4410ca76e79bb36be9dd745ec5b83769328b2be38d9f253bbc803c0a
2025-09-15 11:45:04.762 DEBUG client[0]: Submitting transaction 83718dca4410ca76e79bb36be9dd745ec5b83769328b2be38d9f253bbc803c0a
2025-09-15 11:45:04.846 TRACE : trigger interaction 0xc0000f5950 330/1200
[TRACE] Decoding transaction bytes of length: 229
[TRACE] Transaction type: 6
[TRACE] Successfully decoded transaction with hash: 8bd4b0dfb7ef8885a6e9ee5a50395a902310caf945323afe21314e36a0a32d37
2025-09-15 11:45:04.846 TRACE client[0]: Processing transaction with hash: 8bd4b0dfb7ef8885a6e9ee5a50395a902310caf945323afe21314e36a0a32d37
2025-09-15 11:45:04.846 DEBUG client[0]: Submitting transaction 8bd4b0dfb7ef8885a6e9ee5a50395a902310caf945323afe21314e36a0a32d37
2025-09-15 11:45:04.929 TRACE : trigger interaction 0xc0000f5a40 331/1200
[TRACE] Decoding transaction bytes of length: 229
[TRACE] Transaction type: 6
[TRACE] Successfully decoded transaction with hash: e743fb3400f32b1f0418b5961f38032260d686ff2cb511155e73ee89e63e0a2f
2025-09-15 11:45:04.929 TRACE client[0]: Processing transaction with hash: e743fb3400f32b1f0418b5961f38032260d686ff2cb511155e73ee89e63e0a2f
2025-09-15 11:45:04.929 DEBUG client[0]: Submitting transaction e743fb3400f32b1f0418b5961f38032260d686ff2cb511155e73ee89e63e0a2f
2025-09-15 11:45:05.012 TRACE : trigger interaction 0xc0000f5b30 332/1200
[TRACE] Decoding transaction bytes of length: 229
[TRACE] Transaction type: 6
[TRACE] Successfully decoded transaction with hash: 3ee2e0ff6020335b29f6fe703786b209df355c494d568651ed4ae9334166351a
2025-09-15 11:45:05.013 TRACE client[0]: Processing transaction with hash: 3ee2e0ff6020335b29f6fe703786b209df355c494d568651ed4ae9334166351a
2025-09-15 11:45:05.013 DEBUG client[0]: Submitting transaction 3ee2e0ff6020335b29f6fe703786b209df355c494d568651ed4ae9334166351a
2025-09-15 11:45:05.095 TRACE : trigger interaction 0xc0000f5c20 333/1200
[TRACE] Decoding transaction bytes of length: 229
[TRACE] Transaction type: 6
[TRACE] Successfully decoded transaction with hash: 0b61f83d7af23ab2fc094dc85b8c67677794202cc18ad06521515bfd884c0632
2025-09-15 11:45:05.096 TRACE client[0]: Processing transaction with hash: 0b61f83d7af23ab2fc094dc85b8c67677794202cc18ad06521515bfd884c0632
2025-09-15 11:45:05.096 DEBUG client[0]: Submitting transaction 0b61f83d7af23ab2fc094dc85b8c67677794202cc18ad06521515bfd884c0632
2025-09-15 11:45:05.179 TRACE : trigger interaction 0xc0000f5d10 334/1200
[TRACE] Decoding transaction bytes of length: 229
[TRACE] Transaction type: 6
[TRACE] Successfully decoded transaction with hash: 1ecf6b1b7f4e4400bd06836817bd16c3c6fc7745fb3ed491d14baf78b561327a
2025-09-15 11:45:05.180 TRACE client[0]: Processing transaction with hash: 1ecf6b1b7f4e4400bd06836817bd16c3c6fc7745fb3ed491d14baf78b561327a
2025-09-15 11:45:05.180 DEBUG client[0]: Submitting transaction 1ecf6b1b7f4e4400bd06836817bd16c3c6fc7745fb3ed491d14baf78b561327a
2025-09-15 11:45:05.262 TRACE : trigger interaction 0xc0000f5e00 335/1200
[TRACE] Decoding transaction bytes of length: 229
[TRACE] Transaction type: 6
[TRACE] Successfully decoded transaction with hash: a7e2fb716a89afee539d59eb5c6581ae890153872cfc664a1c662eb6a7e138e2
2025-09-15 11:45:05.263 TRACE client[0]: Processing transaction with hash: a7e2fb716a89afee539d59eb5c6581ae890153872cfc664a1c662eb6a7e138e2
2025-09-15 11:45:05.263 DEBUG client[0]: Submitting transaction a7e2fb716a89afee539d59eb5c6581ae890153872cfc664a1c662eb6a7e138e2
2025-09-15 11:45:05.345 TRACE : trigger interaction 0xc0004b3d10 336/1200
[TRACE] Decoding transaction bytes of length: 229
[TRACE] Transaction type: 6
[TRACE] Successfully decoded transaction with hash: 70ba2bab3d39f1d4e50c9e35c3bd70da584063e19b48c21128a5864edfc8c57f
2025-09-15 11:45:05.346 TRACE client[0]: Processing transaction with hash: 70ba2bab3d39f1d4e50c9e35c3bd70da584063e19b48c21128a5864edfc8c57f
2025-09-15 11:45:05.346 DEBUG client[0]: Submitting transaction 70ba2bab3d39f1d4e50c9e35c3bd70da584063e19b48c21128a5864edfc8c57f
2025-09-15 11:45:05.429 TRACE : trigger interaction 0xc0004b3e00 337/1200
[TRACE] Decoding transaction bytes of length: 229
[TRACE] Transaction type: 6
[TRACE] Successfully decoded transaction with hash: 14784fe11e20089be2b78c801de851e5b6bfc8a63bac47efb4b65274f85db6d7
2025-09-15 11:45:05.429 TRACE client[0]: Processing transaction with hash: 14784fe11e20089be2b78c801de851e5b6bfc8a63bac47efb4b65274f85db6d7
2025-09-15 11:45:05.429 DEBUG client[0]: Submitting transaction 14784fe11e20089be2b78c801de851e5b6bfc8a63bac47efb4b65274f85db6d7
2025-09-15 11:45:05.512 TRACE : trigger interaction 0xc0004b3ef0 338/1200
[TRACE] Decoding transaction bytes of length: 229
[TRACE] Transaction type: 6
[TRACE] Successfully decoded transaction with hash: f6edde009bfd335a1b6d4006f53d2b1904cc0a854ce16da4d52015984c65b20c
2025-09-15 11:45:05.512 TRACE client[0]: Processing transaction with hash: f6edde009bfd335a1b6d4006f53d2b1904cc0a854ce16da4d52015984c65b20c
2025-09-15 11:45:05.512 DEBUG client[0]: Submitting transaction f6edde009bfd335a1b6d4006f53d2b1904cc0a854ce16da4d52015984c65b20c
2025-09-15 11:45:05.596 TRACE : trigger interaction 0xc0004c8000 339/1200
[TRACE] Decoding transaction bytes of length: 229
[TRACE] Transaction type: 6
[TRACE] Successfully decoded transaction with hash: 3bcd7c9a8c0ec644d5e11c5496439aedba1c7dcba87293edb795f745e65243b2
2025-09-15 11:45:05.596 TRACE client[0]: Processing transaction with hash: 3bcd7c9a8c0ec644d5e11c5496439aedba1c7dcba87293edb795f745e65243b2
2025-09-15 11:45:05.596 DEBUG client[0]: Submitting transaction 3bcd7c9a8c0ec644d5e11c5496439aedba1c7dcba87293edb795f745e65243b2
2025-09-15 11:45:05.679 TRACE : trigger interaction 0xc0004c80f0 340/1200
[TRACE] Decoding transaction bytes of length: 229
[TRACE] Transaction type: 6
[TRACE] Successfully decoded transaction with hash: 191b9c20da5a242bd4aafc1d8758c8b3be0912f9fa41b2edf813f8e7b075b191
2025-09-15 11:45:05.679 TRACE client[0]: Processing transaction with hash: 191b9c20da5a242bd4aafc1d8758c8b3be0912f9fa41b2edf813f8e7b075b191
2025-09-15 11:45:05.679 DEBUG client[0]: Submitting transaction 191b9c20da5a242bd4aafc1d8758c8b3be0912f9fa41b2edf813f8e7b075b191
2025-09-15 11:45:05.762 TRACE : trigger interaction 0xc0004c81e0 341/1200
[TRACE] Decoding transaction bytes of length: 229
[TRACE] Transaction type: 6
[TRACE] Successfully decoded transaction with hash: 58ab139e30405ae60c57309fb4de8bff2f80ff595b831fbc8700e76bd2768f84
2025-09-15 11:45:05.762 TRACE client[0]: Processing transaction with hash: 58ab139e30405ae60c57309fb4de8bff2f80ff595b831fbc8700e76bd2768f84
2025-09-15 11:45:05.762 DEBUG client[0]: Submitting transaction 58ab139e30405ae60c57309fb4de8bff2f80ff595b831fbc8700e76bd2768f84
2025-09-15 11:45:05.846 TRACE : trigger interaction 0xc0004c82d0 342/1200
[TRACE] Decoding transaction bytes of length: 229
[TRACE] Transaction type: 6
[TRACE] Successfully decoded transaction with hash: 6ef421fb20c9fa8b598ec3ae7612e5c215557315ff78360042efb97471f5d92c
2025-09-15 11:45:05.846 TRACE client[0]: Processing transaction with hash: 6ef421fb20c9fa8b598ec3ae7612e5c215557315ff78360042efb97471f5d92c
2025-09-15 11:45:05.846 DEBUG client[0]: Submitting transaction 6ef421fb20c9fa8b598ec3ae7612e5c215557315ff78360042efb97471f5d92c
2025-09-15 11:45:05.929 TRACE : trigger interaction 0xc0004c83c0 343/1200
[TRACE] Decoding transaction bytes of length: 229
[TRACE] Transaction type: 6
[TRACE] Successfully decoded transaction with hash: 5803e36660e2c37e9486e9f9568201038ecb582138e690568df4c0f0918f4d23
2025-09-15 11:45:05.930 TRACE client[0]: Processing transaction with hash: 5803e36660e2c37e9486e9f9568201038ecb582138e690568df4c0f0918f4d23
2025-09-15 11:45:05.930 DEBUG client[0]: Submitting transaction 5803e36660e2c37e9486e9f9568201038ecb582138e690568df4c0f0918f4d23
2025-09-15 11:45:06.012 TRACE : trigger interaction 0xc0004c84b0 344/1200
[TRACE] Decoding transaction bytes of length: 229
[TRACE] Transaction type: 6
[TRACE] Successfully decoded transaction with hash: ef74b04c79bbe77e0ebdd99e1dbd0ad02f0cbbe706a5facc55d686610515994d
2025-09-15 11:45:06.013 TRACE client[0]: Processing transaction with hash: ef74b04c79bbe77e0ebdd99e1dbd0ad02f0cbbe706a5facc55d686610515994d
2025-09-15 11:45:06.013 DEBUG client[0]: Submitting transaction ef74b04c79bbe77e0ebdd99e1dbd0ad02f0cbbe706a5facc55d686610515994d
2025-09-15 11:45:06.095 TRACE : trigger interaction 0xc0004c85a0 345/1200
[TRACE] Decoding transaction bytes of length: 229
[TRACE] Transaction type: 6
[TRACE] Successfully decoded transaction with hash: 215a152a99250030bad6c1aaab24b5fcd180e63b62ff3f428caeb12ce976a8f4
2025-09-15 11:45:06.095 TRACE client[0]: Processing transaction with hash: 215a152a99250030bad6c1aaab24b5fcd180e63b62ff3f428caeb12ce976a8f4
2025-09-15 11:45:06.095 DEBUG client[0]: Submitting transaction 215a152a99250030bad6c1aaab24b5fcd180e63b62ff3f428caeb12ce976a8f4
2025-09-15 11:45:06.179 TRACE : trigger interaction 0xc0004c8690 346/1200
[TRACE] Decoding transaction bytes of length: 229
[TRACE] Transaction type: 6
[TRACE] Successfully decoded transaction with hash: 4004d8701441afae5edbc8e92eb7164ce6a124a5f6455a573f6f8b55e9e487a8
2025-09-15 11:45:06.179 TRACE client[0]: Processing transaction with hash: 4004d8701441afae5edbc8e92eb7164ce6a124a5f6455a573f6f8b55e9e487a8
2025-09-15 11:45:06.179 DEBUG client[0]: Submitting transaction 4004d8701441afae5edbc8e92eb7164ce6a124a5f6455a573f6f8b55e9e487a8
2025-09-15 11:45:06.262 TRACE : trigger interaction 0xc0004c8780 347/1200
[TRACE] Decoding transaction bytes of length: 229
[TRACE] Transaction type: 6
[TRACE] Successfully decoded transaction with hash: 074a9f5bebd9dbdb55c4b71565b7f91d667abd576fab57288905db0c1b31ef9a
2025-09-15 11:45:06.262 TRACE client[0]: Processing transaction with hash: 074a9f5bebd9dbdb55c4b71565b7f91d667abd576fab57288905db0c1b31ef9a
2025-09-15 11:45:06.262 DEBUG client[0]: Submitting transaction 074a9f5bebd9dbdb55c4b71565b7f91d667abd576fab57288905db0c1b31ef9a
2025-09-15 11:45:06.346 TRACE : trigger interaction 0xc0004c8870 348/1200
[TRACE] Decoding transaction bytes of length: 229
[TRACE] Transaction type: 6
[TRACE] Successfully decoded transaction with hash: bd40fe584f1768c9ac6431d25b80ecae178da4024faecb751fb2a491e3de2f68
2025-09-15 11:45:06.346 TRACE client[0]: Processing transaction with hash: bd40fe584f1768c9ac6431d25b80ecae178da4024faecb751fb2a491e3de2f68
2025-09-15 11:45:06.346 DEBUG client[0]: Submitting transaction bd40fe584f1768c9ac6431d25b80ecae178da4024faecb751fb2a491e3de2f68
2025-09-15 11:45:06.429 TRACE : trigger interaction 0xc0004c8960 349/1200
[TRACE] Decoding transaction bytes of length: 229
[TRACE] Transaction type: 6
[TRACE] Successfully decoded transaction with hash: 5c12701616ff9b4f315f42d4a3d5224c3f149fba650136b17faecce4551cb0d0
2025-09-15 11:45:06.429 TRACE client[0]: Processing transaction with hash: 5c12701616ff9b4f315f42d4a3d5224c3f149fba650136b17faecce4551cb0d0
2025-09-15 11:45:06.429 DEBUG client[0]: Submitting transaction 5c12701616ff9b4f315f42d4a3d5224c3f149fba650136b17faecce4551cb0d0
2025-09-15 11:45:06.512 TRACE : trigger interaction 0xc0004c8a50 350/1200
[TRACE] Decoding transaction bytes of length: 229
[TRACE] Transaction type: 6
[TRACE] Successfully decoded transaction with hash: 9774bbe2f82da99b9901b06f5228730280f5c2611d9336ae284c4e8b81d0bdcf
2025-09-15 11:45:06.513 TRACE client[0]: Processing transaction with hash: 9774bbe2f82da99b9901b06f5228730280f5c2611d9336ae284c4e8b81d0bdcf
2025-09-15 11:45:06.513 DEBUG client[0]: Submitting transaction 9774bbe2f82da99b9901b06f5228730280f5c2611d9336ae284c4e8b81d0bdcf
2025-09-15 11:45:06.595 TRACE : trigger interaction 0xc0004c8b40 351/1200
[TRACE] Decoding transaction bytes of length: 229
[TRACE] Transaction type: 6
[TRACE] Successfully decoded transaction with hash: 5dc88142b2dbadca25957907b1b8fa41ec84ba8dccd471a0790a563217dfc75e
2025-09-15 11:45:06.596 TRACE client[0]: Processing transaction with hash: 5dc88142b2dbadca25957907b1b8fa41ec84ba8dccd471a0790a563217dfc75e
2025-09-15 11:45:06.596 DEBUG client[0]: Submitting transaction 5dc88142b2dbadca25957907b1b8fa41ec84ba8dccd471a0790a563217dfc75e
2025-09-15 11:45:06.679 TRACE : trigger interaction 0xc00044c870 352/1200
[TRACE] Decoding transaction bytes of length: 229
[TRACE] Transaction type: 6
[TRACE] Successfully decoded transaction with hash: f2e619f4eba039a36e3644a481a6332d703a894412ab106fe561f636852ed90b
2025-09-15 11:45:06.679 TRACE client[0]: Processing transaction with hash: f2e619f4eba039a36e3644a481a6332d703a894412ab106fe561f636852ed90b
2025-09-15 11:45:06.679 DEBUG client[0]: Submitting transaction f2e619f4eba039a36e3644a481a6332d703a894412ab106fe561f636852ed90b
2025-09-15 11:45:06.762 TRACE : trigger interaction 0xc00044c960 353/1200
[TRACE] Decoding transaction bytes of length: 229
[TRACE] Transaction type: 6
[TRACE] Successfully decoded transaction with hash: a4adebd4b655afe04240b555f2e1ef7a157f48594664d7658668c60832d620e4
2025-09-15 11:45:06.762 TRACE client[0]: Processing transaction with hash: a4adebd4b655afe04240b555f2e1ef7a157f48594664d7658668c60832d620e4
2025-09-15 11:45:06.762 DEBUG client[0]: Submitting transaction a4adebd4b655afe04240b555f2e1ef7a157f48594664d7658668c60832d620e4
2025-09-15 11:45:06.846 TRACE : trigger interaction 0xc00044ca50 354/1200
[TRACE] Decoding transaction bytes of length: 229
[TRACE] Transaction type: 6
[TRACE] Successfully decoded transaction with hash: dc49755804f8a55164db88cb0ee55c8be2eed923e7610abd2a168aa80b29e330
2025-09-15 11:45:06.846 TRACE client[0]: Processing transaction with hash: dc49755804f8a55164db88cb0ee55c8be2eed923e7610abd2a168aa80b29e330
2025-09-15 11:45:06.846 DEBUG client[0]: Submitting transaction dc49755804f8a55164db88cb0ee55c8be2eed923e7610abd2a168aa80b29e330
2025-09-15 11:45:06.929 TRACE : trigger interaction 0xc00044cb40 355/1200
[TRACE] Decoding transaction bytes of length: 229
[TRACE] Transaction type: 6
[TRACE] Successfully decoded transaction with hash: 3cb311632662527407ca49cd7f37e732371400ce3fa1707645ec5061bfdd99e0
2025-09-15 11:45:06.930 TRACE client[0]: Processing transaction with hash: 3cb311632662527407ca49cd7f37e732371400ce3fa1707645ec5061bfdd99e0
2025-09-15 11:45:06.930 DEBUG client[0]: Submitting transaction 3cb311632662527407ca49cd7f37e732371400ce3fa1707645ec5061bfdd99e0
2025-09-15 11:45:07.012 TRACE : trigger interaction 0xc00044cc30 356/1200
[TRACE] Decoding transaction bytes of length: 229
[TRACE] Transaction type: 6
[TRACE] Successfully decoded transaction with hash: ca1e81797adcf85817df12b1750688db467c0126e519c07f663f89e7b785fc77
2025-09-15 11:45:07.013 TRACE client[0]: Processing transaction with hash: ca1e81797adcf85817df12b1750688db467c0126e519c07f663f89e7b785fc77
2025-09-15 11:45:07.013 DEBUG client[0]: Submitting transaction ca1e81797adcf85817df12b1750688db467c0126e519c07f663f89e7b785fc77
2025-09-15 11:45:07.095 TRACE : trigger interaction 0xc00044cd20 357/1200
[TRACE] Decoding transaction bytes of length: 229
[TRACE] Transaction type: 6
[TRACE] Successfully decoded transaction with hash: b4a1811a3647572465da654376effc46139d6664155735c6aa035f32ed115146
2025-09-15 11:45:07.096 TRACE client[0]: Processing transaction with hash: b4a1811a3647572465da654376effc46139d6664155735c6aa035f32ed115146
2025-09-15 11:45:07.096 DEBUG client[0]: Submitting transaction b4a1811a3647572465da654376effc46139d6664155735c6aa035f32ed115146
2025-09-15 11:45:07.179 TRACE : trigger interaction 0xc00044ce10 358/1200
[TRACE] Decoding transaction bytes of length: 229
[TRACE] Transaction type: 6
[TRACE] Successfully decoded transaction with hash: bd6ff1db74abd9717e86cbab013523cdd784614204f3a17098240c5e4f42c7a6
2025-09-15 11:45:07.180 TRACE client[0]: Processing transaction with hash: bd6ff1db74abd9717e86cbab013523cdd784614204f3a17098240c5e4f42c7a6
2025-09-15 11:45:07.180 DEBUG client[0]: Submitting transaction bd6ff1db74abd9717e86cbab013523cdd784614204f3a17098240c5e4f42c7a6
2025-09-15 11:45:07.262 TRACE : trigger interaction 0xc00044cf00 359/1200
[TRACE] Decoding transaction bytes of length: 229
[TRACE] Transaction type: 6
[TRACE] Successfully decoded transaction with hash: 161402b2e3b92b527895748ff01708b13faa4b1fcf372a29e90695ef4df40b8e
2025-09-15 11:45:07.262 TRACE client[0]: Processing transaction with hash: 161402b2e3b92b527895748ff01708b13faa4b1fcf372a29e90695ef4df40b8e
2025-09-15 11:45:07.262 DEBUG client[0]: Submitting transaction 161402b2e3b92b527895748ff01708b13faa4b1fcf372a29e90695ef4df40b8e
2025-09-15 11:45:07.346 TRACE : trigger interaction 0xc00044cff0 360/1200
[TRACE] Decoding transaction bytes of length: 229
[TRACE] Transaction type: 6
[TRACE] Successfully decoded transaction with hash: d3dcf1bdb2d476ad3df8df1b45e4aa41a83b43c350e7959ff2e5035a6b7bbfe8
2025-09-15 11:45:07.346 TRACE client[0]: Processing transaction with hash: d3dcf1bdb2d476ad3df8df1b45e4aa41a83b43c350e7959ff2e5035a6b7bbfe8
2025-09-15 11:45:07.346 DEBUG client[0]: Submitting transaction d3dcf1bdb2d476ad3df8df1b45e4aa41a83b43c350e7959ff2e5035a6b7bbfe8
2025-09-15 11:45:07.429 TRACE : trigger interaction 0xc00044d0e0 361/1200
[TRACE] Decoding transaction bytes of length: 229
[TRACE] Transaction type: 6
[TRACE] Successfully decoded transaction with hash: f0cd23a92ad678f00b22ca1ca599b9a383b2f03f653407a26129a606783bb2ea
2025-09-15 11:45:07.429 TRACE client[0]: Processing transaction with hash: f0cd23a92ad678f00b22ca1ca599b9a383b2f03f653407a26129a606783bb2ea
2025-09-15 11:45:07.429 DEBUG client[0]: Submitting transaction f0cd23a92ad678f00b22ca1ca599b9a383b2f03f653407a26129a606783bb2ea
2025-09-15 11:45:07.512 TRACE : trigger interaction 0xc00044d1d0 362/1200
[TRACE] Decoding transaction bytes of length: 229
[TRACE] Transaction type: 6
[TRACE] Successfully decoded transaction with hash: 5ebe0fbccbc5f2aec8610c8468cc2cd33491fa9b369e6c1d390f48f5391d1251
2025-09-15 11:45:07.512 TRACE client[0]: Processing transaction with hash: 5ebe0fbccbc5f2aec8610c8468cc2cd33491fa9b369e6c1d390f48f5391d1251
2025-09-15 11:45:07.512 DEBUG client[0]: Submitting transaction 5ebe0fbccbc5f2aec8610c8468cc2cd33491fa9b369e6c1d390f48f5391d1251
2025-09-15 11:45:07.596 TRACE : trigger interaction 0xc00044d2c0 363/1200
[TRACE] Decoding transaction bytes of length: 229
[TRACE] Transaction type: 6
[TRACE] Successfully decoded transaction with hash: f685d1ffb6340517bb6f73ec7a2bf0e59d9683f79580a6527a49c73e2b708312
2025-09-15 11:45:07.596 TRACE client[0]: Processing transaction with hash: f685d1ffb6340517bb6f73ec7a2bf0e59d9683f79580a6527a49c73e2b708312
2025-09-15 11:45:07.596 DEBUG client[0]: Submitting transaction f685d1ffb6340517bb6f73ec7a2bf0e59d9683f79580a6527a49c73e2b708312
2025-09-15 11:45:07.679 TRACE : trigger interaction 0xc00044d3b0 364/1200
[TRACE] Decoding transaction bytes of length: 229
[TRACE] Transaction type: 6
[TRACE] Successfully decoded transaction with hash: 0a0a8b09273239712d7990c358974205ebf88619bf9677066936c52d875f1931
2025-09-15 11:45:07.680 TRACE client[0]: Processing transaction with hash: 0a0a8b09273239712d7990c358974205ebf88619bf9677066936c52d875f1931
2025-09-15 11:45:07.680 DEBUG client[0]: Submitting transaction 0a0a8b09273239712d7990c358974205ebf88619bf9677066936c52d875f1931
2025-09-15 11:45:07.762 TRACE : trigger interaction 0xc00044d4a0 365/1200
[TRACE] Decoding transaction bytes of length: 229
[TRACE] Transaction type: 6
[TRACE] Successfully decoded transaction with hash: 21f79822ca1062c255611e45da1a466352971c90fb382913d026f1d6e9527590
2025-09-15 11:45:07.763 TRACE client[0]: Processing transaction with hash: 21f79822ca1062c255611e45da1a466352971c90fb382913d026f1d6e9527590
2025-09-15 11:45:07.763 DEBUG client[0]: Submitting transaction 21f79822ca1062c255611e45da1a466352971c90fb382913d026f1d6e9527590
2025-09-15 11:45:07.845 TRACE : trigger interaction 0xc00044d590 366/1200
[TRACE] Decoding transaction bytes of length: 229
[TRACE] Transaction type: 6
[TRACE] Successfully decoded transaction with hash: 220fdc86a7f8671cceceac33cb7a1c05b2bd224e35c22528886199cdd0c6111f
2025-09-15 11:45:07.846 TRACE client[0]: Processing transaction with hash: 220fdc86a7f8671cceceac33cb7a1c05b2bd224e35c22528886199cdd0c6111f
2025-09-15 11:45:07.846 DEBUG client[0]: Submitting transaction 220fdc86a7f8671cceceac33cb7a1c05b2bd224e35c22528886199cdd0c6111f
2025-09-15 11:45:07.929 TRACE : trigger interaction 0xc00044d680 367/1200
[TRACE] Decoding transaction bytes of length: 229
[TRACE] Transaction type: 6
[TRACE] Successfully decoded transaction with hash: 9b06f36bceaf776f10b6a0cc2cafe9cebb8cfa681df386a20ae592572f2d61b0
2025-09-15 11:45:07.929 TRACE client[0]: Processing transaction with hash: 9b06f36bceaf776f10b6a0cc2cafe9cebb8cfa681df386a20ae592572f2d61b0
2025-09-15 11:45:07.930 DEBUG client[0]: Submitting transaction 9b06f36bceaf776f10b6a0cc2cafe9cebb8cfa681df386a20ae592572f2d61b0
2025-09-15 11:45:08.012 TRACE : trigger interaction 0xc00044d770 368/1200
[TRACE] Decoding transaction bytes of length: 229
[TRACE] Transaction type: 6
[TRACE] Successfully decoded transaction with hash: 5592aa1f2b611b604083f086e2e2a7bca9571a2f13862cbbc72458ec8f32dbaf
2025-09-15 11:45:08.012 TRACE client[0]: Processing transaction with hash: 5592aa1f2b611b604083f086e2e2a7bca9571a2f13862cbbc72458ec8f32dbaf
2025-09-15 11:45:08.012 DEBUG client[0]: Submitting transaction 5592aa1f2b611b604083f086e2e2a7bca9571a2f13862cbbc72458ec8f32dbaf
2025-09-15 11:45:08.095 TRACE : trigger interaction 0xc0004c8c30 369/1200
[TRACE] Decoding transaction bytes of length: 229
[TRACE] Transaction type: 6
[TRACE] Successfully decoded transaction with hash: c6d8b505f0f8aed9eb365a0f62ebc65118d094e13e3217383a227289be28509b
2025-09-15 11:45:08.096 TRACE client[0]: Processing transaction with hash: c6d8b505f0f8aed9eb365a0f62ebc65118d094e13e3217383a227289be28509b
2025-09-15 11:45:08.096 DEBUG client[0]: Submitting transaction c6d8b505f0f8aed9eb365a0f62ebc65118d094e13e3217383a227289be28509b
2025-09-15 11:45:08.179 TRACE : trigger interaction 0xc0004c8d20 370/1200
[TRACE] Decoding transaction bytes of length: 229
[TRACE] Transaction type: 6
[TRACE] Successfully decoded transaction with hash: 28572ac7300c83e225e4e793dee9625a034c3b8dd3f37d4747d04a3a1a070fe3
2025-09-15 11:45:08.179 TRACE client[0]: Processing transaction with hash: 28572ac7300c83e225e4e793dee9625a034c3b8dd3f37d4747d04a3a1a070fe3
2025-09-15 11:45:08.179 DEBUG client[0]: Submitting transaction 28572ac7300c83e225e4e793dee9625a034c3b8dd3f37d4747d04a3a1a070fe3
2025-09-15 11:45:08.262 TRACE : trigger interaction 0xc0004c8e10 371/1200
[TRACE] Decoding transaction bytes of length: 229
[TRACE] Transaction type: 6
[TRACE] Successfully decoded transaction with hash: bdaa050d181dc070e717927e1d8ec0c01b7810ceb1a994b33fdb8909233f9acf
2025-09-15 11:45:08.262 TRACE client[0]: Processing transaction with hash: bdaa050d181dc070e717927e1d8ec0c01b7810ceb1a994b33fdb8909233f9acf
2025-09-15 11:45:08.262 DEBUG client[0]: Submitting transaction bdaa050d181dc070e717927e1d8ec0c01b7810ceb1a994b33fdb8909233f9acf
2025-09-15 11:45:08.345 TRACE : trigger interaction 0xc0004c8f00 372/1200
[TRACE] Decoding transaction bytes of length: 229
[TRACE] Transaction type: 6
[TRACE] Successfully decoded transaction with hash: 248bd84cf1b0647b019c320cf16090ace255aa1c09dfc22343afcdc507e530d3
2025-09-15 11:45:08.346 TRACE client[0]: Processing transaction with hash: 248bd84cf1b0647b019c320cf16090ace255aa1c09dfc22343afcdc507e530d3
2025-09-15 11:45:08.346 DEBUG client[0]: Submitting transaction 248bd84cf1b0647b019c320cf16090ace255aa1c09dfc22343afcdc507e530d3
2025-09-15 11:45:08.429 TRACE : trigger interaction 0xc0004c8ff0 373/1200
[TRACE] Decoding transaction bytes of length: 229
[TRACE] Transaction type: 6
[TRACE] Successfully decoded transaction with hash: f832eb1c6ab8b28ca6f2451ef73fa06e8b6e0f7b6cae17fb8b116d996f72f404
2025-09-15 11:45:08.430 TRACE client[0]: Processing transaction with hash: f832eb1c6ab8b28ca6f2451ef73fa06e8b6e0f7b6cae17fb8b116d996f72f404
2025-09-15 11:45:08.430 DEBUG client[0]: Submitting transaction f832eb1c6ab8b28ca6f2451ef73fa06e8b6e0f7b6cae17fb8b116d996f72f404
2025-09-15 11:45:08.512 TRACE : trigger interaction 0xc0004c90e0 374/1200
[TRACE] Decoding transaction bytes of length: 229
[TRACE] Transaction type: 6
[TRACE] Successfully decoded transaction with hash: d245506bcf6190e106715eecba2c49ef5583a1d74590c36248b9e6a999456f13
2025-09-15 11:45:08.513 TRACE client[0]: Processing transaction with hash: d245506bcf6190e106715eecba2c49ef5583a1d74590c36248b9e6a999456f13
2025-09-15 11:45:08.513 DEBUG client[0]: Submitting transaction d245506bcf6190e106715eecba2c49ef5583a1d74590c36248b9e6a999456f13
2025-09-15 11:45:08.596 TRACE : trigger interaction 0xc0004c91d0 375/1200
[TRACE] Decoding transaction bytes of length: 229
[TRACE] Transaction type: 6
[TRACE] Successfully decoded transaction with hash: 021a337537ff1af0dae5294f10b8f0ac88ebd22f7b83019c1c61f6e13cc7765a
2025-09-15 11:45:08.596 TRACE client[0]: Processing transaction with hash: 021a337537ff1af0dae5294f10b8f0ac88ebd22f7b83019c1c61f6e13cc7765a
2025-09-15 11:45:08.596 DEBUG client[0]: Submitting transaction 021a337537ff1af0dae5294f10b8f0ac88ebd22f7b83019c1c61f6e13cc7765a
2025-09-15 11:45:08.679 TRACE : trigger interaction 0xc0004c92c0 376/1200
[TRACE] Decoding transaction bytes of length: 229
[TRACE] Transaction type: 6
[TRACE] Successfully decoded transaction with hash: 35b6d3cacc92e0408281e029b03e3bf19a6f87970b56e164b183327121bf0cb4
2025-09-15 11:45:08.679 TRACE client[0]: Processing transaction with hash: 35b6d3cacc92e0408281e029b03e3bf19a6f87970b56e164b183327121bf0cb4
2025-09-15 11:45:08.679 DEBUG client[0]: Submitting transaction 35b6d3cacc92e0408281e029b03e3bf19a6f87970b56e164b183327121bf0cb4
2025-09-15 11:45:08.762 TRACE : trigger interaction 0xc0004c93b0 377/1200
[TRACE] Decoding transaction bytes of length: 229
[TRACE] Transaction type: 6
[TRACE] Successfully decoded transaction with hash: d9be4d64f0fda61755bc06bfdcd05e115924a86296b7761989a8e37a1909b4ac
2025-09-15 11:45:08.762 TRACE client[0]: Processing transaction with hash: d9be4d64f0fda61755bc06bfdcd05e115924a86296b7761989a8e37a1909b4ac
2025-09-15 11:45:08.762 DEBUG client[0]: Submitting transaction d9be4d64f0fda61755bc06bfdcd05e115924a86296b7761989a8e37a1909b4ac
2025-09-15 11:45:08.846 TRACE : trigger interaction 0xc0004c94a0 378/1200
[TRACE] Decoding transaction bytes of length: 229
[TRACE] Transaction type: 6
[TRACE] Successfully decoded transaction with hash: e4f25df6bea78c726f21c0cb05724da94b02e082bfbcf133eaa2e4cdeb7ed8ed
2025-09-15 11:45:08.846 TRACE client[0]: Processing transaction with hash: e4f25df6bea78c726f21c0cb05724da94b02e082bfbcf133eaa2e4cdeb7ed8ed
2025-09-15 11:45:08.846 DEBUG client[0]: Submitting transaction e4f25df6bea78c726f21c0cb05724da94b02e082bfbcf133eaa2e4cdeb7ed8ed
2025-09-15 11:45:08.929 TRACE : trigger interaction 0xc0004c9590 379/1200
[TRACE] Decoding transaction bytes of length: 229
[TRACE] Transaction type: 6
[TRACE] Successfully decoded transaction with hash: b493c781b79cd70e9c73e6b34ed51134e6528e6f884fe8d1831466bfd545b62e
2025-09-15 11:45:08.929 TRACE client[0]: Processing transaction with hash: b493c781b79cd70e9c73e6b34ed51134e6528e6f884fe8d1831466bfd545b62e
2025-09-15 11:45:08.929 DEBUG client[0]: Submitting transaction b493c781b79cd70e9c73e6b34ed51134e6528e6f884fe8d1831466bfd545b62e
2025-09-15 11:45:09.012 TRACE : trigger interaction 0xc0004c9680 380/1200
[TRACE] Decoding transaction bytes of length: 229
[TRACE] Transaction type: 6
[TRACE] Successfully decoded transaction with hash: de7d26a1029a62fd997f18e1dc6861128c141e8b96374f1ff9590de3f885833b
2025-09-15 11:45:09.012 TRACE client[0]: Processing transaction with hash: de7d26a1029a62fd997f18e1dc6861128c141e8b96374f1ff9590de3f885833b
2025-09-15 11:45:09.012 DEBUG client[0]: Submitting transaction de7d26a1029a62fd997f18e1dc6861128c141e8b96374f1ff9590de3f885833b
2025-09-15 11:45:09.096 TRACE : trigger interaction 0xc0004c9770 381/1200
[TRACE] Decoding transaction bytes of length: 229
[TRACE] Transaction type: 6
[TRACE] Successfully decoded transaction with hash: 87a52dd58cb77f844fbdb3078b161a23b05b40bd83fb0c49609dac2096adb6db
2025-09-15 11:45:09.096 TRACE client[0]: Processing transaction with hash: 87a52dd58cb77f844fbdb3078b161a23b05b40bd83fb0c49609dac2096adb6db
2025-09-15 11:45:09.096 DEBUG client[0]: Submitting transaction 87a52dd58cb77f844fbdb3078b161a23b05b40bd83fb0c49609dac2096adb6db
2025-09-15 11:45:09.179 TRACE : trigger interaction 0xc0004c9860 382/1200
[TRACE] Decoding transaction bytes of length: 229
[TRACE] Transaction type: 6
[TRACE] Successfully decoded transaction with hash: e0a3a99270fea012520ddbf73643ebdeac36ea4fd35e3d096fb0ceb853b3228b
2025-09-15 11:45:09.180 TRACE client[0]: Processing transaction with hash: e0a3a99270fea012520ddbf73643ebdeac36ea4fd35e3d096fb0ceb853b3228b
2025-09-15 11:45:09.180 DEBUG client[0]: Submitting transaction e0a3a99270fea012520ddbf73643ebdeac36ea4fd35e3d096fb0ceb853b3228b
2025-09-15 11:45:09.262 TRACE : trigger interaction 0xc0004c9950 383/1200
[TRACE] Decoding transaction bytes of length: 229
[TRACE] Transaction type: 6
[TRACE] Successfully decoded transaction with hash: ffc75cd284e7ca0b1b4006e5516ddb443f2d18e91292441c6e437b06db2ed394
2025-09-15 11:45:09.263 TRACE client[0]: Processing transaction with hash: ffc75cd284e7ca0b1b4006e5516ddb443f2d18e91292441c6e437b06db2ed394
2025-09-15 11:45:09.263 DEBUG client[0]: Submitting transaction ffc75cd284e7ca0b1b4006e5516ddb443f2d18e91292441c6e437b06db2ed394
2025-09-15 11:45:09.345 TRACE : trigger interaction 0xc0004c9a40 384/1200
[TRACE] Decoding transaction bytes of length: 229
[TRACE] Transaction type: 6
[TRACE] Successfully decoded transaction with hash: ce8a4ff8939f48396499870f74baf006f1162cd09c2e862c0cd0f2029b039b2b
2025-09-15 11:45:09.345 TRACE client[0]: Processing transaction with hash: ce8a4ff8939f48396499870f74baf006f1162cd09c2e862c0cd0f2029b039b2b
2025-09-15 11:45:09.345 DEBUG client[0]: Submitting transaction ce8a4ff8939f48396499870f74baf006f1162cd09c2e862c0cd0f2029b039b2b
2025-09-15 11:45:09.429 TRACE : trigger interaction 0xc0004c9b30 385/1200
[TRACE] Decoding transaction bytes of length: 229
[TRACE] Transaction type: 6
[TRACE] Successfully decoded transaction with hash: 3d488bb9b7ea225f7899c83ae1fb467eca42f4c531e54089e3e63a2d904f4eba
2025-09-15 11:45:09.429 TRACE client[0]: Processing transaction with hash: 3d488bb9b7ea225f7899c83ae1fb467eca42f4c531e54089e3e63a2d904f4eba
2025-09-15 11:45:09.429 DEBUG client[0]: Submitting transaction 3d488bb9b7ea225f7899c83ae1fb467eca42f4c531e54089e3e63a2d904f4eba
2025-09-15 11:45:09.512 TRACE : trigger interaction 0xc0000f5ef0 386/1200
[TRACE] Decoding transaction bytes of length: 229
[TRACE] Transaction type: 6
[TRACE] Successfully decoded transaction with hash: 75273785816804afdd2e895967b7687023601d203ab1b90dc4a80852a3ee6e21
2025-09-15 11:45:09.512 TRACE client[0]: Processing transaction with hash: 75273785816804afdd2e895967b7687023601d203ab1b90dc4a80852a3ee6e21
2025-09-15 11:45:09.512 DEBUG client[0]: Submitting transaction 75273785816804afdd2e895967b7687023601d203ab1b90dc4a80852a3ee6e21
2025-09-15 11:45:09.596 TRACE : trigger interaction 0xc000510000 387/1200
[TRACE] Decoding transaction bytes of length: 229
[TRACE] Transaction type: 6
[TRACE] Successfully decoded transaction with hash: b92ec4d97d42d9b96e3042b934a35751a9de816edf982430b1e88e1d32cffb03
2025-09-15 11:45:09.596 TRACE client[0]: Processing transaction with hash: b92ec4d97d42d9b96e3042b934a35751a9de816edf982430b1e88e1d32cffb03
2025-09-15 11:45:09.596 DEBUG client[0]: Submitting transaction b92ec4d97d42d9b96e3042b934a35751a9de816edf982430b1e88e1d32cffb03
2025-09-15 11:45:09.679 TRACE : trigger interaction 0xc0005100f0 388/1200
[TRACE] Decoding transaction bytes of length: 229
[TRACE] Transaction type: 6
[TRACE] Successfully decoded transaction with hash: 7253f6a5756b7eeeda366b9b841f77f43b7fa84eb3f23e241f4695ec77c2f584
2025-09-15 11:45:09.680 TRACE client[0]: Processing transaction with hash: 7253f6a5756b7eeeda366b9b841f77f43b7fa84eb3f23e241f4695ec77c2f584
2025-09-15 11:45:09.680 DEBUG client[0]: Submitting transaction 7253f6a5756b7eeeda366b9b841f77f43b7fa84eb3f23e241f4695ec77c2f584
2025-09-15 11:45:09.762 TRACE : trigger interaction 0xc0005101e0 389/1200
[TRACE] Decoding transaction bytes of length: 229
[TRACE] Transaction type: 6
[TRACE] Successfully decoded transaction with hash: fda74d5ac8813b5d1518e1be304201a05ffc0a7cb354af0c61099e819e5fda34
2025-09-15 11:45:09.763 TRACE client[0]: Processing transaction with hash: fda74d5ac8813b5d1518e1be304201a05ffc0a7cb354af0c61099e819e5fda34
2025-09-15 11:45:09.763 DEBUG client[0]: Submitting transaction fda74d5ac8813b5d1518e1be304201a05ffc0a7cb354af0c61099e819e5fda34
2025-09-15 11:45:09.845 TRACE : trigger interaction 0xc0005102d0 390/1200
[TRACE] Decoding transaction bytes of length: 229
[TRACE] Transaction type: 6
[TRACE] Successfully decoded transaction with hash: 144c1334a6b4aa1e8bb1b4d7d26686f31e3c1c6e378022c7b38a73c10df3eb9a
2025-09-15 11:45:09.846 TRACE client[0]: Processing transaction with hash: 144c1334a6b4aa1e8bb1b4d7d26686f31e3c1c6e378022c7b38a73c10df3eb9a
2025-09-15 11:45:09.846 DEBUG client[0]: Submitting transaction 144c1334a6b4aa1e8bb1b4d7d26686f31e3c1c6e378022c7b38a73c10df3eb9a
2025-09-15 11:45:09.929 TRACE : trigger interaction 0xc0005103c0 391/1200
[TRACE] Decoding transaction bytes of length: 229
[TRACE] Transaction type: 6
[TRACE] Successfully decoded transaction with hash: b11ee5368c4682f72a60a8f4645297fa0578a228d9b227141eb2192468eadb45
2025-09-15 11:45:09.929 TRACE client[0]: Processing transaction with hash: b11ee5368c4682f72a60a8f4645297fa0578a228d9b227141eb2192468eadb45
2025-09-15 11:45:09.929 DEBUG client[0]: Submitting transaction b11ee5368c4682f72a60a8f4645297fa0578a228d9b227141eb2192468eadb45
2025-09-15 11:45:10.012 TRACE : trigger interaction 0xc0005104b0 392/1200
[TRACE] Decoding transaction bytes of length: 229
[TRACE] Transaction type: 6
[TRACE] Successfully decoded transaction with hash: be8eee537695ddd223db4f9dc7e114211fa90c15d0e22e6e30328e8f2bca792c
2025-09-15 11:45:10.012 TRACE client[0]: Processing transaction with hash: be8eee537695ddd223db4f9dc7e114211fa90c15d0e22e6e30328e8f2bca792c
2025-09-15 11:45:10.012 DEBUG client[0]: Submitting transaction be8eee537695ddd223db4f9dc7e114211fa90c15d0e22e6e30328e8f2bca792c
2025-09-15 11:45:10.096 TRACE : trigger interaction 0xc0005105a0 393/1200
[TRACE] Decoding transaction bytes of length: 229
[TRACE] Transaction type: 6
[TRACE] Successfully decoded transaction with hash: 8a998bae8b34a37653a684a7f8ce25f468c185c63037628b0f709f2e4d2236d2
2025-09-15 11:45:10.096 TRACE client[0]: Processing transaction with hash: 8a998bae8b34a37653a684a7f8ce25f468c185c63037628b0f709f2e4d2236d2
2025-09-15 11:45:10.096 DEBUG client[0]: Submitting transaction 8a998bae8b34a37653a684a7f8ce25f468c185c63037628b0f709f2e4d2236d2
2025-09-15 11:45:10.179 TRACE : trigger interaction 0xc000510690 394/1200
[TRACE] Decoding transaction bytes of length: 229
[TRACE] Transaction type: 6
[TRACE] Successfully decoded transaction with hash: fa387217568cc47df481144a3c11a6a4f014acb7c077664a593d4cbf3f17542b
2025-09-15 11:45:10.179 TRACE client[0]: Processing transaction with hash: fa387217568cc47df481144a3c11a6a4f014acb7c077664a593d4cbf3f17542b
2025-09-15 11:45:10.179 DEBUG client[0]: Submitting transaction fa387217568cc47df481144a3c11a6a4f014acb7c077664a593d4cbf3f17542b
2025-09-15 11:45:10.262 TRACE : trigger interaction 0xc000510780 395/1200
[TRACE] Decoding transaction bytes of length: 229
[TRACE] Transaction type: 6
[TRACE] Successfully decoded transaction with hash: 426a929345f5353482ac7a35fe255489d77865e7934ba5ee4aa5612889c05333
2025-09-15 11:45:10.262 TRACE client[0]: Processing transaction with hash: 426a929345f5353482ac7a35fe255489d77865e7934ba5ee4aa5612889c05333
2025-09-15 11:45:10.262 DEBUG client[0]: Submitting transaction 426a929345f5353482ac7a35fe255489d77865e7934ba5ee4aa5612889c05333
2025-09-15 11:45:10.346 TRACE : trigger interaction 0xc000510870 396/1200
[TRACE] Decoding transaction bytes of length: 229
[TRACE] Transaction type: 6
[TRACE] Successfully decoded transaction with hash: f953abeb351ba0b26b7bd65c4377578d027da0312ff558d4409d1ba30b7932a6
2025-09-15 11:45:10.346 TRACE client[0]: Processing transaction with hash: f953abeb351ba0b26b7bd65c4377578d027da0312ff558d4409d1ba30b7932a6
2025-09-15 11:45:10.346 DEBUG client[0]: Submitting transaction f953abeb351ba0b26b7bd65c4377578d027da0312ff558d4409d1ba30b7932a6
2025-09-15 11:45:10.429 TRACE : trigger interaction 0xc000510960 397/1200
[TRACE] Decoding transaction bytes of length: 229
[TRACE] Transaction type: 6
[TRACE] Successfully decoded transaction with hash: 55d761627f4060a88bb95612d1cfd5b15af22be9e8dd84dfe99732b2fdf63cde
2025-09-15 11:45:10.430 TRACE client[0]: Processing transaction with hash: 55d761627f4060a88bb95612d1cfd5b15af22be9e8dd84dfe99732b2fdf63cde
2025-09-15 11:45:10.430 DEBUG client[0]: Submitting transaction 55d761627f4060a88bb95612d1cfd5b15af22be9e8dd84dfe99732b2fdf63cde
2025-09-15 11:45:10.512 TRACE : trigger interaction 0xc000510a50 398/1200
[TRACE] Decoding transaction bytes of length: 229
[TRACE] Transaction type: 6
[TRACE] Successfully decoded transaction with hash: 6a3b2f5c9d590b98f25c2333c5b572f4dd30a6899d2dd10238721d2f28b2af8e
2025-09-15 11:45:10.513 TRACE client[0]: Processing transaction with hash: 6a3b2f5c9d590b98f25c2333c5b572f4dd30a6899d2dd10238721d2f28b2af8e
2025-09-15 11:45:10.513 DEBUG client[0]: Submitting transaction 6a3b2f5c9d590b98f25c2333c5b572f4dd30a6899d2dd10238721d2f28b2af8e
2025-09-15 11:45:10.595 TRACE : trigger interaction 0xc000510b40 399/1200
[TRACE] Decoding transaction bytes of length: 229
[TRACE] Transaction type: 6
[TRACE] Successfully decoded transaction with hash: c5d325634c477c27f5d403277823de1fc8c5d10b563895df97420e1ec359fd04
2025-09-15 11:45:10.596 TRACE client[0]: Processing transaction with hash: c5d325634c477c27f5d403277823de1fc8c5d10b563895df97420e1ec359fd04
2025-09-15 11:45:10.596 DEBUG client[0]: Submitting transaction c5d325634c477c27f5d403277823de1fc8c5d10b563895df97420e1ec359fd04
2025-09-15 11:45:10.679 TRACE : trigger interaction 0xc000510c30 400/1200
[TRACE] Decoding transaction bytes of length: 229
[TRACE] Transaction type: 6
[TRACE] Successfully decoded transaction with hash: be57cb79bb8b61dd1703b19789bb9456dca66d588ad6482bc575b32e8f9a660a
2025-09-15 11:45:10.679 TRACE client[0]: Processing transaction with hash: be57cb79bb8b61dd1703b19789bb9456dca66d588ad6482bc575b32e8f9a660a
2025-09-15 11:45:10.679 DEBUG client[0]: Submitting transaction be57cb79bb8b61dd1703b19789bb9456dca66d588ad6482bc575b32e8f9a660a
2025-09-15 11:45:10.762 TRACE : trigger interaction 0xc000510d20 401/1200
[TRACE] Decoding transaction bytes of length: 229
[TRACE] Transaction type: 6
[TRACE] Successfully decoded transaction with hash: 87347bd92a7cccab4a732765640a2d8132873c1471058b5e20195215524f5b1e
2025-09-15 11:45:10.762 TRACE client[0]: Processing transaction with hash: 87347bd92a7cccab4a732765640a2d8132873c1471058b5e20195215524f5b1e
2025-09-15 11:45:10.762 DEBUG client[0]: Submitting transaction 87347bd92a7cccab4a732765640a2d8132873c1471058b5e20195215524f5b1e
2025-09-15 11:45:10.846 TRACE : trigger interaction 0xc000510e10 402/1200
[TRACE] Decoding transaction bytes of length: 229
[TRACE] Transaction type: 6
[TRACE] Successfully decoded transaction with hash: b9c372e44a40f5d1483858a791f6f11003bc16f341d630e0cabad10b20632fe0
2025-09-15 11:45:10.846 TRACE client[0]: Processing transaction with hash: b9c372e44a40f5d1483858a791f6f11003bc16f341d630e0cabad10b20632fe0
2025-09-15 11:45:10.846 DEBUG client[0]: Submitting transaction b9c372e44a40f5d1483858a791f6f11003bc16f341d630e0cabad10b20632fe0
2025-09-15 11:45:10.929 TRACE : trigger interaction 0xc0004c9c20 403/1200
[TRACE] Decoding transaction bytes of length: 229
[TRACE] Transaction type: 6
[TRACE] Successfully decoded transaction with hash: 935b57ce8cbbc4485e98bdc82233b755df896a64f7e0eff7e63a724f887039d1
2025-09-15 11:45:10.929 TRACE client[0]: Processing transaction with hash: 935b57ce8cbbc4485e98bdc82233b755df896a64f7e0eff7e63a724f887039d1
2025-09-15 11:45:10.929 DEBUG client[0]: Submitting transaction 935b57ce8cbbc4485e98bdc82233b755df896a64f7e0eff7e63a724f887039d1
2025-09-15 11:45:11.012 TRACE : trigger interaction 0xc0004c9d10 404/1200
[TRACE] Decoding transaction bytes of length: 229
[TRACE] Transaction type: 6
[TRACE] Successfully decoded transaction with hash: de82bef28f2660ab41ba1f8fa78a2b2439252f7b3b15e71bbc649618533b8eb1
2025-09-15 11:45:11.012 TRACE client[0]: Processing transaction with hash: de82bef28f2660ab41ba1f8fa78a2b2439252f7b3b15e71bbc649618533b8eb1
2025-09-15 11:45:11.012 DEBUG client[0]: Submitting transaction de82bef28f2660ab41ba1f8fa78a2b2439252f7b3b15e71bbc649618533b8eb1
2025-09-15 11:45:11.096 TRACE : trigger interaction 0xc0004c9e00 405/1200
[TRACE] Decoding transaction bytes of length: 229
[TRACE] Transaction type: 6
[TRACE] Successfully decoded transaction with hash: 3d7de22848481ce4d5a5c710621a027df11410de6018aca9ab5e69f1a6e3da0f
2025-09-15 11:45:11.097 TRACE client[0]: Processing transaction with hash: 3d7de22848481ce4d5a5c710621a027df11410de6018aca9ab5e69f1a6e3da0f
2025-09-15 11:45:11.097 DEBUG client[0]: Submitting transaction 3d7de22848481ce4d5a5c710621a027df11410de6018aca9ab5e69f1a6e3da0f
2025-09-15 11:45:11.179 TRACE : trigger interaction 0xc0004c9ef0 406/1200
[TRACE] Decoding transaction bytes of length: 229
[TRACE] Transaction type: 6
[TRACE] Successfully decoded transaction with hash: 7629f3a3b797e1e2346aae30a9f954e52a71cfa3586564b311abf7bece451b28
2025-09-15 11:45:11.179 TRACE client[0]: Processing transaction with hash: 7629f3a3b797e1e2346aae30a9f954e52a71cfa3586564b311abf7bece451b28
2025-09-15 11:45:11.179 DEBUG client[0]: Submitting transaction 7629f3a3b797e1e2346aae30a9f954e52a71cfa3586564b311abf7bece451b28
2025-09-15 11:45:11.263 TRACE : trigger interaction 0xc0004ea000 407/1200
[TRACE] Decoding transaction bytes of length: 229
[TRACE] Transaction type: 6
[TRACE] Successfully decoded transaction with hash: 646b3f72b1f51027ae5847384d545878c8ba5f173b29d5b8cb68b1650bb3c7bb
2025-09-15 11:45:11.263 TRACE client[0]: Processing transaction with hash: 646b3f72b1f51027ae5847384d545878c8ba5f173b29d5b8cb68b1650bb3c7bb
2025-09-15 11:45:11.263 DEBUG client[0]: Submitting transaction 646b3f72b1f51027ae5847384d545878c8ba5f173b29d5b8cb68b1650bb3c7bb
2025-09-15 11:45:11.346 TRACE : trigger interaction 0xc0004ea0f0 408/1200
[TRACE] Decoding transaction bytes of length: 229
[TRACE] Transaction type: 6
[TRACE] Successfully decoded transaction with hash: 74f9c0753b11cfb29f6dd747a630ad0d5ccef96e6f5f4ec882872a961481d18f
2025-09-15 11:45:11.346 TRACE client[0]: Processing transaction with hash: 74f9c0753b11cfb29f6dd747a630ad0d5ccef96e6f5f4ec882872a961481d18f
2025-09-15 11:45:11.346 DEBUG client[0]: Submitting transaction 74f9c0753b11cfb29f6dd747a630ad0d5ccef96e6f5f4ec882872a961481d18f
2025-09-15 11:45:11.429 TRACE : trigger interaction 0xc0004ea1e0 409/1200
[TRACE] Decoding transaction bytes of length: 229
[TRACE] Transaction type: 6
[TRACE] Successfully decoded transaction with hash: b855c5b5375b1e7a38434e4af4354b768a583ea90a5eb42c83c7cc56cec74da0
2025-09-15 11:45:11.429 TRACE client[0]: Processing transaction with hash: b855c5b5375b1e7a38434e4af4354b768a583ea90a5eb42c83c7cc56cec74da0
2025-09-15 11:45:11.429 DEBUG client[0]: Submitting transaction b855c5b5375b1e7a38434e4af4354b768a583ea90a5eb42c83c7cc56cec74da0
2025-09-15 11:45:11.513 TRACE : trigger interaction 0xc0004ea2d0 410/1200
[TRACE] Decoding transaction bytes of length: 229
[TRACE] Transaction type: 6
[TRACE] Successfully decoded transaction with hash: 74cd09d4d32088696d0d86fdc029c1ebb065e07903795db04831b693f84c60a5
2025-09-15 11:45:11.513 TRACE client[0]: Processing transaction with hash: 74cd09d4d32088696d0d86fdc029c1ebb065e07903795db04831b693f84c60a5
2025-09-15 11:45:11.513 DEBUG client[0]: Submitting transaction 74cd09d4d32088696d0d86fdc029c1ebb065e07903795db04831b693f84c60a5
2025-09-15 11:45:11.596 TRACE : trigger interaction 0xc0004ea3c0 411/1200
[TRACE] Decoding transaction bytes of length: 229
[TRACE] Transaction type: 6
[TRACE] Successfully decoded transaction with hash: f4816dbe29ab7d2fc12ac80000660569b7fad94233b4b325ca8bf0a2692aa036
2025-09-15 11:45:11.596 TRACE client[0]: Processing transaction with hash: f4816dbe29ab7d2fc12ac80000660569b7fad94233b4b325ca8bf0a2692aa036
2025-09-15 11:45:11.596 DEBUG client[0]: Submitting transaction f4816dbe29ab7d2fc12ac80000660569b7fad94233b4b325ca8bf0a2692aa036
2025-09-15 11:45:11.679 TRACE : trigger interaction 0xc0004ea4b0 412/1200
[TRACE] Decoding transaction bytes of length: 229
[TRACE] Transaction type: 6
[TRACE] Successfully decoded transaction with hash: 137dd136d805086a88c2797a7e24783920fdb70b6481b32e5080b7c32a404179
2025-09-15 11:45:11.679 TRACE client[0]: Processing transaction with hash: 137dd136d805086a88c2797a7e24783920fdb70b6481b32e5080b7c32a404179
2025-09-15 11:45:11.679 DEBUG client[0]: Submitting transaction 137dd136d805086a88c2797a7e24783920fdb70b6481b32e5080b7c32a404179
2025-09-15 11:45:11.762 TRACE : trigger interaction 0xc0004ea5a0 413/1200
[TRACE] Decoding transaction bytes of length: 229
[TRACE] Transaction type: 6
[TRACE] Successfully decoded transaction with hash: 30419cade898de94b867fdcba1c4da6a604d9dadd0febbd4702a52acb5992718
2025-09-15 11:45:11.762 TRACE client[0]: Processing transaction with hash: 30419cade898de94b867fdcba1c4da6a604d9dadd0febbd4702a52acb5992718
2025-09-15 11:45:11.762 DEBUG client[0]: Submitting transaction 30419cade898de94b867fdcba1c4da6a604d9dadd0febbd4702a52acb5992718
2025-09-15 11:45:11.846 TRACE : trigger interaction 0xc0004ea690 414/1200
[TRACE] Decoding transaction bytes of length: 229
[TRACE] Transaction type: 6
[TRACE] Successfully decoded transaction with hash: 551898c042b8856284117ea62a11b36fd593e33e4a9249115c24bce1e2550e28
2025-09-15 11:45:11.847 TRACE client[0]: Processing transaction with hash: 551898c042b8856284117ea62a11b36fd593e33e4a9249115c24bce1e2550e28
2025-09-15 11:45:11.847 DEBUG client[0]: Submitting transaction 551898c042b8856284117ea62a11b36fd593e33e4a9249115c24bce1e2550e28
2025-09-15 11:45:11.929 TRACE : trigger interaction 0xc0004ea780 415/1200
[TRACE] Decoding transaction bytes of length: 229
[TRACE] Transaction type: 6
[TRACE] Successfully decoded transaction with hash: caeb28607afea07ba3f85710e77f4f82a507f293bace2c44381fcc9ea2f6ca0c
2025-09-15 11:45:11.930 TRACE client[0]: Processing transaction with hash: caeb28607afea07ba3f85710e77f4f82a507f293bace2c44381fcc9ea2f6ca0c
2025-09-15 11:45:11.930 DEBUG client[0]: Submitting transaction caeb28607afea07ba3f85710e77f4f82a507f293bace2c44381fcc9ea2f6ca0c
2025-09-15 11:45:12.012 TRACE : trigger interaction 0xc0004ea870 416/1200
[TRACE] Decoding transaction bytes of length: 229
[TRACE] Transaction type: 6
[TRACE] Successfully decoded transaction with hash: c60b35bbd788b8acd15dba5034e9a3ae5e5502870483b127d8daad7a00dfb685
2025-09-15 11:45:12.012 TRACE client[0]: Processing transaction with hash: c60b35bbd788b8acd15dba5034e9a3ae5e5502870483b127d8daad7a00dfb685
2025-09-15 11:45:12.012 DEBUG client[0]: Submitting transaction c60b35bbd788b8acd15dba5034e9a3ae5e5502870483b127d8daad7a00dfb685
2025-09-15 11:45:12.095 TRACE : trigger interaction 0xc0004ea960 417/1200
[TRACE] Decoding transaction bytes of length: 229
[TRACE] Transaction type: 6
[TRACE] Successfully decoded transaction with hash: 3f6b48a17b90d518a26b5b8cf14f39e719731467944e036e2057e23a333976ed
2025-09-15 11:45:12.096 TRACE client[0]: Processing transaction with hash: 3f6b48a17b90d518a26b5b8cf14f39e719731467944e036e2057e23a333976ed
2025-09-15 11:45:12.096 DEBUG client[0]: Submitting transaction 3f6b48a17b90d518a26b5b8cf14f39e719731467944e036e2057e23a333976ed
2025-09-15 11:45:12.179 TRACE : trigger interaction 0xc0004eaa50 418/1200
[TRACE] Decoding transaction bytes of length: 229
[TRACE] Transaction type: 6
[TRACE] Successfully decoded transaction with hash: 0c28374a0e5dbd9f5abc05bbb447f679a49b4064cdb9e5ad243c55659dfc0cdc
2025-09-15 11:45:12.180 TRACE client[0]: Processing transaction with hash: 0c28374a0e5dbd9f5abc05bbb447f679a49b4064cdb9e5ad243c55659dfc0cdc
2025-09-15 11:45:12.180 DEBUG client[0]: Submitting transaction 0c28374a0e5dbd9f5abc05bbb447f679a49b4064cdb9e5ad243c55659dfc0cdc
2025-09-15 11:45:12.262 TRACE : trigger interaction 0xc00044d860 419/1200
[TRACE] Decoding transaction bytes of length: 229
[TRACE] Transaction type: 6
[TRACE] Successfully decoded transaction with hash: 48ba1ad396717490b09f3a7ec901ede27923538b0172087397b3cc5c3f75089b
2025-09-15 11:45:12.263 TRACE client[0]: Processing transaction with hash: 48ba1ad396717490b09f3a7ec901ede27923538b0172087397b3cc5c3f75089b
2025-09-15 11:45:12.263 DEBUG client[0]: Submitting transaction 48ba1ad396717490b09f3a7ec901ede27923538b0172087397b3cc5c3f75089b
2025-09-15 11:45:12.345 TRACE : trigger interaction 0xc00044d950 420/1200
[TRACE] Decoding transaction bytes of length: 229
[TRACE] Transaction type: 6
[TRACE] Successfully decoded transaction with hash: f096ab04b8099082ae148b2dea159a4b3fa44a373653e1d3d97504e7f2324a47
2025-09-15 11:45:12.346 TRACE client[0]: Processing transaction with hash: f096ab04b8099082ae148b2dea159a4b3fa44a373653e1d3d97504e7f2324a47
2025-09-15 11:45:12.346 DEBUG client[0]: Submitting transaction f096ab04b8099082ae148b2dea159a4b3fa44a373653e1d3d97504e7f2324a47
2025-09-15 11:45:12.429 TRACE : trigger interaction 0xc00044da40 421/1200
[TRACE] Decoding transaction bytes of length: 229
[TRACE] Transaction type: 6
[TRACE] Successfully decoded transaction with hash: ba975f577b182522d9058c9db29df3a554a4ddbbbd86c53d295586ba9776e167
2025-09-15 11:45:12.430 TRACE client[0]: Processing transaction with hash: ba975f577b182522d9058c9db29df3a554a4ddbbbd86c53d295586ba9776e167
2025-09-15 11:45:12.430 DEBUG client[0]: Submitting transaction ba975f577b182522d9058c9db29df3a554a4ddbbbd86c53d295586ba9776e167
2025-09-15 11:45:12.512 TRACE : trigger interaction 0xc00044db30 422/1200
[TRACE] Decoding transaction bytes of length: 229
[TRACE] Transaction type: 6
[TRACE] Successfully decoded transaction with hash: 4e2cad99db997bf87323a7be0a52699cdf745f8a19d24b7283a9c6a95939eb10
2025-09-15 11:45:12.513 TRACE client[0]: Processing transaction with hash: 4e2cad99db997bf87323a7be0a52699cdf745f8a19d24b7283a9c6a95939eb10
2025-09-15 11:45:12.513 DEBUG client[0]: Submitting transaction 4e2cad99db997bf87323a7be0a52699cdf745f8a19d24b7283a9c6a95939eb10
2025-09-15 11:45:12.595 TRACE : trigger interaction 0xc00044dc20 423/1200
[TRACE] Decoding transaction bytes of length: 229
[TRACE] Transaction type: 6
[TRACE] Successfully decoded transaction with hash: a3e3cbcd59d0cf028251ed83b329d8ad0699d5fba715eeedce36a2698dcf4200
2025-09-15 11:45:12.595 TRACE client[0]: Processing transaction with hash: a3e3cbcd59d0cf028251ed83b329d8ad0699d5fba715eeedce36a2698dcf4200
2025-09-15 11:45:12.595 DEBUG client[0]: Submitting transaction a3e3cbcd59d0cf028251ed83b329d8ad0699d5fba715eeedce36a2698dcf4200
2025-09-15 11:45:12.679 TRACE : trigger interaction 0xc00044dd10 424/1200
[TRACE] Decoding transaction bytes of length: 229
[TRACE] Transaction type: 6
[TRACE] Successfully decoded transaction with hash: 4b30375bbe7810a4150b4c8003fc4932336d6ba66685c1d46a41a1e10d7b5206
2025-09-15 11:45:12.679 TRACE client[0]: Processing transaction with hash: 4b30375bbe7810a4150b4c8003fc4932336d6ba66685c1d46a41a1e10d7b5206
2025-09-15 11:45:12.679 DEBUG client[0]: Submitting transaction 4b30375bbe7810a4150b4c8003fc4932336d6ba66685c1d46a41a1e10d7b5206
2025-09-15 11:45:12.762 TRACE : trigger interaction 0xc00044de00 425/1200
[TRACE] Decoding transaction bytes of length: 229
[TRACE] Transaction type: 6
[TRACE] Successfully decoded transaction with hash: 3a4d216327f3975db14fd2a5c7a10db8980880c67f079c8d632b0909eb7abce8
2025-09-15 11:45:12.763 TRACE client[0]: Processing transaction with hash: 3a4d216327f3975db14fd2a5c7a10db8980880c67f079c8d632b0909eb7abce8
2025-09-15 11:45:12.763 DEBUG client[0]: Submitting transaction 3a4d216327f3975db14fd2a5c7a10db8980880c67f079c8d632b0909eb7abce8
2025-09-15 11:45:12.845 TRACE : trigger interaction 0xc00044def0 426/1200
[TRACE] Decoding transaction bytes of length: 229
[TRACE] Transaction type: 6
[TRACE] Successfully decoded transaction with hash: fd674d49f6dde6511ffe85eb0e78579e0f4abdf19d48423a18bcc6a8f3d79921
2025-09-15 11:45:12.846 TRACE client[0]: Processing transaction with hash: fd674d49f6dde6511ffe85eb0e78579e0f4abdf19d48423a18bcc6a8f3d79921
2025-09-15 11:45:12.846 DEBUG client[0]: Submitting transaction fd674d49f6dde6511ffe85eb0e78579e0f4abdf19d48423a18bcc6a8f3d79921
2025-09-15 11:45:12.929 TRACE : trigger interaction 0xc00046e000 427/1200
[TRACE] Decoding transaction bytes of length: 229
[TRACE] Transaction type: 6
[TRACE] Successfully decoded transaction with hash: 8e4a7edc4d9c5077539c9dc58276bfaf5860a40ff6b0d8f3d49f684b3205954a
2025-09-15 11:45:12.930 TRACE client[0]: Processing transaction with hash: 8e4a7edc4d9c5077539c9dc58276bfaf5860a40ff6b0d8f3d49f684b3205954a
2025-09-15 11:45:12.930 DEBUG client[0]: Submitting transaction 8e4a7edc4d9c5077539c9dc58276bfaf5860a40ff6b0d8f3d49f684b3205954a
2025-09-15 11:45:13.012 TRACE : trigger interaction 0xc00046e0f0 428/1200
[TRACE] Decoding transaction bytes of length: 229
[TRACE] Transaction type: 6
[TRACE] Successfully decoded transaction with hash: b9ed1f0fb977e6736711cd43f736a5fd8d9d688b08305f8049b5e1ae0b7b2fff
2025-09-15 11:45:13.013 TRACE client[0]: Processing transaction with hash: b9ed1f0fb977e6736711cd43f736a5fd8d9d688b08305f8049b5e1ae0b7b2fff
2025-09-15 11:45:13.013 DEBUG client[0]: Submitting transaction b9ed1f0fb977e6736711cd43f736a5fd8d9d688b08305f8049b5e1ae0b7b2fff
2025-09-15 11:45:13.095 TRACE : trigger interaction 0xc00046e1e0 429/1200
[TRACE] Decoding transaction bytes of length: 229
[TRACE] Transaction type: 6
[TRACE] Successfully decoded transaction with hash: 7e7ba3b747fd5b5ea99d0401f490decb56df41bc7dd7827bc3c7718537804766
2025-09-15 11:45:13.096 TRACE client[0]: Processing transaction with hash: 7e7ba3b747fd5b5ea99d0401f490decb56df41bc7dd7827bc3c7718537804766
2025-09-15 11:45:13.096 DEBUG client[0]: Submitting transaction 7e7ba3b747fd5b5ea99d0401f490decb56df41bc7dd7827bc3c7718537804766
2025-09-15 11:45:13.179 TRACE : trigger interaction 0xc00046e2d0 430/1200
[TRACE] Decoding transaction bytes of length: 229
[TRACE] Transaction type: 6
[TRACE] Successfully decoded transaction with hash: f3e1793b0a061409ab7a2406a23973e2597383446bb2c7d185d5a3dba8345b69
2025-09-15 11:45:13.180 TRACE client[0]: Processing transaction with hash: f3e1793b0a061409ab7a2406a23973e2597383446bb2c7d185d5a3dba8345b69
2025-09-15 11:45:13.180 DEBUG client[0]: Submitting transaction f3e1793b0a061409ab7a2406a23973e2597383446bb2c7d185d5a3dba8345b69
2025-09-15 11:45:13.262 TRACE : trigger interaction 0xc00046e3c0 431/1200
[TRACE] Decoding transaction bytes of length: 229
[TRACE] Transaction type: 6
[TRACE] Successfully decoded transaction with hash: 076f480ee0d35d4f1baffd2cc1be65fe7a3b7ca89fa9666bb61b150e93561456
2025-09-15 11:45:13.263 TRACE client[0]: Processing transaction with hash: 076f480ee0d35d4f1baffd2cc1be65fe7a3b7ca89fa9666bb61b150e93561456
2025-09-15 11:45:13.263 DEBUG client[0]: Submitting transaction 076f480ee0d35d4f1baffd2cc1be65fe7a3b7ca89fa9666bb61b150e93561456
2025-09-15 11:45:13.345 TRACE : trigger interaction 0xc00046e4b0 432/1200
[TRACE] Decoding transaction bytes of length: 229
[TRACE] Transaction type: 6
[TRACE] Successfully decoded transaction with hash: 8e543f1ccf5a3a228c13eef23a91644bb51a6bb8534ab10a01c2b425e932a43a
2025-09-15 11:45:13.346 TRACE client[0]: Processing transaction with hash: 8e543f1ccf5a3a228c13eef23a91644bb51a6bb8534ab10a01c2b425e932a43a
2025-09-15 11:45:13.346 DEBUG client[0]: Submitting transaction 8e543f1ccf5a3a228c13eef23a91644bb51a6bb8534ab10a01c2b425e932a43a
2025-09-15 11:45:13.429 TRACE : trigger interaction 0xc00046e5a0 433/1200
[TRACE] Decoding transaction bytes of length: 229
[TRACE] Transaction type: 6
[TRACE] Successfully decoded transaction with hash: b287934d299d911d18b4d435511f1d71264a97afb2f641a658fb108eed2b7361
2025-09-15 11:45:13.429 TRACE client[0]: Processing transaction with hash: b287934d299d911d18b4d435511f1d71264a97afb2f641a658fb108eed2b7361
2025-09-15 11:45:13.429 DEBUG client[0]: Submitting transaction b287934d299d911d18b4d435511f1d71264a97afb2f641a658fb108eed2b7361
2025-09-15 11:45:13.512 TRACE : trigger interaction 0xc00046e690 434/1200
[TRACE] Decoding transaction bytes of length: 229
[TRACE] Transaction type: 6
[TRACE] Successfully decoded transaction with hash: e8eba9b1d41673bbd0029e49ad9f542700e8481ceb47b7fd012a7e300f40516e
2025-09-15 11:45:13.512 TRACE client[0]: Processing transaction with hash: e8eba9b1d41673bbd0029e49ad9f542700e8481ceb47b7fd012a7e300f40516e
2025-09-15 11:45:13.512 DEBUG client[0]: Submitting transaction e8eba9b1d41673bbd0029e49ad9f542700e8481ceb47b7fd012a7e300f40516e
2025-09-15 11:45:13.595 TRACE : trigger interaction 0xc00046e780 435/1200
[TRACE] Decoding transaction bytes of length: 229
[TRACE] Transaction type: 6
[TRACE] Successfully decoded transaction with hash: 151733e91225ae383833e827da45ab92e0db69cb8e85944f4b2c88682f0450ab
2025-09-15 11:45:13.596 TRACE client[0]: Processing transaction with hash: 151733e91225ae383833e827da45ab92e0db69cb8e85944f4b2c88682f0450ab
2025-09-15 11:45:13.596 DEBUG client[0]: Submitting transaction 151733e91225ae383833e827da45ab92e0db69cb8e85944f4b2c88682f0450ab
2025-09-15 11:45:13.679 TRACE : trigger interaction 0xc0004eab40 436/1200
[TRACE] Decoding transaction bytes of length: 229
[TRACE] Transaction type: 6
[TRACE] Successfully decoded transaction with hash: 6f8396e6c942abfb5533a629aa4a7a15b7bf88fce2fb5e41fac2b9ac94da0e7b
2025-09-15 11:45:13.680 TRACE client[0]: Processing transaction with hash: 6f8396e6c942abfb5533a629aa4a7a15b7bf88fce2fb5e41fac2b9ac94da0e7b
2025-09-15 11:45:13.680 DEBUG client[0]: Submitting transaction 6f8396e6c942abfb5533a629aa4a7a15b7bf88fce2fb5e41fac2b9ac94da0e7b
2025-09-15 11:45:13.762 TRACE : trigger interaction 0xc0004eac30 437/1200
[TRACE] Decoding transaction bytes of length: 229
[TRACE] Transaction type: 6
[TRACE] Successfully decoded transaction with hash: c73ec02197a7f65a6fd35ee42decb7db5c892570b50d29a73a9b3ab18a16d1d6
2025-09-15 11:45:13.763 TRACE client[0]: Processing transaction with hash: c73ec02197a7f65a6fd35ee42decb7db5c892570b50d29a73a9b3ab18a16d1d6
2025-09-15 11:45:13.763 DEBUG client[0]: Submitting transaction c73ec02197a7f65a6fd35ee42decb7db5c892570b50d29a73a9b3ab18a16d1d6
2025-09-15 11:45:13.845 TRACE : trigger interaction 0xc0004ead20 438/1200
[TRACE] Decoding transaction bytes of length: 229
[TRACE] Transaction type: 6
[TRACE] Successfully decoded transaction with hash: d4a25431aa422e598868355b8d82aeb6db240c3083085542e0e0989e7cb67f5a
2025-09-15 11:45:13.846 TRACE client[0]: Processing transaction with hash: d4a25431aa422e598868355b8d82aeb6db240c3083085542e0e0989e7cb67f5a
2025-09-15 11:45:13.846 DEBUG client[0]: Submitting transaction d4a25431aa422e598868355b8d82aeb6db240c3083085542e0e0989e7cb67f5a
2025-09-15 11:45:13.928 TRACE : trigger interaction 0xc0004eae10 439/1200
[TRACE] Decoding transaction bytes of length: 229
[TRACE] Transaction type: 6
[TRACE] Successfully decoded transaction with hash: 13f8d0c96de8f7c9af10ae752ab9f679fcf3de9f1cbe65ea8a0bc5529cf237b4
2025-09-15 11:45:13.929 TRACE client[0]: Processing transaction with hash: 13f8d0c96de8f7c9af10ae752ab9f679fcf3de9f1cbe65ea8a0bc5529cf237b4
2025-09-15 11:45:13.929 DEBUG client[0]: Submitting transaction 13f8d0c96de8f7c9af10ae752ab9f679fcf3de9f1cbe65ea8a0bc5529cf237b4
2025-09-15 11:45:14.012 TRACE : trigger interaction 0xc0004eaf00 440/1200
[TRACE] Decoding transaction bytes of length: 229
[TRACE] Transaction type: 6
[TRACE] Successfully decoded transaction with hash: bec23021bac13b4bfcb6bb90414130aac635cf2e8340a3711d525f3c9be07db8
2025-09-15 11:45:14.013 TRACE client[0]: Processing transaction with hash: bec23021bac13b4bfcb6bb90414130aac635cf2e8340a3711d525f3c9be07db8
2025-09-15 11:45:14.013 DEBUG client[0]: Submitting transaction bec23021bac13b4bfcb6bb90414130aac635cf2e8340a3711d525f3c9be07db8
2025-09-15 11:45:14.095 TRACE : trigger interaction 0xc0004eaff0 441/1200
[TRACE] Decoding transaction bytes of length: 229
[TRACE] Transaction type: 6
[TRACE] Successfully decoded transaction with hash: 504b5330e8ea9d2cc3bb7ea501504df5b60c4d392c5723824f8e0fb3bf713b02
2025-09-15 11:45:14.095 TRACE client[0]: Processing transaction with hash: 504b5330e8ea9d2cc3bb7ea501504df5b60c4d392c5723824f8e0fb3bf713b02
2025-09-15 11:45:14.095 DEBUG client[0]: Submitting transaction 504b5330e8ea9d2cc3bb7ea501504df5b60c4d392c5723824f8e0fb3bf713b02
2025-09-15 11:45:14.179 TRACE : trigger interaction 0xc0004eb0e0 442/1200
[TRACE] Decoding transaction bytes of length: 229
[TRACE] Transaction type: 6
[TRACE] Successfully decoded transaction with hash: 6b3cf4a17e6c27dc9093920b046c2023819adfb36a8d289d983de3473ae249de
2025-09-15 11:45:14.179 TRACE client[0]: Processing transaction with hash: 6b3cf4a17e6c27dc9093920b046c2023819adfb36a8d289d983de3473ae249de
2025-09-15 11:45:14.179 DEBUG client[0]: Submitting transaction 6b3cf4a17e6c27dc9093920b046c2023819adfb36a8d289d983de3473ae249de
2025-09-15 11:45:14.262 TRACE : trigger interaction 0xc0004eb1d0 443/1200
[TRACE] Decoding transaction bytes of length: 229
[TRACE] Transaction type: 6
[TRACE] Successfully decoded transaction with hash: a09178a424d53e4a470465776cedafe48f633dc7adef6e372979b2f96c4c9d9a
2025-09-15 11:45:14.262 TRACE client[0]: Processing transaction with hash: a09178a424d53e4a470465776cedafe48f633dc7adef6e372979b2f96c4c9d9a
2025-09-15 11:45:14.262 DEBUG client[0]: Submitting transaction a09178a424d53e4a470465776cedafe48f633dc7adef6e372979b2f96c4c9d9a
2025-09-15 11:45:14.345 TRACE : trigger interaction 0xc0004eb2c0 444/1200
[TRACE] Decoding transaction bytes of length: 229
[TRACE] Transaction type: 6
[TRACE] Successfully decoded transaction with hash: a7ae918a490a3fe8465eeba7928812f6384886f1ea266d797abbf509617d3efa
2025-09-15 11:45:14.346 TRACE client[0]: Processing transaction with hash: a7ae918a490a3fe8465eeba7928812f6384886f1ea266d797abbf509617d3efa
2025-09-15 11:45:14.346 DEBUG client[0]: Submitting transaction a7ae918a490a3fe8465eeba7928812f6384886f1ea266d797abbf509617d3efa
2025-09-15 11:45:14.429 TRACE : trigger interaction 0xc0004eb3b0 445/1200
[TRACE] Decoding transaction bytes of length: 229
[TRACE] Transaction type: 6
[TRACE] Successfully decoded transaction with hash: 4f8c3f63c02cdd4d96622ad22a297a2942aec438a8aae935bc7e2caff37fcc70
2025-09-15 11:45:14.430 TRACE client[0]: Processing transaction with hash: 4f8c3f63c02cdd4d96622ad22a297a2942aec438a8aae935bc7e2caff37fcc70
2025-09-15 11:45:14.430 DEBUG client[0]: Submitting transaction 4f8c3f63c02cdd4d96622ad22a297a2942aec438a8aae935bc7e2caff37fcc70
2025-09-15 11:45:14.512 TRACE : trigger interaction 0xc0004eb4a0 446/1200
[TRACE] Decoding transaction bytes of length: 229
[TRACE] Transaction type: 6
[TRACE] Successfully decoded transaction with hash: 5576752634387b1961814b5c52aa7af5fc3d3ca6115a075c09976e6c3360ff9d
2025-09-15 11:45:14.513 TRACE client[0]: Processing transaction with hash: 5576752634387b1961814b5c52aa7af5fc3d3ca6115a075c09976e6c3360ff9d
2025-09-15 11:45:14.513 DEBUG client[0]: Submitting transaction 5576752634387b1961814b5c52aa7af5fc3d3ca6115a075c09976e6c3360ff9d
2025-09-15 11:45:14.595 TRACE : trigger interaction 0xc0004eb590 447/1200
[TRACE] Decoding transaction bytes of length: 229
[TRACE] Transaction type: 6
[TRACE] Successfully decoded transaction with hash: add8bad34d3a292fba4a4f488baf91b2c1f3ad7ca25fef7d2ea537ee3a8e7193
2025-09-15 11:45:14.596 TRACE client[0]: Processing transaction with hash: add8bad34d3a292fba4a4f488baf91b2c1f3ad7ca25fef7d2ea537ee3a8e7193
2025-09-15 11:45:14.596 DEBUG client[0]: Submitting transaction add8bad34d3a292fba4a4f488baf91b2c1f3ad7ca25fef7d2ea537ee3a8e7193
2025-09-15 11:45:14.680 TRACE : trigger interaction 0xc0004eb680 448/1200
[TRACE] Decoding transaction bytes of length: 229
[TRACE] Transaction type: 6
[TRACE] Successfully decoded transaction with hash: 268f24b51e7c4621a551f4f07943da65204855170957326043b11fdee817649b
2025-09-15 11:45:14.680 TRACE client[0]: Processing transaction with hash: 268f24b51e7c4621a551f4f07943da65204855170957326043b11fdee817649b
2025-09-15 11:45:14.680 DEBUG client[0]: Submitting transaction 268f24b51e7c4621a551f4f07943da65204855170957326043b11fdee817649b
2025-09-15 11:45:14.762 TRACE : trigger interaction 0xc0004eb770 449/1200
[TRACE] Decoding transaction bytes of length: 229
[TRACE] Transaction type: 6
[TRACE] Successfully decoded transaction with hash: 7f1a1ef56dd2da8c217c26305a89b78e9fc4fed979bb318cd9152ddd93429909
2025-09-15 11:45:14.763 TRACE client[0]: Processing transaction with hash: 7f1a1ef56dd2da8c217c26305a89b78e9fc4fed979bb318cd9152ddd93429909
2025-09-15 11:45:14.763 DEBUG client[0]: Submitting transaction 7f1a1ef56dd2da8c217c26305a89b78e9fc4fed979bb318cd9152ddd93429909
2025-09-15 11:45:14.845 TRACE : trigger interaction 0xc0004eb860 450/1200
[TRACE] Decoding transaction bytes of length: 229
[TRACE] Transaction type: 6
[TRACE] Successfully decoded transaction with hash: f6b01705789ae5c77157717f36265e832fc3e18947db3ef5960c34b87e42d63b
2025-09-15 11:45:14.846 TRACE client[0]: Processing transaction with hash: f6b01705789ae5c77157717f36265e832fc3e18947db3ef5960c34b87e42d63b
2025-09-15 11:45:14.846 DEBUG client[0]: Submitting transaction f6b01705789ae5c77157717f36265e832fc3e18947db3ef5960c34b87e42d63b
2025-09-15 11:45:14.929 TRACE : trigger interaction 0xc0004eb950 451/1200
[TRACE] Decoding transaction bytes of length: 229
[TRACE] Transaction type: 6
[TRACE] Successfully decoded transaction with hash: 86a081207a0bd7eb888e27efbd7f0c850db683f3b0f636d61422243c80c61f4c
2025-09-15 11:45:14.930 TRACE client[0]: Processing transaction with hash: 86a081207a0bd7eb888e27efbd7f0c850db683f3b0f636d61422243c80c61f4c
2025-09-15 11:45:14.930 DEBUG client[0]: Submitting transaction 86a081207a0bd7eb888e27efbd7f0c850db683f3b0f636d61422243c80c61f4c
2025-09-15 11:45:15.012 TRACE : trigger interaction 0xc0004eba40 452/1200
[TRACE] Decoding transaction bytes of length: 229
[TRACE] Transaction type: 6
[TRACE] Successfully decoded transaction with hash: a90cfb601f6a9ded1db288383f562cc8c56dcb36754ceaaea4ef8573b57e7db7
2025-09-15 11:45:15.013 TRACE client[0]: Processing transaction with hash: a90cfb601f6a9ded1db288383f562cc8c56dcb36754ceaaea4ef8573b57e7db7
2025-09-15 11:45:15.013 DEBUG client[0]: Submitting transaction a90cfb601f6a9ded1db288383f562cc8c56dcb36754ceaaea4ef8573b57e7db7
2025-09-15 11:45:15.096 TRACE : trigger interaction 0xc00046e870 453/1200
[TRACE] Decoding transaction bytes of length: 229
[TRACE] Transaction type: 6
[TRACE] Successfully decoded transaction with hash: a0bfd65317288b85d0ac7c762b64b488a0efbe8f7ca0f27d7b6421c51a001fff
2025-09-15 11:45:15.096 TRACE client[0]: Processing transaction with hash: a0bfd65317288b85d0ac7c762b64b488a0efbe8f7ca0f27d7b6421c51a001fff
2025-09-15 11:45:15.096 DEBUG client[0]: Submitting transaction a0bfd65317288b85d0ac7c762b64b488a0efbe8f7ca0f27d7b6421c51a001fff
2025-09-15 11:45:15.179 TRACE : trigger interaction 0xc00046e960 454/1200
[TRACE] Decoding transaction bytes of length: 229
[TRACE] Transaction type: 6
[TRACE] Successfully decoded transaction with hash: 29f415e5dce7d9f7ab99cfbd4017ed67af49a0c9ccf89f04064b43a3cdb6afce
2025-09-15 11:45:15.179 TRACE client[0]: Processing transaction with hash: 29f415e5dce7d9f7ab99cfbd4017ed67af49a0c9ccf89f04064b43a3cdb6afce
2025-09-15 11:45:15.179 DEBUG client[0]: Submitting transaction 29f415e5dce7d9f7ab99cfbd4017ed67af49a0c9ccf89f04064b43a3cdb6afce
2025-09-15 11:45:15.263 TRACE : trigger interaction 0xc00046ea50 455/1200
[TRACE] Decoding transaction bytes of length: 229
[TRACE] Transaction type: 6
[TRACE] Successfully decoded transaction with hash: 7d76a98cbcf8fe21166ba40e5cdeed69ac361552c12aea455769fb7bce6361dd
2025-09-15 11:45:15.263 TRACE client[0]: Processing transaction with hash: 7d76a98cbcf8fe21166ba40e5cdeed69ac361552c12aea455769fb7bce6361dd
2025-09-15 11:45:15.263 DEBUG client[0]: Submitting transaction 7d76a98cbcf8fe21166ba40e5cdeed69ac361552c12aea455769fb7bce6361dd
2025-09-15 11:45:15.346 TRACE : trigger interaction 0xc00046eb40 456/1200
[TRACE] Decoding transaction bytes of length: 229
[TRACE] Transaction type: 6
[TRACE] Successfully decoded transaction with hash: ceb06b444f2bb068796e000258d318e839db961497d7d38a60143639832f9032
2025-09-15 11:45:15.346 TRACE client[0]: Processing transaction with hash: ceb06b444f2bb068796e000258d318e839db961497d7d38a60143639832f9032
2025-09-15 11:45:15.346 DEBUG client[0]: Submitting transaction ceb06b444f2bb068796e000258d318e839db961497d7d38a60143639832f9032
2025-09-15 11:45:15.429 TRACE : trigger interaction 0xc00046ec30 457/1200
[TRACE] Decoding transaction bytes of length: 229
[TRACE] Transaction type: 6
[TRACE] Successfully decoded transaction with hash: 7d4156cb135a8274cf04d260f1c0bd30c47ca9d74029cc43e9f1e9efd4e24764
2025-09-15 11:45:15.430 TRACE client[0]: Processing transaction with hash: 7d4156cb135a8274cf04d260f1c0bd30c47ca9d74029cc43e9f1e9efd4e24764
2025-09-15 11:45:15.430 DEBUG client[0]: Submitting transaction 7d4156cb135a8274cf04d260f1c0bd30c47ca9d74029cc43e9f1e9efd4e24764
2025-09-15 11:45:15.512 TRACE : trigger interaction 0xc00046ed20 458/1200
[TRACE] Decoding transaction bytes of length: 229
[TRACE] Transaction type: 6
[TRACE] Successfully decoded transaction with hash: 219f9bcc0dc9d151702418428b4972d96942a26d53bcb190a4a3512c4342f50b
2025-09-15 11:45:15.513 TRACE client[0]: Processing transaction with hash: 219f9bcc0dc9d151702418428b4972d96942a26d53bcb190a4a3512c4342f50b
2025-09-15 11:45:15.513 DEBUG client[0]: Submitting transaction 219f9bcc0dc9d151702418428b4972d96942a26d53bcb190a4a3512c4342f50b
2025-09-15 11:45:15.595 TRACE : trigger interaction 0xc00046ee10 459/1200
[TRACE] Decoding transaction bytes of length: 229
[TRACE] Transaction type: 6
[TRACE] Successfully decoded transaction with hash: 0a9ad0d5849aefbda361ccd4ac423f749cf3ab19864e6f330d924e39191e5560
2025-09-15 11:45:15.596 TRACE client[0]: Processing transaction with hash: 0a9ad0d5849aefbda361ccd4ac423f749cf3ab19864e6f330d924e39191e5560
2025-09-15 11:45:15.596 DEBUG client[0]: Submitting transaction 0a9ad0d5849aefbda361ccd4ac423f749cf3ab19864e6f330d924e39191e5560
2025-09-15 11:45:15.678 TRACE : trigger interaction 0xc00046ef00 460/1200
[TRACE] Decoding transaction bytes of length: 229
[TRACE] Transaction type: 6
[TRACE] Successfully decoded transaction with hash: 7a574bfe84d38484f07b290c75f27b2f905dd63ed5330a0d5599b7bc0b6a36ec
2025-09-15 11:45:15.679 TRACE client[0]: Processing transaction with hash: 7a574bfe84d38484f07b290c75f27b2f905dd63ed5330a0d5599b7bc0b6a36ec
2025-09-15 11:45:15.679 DEBUG client[0]: Submitting transaction 7a574bfe84d38484f07b290c75f27b2f905dd63ed5330a0d5599b7bc0b6a36ec
2025-09-15 11:45:15.762 TRACE : trigger interaction 0xc00046eff0 461/1200
[TRACE] Decoding transaction bytes of length: 229
[TRACE] Transaction type: 6
[TRACE] Successfully decoded transaction with hash: 571161c1ea4be615da92ba7dcedc5be9e6f393756d7e94a704323858322ea032
2025-09-15 11:45:15.763 TRACE client[0]: Processing transaction with hash: 571161c1ea4be615da92ba7dcedc5be9e6f393756d7e94a704323858322ea032
2025-09-15 11:45:15.763 DEBUG client[0]: Submitting transaction 571161c1ea4be615da92ba7dcedc5be9e6f393756d7e94a704323858322ea032
2025-09-15 11:45:15.845 TRACE : trigger interaction 0xc00046f0e0 462/1200
[TRACE] Decoding transaction bytes of length: 229
[TRACE] Transaction type: 6
[TRACE] Successfully decoded transaction with hash: 17e7b4e1f62d04b1a6df4b5c762bbfa6bbbdf6d00781b753a64f9e9b029ba2c3
2025-09-15 11:45:15.845 TRACE client[0]: Processing transaction with hash: 17e7b4e1f62d04b1a6df4b5c762bbfa6bbbdf6d00781b753a64f9e9b029ba2c3
2025-09-15 11:45:15.845 DEBUG client[0]: Submitting transaction 17e7b4e1f62d04b1a6df4b5c762bbfa6bbbdf6d00781b753a64f9e9b029ba2c3
2025-09-15 11:45:15.929 TRACE : trigger interaction 0xc00046f1d0 463/1200
[TRACE] Decoding transaction bytes of length: 229
[TRACE] Transaction type: 6
[TRACE] Successfully decoded transaction with hash: 67be449992753af610b080207e5fc1dc38b73ffee3d4038c1fcdeefd1109696e
2025-09-15 11:45:15.929 TRACE client[0]: Processing transaction with hash: 67be449992753af610b080207e5fc1dc38b73ffee3d4038c1fcdeefd1109696e
2025-09-15 11:45:15.929 DEBUG client[0]: Submitting transaction 67be449992753af610b080207e5fc1dc38b73ffee3d4038c1fcdeefd1109696e
2025-09-15 11:45:16.012 TRACE : trigger interaction 0xc00046f2c0 464/1200
[TRACE] Decoding transaction bytes of length: 229
[TRACE] Transaction type: 6
[TRACE] Successfully decoded transaction with hash: 80fa68ae357e786239598f47bdba1ff6abcaa0a324030b65cc67bb584f5f25da
2025-09-15 11:45:16.013 TRACE client[0]: Processing transaction with hash: 80fa68ae357e786239598f47bdba1ff6abcaa0a324030b65cc67bb584f5f25da
2025-09-15 11:45:16.013 DEBUG client[0]: Submitting transaction 80fa68ae357e786239598f47bdba1ff6abcaa0a324030b65cc67bb584f5f25da
2025-09-15 11:45:16.095 TRACE : trigger interaction 0xc00046f3b0 465/1200
[TRACE] Decoding transaction bytes of length: 229
[TRACE] Transaction type: 6
[TRACE] Successfully decoded transaction with hash: e67a223f76bdaf8da5a4d16651a5a20dcbefcfe26e6e7b83f509b9b00fb89f80
2025-09-15 11:45:16.096 TRACE client[0]: Processing transaction with hash: e67a223f76bdaf8da5a4d16651a5a20dcbefcfe26e6e7b83f509b9b00fb89f80
2025-09-15 11:45:16.096 DEBUG client[0]: Submitting transaction e67a223f76bdaf8da5a4d16651a5a20dcbefcfe26e6e7b83f509b9b00fb89f80
2025-09-15 11:45:16.173 TRACE client[0]: Found transaction in block: f119a7a7bd8b8e37a864d2bff58dd3ac354ad4bf09a064485f35411fa91a8844
2025-09-15 11:45:16.173 TRACE client[0]: Found transaction in block: ed7b2cae09ae2e0f45276af5fa99f9c70ac0735eee48dc0b32c90d402a263fb1
2025-09-15 11:45:16.173 TRACE client[0]: Found transaction in block: 2bc043906a9ea1421e5959a776c21255211350813f3f26029e3b951b3dbef5f2
2025-09-15 11:45:16.173 TRACE client[0]: Found transaction in block: 2a70b0874312ca61143867a0f351c4f06a8f4c25874dfb44fe1ec61cd9d142d8
2025-09-15 11:45:16.173 TRACE client[0]: Found transaction in block: a372a8225c4b95fc69eb44a0af425811a20e4d841037a9f9ba14f669e0834ced
2025-09-15 11:45:16.173 TRACE client[0]: Found transaction in block: 2c663d5ee4d769dfaedc0f896a5f4a61e4d32bc31d9e82a1d67417c88397a7ec
2025-09-15 11:45:16.173 TRACE client[0]: Found transaction in block: 1529c715d373e49fe9eff5f0e4b664a6930e10376da5e543a783a5866e88517d
2025-09-15 11:45:16.173 TRACE client[0]: Found transaction in block: 4c27004e04a26e907f53b30c11d7ce943a8b3f122a548d459e111934ce320e92
2025-09-15 11:45:16.173 TRACE client[0]: Found transaction in block: bfa945c27de4fbaaea4271eb133304afdc86f36b3f71525b16f3a354c468fde5
2025-09-15 11:45:16.173 TRACE client[0]: Found transaction in block: 17f74b36a0dbbe7bc5e2ed79f476ac3d7918ac9c81245a176dd322e90e4acc85
2025-09-15 11:45:16.173 TRACE client[0]: Found transaction in block: 4738fb9d2fb5badb0876748da0adc144539c97829ea3035c5185c139e7557a55
2025-09-15 11:45:16.173 TRACE client[0]: Found transaction in block: d763482989ec3fe3f7def40966018c65ba497a63d7501fa97a87a64310fb2ed1
2025-09-15 11:45:16.173 TRACE client[0]: Found transaction in block: d29cb5a950347cad2190af66b050cb711449b0eac6f4ca6045f6e1c3e7033f2a
2025-09-15 11:45:16.173 TRACE client[0]: Found transaction in block: 5478a59aa890a1057d6db9381b9dad52c1b26bfffd21a6657a7a10f21fba0d64
2025-09-15 11:45:16.173 TRACE client[0]: Found transaction in block: 0dfe98d996835bf02210a4886e7ced7ef4883674169f1f7ee87cbf4d56177f30
2025-09-15 11:45:16.173 TRACE client[0]: Found transaction in block: 476ae690b03efc52e44a2cc85b4070b1fcb9469fada7c8541c6d5c8e61782a48
2025-09-15 11:45:16.173 TRACE client[0]: Found transaction in block: 2541ee0ef080d4e933e3da3df8d3210dfddd7eb3498d7f81e7cfe98d36dbc006
2025-09-15 11:45:16.173 TRACE client[0]: Found transaction in block: 7eed1a7e247490a63941d28ebf9980bb878c7056496e3e8b4636054af5efdcae
2025-09-15 11:45:16.173 TRACE client[0]: Found transaction in block: 4c5229b28ec00325a40a1d739f9328906c6c231c1fefdd206b83abaadd145ad1
2025-09-15 11:45:16.173 TRACE client[0]: Found transaction in block: 5936f049e65db5f60f40476aec3ee2ac023cbd3d3bca93d7e199577f86985de8
2025-09-15 11:45:16.173 TRACE client[0]: Found transaction in block: ea2cf35eeacd63f2abfb0f7a04577e942fe117307c426bf937b17be213527d17
2025-09-15 11:45:16.173 TRACE client[0]: Found transaction in block: 469ef04860f15e2e5c6cd3ef8b5bec0c28d7a087643ec2fe9c5e16d088106bb5
2025-09-15 11:45:16.173 TRACE client[0]: Found transaction in block: 6e1dcd5f1d7a28875fa66e02e816279a48bc025236eb6b55545874cc6b65c977
2025-09-15 11:45:16.173 TRACE client[0]: Found transaction in block: d9248846dc796909d5bba5d8044a325b91ce3ded60a1d5f86e5fc8df8dde2fbe
2025-09-15 11:45:16.173 TRACE client[0]: Found transaction in block: 2b1764942f0fbf5373286e9e1dd7e439f4c631461c00664778eb310e61d0c956
2025-09-15 11:45:16.173 TRACE client[0]: Found transaction in block: 7e55985d38ef7c949dfa8012886ba493e093712599295a1de584b70b789467b8
2025-09-15 11:45:16.173 TRACE client[0]: Found transaction in block: a199527069c4c235a0e8d6e45f17fbbaaddf4ea47951cbfe738d1a8973e0255c
2025-09-15 11:45:16.173 TRACE client[0]: Found transaction in block: 31cfe40842a6070ede08e0809df08c8d0a5028bfff161938917ef7d9208424e3
2025-09-15 11:45:16.173 TRACE client[0]: Found transaction in block: 04cca8af78329a9afa955982ee3fca47bee2852bd45494ce651b98695fde0ea6
2025-09-15 11:45:16.173 TRACE client[0]: Found transaction in block: 70db0ff2f16ed11e8df224b6e8007da016c408c60992af06bb244605aeb68acb
2025-09-15 11:45:16.173 TRACE client[0]: Found transaction in block: d64a35c25005c8b55b3e4d9cb9be9a1ccb3bff7d5e254bed672ef2772beccadd
2025-09-15 11:45:16.173 TRACE client[0]: Found transaction in block: 3943a2fb5076778ff5b90d00579f93a5a01cfc9ed15daca65f316da0fbd8122d
2025-09-15 11:45:16.173 TRACE client[0]: Found transaction in block: d8111be1ea9cf670f99084b2c458319eb5f9b0e13fb25c14298273f0a9f48ac2
2025-09-15 11:45:16.173 TRACE client[0]: Found transaction in block: 20499072f5ffb434ffbb8b84a8ab432af261531387d5cb78298cc776bc9b3c79
2025-09-15 11:45:16.173 TRACE client[0]: Found transaction in block: 1f8f2f73f83daff47aec1128621b699bd1a2c74e0ed683f048d19eb7a9c488a6
2025-09-15 11:45:16.173 TRACE client[0]: Found transaction in block: c1f4cedb10d2e3aafb6737c96c75c9948a54b40ac31f67efb54bb4f780457591
2025-09-15 11:45:16.173 TRACE client[0]: Found transaction in block: 6f7dea0e0bc16e5dec07d661a900fb806800010d0ed437c34b4af0611e14c0cc
2025-09-15 11:45:16.173 TRACE client[0]: Found transaction in block: 606b45bc6611b0fce3dc8ad9324346b7e446efa65ca90da2d293b8009ba90cd3
2025-09-15 11:45:16.173 TRACE client[0]: Found transaction in block: e5af9a15210b96661302c64f295665d25d4c36aa58b158eda25334e6084dd26d
2025-09-15 11:45:16.173 TRACE client[0]: Found transaction in block: 0ad5449be7049a95d46435c301516ea2dd1993390b12e49ec1e7fc7368b67d78
2025-09-15 11:45:16.173 TRACE client[0]: Found transaction in block: f16807c1c39fa10318108d4373cc3d53e320accbab279939dce0a34d57725c2d
2025-09-15 11:45:16.173 TRACE client[0]: Found transaction in block: e9705306e1779ddd7640bd03a130388b862e2cb2162889a776688c171ae2658e
2025-09-15 11:45:16.173 TRACE client[0]: Found transaction in block: 5088c1aadc28517b9e4251d0ce0fbf41ed05f219a53967a8757cb3ccb12ae25c
2025-09-15 11:45:16.173 TRACE client[0]: Found transaction in block: 310b95ba2f56951650482e87fb532794bb50d4ff0b31191031ff576103563fc7
2025-09-15 11:45:16.173 TRACE client[0]: Found transaction in block: a04454b08204109ef9661e9995401f2d616d32f64652e5aa3e3841c20c8c28d6
2025-09-15 11:45:16.173 TRACE client[0]: Found transaction in block: d9670fee43686b724e7f449a696aca1113e1f92e00bc864f91d6cab3b9ddb32a
2025-09-15 11:45:16.173 TRACE client[0]: Found transaction in block: 2f4bea3946e50aa3a171d368de2027da50104933f780a0a4931360c31b1e16f7
2025-09-15 11:45:16.173 TRACE client[0]: Found transaction in block: 23d246cf4bfa1c5940acad7d201471cc6e53aeca7113015f85e9dbb70e7fb938
2025-09-15 11:45:16.173 TRACE client[0]: Found transaction in block: 932b010acb37ac442fdfda7381e50d76a5a283ea6117a33af395b0a430b8c534
2025-09-15 11:45:16.173 TRACE client[0]: Found transaction in block: 036d7a5a4462a8a8b48224417aedebefc75183eeef7267c8d9141689ea5bbc86
2025-09-15 11:45:16.173 TRACE client[0]: Found transaction in block: 437f661e8075b2b5b606bb60b44e9ec9f86c011fd1f4b96af06cd00af497651d
2025-09-15 11:45:16.173 TRACE client[0]: Found transaction in block: 43f7212037283de887d3e1f97839ac4ce1918f0930a8f55e9fe23728474a69c8
2025-09-15 11:45:16.173 TRACE client[0]: Found transaction in block: a30c052e02708f792fa749f8cf6dea7fc111595da42bff72e860b3f6758ed84e
2025-09-15 11:45:16.173 TRACE client[0]: Found transaction in block: 62edb35a80a906480c656ee22fb97c19fcb64c300b7fbd633addea93629669a2
2025-09-15 11:45:16.173 TRACE client[0]: Found transaction in block: 72bdd4ec7386f2bd964c5f2953b97a7444d9d8a5c1b2ff6ff42192624477f1ee
2025-09-15 11:45:16.173 TRACE client[0]: Found transaction in block: 9282cbbff063f6ab20456e73fea13220c562c559f4f1c037002725441746b274
2025-09-15 11:45:16.173 TRACE client[0]: Found transaction in block: 6e506674f4c2ec4b32f3b06068d0057c6ad2e7f7162faf8b379421df8a941afd
2025-09-15 11:45:16.173 TRACE client[0]: Found transaction in block: 9dc443085209d70987a437d4ca3122b7b083e5c91d2d0a10c642235ca2978444
2025-09-15 11:45:16.173 TRACE client[0]: Found transaction in block: 2896ce632669f9f9165fdc14cd4b3ac6ea30a69d14e5fd0ffe7a5447d5fc7816
2025-09-15 11:45:16.173 TRACE client[0]: Found transaction in block: d330b159f499345dfaaac1dad75d374729ca3792ec8b6524e268a4dc2d1f7f2b
2025-09-15 11:45:16.173 TRACE client[0]: Found transaction in block: 9f199829d7869ae5418127486aff486359aa5deddbf7ca9d4adc96f329133c9c
2025-09-15 11:45:16.173 TRACE client[0]: Found transaction in block: 0babc042a2288cc5c1f18913e9bccefdffec4a7aa3e1b9d0e5534261485fbb39
2025-09-15 11:45:16.173 TRACE client[0]: Found transaction in block: 957496fdafe90fd1ae41395f110034b65a5a5e9307443cd9ab1433088a18daf0
2025-09-15 11:45:16.173 TRACE client[0]: Found transaction in block: ed55faba5145e0c3442c350c3c288ed0acb6bdf9d592b5621db0e2c5e2fb0d94
2025-09-15 11:45:16.173 TRACE client[0]: Found transaction in block: 3263498b19bee15ff998897e4b56a708c4ab0764c6036fecdd2899e636c420b5
2025-09-15 11:45:16.173 TRACE client[0]: Found transaction in block: a9bcb0319361501b57eabe075efbb00d51feba61ea4dc7064ee4440c3b675671
2025-09-15 11:45:16.173 TRACE client[0]: Found transaction in block: 97f5d20950765884dae2de568ae1096897cfa8c50a3110a4e5724a98fcc6b3a6
2025-09-15 11:45:16.173 TRACE client[0]: Found transaction in block: 16d2aa3c21c370f1c3043e1798e54ee02b0703b433ae8451a7c6c477dd3ba7d5
2025-09-15 11:45:16.173 TRACE client[0]: Found transaction in block: 2c6d9aa288026e81ae5464010f55077a9ef1e24febb5b2ebd14e1b9893221c43
2025-09-15 11:45:16.173 TRACE client[0]: Found transaction in block: 593bd6e4aba9d578fdf711181c401908e12941fc2c7da228e7580811d46afaa3
2025-09-15 11:45:16.173 TRACE client[0]: Found transaction in block: a55b6588ba36966f4bff2c79b9d18190507cbe4381da38128a8bdc292639a8d4
2025-09-15 11:45:16.173 TRACE client[0]: Found transaction in block: ce071810ddf6c9822f96e9d368f75ba60dfbab81e739942c423980929d32846e
2025-09-15 11:45:16.173 TRACE client[0]: Found transaction in block: 47982a7c63469ffc1d2638ca76e1800f8f2d9457ee74ca1597e78870501b4190
2025-09-15 11:45:16.173 TRACE client[0]: Found transaction in block: 163ac4042543193c69820d3fc96080be9270314915c93551b1d7978e0ca288af
2025-09-15 11:45:16.173 TRACE client[0]: Found transaction in block: f8bee2f65b97feb577464fbdd093d2242f44a190734c7e04d1fc5116081a95ac
2025-09-15 11:45:16.173 TRACE client[0]: Found transaction in block: 1c125ec1a0f2faac0fe97476ecca9551ca81f455621ed2ee531764ad9370556e
2025-09-15 11:45:16.173 TRACE client[0]: Found transaction in block: 3ea7e3d952f50dd42eb5ab81940427695a2bacc96a19567f0a2be1dd8d759f51
2025-09-15 11:45:16.173 TRACE client[0]: Found transaction in block: 608bb42340a0ddaf0e930fb45c767e2ce2a5865ed74590ae57b2df2356b36c12
2025-09-15 11:45:16.173 TRACE client[0]: Found transaction in block: 3e8f34093c4e94cedb95707fecd82f12b27d1f001d28c872e4f0e6776daf909d
2025-09-15 11:45:16.173 TRACE client[0]: Found transaction in block: 3fb0d964c5a0cff8006945177f4e8035fc5b31a9bfa26a6c4a5febe6069e1ad8
2025-09-15 11:45:16.173 TRACE client[0]: Found transaction in block: f50de75f6710bb5aa7c1496a30eb3801441c0bef2fe682daf26e624aab767838
2025-09-15 11:45:16.173 TRACE client[0]: Found transaction in block: ad6d4d5588f9da94a0be565aee611486c0c98da045eff2b6ea3dfcb9eb29d362
2025-09-15 11:45:16.173 TRACE client[0]: Found transaction in block: ae4373a56e07b0933998915a0a7a2e97fd5fcd8ac3ea1ad816b10f99f4a4eef1
2025-09-15 11:45:16.173 TRACE client[0]: Found transaction in block: ff2359b0355ea6314e39b28c31d6053606177bff02ee32437305944349aafa30
2025-09-15 11:45:16.173 TRACE client[0]: Found transaction in block: 29c3aefda11f5f0cbfea8b1cfdaf49202d286066eb1e3afe1cd9bb6bf27427ae
2025-09-15 11:45:16.173 TRACE client[0]: Found transaction in block: 5f393561aedf5e4fbde12a3151365e1682e8a6da0b4fbc5bd6d9b605d292c3f9
2025-09-15 11:45:16.173 TRACE client[0]: Found transaction in block: 0b119bd52cea993c9c064f010a6d025641e0cddf49fdfa69eea4a29002b580c5
2025-09-15 11:45:16.173 TRACE client[0]: Found transaction in block: 1992fe6c3b9329465dabae2590134b828c3992c99c4b3c847d6ec03b4be83750
2025-09-15 11:45:16.173 TRACE client[0]: Found transaction in block: 46707f0a97c9bf7438e90351d1adb72444b26af31668b7ed2c45fbd285b4d3fc
2025-09-15 11:45:16.173 TRACE client[0]: Found transaction in block: 694dcfa26a01805d4ae310b4f35328038a35893a65a3664850c0a90640346f87
2025-09-15 11:45:16.173 TRACE client[0]: Found transaction in block: 3c9e2609c6b09ca7d802b37c69c120fff43a2491c3c6199a242530b44a161e80
2025-09-15 11:45:16.173 TRACE client[0]: Found transaction in block: d1cb23b2f697db11f0d60c8068cf77889fc16d11f8313e5c123d9de89fc98797
2025-09-15 11:45:16.173 TRACE client[0]: Found transaction in block: df3b96a75cd3be51cd881203ff37ddc9d24eabbb348b170a0f7572564aef4857
2025-09-15 11:45:16.173 TRACE client[0]: Found transaction in block: b072548ac68123a36c496556c06a5c1c92f88df420e5a3e3faddeb37efa40f0f
2025-09-15 11:45:16.173 TRACE client[0]: Found transaction in block: 6a6e34a1b4172d94ef615f076b3d549dc579572f36b99f0ad01e567ef53afd6c
2025-09-15 11:45:16.173 TRACE client[0]: Found transaction in block: 900300fd091d5b982f85880381b37b3a859033fc0f8e457da1b0f545739243e8
2025-09-15 11:45:16.173 TRACE client[0]: Found transaction in block: 46e02e49d28e52effd595fd4b4290d5ace760193c45caf6718fa3de8e30b250d
2025-09-15 11:45:16.173 TRACE client[0]: Found transaction in block: d0e749b930235a38d3529b87b40fd22e4299ebfe4602fc5ddc4fde74dce37f93
2025-09-15 11:45:16.173 TRACE client[0]: Found transaction in block: 15865f16ef777beaebc60b5e35a3778ee7abaefb48e4391672119b8f532344dd
2025-09-15 11:45:16.173 TRACE client[0]: Found transaction in block: 101f97e45f0b40a6af758206736560f72b8e507bf1d14690cae6b5e1d56dc31c
2025-09-15 11:45:16.173 TRACE client[0]: Found transaction in block: e7c3776274395bf82e6e3a96f3ace5584f0881f183a872a224521a81e44d6a8f
2025-09-15 11:45:16.173 TRACE client[0]: Found transaction in block: 71ad9d02ee2541e73fc904abea53df237b194d3350f1309a4942f6e42a3194fa
2025-09-15 11:45:16.173 TRACE client[0]: Found transaction in block: f0f880ed7d865f631a9b916b5422639a73ff30334839c1c3176cdd23d69d1cd4
2025-09-15 11:45:16.173 TRACE client[0]: Found transaction in block: cd4858d90fae0d5530fae70e67d25ae0df7c10caaa7e53e23fc2e40c69b72ebc
2025-09-15 11:45:16.173 TRACE client[0]: Found transaction in block: d31dc2615177bed79fc7439ce091601939bbf7296f946352c30d5726c3d583d5
2025-09-15 11:45:16.173 TRACE client[0]: Found transaction in block: 6337d0ae37c38920e02ed86761f265d04337b05a91cd5cb13cbbd97ad2759340
2025-09-15 11:45:16.173 TRACE client[0]: Found transaction in block: 13695f9ed0d0bbbb62cfa94d6212fc8683383a730d333d07b44ee2bea3f2e016
2025-09-15 11:45:16.173 TRACE client[0]: Found transaction in block: 5320ac2b82bc8603002f8fd8a6b347f71bae858b0c2b264a17d2b30963d58710
2025-09-15 11:45:16.173 TRACE client[0]: Found transaction in block: c05358392096a5a87bb2af87eece887a177c981acc3b19afd7ac157609cc15fb
2025-09-15 11:45:16.173 TRACE client[0]: Found transaction in block: 677ed4fa819713f0f2f0469d6bdc3da014a019795f736fafeaa8e9d051ae64b7
2025-09-15 11:45:16.173 TRACE client[0]: Found transaction in block: fbf4250a89c73521cc5104bf1fbc283cf251aac791b8b195e93cf20fb31a978c
2025-09-15 11:45:16.173 TRACE client[0]: Found transaction in block: fc6a792c2117bf5ef5b5e1c1335031413a170876067c87ec53e9d4995b60b88e
2025-09-15 11:45:16.173 TRACE client[0]: Found transaction in block: 942f1b14dd670c0216ddff1650119ce0aa9f8145ab8b1ec640d7954947c1fd7d
2025-09-15 11:45:16.173 TRACE client[0]: Found transaction in block: fa199033f8d3e9f7285c7a31f4717689e16596b293fda84e0bb9dfbd15aaa193
2025-09-15 11:45:16.173 TRACE client[0]: Found transaction in block: b6c43c3988317d3812ca7135b06f8bc1baf897e81a3e259374396f9231517481
2025-09-15 11:45:16.173 TRACE client[0]: Found transaction in block: 4b042f29006f54124f8ff192b00184c87c314485bc4dcf3c2168cd73af005f2d
2025-09-15 11:45:16.173 TRACE client[0]: Found transaction in block: 571e9a355595078bac8061f12bc933075a1a0a3c2e632918250810289c81d8ae
2025-09-15 11:45:16.173 TRACE client[0]: Found transaction in block: b563849d39102987b1a17ebc07147a66c8c8f56fecf192c618777a065fda250f
2025-09-15 11:45:16.173 TRACE client[0]: Found transaction in block: 62f568a2c7ad94e3b0b6f93334eaa57b11e4fd36f5593b8dfb0b861ae9deda27
2025-09-15 11:45:16.173 TRACE client[0]: Found transaction in block: 6d99f2cb54fe0936a86b3ce07338e5d8201a38b980d4aeabdaa7c96c21ddfcd7
2025-09-15 11:45:16.173 TRACE client[0]: Found transaction in block: d041b2855a030ff29c8ce832cd3d1b7a87e4523805cdcaff3dd7a4aac00062ba
2025-09-15 11:45:16.173 TRACE client[0]: Found transaction in block: 457854324184fef74eea0aac8bca39ca4dd6829d6f367b4e686685f18b73e27c
2025-09-15 11:45:16.173 TRACE client[0]: Found transaction in block: e321536de0162d1b534d24994ff6348bd8ded3f9cebe66ee0e1abc719e1b7d25
2025-09-15 11:45:16.173 TRACE client[0]: Found transaction in block: c55ab2628606f68ea9cb71359c3090f7cc4dda3bc3593588437f4a28b61d139d
2025-09-15 11:45:16.173 TRACE client[0]: Found transaction in block: 2040bbc372b33ea24c2ff74f26fba06d774edfed1cfe94405585615233c1f83c
2025-09-15 11:45:16.173 TRACE client[0]: Found transaction in block: 1138745f011fbb891783787699b4415c8d37a8dc3541b18de6d4df62dbb8de8b
2025-09-15 11:45:16.173 TRACE client[0]: Found transaction in block: 5fdf68b17c7824730ee5923893a934c69de05995debd9c8d1054d984b1acf48e
2025-09-15 11:45:16.173 TRACE client[0]: Found transaction in block: 2361c65d42ebd3a319b23e27fe532c037c48fb6ff0daa64e7162c7e6158acf59
2025-09-15 11:45:16.173 TRACE client[0]: Found transaction in block: 1f25deb537ad81df26a27caff2f65b0ca0bc9b5e4dd676e306575ec2ee37684a
2025-09-15 11:45:16.173 TRACE client[0]: Found transaction in block: 36326acff2bc5793c07fef2d4ce6a87b35c85a5307bcda4fdba677d806768763
2025-09-15 11:45:16.173 TRACE client[0]: Found transaction in block: 74d6912075051edcdb019afdedbc57b464a591849044f6994c9c4ac9185063f2
2025-09-15 11:45:16.173 TRACE client[0]: Found transaction in block: 69e06394cbf36ce4587449990636ad03cbd299ec613ae277fc6e3ee9d612a608
2025-09-15 11:45:16.173 TRACE client[0]: Found transaction in block: 0a3217239cf844c55a0a8c90b839027b0a9366f50e355b6da71aa35efbdde259
2025-09-15 11:45:16.173 TRACE client[0]: Found transaction in block: 6998157e0d5f2e7ae59bae12d02a30f741dce43ae8ec96cc336a2a4754ece804
2025-09-15 11:45:16.173 TRACE client[0]: Found transaction in block: 75220c86f485a31418d9ba9e89bebaf7f6cab5f1c7524cba5739756c289d0d2b
2025-09-15 11:45:16.173 TRACE client[0]: Found transaction in block: 13079f9d2029d3c31b5329c4f15aeeeec740d1496e79b6b1bcc764838ecd4524
2025-09-15 11:45:16.173 TRACE client[0]: Found transaction in block: 296f5063e17f8a2124d33634ed9695a2af21615e8138d1f961d423bf0d80502c
2025-09-15 11:45:16.173 TRACE client[0]: Found transaction in block: a53d22e0a8c89ff41034f63acecb5b90ffce0640fa5e130e19ded03a6df2daea
2025-09-15 11:45:16.173 TRACE client[0]: Found transaction in block: 77819a2211ea06f2a570777c714c7af1680e6052a128dec88c1c16c21680f03f
2025-09-15 11:45:16.173 TRACE client[0]: Found transaction in block: 771d23aa1f156305b3a26e6036697fe07e58fcbeedea117d44f7320c22934b03
2025-09-15 11:45:16.173 TRACE client[0]: Found transaction in block: 9c55671e2a2925e3b2354cf7ba01f26613e1d3db7fa658b4b83dafe2880676c5
2025-09-15 11:45:16.173 TRACE client[0]: Found transaction in block: f02587f942d5cf638d824c770fbd37955b4e16be50b894555fcb9024007d2311
2025-09-15 11:45:16.173 TRACE client[0]: Found transaction in block: ed3068c868be4f891b2f4e6da3843f214dd00fea6d2398c7ef7576426973c236
2025-09-15 11:45:16.173 TRACE client[0]: Found transaction in block: c5cdb8bcfc8a88760b69193ff9836a93e1defc03e328fd6173bdebb81e3606a9
2025-09-15 11:45:16.173 TRACE client[0]: Found transaction in block: 8853474aecaac68a29457dd14a43897bd01f588c37e98bfa8084f831775463f6
2025-09-15 11:45:16.173 TRACE client[0]: Found transaction in block: 39a3f852aec6816aa6485981ae2049c9393d949309025ecd41db7807b2c73810
2025-09-15 11:45:16.173 TRACE client[0]: Found transaction in block: 329bccc71850c935fa843e109cdba02b4f56b3ea11ab4100729b90956acc23ba
2025-09-15 11:45:16.173 TRACE client[0]: Found transaction in block: 810befb4cce2362cb1506a3cf685614b3f5bbcd3c2386590613a7b086582bef9
2025-09-15 11:45:16.173 TRACE client[0]: Found transaction in block: e8ff28acbe21c5366c3209d2b064364c4b03124d2f035ef0b23f17fd68318f71
2025-09-15 11:45:16.173 TRACE client[0]: Found transaction in block: 848060a9d8191d3dc1a8b53a9764a82922f664ae3b128c17949088eb4e20c61f
2025-09-15 11:45:16.173 TRACE client[0]: Found transaction in block: f444bde9e3a1e4bf59ed21b273a79e4a4e27471847b5de6b080d87f5b5f19cb6
2025-09-15 11:45:16.173 TRACE client[0]: Found transaction in block: 53602c48eaf99b753790acd427db951d711d49ed1fef108a58f31d37dfcd9210
2025-09-15 11:45:16.173 TRACE client[0]: Found transaction in block: 05b696a8f58b516b1d3c103aaa7184dcfeb883e65fa0626917f4cbb2364ac8b7
2025-09-15 11:45:16.173 TRACE client[0]: Found transaction in block: 0a37622019700e668bed4bac5a3698f1cc4325c3d012d1704f81788b188cbef3
2025-09-15 11:45:16.173 TRACE client[0]: Found transaction in block: 8e8991526f78743070a92458a867d2989e027e7f1da5aaa5fe05edf8ae596069
2025-09-15 11:45:16.173 TRACE client[0]: Found transaction in block: 96a3e8a62a493f5e9a455f4145d9ca0079adbe3e0803408ebdeb8ac33fcb32c9
2025-09-15 11:45:16.173 TRACE client[0]: Found transaction in block: da32d559d1bc21859b0317d5e88e8d19d8b452ab7f0fcedb8c000b8df19d8d9e
2025-09-15 11:45:16.173 TRACE client[0]: Found transaction in block: 870722044976a2dc9f155dfad6181da673272d91afa43cfd6225b0582940b639
2025-09-15 11:45:16.173 TRACE client[0]: Found transaction in block: b1dbc0beef828b8f3aee6a2d975cbf7059478284d4d78080fc44beede9a4ee56
2025-09-15 11:45:16.173 TRACE client[0]: Found transaction in block: 4a573a58cd74626c976bbc8bd03b393cd3e120c2aca4081c4f842f17761c5b58
2025-09-15 11:45:16.173 TRACE client[0]: Found transaction in block: 3a61ff897b092b8d2f4053e505eff115f60a3017dbd45eebb274783d3a2426ff
2025-09-15 11:45:16.173 TRACE client[0]: Found transaction in block: 0e5ec45616fa8862863bb3ea3236519d7bf78699b20e94089a443a9b485921e8
2025-09-15 11:45:16.173 TRACE client[0]: Found transaction in block: e2584e64528df2999d6a0fde14f0d9384d160d6ccacbdd172260313b7dbedc3c
2025-09-15 11:45:16.173 TRACE client[0]: Found transaction in block: f6cbd4171b935311d1b9a682c11c711b19f6fecf6a0695f3ee9f41daa1e3319d
2025-09-15 11:45:16.173 TRACE client[0]: Found transaction in block: e8d7cc1c2825e9042a4925d0e1011055d8682ffd91b68a65155b03206af47d47
2025-09-15 11:45:16.173 TRACE client[0]: Found transaction in block: 27a6d2b2d301f9958f40a9ecc43af5850cd0e28ced1eb26fe0752a98131c3c1e
2025-09-15 11:45:16.173 TRACE client[0]: Found transaction in block: 5d8bdfa12de274d7419649f4c9a26d07e8f3fb348c2a0bbae170aa8b6576f3cb
2025-09-15 11:45:16.173 TRACE client[0]: Found transaction in block: afd84605af3a69852f378de12c94a5ab40f3fe36a4322770a6ba5484e31bb1ef
2025-09-15 11:45:16.173 TRACE client[0]: Found transaction in block: eb24ec1263f7ffcea5d4b2988e1e5286c62410b8e021e40c14d6e2d9063a6cb4
2025-09-15 11:45:16.173 TRACE client[0]: Found transaction in block: 849448ee3a8dd8149c4c354534f1d06eb972c7dac270b7c3ed267317ba237e34
2025-09-15 11:45:16.173 TRACE client[0]: Found transaction in block: 4d370c52eb44bd3bc093d0405d5b8774f7651003a18fbb72451bfab68b290ecc
2025-09-15 11:45:16.173 TRACE client[0]: Found transaction in block: d5106b762143f4f26f777e8604f3574d3cb1e0d5a3a10bbd49012241b36b0267
2025-09-15 11:45:16.173 TRACE client[0]: Found transaction in block: c633078067d0c1eaf2296ef778a9dc59760b632f752471bccc536630d6b40319
2025-09-15 11:45:16.173 TRACE client[0]: Found transaction in block: c387ec5a9ff919573f3f07eabdfc32e8267ccdbc0e13a39b5531dcb05e921960
2025-09-15 11:45:16.173 TRACE client[0]: Found transaction in block: 450d10695dc0f068c6ae5d67e5a6be8fa55c64010319e536aba27961c6fa89c1
2025-09-15 11:45:16.173 TRACE client[0]: Found transaction in block: b0a594c4eea1a936e7f16cbe1bbd04efdd1faa5fcb0d71345e87a71511219d60
2025-09-15 11:45:16.173 TRACE client[0]: Found transaction in block: 9c50124d4ae8fd65b0134b5b4aeffd2a75e2b62f477c1873d6f62d2ebcb46ae4
2025-09-15 11:45:16.173 TRACE client[0]: Found transaction in block: 2d773c030121ec7476e4a40e92496e207c725a4124362654dd69d40bffb375f2
2025-09-15 11:45:16.173 TRACE client[0]: Found transaction in block: 76ad9d36757262db227d8b5c994f3c9e24b00f7e2bf02bae26668e0513aedc02
2025-09-15 11:45:16.174 TRACE client[0]: Found transaction in block: e4482133dcc10478b54040257dd1728b172b6064d7d9a620160b2df33dac5c59
2025-09-15 11:45:16.174 TRACE client[0]: Found transaction in block: c1934aa5f8af45881bc745dc19df439742c54808171def52dae6a6a75c6f0b72
2025-09-15 11:45:16.174 TRACE client[0]: Found transaction in block: 1aa43d84872af5320159d91d6af260fa7dc66106586c3ed2e140b39051769152
2025-09-15 11:45:16.174 TRACE client[0]: Found transaction in block: 5625638ab4b0a65184139a4fe10cdeee9d638000fa2225a9331d849a50dddd1c
2025-09-15 11:45:16.174 TRACE client[0]: Found transaction in block: 228bd41f479a13b64ce1586fe95607d06ecfa9f4cd90846bacfa2a31461fd3f4
2025-09-15 11:45:16.174 TRACE client[0]: Found transaction in block: 6f5bbf3911ff4fda6c6ca5e15ddcb253697425f8101026fb3ac468a76fb2c26f
2025-09-15 11:45:16.174 TRACE client[0]: Found transaction in block: 94f2a20b3de40d3340032c25e49367f158e150265827ce9722d4de7b1a62dc6a
2025-09-15 11:45:16.174 TRACE client[0]: Found transaction in block: 55fb17a649bc5bc8943c1a25c742dfe5c669c3634fcfd7a401674edcf77458dd
2025-09-15 11:45:16.174 TRACE client[0]: Found transaction in block: 3a2a3c118f4bb5522f2a9e909c22e20acb5681ef19ac30dea1bbdd0cc5827e03
2025-09-15 11:45:16.174 TRACE client[0]: Found transaction in block: 50d1239b67b565b81a6594be49d494650964a65e245ef183e2c1b146335d3b8a
2025-09-15 11:45:16.174 TRACE client[0]: Found transaction in block: d22eddfbfca24cfa41009d01ce7060224c1dfc4ae88f4c9b798ae24a3f531731
2025-09-15 11:45:16.174 TRACE client[0]: Found transaction in block: 055013576f7b5abb35b630ab6438c4e2c2571938ca285f401376454758f6cd56
2025-09-15 11:45:16.174 TRACE client[0]: Found transaction in block: 7a0fbae681e9b65210369a69eaa1821817cc28d2640517f2434f8ce5480fb21e
2025-09-15 11:45:16.174 TRACE client[0]: Found transaction in block: 30a1c4089925bc661db4995434280501bd205e3f395670db157ced1eb8d6f269
2025-09-15 11:45:16.174 TRACE client[0]: Found transaction in block: 389b0fc64df9f3267402801b329c1e749df3524c5ba2e8bf696900df6ab9d330
2025-09-15 11:45:16.174 TRACE client[0]: Found transaction in block: 4170a18a33ef44b957000c3bb89d0acf5880dff4a44c71cd615fce9fea412ef3
2025-09-15 11:45:16.174 TRACE client[0]: Found transaction in block: 72df61bd1dcb6b75ab70afaf7b9ed5be193fecba126eb06516376e2818ef36f4
2025-09-15 11:45:16.174 TRACE client[0]: Found transaction in block: f8ac0793773962ac65e954e933640b49c03aef3da66eaedec0c23ba1249ee033
2025-09-15 11:45:16.174 TRACE client[0]: Found transaction in block: 52f45cf02052277b3d9f13092d257f6e51a8661d6a82776e195d0c8ccf1c0207
2025-09-15 11:45:16.174 TRACE client[0]: Found transaction in block: a8b69a327387fa0147224eb20d3609ec2083178904fe09dfe1a0b1021b418494
2025-09-15 11:45:16.174 TRACE client[0]: Found transaction in block: 63d5c4a22383de8dfce0af31a5a5a2b4dd1267b5908e2735b7d9aae146b8ee0f
2025-09-15 11:45:16.174 TRACE client[0]: Found transaction in block: 4ab51526bae4f0f97baff11a108ba6d182da9468170e79e5412037bcac65a79b
2025-09-15 11:45:16.174 TRACE client[0]: Found transaction in block: 83718dca4410ca76e79bb36be9dd745ec5b83769328b2be38d9f253bbc803c0a
2025-09-15 11:45:16.174 TRACE client[0]: Found transaction in block: 8bd4b0dfb7ef8885a6e9ee5a50395a902310caf945323afe21314e36a0a32d37
2025-09-15 11:45:16.174 TRACE client[0]: Found transaction in block: e743fb3400f32b1f0418b5961f38032260d686ff2cb511155e73ee89e63e0a2f
2025-09-15 11:45:16.174 TRACE client[0]: Found transaction in block: 3ee2e0ff6020335b29f6fe703786b209df355c494d568651ed4ae9334166351a
2025-09-15 11:45:16.174 TRACE client[0]: Found transaction in block: 0b61f83d7af23ab2fc094dc85b8c67677794202cc18ad06521515bfd884c0632
2025-09-15 11:45:16.174 TRACE client[0]: Found transaction in block: 1ecf6b1b7f4e4400bd06836817bd16c3c6fc7745fb3ed491d14baf78b561327a
2025-09-15 11:45:16.174 TRACE client[0]: Found transaction in block: a7e2fb716a89afee539d59eb5c6581ae890153872cfc664a1c662eb6a7e138e2
2025-09-15 11:45:16.174 TRACE client[0]: Found transaction in block: 70ba2bab3d39f1d4e50c9e35c3bd70da584063e19b48c21128a5864edfc8c57f
2025-09-15 11:45:16.174 TRACE client[0]: Found transaction in block: 14784fe11e20089be2b78c801de851e5b6bfc8a63bac47efb4b65274f85db6d7
2025-09-15 11:45:16.174 TRACE client[0]: Found transaction in block: f6edde009bfd335a1b6d4006f53d2b1904cc0a854ce16da4d52015984c65b20c
2025-09-15 11:45:16.174 TRACE client[0]: Found transaction in block: 3bcd7c9a8c0ec644d5e11c5496439aedba1c7dcba87293edb795f745e65243b2
2025-09-15 11:45:16.174 TRACE client[0]: Found transaction in block: 191b9c20da5a242bd4aafc1d8758c8b3be0912f9fa41b2edf813f8e7b075b191
2025-09-15 11:45:16.174 TRACE client[0]: Found transaction in block: 58ab139e30405ae60c57309fb4de8bff2f80ff595b831fbc8700e76bd2768f84
2025-09-15 11:45:16.174 TRACE client[0]: Found transaction in block: 6ef421fb20c9fa8b598ec3ae7612e5c215557315ff78360042efb97471f5d92c
2025-09-15 11:45:16.174 TRACE client[0]: Found transaction in block: 5803e36660e2c37e9486e9f9568201038ecb582138e690568df4c0f0918f4d23
2025-09-15 11:45:16.174 TRACE client[0]: Found transaction in block: ef74b04c79bbe77e0ebdd99e1dbd0ad02f0cbbe706a5facc55d686610515994d
2025-09-15 11:45:16.174 TRACE client[0]: Found transaction in block: 215a152a99250030bad6c1aaab24b5fcd180e63b62ff3f428caeb12ce976a8f4
2025-09-15 11:45:16.174 TRACE client[0]: Found transaction in block: 4004d8701441afae5edbc8e92eb7164ce6a124a5f6455a573f6f8b55e9e487a8
2025-09-15 11:45:16.174 TRACE client[0]: Found transaction in block: 074a9f5bebd9dbdb55c4b71565b7f91d667abd576fab57288905db0c1b31ef9a
2025-09-15 11:45:16.174 TRACE client[0]: Found transaction in block: bd40fe584f1768c9ac6431d25b80ecae178da4024faecb751fb2a491e3de2f68
2025-09-15 11:45:16.174 TRACE client[0]: Found transaction in block: 5c12701616ff9b4f315f42d4a3d5224c3f149fba650136b17faecce4551cb0d0
2025-09-15 11:45:16.174 TRACE client[0]: Found transaction in block: 9774bbe2f82da99b9901b06f5228730280f5c2611d9336ae284c4e8b81d0bdcf
2025-09-15 11:45:16.174 TRACE client[0]: Found transaction in block: 5dc88142b2dbadca25957907b1b8fa41ec84ba8dccd471a0790a563217dfc75e
2025-09-15 11:45:16.174 TRACE client[0]: Found transaction in block: f2e619f4eba039a36e3644a481a6332d703a894412ab106fe561f636852ed90b
2025-09-15 11:45:16.174 TRACE client[0]: Found transaction in block: a4adebd4b655afe04240b555f2e1ef7a157f48594664d7658668c60832d620e4
2025-09-15 11:45:16.174 TRACE client[0]: Found transaction in block: dc49755804f8a55164db88cb0ee55c8be2eed923e7610abd2a168aa80b29e330
2025-09-15 11:45:16.174 TRACE client[0]: Found transaction in block: 3cb311632662527407ca49cd7f37e732371400ce3fa1707645ec5061bfdd99e0
2025-09-15 11:45:16.174 TRACE client[0]: Found transaction in block: ca1e81797adcf85817df12b1750688db467c0126e519c07f663f89e7b785fc77
2025-09-15 11:45:16.174 TRACE client[0]: Found transaction in block: b4a1811a3647572465da654376effc46139d6664155735c6aa035f32ed115146
2025-09-15 11:45:16.174 TRACE client[0]: Found transaction in block: bd6ff1db74abd9717e86cbab013523cdd784614204f3a17098240c5e4f42c7a6
2025-09-15 11:45:16.174 TRACE client[0]: Found transaction in block: 161402b2e3b92b527895748ff01708b13faa4b1fcf372a29e90695ef4df40b8e
2025-09-15 11:45:16.174 TRACE client[0]: Found transaction in block: d3dcf1bdb2d476ad3df8df1b45e4aa41a83b43c350e7959ff2e5035a6b7bbfe8
2025-09-15 11:45:16.174 TRACE client[0]: Found transaction in block: f0cd23a92ad678f00b22ca1ca599b9a383b2f03f653407a26129a606783bb2ea
2025-09-15 11:45:16.174 TRACE client[0]: Found transaction in block: 5ebe0fbccbc5f2aec8610c8468cc2cd33491fa9b369e6c1d390f48f5391d1251
2025-09-15 11:45:16.174 TRACE client[0]: Found transaction in block: f685d1ffb6340517bb6f73ec7a2bf0e59d9683f79580a6527a49c73e2b708312
2025-09-15 11:45:16.174 TRACE client[0]: Found transaction in block: 0a0a8b09273239712d7990c358974205ebf88619bf9677066936c52d875f1931
2025-09-15 11:45:16.174 TRACE client[0]: Found transaction in block: 21f79822ca1062c255611e45da1a466352971c90fb382913d026f1d6e9527590
2025-09-15 11:45:16.174 TRACE client[0]: Found transaction in block: 220fdc86a7f8671cceceac33cb7a1c05b2bd224e35c22528886199cdd0c6111f
2025-09-15 11:45:16.174 TRACE client[0]: Found transaction in block: 9b06f36bceaf776f10b6a0cc2cafe9cebb8cfa681df386a20ae592572f2d61b0
2025-09-15 11:45:16.174 TRACE client[0]: Found transaction in block: 5592aa1f2b611b604083f086e2e2a7bca9571a2f13862cbbc72458ec8f32dbaf
2025-09-15 11:45:16.174 TRACE client[0]: Found transaction in block: c6d8b505f0f8aed9eb365a0f62ebc65118d094e13e3217383a227289be28509b
2025-09-15 11:45:16.174 TRACE client[0]: Found transaction in block: 28572ac7300c83e225e4e793dee9625a034c3b8dd3f37d4747d04a3a1a070fe3
2025-09-15 11:45:16.174 TRACE client[0]: Found transaction in block: bdaa050d181dc070e717927e1d8ec0c01b7810ceb1a994b33fdb8909233f9acf
2025-09-15 11:45:16.174 TRACE client[0]: Found transaction in block: 248bd84cf1b0647b019c320cf16090ace255aa1c09dfc22343afcdc507e530d3
2025-09-15 11:45:16.174 TRACE client[0]: Found transaction in block: f832eb1c6ab8b28ca6f2451ef73fa06e8b6e0f7b6cae17fb8b116d996f72f404
2025-09-15 11:45:16.174 TRACE client[0]: Found transaction in block: d245506bcf6190e106715eecba2c49ef5583a1d74590c36248b9e6a999456f13
2025-09-15 11:45:16.174 TRACE client[0]: Found transaction in block: 021a337537ff1af0dae5294f10b8f0ac88ebd22f7b83019c1c61f6e13cc7765a
2025-09-15 11:45:16.174 TRACE client[0]: Found transaction in block: 35b6d3cacc92e0408281e029b03e3bf19a6f87970b56e164b183327121bf0cb4
2025-09-15 11:45:16.174 TRACE client[0]: Found transaction in block: d9be4d64f0fda61755bc06bfdcd05e115924a86296b7761989a8e37a1909b4ac
2025-09-15 11:45:16.174 TRACE client[0]: Found transaction in block: e4f25df6bea78c726f21c0cb05724da94b02e082bfbcf133eaa2e4cdeb7ed8ed
2025-09-15 11:45:16.174 TRACE client[0]: Found transaction in block: b493c781b79cd70e9c73e6b34ed51134e6528e6f884fe8d1831466bfd545b62e
2025-09-15 11:45:16.174 TRACE client[0]: Found transaction in block: de7d26a1029a62fd997f18e1dc6861128c141e8b96374f1ff9590de3f885833b
2025-09-15 11:45:16.174 TRACE client[0]: Found transaction in block: 87a52dd58cb77f844fbdb3078b161a23b05b40bd83fb0c49609dac2096adb6db
2025-09-15 11:45:16.174 TRACE client[0]: Found transaction in block: e0a3a99270fea012520ddbf73643ebdeac36ea4fd35e3d096fb0ceb853b3228b
2025-09-15 11:45:16.174 TRACE client[0]: Found transaction in block: ffc75cd284e7ca0b1b4006e5516ddb443f2d18e91292441c6e437b06db2ed394
2025-09-15 11:45:16.174 TRACE client[0]: Found transaction in block: ce8a4ff8939f48396499870f74baf006f1162cd09c2e862c0cd0f2029b039b2b
2025-09-15 11:45:16.174 TRACE client[0]: Found transaction in block: 3d488bb9b7ea225f7899c83ae1fb467eca42f4c531e54089e3e63a2d904f4eba
2025-09-15 11:45:16.174 TRACE client[0]: Found transaction in block: 75273785816804afdd2e895967b7687023601d203ab1b90dc4a80852a3ee6e21
2025-09-15 11:45:16.174 TRACE client[0]: Found transaction in block: b92ec4d97d42d9b96e3042b934a35751a9de816edf982430b1e88e1d32cffb03
2025-09-15 11:45:16.174 TRACE client[0]: Found transaction in block: 7253f6a5756b7eeeda366b9b841f77f43b7fa84eb3f23e241f4695ec77c2f584
2025-09-15 11:45:16.174 TRACE client[0]: Found transaction in block: fda74d5ac8813b5d1518e1be304201a05ffc0a7cb354af0c61099e819e5fda34
2025-09-15 11:45:16.174 TRACE client[0]: Found transaction in block: 144c1334a6b4aa1e8bb1b4d7d26686f31e3c1c6e378022c7b38a73c10df3eb9a
2025-09-15 11:45:16.174 TRACE client[0]: Found transaction in block: b11ee5368c4682f72a60a8f4645297fa0578a228d9b227141eb2192468eadb45
2025-09-15 11:45:16.174 TRACE client[0]: Found transaction in block: be8eee537695ddd223db4f9dc7e114211fa90c15d0e22e6e30328e8f2bca792c
2025-09-15 11:45:16.174 TRACE client[0]: Found transaction in block: 8a998bae8b34a37653a684a7f8ce25f468c185c63037628b0f709f2e4d2236d2
2025-09-15 11:45:16.174 TRACE client[0]: Found transaction in block: fa387217568cc47df481144a3c11a6a4f014acb7c077664a593d4cbf3f17542b
2025-09-15 11:45:16.174 TRACE client[0]: Found transaction in block: 426a929345f5353482ac7a35fe255489d77865e7934ba5ee4aa5612889c05333
2025-09-15 11:45:16.174 TRACE client[0]: Found transaction in block: f953abeb351ba0b26b7bd65c4377578d027da0312ff558d4409d1ba30b7932a6
2025-09-15 11:45:16.174 TRACE client[0]: Found transaction in block: 55d761627f4060a88bb95612d1cfd5b15af22be9e8dd84dfe99732b2fdf63cde
2025-09-15 11:45:16.174 TRACE client[0]: Found transaction in block: 6a3b2f5c9d590b98f25c2333c5b572f4dd30a6899d2dd10238721d2f28b2af8e
2025-09-15 11:45:16.174 TRACE client[0]: Found transaction in block: c5d325634c477c27f5d403277823de1fc8c5d10b563895df97420e1ec359fd04
2025-09-15 11:45:16.174 TRACE client[0]: Found transaction in block: be57cb79bb8b61dd1703b19789bb9456dca66d588ad6482bc575b32e8f9a660a
2025-09-15 11:45:16.174 TRACE client[0]: Found transaction in block: 87347bd92a7cccab4a732765640a2d8132873c1471058b5e20195215524f5b1e
2025-09-15 11:45:16.174 TRACE client[0]: Found transaction in block: b9c372e44a40f5d1483858a791f6f11003bc16f341d630e0cabad10b20632fe0
2025-09-15 11:45:16.174 TRACE client[0]: Found transaction in block: 935b57ce8cbbc4485e98bdc82233b755df896a64f7e0eff7e63a724f887039d1
2025-09-15 11:45:16.174 TRACE client[0]: Found transaction in block: de82bef28f2660ab41ba1f8fa78a2b2439252f7b3b15e71bbc649618533b8eb1
2025-09-15 11:45:16.174 TRACE client[0]: Found transaction in block: 3d7de22848481ce4d5a5c710621a027df11410de6018aca9ab5e69f1a6e3da0f
2025-09-15 11:45:16.174 TRACE client[0]: Found transaction in block: 7629f3a3b797e1e2346aae30a9f954e52a71cfa3586564b311abf7bece451b28
2025-09-15 11:45:16.174 TRACE client[0]: Found transaction in block: 646b3f72b1f51027ae5847384d545878c8ba5f173b29d5b8cb68b1650bb3c7bb
2025-09-15 11:45:16.174 TRACE client[0]: Found transaction in block: 74f9c0753b11cfb29f6dd747a630ad0d5ccef96e6f5f4ec882872a961481d18f
2025-09-15 11:45:16.174 TRACE client[0]: Found transaction in block: b855c5b5375b1e7a38434e4af4354b768a583ea90a5eb42c83c7cc56cec74da0
2025-09-15 11:45:16.174 TRACE client[0]: Found transaction in block: 74cd09d4d32088696d0d86fdc029c1ebb065e07903795db04831b693f84c60a5
2025-09-15 11:45:16.174 TRACE client[0]: Found transaction in block: f4816dbe29ab7d2fc12ac80000660569b7fad94233b4b325ca8bf0a2692aa036
2025-09-15 11:45:16.174 TRACE client[0]: Found transaction in block: 137dd136d805086a88c2797a7e24783920fdb70b6481b32e5080b7c32a404179
2025-09-15 11:45:16.174 TRACE client[0]: Found transaction in block: 30419cade898de94b867fdcba1c4da6a604d9dadd0febbd4702a52acb5992718
2025-09-15 11:45:16.174 TRACE client[0]: Found transaction in block: 551898c042b8856284117ea62a11b36fd593e33e4a9249115c24bce1e2550e28
2025-09-15 11:45:16.174 TRACE client[0]: Found transaction in block: caeb28607afea07ba3f85710e77f4f82a507f293bace2c44381fcc9ea2f6ca0c
2025-09-15 11:45:16.174 TRACE client[0]: Found transaction in block: c60b35bbd788b8acd15dba5034e9a3ae5e5502870483b127d8daad7a00dfb685
2025-09-15 11:45:16.174 TRACE client[0]: Found transaction in block: 3f6b48a17b90d518a26b5b8cf14f39e719731467944e036e2057e23a333976ed
2025-09-15 11:45:16.174 TRACE client[0]: Found transaction in block: 0c28374a0e5dbd9f5abc05bbb447f679a49b4064cdb9e5ad243c55659dfc0cdc
2025-09-15 11:45:16.174 TRACE client[0]: Found transaction in block: 48ba1ad396717490b09f3a7ec901ede27923538b0172087397b3cc5c3f75089b
2025-09-15 11:45:16.174 TRACE client[0]: Found transaction in block: f096ab04b8099082ae148b2dea159a4b3fa44a373653e1d3d97504e7f2324a47
2025-09-15 11:45:16.174 TRACE client[0]: Found transaction in block: ba975f577b182522d9058c9db29df3a554a4ddbbbd86c53d295586ba9776e167
2025-09-15 11:45:16.174 TRACE client[0]: Found transaction in block: 4e2cad99db997bf87323a7be0a52699cdf745f8a19d24b7283a9c6a95939eb10
2025-09-15 11:45:16.174 TRACE client[0]: Found transaction in block: a3e3cbcd59d0cf028251ed83b329d8ad0699d5fba715eeedce36a2698dcf4200
2025-09-15 11:45:16.174 TRACE client[0]: Found transaction in block: 4b30375bbe7810a4150b4c8003fc4932336d6ba66685c1d46a41a1e10d7b5206
2025-09-15 11:45:16.174 TRACE client[0]: Found transaction in block: 3a4d216327f3975db14fd2a5c7a10db8980880c67f079c8d632b0909eb7abce8
2025-09-15 11:45:16.174 TRACE client[0]: Found transaction in block: fd674d49f6dde6511ffe85eb0e78579e0f4abdf19d48423a18bcc6a8f3d79921
2025-09-15 11:45:16.174 TRACE client[0]: Found transaction in block: 8e4a7edc4d9c5077539c9dc58276bfaf5860a40ff6b0d8f3d49f684b3205954a
2025-09-15 11:45:16.174 TRACE client[0]: Found transaction in block: b9ed1f0fb977e6736711cd43f736a5fd8d9d688b08305f8049b5e1ae0b7b2fff
2025-09-15 11:45:16.174 TRACE client[0]: Found transaction in block: 7e7ba3b747fd5b5ea99d0401f490decb56df41bc7dd7827bc3c7718537804766
2025-09-15 11:45:16.174 TRACE client[0]: Found transaction in block: f3e1793b0a061409ab7a2406a23973e2597383446bb2c7d185d5a3dba8345b69
2025-09-15 11:45:16.174 TRACE client[0]: Found transaction in block: 076f480ee0d35d4f1baffd2cc1be65fe7a3b7ca89fa9666bb61b150e93561456
2025-09-15 11:45:16.174 TRACE client[0]: Found transaction in block: 8e543f1ccf5a3a228c13eef23a91644bb51a6bb8534ab10a01c2b425e932a43a
2025-09-15 11:45:16.174 TRACE client[0]: Found transaction in block: b287934d299d911d18b4d435511f1d71264a97afb2f641a658fb108eed2b7361
2025-09-15 11:45:16.174 TRACE client[0]: Found transaction in block: e8eba9b1d41673bbd0029e49ad9f542700e8481ceb47b7fd012a7e300f40516e
2025-09-15 11:45:16.174 TRACE client[0]: Found transaction in block: 151733e91225ae383833e827da45ab92e0db69cb8e85944f4b2c88682f0450ab
2025-09-15 11:45:16.174 TRACE client[0]: Found transaction in block: 6f8396e6c942abfb5533a629aa4a7a15b7bf88fce2fb5e41fac2b9ac94da0e7b
2025-09-15 11:45:16.174 TRACE client[0]: Found transaction in block: c73ec02197a7f65a6fd35ee42decb7db5c892570b50d29a73a9b3ab18a16d1d6
2025-09-15 11:45:16.174 TRACE client[0]: Found transaction in block: d4a25431aa422e598868355b8d82aeb6db240c3083085542e0e0989e7cb67f5a
2025-09-15 11:45:16.174 TRACE client[0]: Found transaction in block: 13f8d0c96de8f7c9af10ae752ab9f679fcf3de9f1cbe65ea8a0bc5529cf237b4
2025-09-15 11:45:16.174 TRACE client[0]: Found transaction in block: bec23021bac13b4bfcb6bb90414130aac635cf2e8340a3711d525f3c9be07db8
2025-09-15 11:45:16.174 TRACE client[0]: Found transaction in block: 504b5330e8ea9d2cc3bb7ea501504df5b60c4d392c5723824f8e0fb3bf713b02
2025-09-15 11:45:16.174 TRACE client[0]: Found transaction in block: 6b3cf4a17e6c27dc9093920b046c2023819adfb36a8d289d983de3473ae249de
2025-09-15 11:45:16.174 TRACE client[0]: Found transaction in block: a09178a424d53e4a470465776cedafe48f633dc7adef6e372979b2f96c4c9d9a
2025-09-15 11:45:16.174 TRACE client[0]: Found transaction in block: a7ae918a490a3fe8465eeba7928812f6384886f1ea266d797abbf509617d3efa
2025-09-15 11:45:16.174 TRACE client[0]: Found transaction in block: 4f8c3f63c02cdd4d96622ad22a297a2942aec438a8aae935bc7e2caff37fcc70
2025-09-15 11:45:16.174 TRACE client[0]: Found transaction in block: 5576752634387b1961814b5c52aa7af5fc3d3ca6115a075c09976e6c3360ff9d
2025-09-15 11:45:16.174 TRACE client[0]: Found transaction in block: add8bad34d3a292fba4a4f488baf91b2c1f3ad7ca25fef7d2ea537ee3a8e7193
2025-09-15 11:45:16.174 TRACE client[0]: Found transaction in block: 268f24b51e7c4621a551f4f07943da65204855170957326043b11fdee817649b
2025-09-15 11:45:16.174 TRACE client[0]: Found transaction in block: 7f1a1ef56dd2da8c217c26305a89b78e9fc4fed979bb318cd9152ddd93429909
2025-09-15 11:45:16.174 TRACE client[0]: Found transaction in block: f6b01705789ae5c77157717f36265e832fc3e18947db3ef5960c34b87e42d63b
2025-09-15 11:45:16.174 TRACE client[0]: Found transaction in block: 86a081207a0bd7eb888e27efbd7f0c850db683f3b0f636d61422243c80c61f4c
2025-09-15 11:45:16.174 TRACE client[0]: Found transaction in block: a90cfb601f6a9ded1db288383f562cc8c56dcb36754ceaaea4ef8573b57e7db7
2025-09-15 11:45:16.174 TRACE client[0]: Found transaction in block: a0bfd65317288b85d0ac7c762b64b488a0efbe8f7ca0f27d7b6421c51a001fff
2025-09-15 11:45:16.174 TRACE client[0]: Found transaction in block: 29f415e5dce7d9f7ab99cfbd4017ed67af49a0c9ccf89f04064b43a3cdb6afce
2025-09-15 11:45:16.174 TRACE client[0]: Found transaction in block: 7d76a98cbcf8fe21166ba40e5cdeed69ac361552c12aea455769fb7bce6361dd
2025-09-15 11:45:16.174 TRACE client[0]: Found transaction in block: ceb06b444f2bb068796e000258d318e839db961497d7d38a60143639832f9032
2025-09-15 11:45:16.174 TRACE client[0]: Found transaction in block: 7d4156cb135a8274cf04d260f1c0bd30c47ca9d74029cc43e9f1e9efd4e24764
2025-09-15 11:45:16.174 TRACE client[0]: Found transaction in block: 219f9bcc0dc9d151702418428b4972d96942a26d53bcb190a4a3512c4342f50b
2025-09-15 11:45:16.174 TRACE client[0]: Found transaction in block: 0a9ad0d5849aefbda361ccd4ac423f749cf3ab19864e6f330d924e39191e5560
2025-09-15 11:45:16.174 TRACE client[0]: Found transaction in block: 7a574bfe84d38484f07b290c75f27b2f905dd63ed5330a0d5599b7bc0b6a36ec
2025-09-15 11:45:16.174 TRACE client[0]: Found transaction in block: 571161c1ea4be615da92ba7dcedc5be9e6f393756d7e94a704323858322ea032
2025-09-15 11:45:16.174 TRACE client[0]: Found transaction in block: 17e7b4e1f62d04b1a6df4b5c762bbfa6bbbdf6d00781b753a64f9e9b029ba2c3
2025-09-15 11:45:16.174 TRACE client[0]: Found transaction in block: 67be449992753af610b080207e5fc1dc38b73ffee3d4038c1fcdeefd1109696e
2025-09-15 11:45:16.174 TRACE client[0]: Found transaction in block: 80fa68ae357e786239598f47bdba1ff6abcaa0a324030b65cc67bb584f5f25da
2025-09-15 11:45:16.179 TRACE : trigger interaction 0xc00046f4a0 466/1200
[TRACE] Decoding transaction bytes of length: 229
[TRACE] Transaction type: 6
[TRACE] Successfully decoded transaction with hash: 9dbb8e00ea68fb58b8bf622d88595510f6121deb77a3863e8b2d49cbd7022240
2025-09-15 11:45:16.180 TRACE client[0]: Processing transaction with hash: 9dbb8e00ea68fb58b8bf622d88595510f6121deb77a3863e8b2d49cbd7022240
2025-09-15 11:45:16.180 DEBUG client[0]: Submitting transaction 9dbb8e00ea68fb58b8bf622d88595510f6121deb77a3863e8b2d49cbd7022240
2025-09-15 11:45:16.262 TRACE : trigger interaction 0xc00046f590 467/1200
[TRACE] Decoding transaction bytes of length: 229
[TRACE] Transaction type: 6
[TRACE] Successfully decoded transaction with hash: 4043bf30a79716fb963affc18549d7567a6807b207f722cca6976743adfca8e0
2025-09-15 11:45:16.263 TRACE client[0]: Processing transaction with hash: 4043bf30a79716fb963affc18549d7567a6807b207f722cca6976743adfca8e0
2025-09-15 11:45:16.263 DEBUG client[0]: Submitting transaction 4043bf30a79716fb963affc18549d7567a6807b207f722cca6976743adfca8e0
2025-09-15 11:45:16.346 TRACE : trigger interaction 0xc00046f680 468/1200
[TRACE] Decoding transaction bytes of length: 229
[TRACE] Transaction type: 6
[TRACE] Successfully decoded transaction with hash: 27148e898b54682a1386f7f17dae19396e6fb483e819fd07fc2f279fa3f56e2b
2025-09-15 11:45:16.346 TRACE client[0]: Processing transaction with hash: 27148e898b54682a1386f7f17dae19396e6fb483e819fd07fc2f279fa3f56e2b
2025-09-15 11:45:16.346 DEBUG client[0]: Submitting transaction 27148e898b54682a1386f7f17dae19396e6fb483e819fd07fc2f279fa3f56e2b
2025-09-15 11:45:16.429 TRACE : trigger interaction 0xc000510f00 469/1200
[TRACE] Decoding transaction bytes of length: 229
[TRACE] Transaction type: 6
[TRACE] Successfully decoded transaction with hash: 47bc13ad9e4dbff2c729af9d0a0e9b2aea57356557d1d5478861bd0c78e194ad
2025-09-15 11:45:16.430 TRACE client[0]: Processing transaction with hash: 47bc13ad9e4dbff2c729af9d0a0e9b2aea57356557d1d5478861bd0c78e194ad
2025-09-15 11:45:16.430 DEBUG client[0]: Submitting transaction 47bc13ad9e4dbff2c729af9d0a0e9b2aea57356557d1d5478861bd0c78e194ad
2025-09-15 11:45:16.512 TRACE : trigger interaction 0xc000510ff0 470/1200
[TRACE] Decoding transaction bytes of length: 229
[TRACE] Transaction type: 6
[TRACE] Successfully decoded transaction with hash: eb886e8687ad65f095d742688a1ae2fb38057148dbe455c074ed889f621cd061
2025-09-15 11:45:16.513 TRACE client[0]: Processing transaction with hash: eb886e8687ad65f095d742688a1ae2fb38057148dbe455c074ed889f621cd061
2025-09-15 11:45:16.513 DEBUG client[0]: Submitting transaction eb886e8687ad65f095d742688a1ae2fb38057148dbe455c074ed889f621cd061
2025-09-15 11:45:16.595 TRACE : trigger interaction 0xc0005110e0 471/1200
[TRACE] Decoding transaction bytes of length: 229
[TRACE] Transaction type: 6
[TRACE] Successfully decoded transaction with hash: 4d21c0cdca78b6c8cc59c528e5333e3c618c0d3c6eab1236392ccfd14c691fa4
2025-09-15 11:45:16.596 TRACE client[0]: Processing transaction with hash: 4d21c0cdca78b6c8cc59c528e5333e3c618c0d3c6eab1236392ccfd14c691fa4
2025-09-15 11:45:16.596 DEBUG client[0]: Submitting transaction 4d21c0cdca78b6c8cc59c528e5333e3c618c0d3c6eab1236392ccfd14c691fa4
2025-09-15 11:45:16.679 TRACE : trigger interaction 0xc0005111d0 472/1200
[TRACE] Decoding transaction bytes of length: 229
[TRACE] Transaction type: 6
[TRACE] Successfully decoded transaction with hash: 0b97be17ced354956d3c7720c521bd921fbb1660e6aa359ea698811db996e9eb
2025-09-15 11:45:16.679 TRACE client[0]: Processing transaction with hash: 0b97be17ced354956d3c7720c521bd921fbb1660e6aa359ea698811db996e9eb
2025-09-15 11:45:16.679 DEBUG client[0]: Submitting transaction 0b97be17ced354956d3c7720c521bd921fbb1660e6aa359ea698811db996e9eb
2025-09-15 11:45:16.762 TRACE : trigger interaction 0xc0005112c0 473/1200
[TRACE] Decoding transaction bytes of length: 229
[TRACE] Transaction type: 6
[TRACE] Successfully decoded transaction with hash: c35d864be60f9c74d922f47d111ccb1c40c2d3eae2676ac426e45a33063c1549
2025-09-15 11:45:16.763 TRACE client[0]: Processing transaction with hash: c35d864be60f9c74d922f47d111ccb1c40c2d3eae2676ac426e45a33063c1549
2025-09-15 11:45:16.763 DEBUG client[0]: Submitting transaction c35d864be60f9c74d922f47d111ccb1c40c2d3eae2676ac426e45a33063c1549
2025-09-15 11:45:16.845 TRACE : trigger interaction 0xc0005113b0 474/1200
[TRACE] Decoding transaction bytes of length: 229
[TRACE] Transaction type: 6
[TRACE] Successfully decoded transaction with hash: b8ead47ba44d936c0bfae12e67279e1fcfa41cd634199fcc07c57a63f1ddee06
2025-09-15 11:45:16.846 TRACE client[0]: Processing transaction with hash: b8ead47ba44d936c0bfae12e67279e1fcfa41cd634199fcc07c57a63f1ddee06
2025-09-15 11:45:16.846 DEBUG client[0]: Submitting transaction b8ead47ba44d936c0bfae12e67279e1fcfa41cd634199fcc07c57a63f1ddee06
2025-09-15 11:45:16.929 TRACE : trigger interaction 0xc0005114a0 475/1200
[TRACE] Decoding transaction bytes of length: 229
[TRACE] Transaction type: 6
[TRACE] Successfully decoded transaction with hash: 87a2e3353c9448c57e355253c3cbf4b9bb9b982458c1540142ccb3d5d380faed
2025-09-15 11:45:16.929 TRACE client[0]: Processing transaction with hash: 87a2e3353c9448c57e355253c3cbf4b9bb9b982458c1540142ccb3d5d380faed
2025-09-15 11:45:16.929 DEBUG client[0]: Submitting transaction 87a2e3353c9448c57e355253c3cbf4b9bb9b982458c1540142ccb3d5d380faed
2025-09-15 11:45:17.012 TRACE : trigger interaction 0xc000511590 476/1200
[TRACE] Decoding transaction bytes of length: 229
[TRACE] Transaction type: 6
[TRACE] Successfully decoded transaction with hash: 538c5f6f61142907b57b53945d2d9a4d3f21fd5a2fd8dd6789eae11c35db2959
2025-09-15 11:45:17.013 TRACE client[0]: Processing transaction with hash: 538c5f6f61142907b57b53945d2d9a4d3f21fd5a2fd8dd6789eae11c35db2959
2025-09-15 11:45:17.013 DEBUG client[0]: Submitting transaction 538c5f6f61142907b57b53945d2d9a4d3f21fd5a2fd8dd6789eae11c35db2959
2025-09-15 11:45:17.095 TRACE : trigger interaction 0xc000511680 477/1200
[TRACE] Decoding transaction bytes of length: 229
[TRACE] Transaction type: 6
[TRACE] Successfully decoded transaction with hash: 69d8c7b3c193bc8ac91f4491e46a930102a04251bbf816a3ec25a46d03083d2f
2025-09-15 11:45:17.096 TRACE client[0]: Processing transaction with hash: 69d8c7b3c193bc8ac91f4491e46a930102a04251bbf816a3ec25a46d03083d2f
2025-09-15 11:45:17.096 DEBUG client[0]: Submitting transaction 69d8c7b3c193bc8ac91f4491e46a930102a04251bbf816a3ec25a46d03083d2f
2025-09-15 11:45:17.179 TRACE : trigger interaction 0xc000511770 478/1200
[TRACE] Decoding transaction bytes of length: 229
[TRACE] Transaction type: 6
[TRACE] Successfully decoded transaction with hash: 97ad29b9bd164c92978e867fe2b5a3fd1f3e1e230d583b6e3df866c3cfc605fb
2025-09-15 11:45:17.179 TRACE client[0]: Processing transaction with hash: 97ad29b9bd164c92978e867fe2b5a3fd1f3e1e230d583b6e3df866c3cfc605fb
2025-09-15 11:45:17.179 DEBUG client[0]: Submitting transaction 97ad29b9bd164c92978e867fe2b5a3fd1f3e1e230d583b6e3df866c3cfc605fb
2025-09-15 11:45:17.262 TRACE : trigger interaction 0xc000511860 479/1200
[TRACE] Decoding transaction bytes of length: 229
[TRACE] Transaction type: 6
[TRACE] Successfully decoded transaction with hash: 9519d8704242ae78657ef32370ac81c7af1b5d66599eb7c0a21884666b076eae
2025-09-15 11:45:17.263 TRACE client[0]: Processing transaction with hash: 9519d8704242ae78657ef32370ac81c7af1b5d66599eb7c0a21884666b076eae
2025-09-15 11:45:17.263 DEBUG client[0]: Submitting transaction 9519d8704242ae78657ef32370ac81c7af1b5d66599eb7c0a21884666b076eae
2025-09-15 11:45:17.346 TRACE : trigger interaction 0xc000511950 480/1200
[TRACE] Decoding transaction bytes of length: 229
[TRACE] Transaction type: 6
[TRACE] Successfully decoded transaction with hash: e4516dc1c7b9156892b67d4e4e483435c211324a9789d43ab20e5823fe2a5784
2025-09-15 11:45:17.346 TRACE client[0]: Processing transaction with hash: e4516dc1c7b9156892b67d4e4e483435c211324a9789d43ab20e5823fe2a5784
2025-09-15 11:45:17.346 DEBUG client[0]: Submitting transaction e4516dc1c7b9156892b67d4e4e483435c211324a9789d43ab20e5823fe2a5784
2025-09-15 11:45:17.428 TRACE : trigger interaction 0xc000511a40 481/1200
[TRACE] Decoding transaction bytes of length: 229
[TRACE] Transaction type: 6
[TRACE] Successfully decoded transaction with hash: d2f29bf0a7b3c72cd17dac053f364ee5d17e2770de60af682cbb91bc160062c3
2025-09-15 11:45:17.429 TRACE client[0]: Processing transaction with hash: d2f29bf0a7b3c72cd17dac053f364ee5d17e2770de60af682cbb91bc160062c3
2025-09-15 11:45:17.429 DEBUG client[0]: Submitting transaction d2f29bf0a7b3c72cd17dac053f364ee5d17e2770de60af682cbb91bc160062c3
2025-09-15 11:45:17.512 TRACE : trigger interaction 0xc000511b30 482/1200
[TRACE] Decoding transaction bytes of length: 229
[TRACE] Transaction type: 6
[TRACE] Successfully decoded transaction with hash: 61f1ba7fcc3aba7cd621263827161bafc85e2a368ebc9d6362f489a8fe247496
2025-09-15 11:45:17.513 TRACE client[0]: Processing transaction with hash: 61f1ba7fcc3aba7cd621263827161bafc85e2a368ebc9d6362f489a8fe247496
2025-09-15 11:45:17.513 DEBUG client[0]: Submitting transaction 61f1ba7fcc3aba7cd621263827161bafc85e2a368ebc9d6362f489a8fe247496
2025-09-15 11:45:17.596 TRACE : trigger interaction 0xc000511c20 483/1200
[TRACE] Decoding transaction bytes of length: 229
[TRACE] Transaction type: 6
[TRACE] Successfully decoded transaction with hash: 43efa5b06ed5cf0d9c3780ba9621175eaedb255d7f8a1d463015eef7db01ce98
2025-09-15 11:45:17.596 TRACE client[0]: Processing transaction with hash: 43efa5b06ed5cf0d9c3780ba9621175eaedb255d7f8a1d463015eef7db01ce98
2025-09-15 11:45:17.596 DEBUG client[0]: Submitting transaction 43efa5b06ed5cf0d9c3780ba9621175eaedb255d7f8a1d463015eef7db01ce98
2025-09-15 11:45:17.679 TRACE : trigger interaction 0xc000511d10 484/1200
[TRACE] Decoding transaction bytes of length: 229
[TRACE] Transaction type: 6
[TRACE] Successfully decoded transaction with hash: 5a1d7e612227ae14538c2c46f94d98ef6a2ed2db071929d0ba7b0d73e1ad0835
2025-09-15 11:45:17.680 TRACE client[0]: Processing transaction with hash: 5a1d7e612227ae14538c2c46f94d98ef6a2ed2db071929d0ba7b0d73e1ad0835
2025-09-15 11:45:17.680 DEBUG client[0]: Submitting transaction 5a1d7e612227ae14538c2c46f94d98ef6a2ed2db071929d0ba7b0d73e1ad0835
2025-09-15 11:45:17.762 TRACE : trigger interaction 0xc000511e00 485/1200
[TRACE] Decoding transaction bytes of length: 229
[TRACE] Transaction type: 6
[TRACE] Successfully decoded transaction with hash: 0e0ddaf506c48db1ba7ecf868931c15c709bd3ba72f8c2a4cc6f0677e33a32ea
2025-09-15 11:45:17.762 TRACE client[0]: Processing transaction with hash: 0e0ddaf506c48db1ba7ecf868931c15c709bd3ba72f8c2a4cc6f0677e33a32ea
2025-09-15 11:45:17.762 DEBUG client[0]: Submitting transaction 0e0ddaf506c48db1ba7ecf868931c15c709bd3ba72f8c2a4cc6f0677e33a32ea
2025-09-15 11:45:17.845 TRACE : trigger interaction 0xc0004ebb30 486/1200
[TRACE] Decoding transaction bytes of length: 229
[TRACE] Transaction type: 6
[TRACE] Successfully decoded transaction with hash: 65c691f2009940f9a2a7565e5b98a285a7fe28fc0a99b0443a5f477f31c974b4
2025-09-15 11:45:17.846 TRACE client[0]: Processing transaction with hash: 65c691f2009940f9a2a7565e5b98a285a7fe28fc0a99b0443a5f477f31c974b4
2025-09-15 11:45:17.846 DEBUG client[0]: Submitting transaction 65c691f2009940f9a2a7565e5b98a285a7fe28fc0a99b0443a5f477f31c974b4
2025-09-15 11:45:17.929 TRACE : trigger interaction 0xc0004ebc20 487/1200
[TRACE] Decoding transaction bytes of length: 229
[TRACE] Transaction type: 6
[TRACE] Successfully decoded transaction with hash: b63bb68b37ea0639acf0beb97ec4f230f4e8e5ca22f56a0080596bb285490d90
2025-09-15 11:45:17.930 TRACE client[0]: Processing transaction with hash: b63bb68b37ea0639acf0beb97ec4f230f4e8e5ca22f56a0080596bb285490d90
2025-09-15 11:45:17.930 DEBUG client[0]: Submitting transaction b63bb68b37ea0639acf0beb97ec4f230f4e8e5ca22f56a0080596bb285490d90
2025-09-15 11:45:18.012 TRACE : trigger interaction 0xc0004ebd10 488/1200
[TRACE] Decoding transaction bytes of length: 229
[TRACE] Transaction type: 6
[TRACE] Successfully decoded transaction with hash: bf53972d45b752c88d5038a95a746aa21484d3486bda1ac630b4d76a44065565
2025-09-15 11:45:18.013 TRACE client[0]: Processing transaction with hash: bf53972d45b752c88d5038a95a746aa21484d3486bda1ac630b4d76a44065565
2025-09-15 11:45:18.013 DEBUG client[0]: Submitting transaction bf53972d45b752c88d5038a95a746aa21484d3486bda1ac630b4d76a44065565
2025-09-15 11:45:18.095 TRACE : trigger interaction 0xc0004ebe00 489/1200
[TRACE] Decoding transaction bytes of length: 229
[TRACE] Transaction type: 6
[TRACE] Successfully decoded transaction with hash: 04fb23816e563acb938df939fe056faf727f31a89abb264da8c3766dc783f98b
2025-09-15 11:45:18.096 TRACE client[0]: Processing transaction with hash: 04fb23816e563acb938df939fe056faf727f31a89abb264da8c3766dc783f98b
2025-09-15 11:45:18.096 DEBUG client[0]: Submitting transaction 04fb23816e563acb938df939fe056faf727f31a89abb264da8c3766dc783f98b
2025-09-15 11:45:18.179 TRACE : trigger interaction 0xc0004ebef0 490/1200
[TRACE] Decoding transaction bytes of length: 229
[TRACE] Transaction type: 6
[TRACE] Successfully decoded transaction with hash: cfd734687060bd26d8a38c9f845417d9f38f6b1ba8dd2f7927d3d68c303f9050
2025-09-15 11:45:18.180 TRACE client[0]: Processing transaction with hash: cfd734687060bd26d8a38c9f845417d9f38f6b1ba8dd2f7927d3d68c303f9050
2025-09-15 11:45:18.180 DEBUG client[0]: Submitting transaction cfd734687060bd26d8a38c9f845417d9f38f6b1ba8dd2f7927d3d68c303f9050
2025-09-15 11:45:18.262 TRACE : trigger interaction 0xc00060c000 491/1200
[TRACE] Decoding transaction bytes of length: 229
[TRACE] Transaction type: 6
[TRACE] Successfully decoded transaction with hash: 2c54ad0433d5ceeac600a64844cbdaeac6b0b5a115327adeac68d949f6f713a7
2025-09-15 11:45:18.263 TRACE client[0]: Processing transaction with hash: 2c54ad0433d5ceeac600a64844cbdaeac6b0b5a115327adeac68d949f6f713a7
2025-09-15 11:45:18.263 DEBUG client[0]: Submitting transaction 2c54ad0433d5ceeac600a64844cbdaeac6b0b5a115327adeac68d949f6f713a7
2025-09-15 11:45:18.345 TRACE : trigger interaction 0xc00060c0f0 492/1200
[TRACE] Decoding transaction bytes of length: 229
[TRACE] Transaction type: 6
[TRACE] Successfully decoded transaction with hash: 57b841ac55aa11e9e7d3a1af547b6baf548903a03d1b00e67dba5e1f5494cc2c
2025-09-15 11:45:18.345 TRACE client[0]: Processing transaction with hash: 57b841ac55aa11e9e7d3a1af547b6baf548903a03d1b00e67dba5e1f5494cc2c
2025-09-15 11:45:18.345 DEBUG client[0]: Submitting transaction 57b841ac55aa11e9e7d3a1af547b6baf548903a03d1b00e67dba5e1f5494cc2c
2025-09-15 11:45:18.429 TRACE : trigger interaction 0xc00060c1e0 493/1200
[TRACE] Decoding transaction bytes of length: 229
[TRACE] Transaction type: 6
[TRACE] Successfully decoded transaction with hash: 51e9a57848747f1b2a86e5e197b05aba2489e3e413370dcba8396fc96872ae2d
2025-09-15 11:45:18.430 TRACE client[0]: Processing transaction with hash: 51e9a57848747f1b2a86e5e197b05aba2489e3e413370dcba8396fc96872ae2d
2025-09-15 11:45:18.430 DEBUG client[0]: Submitting transaction 51e9a57848747f1b2a86e5e197b05aba2489e3e413370dcba8396fc96872ae2d
2025-09-15 11:45:18.512 TRACE : trigger interaction 0xc00060c2d0 494/1200
[TRACE] Decoding transaction bytes of length: 229
[TRACE] Transaction type: 6
[TRACE] Successfully decoded transaction with hash: a371ce4f34b3d0b5861ff44d14f89da729c3c4f5436008d884fd6b3e8ac456b3
2025-09-15 11:45:18.513 TRACE client[0]: Processing transaction with hash: a371ce4f34b3d0b5861ff44d14f89da729c3c4f5436008d884fd6b3e8ac456b3
2025-09-15 11:45:18.513 DEBUG client[0]: Submitting transaction a371ce4f34b3d0b5861ff44d14f89da729c3c4f5436008d884fd6b3e8ac456b3
2025-09-15 11:45:18.596 TRACE : trigger interaction 0xc00060c3c0 495/1200
[TRACE] Decoding transaction bytes of length: 229
[TRACE] Transaction type: 6
[TRACE] Successfully decoded transaction with hash: 7143537dd841ebccdf4a3f649fa35f7dcc89a997481d644011b35d67420bb3a1
2025-09-15 11:45:18.596 TRACE client[0]: Processing transaction with hash: 7143537dd841ebccdf4a3f649fa35f7dcc89a997481d644011b35d67420bb3a1
2025-09-15 11:45:18.596 DEBUG client[0]: Submitting transaction 7143537dd841ebccdf4a3f649fa35f7dcc89a997481d644011b35d67420bb3a1
2025-09-15 11:45:18.678 TRACE : trigger interaction 0xc00060c4b0 496/1200
[TRACE] Decoding transaction bytes of length: 229
[TRACE] Transaction type: 6
[TRACE] Successfully decoded transaction with hash: 678675a0694fcb9236cd4b144f14d307725f339406d77b7a411387c28d437fb8
2025-09-15 11:45:18.679 TRACE client[0]: Processing transaction with hash: 678675a0694fcb9236cd4b144f14d307725f339406d77b7a411387c28d437fb8
2025-09-15 11:45:18.679 DEBUG client[0]: Submitting transaction 678675a0694fcb9236cd4b144f14d307725f339406d77b7a411387c28d437fb8
2025-09-15 11:45:18.762 TRACE : trigger interaction 0xc00060c5a0 497/1200
[TRACE] Decoding transaction bytes of length: 229
[TRACE] Transaction type: 6
[TRACE] Successfully decoded transaction with hash: bda39efdf2bb632e0d67cdcba9844d23965a18c2862d56ce6099b8d976b884f2
2025-09-15 11:45:18.763 TRACE client[0]: Processing transaction with hash: bda39efdf2bb632e0d67cdcba9844d23965a18c2862d56ce6099b8d976b884f2
2025-09-15 11:45:18.763 DEBUG client[0]: Submitting transaction bda39efdf2bb632e0d67cdcba9844d23965a18c2862d56ce6099b8d976b884f2
2025-09-15 11:45:18.846 TRACE : trigger interaction 0xc00060c690 498/1200
[TRACE] Decoding transaction bytes of length: 229
[TRACE] Transaction type: 6
[TRACE] Successfully decoded transaction with hash: bafcc3a09c9a68f185fa3c9a35b659379c9e7f556b26b1aec06dd0bdb6a2642e
2025-09-15 11:45:18.846 TRACE client[0]: Processing transaction with hash: bafcc3a09c9a68f185fa3c9a35b659379c9e7f556b26b1aec06dd0bdb6a2642e
2025-09-15 11:45:18.846 DEBUG client[0]: Submitting transaction bafcc3a09c9a68f185fa3c9a35b659379c9e7f556b26b1aec06dd0bdb6a2642e
2025-09-15 11:45:18.929 TRACE : trigger interaction 0xc00060c780 499/1200
[TRACE] Decoding transaction bytes of length: 229
[TRACE] Transaction type: 6
[TRACE] Successfully decoded transaction with hash: 19a4d9fc08e97061913c8d251fdeec9f1eb95c1fde91dcb196e331861149a301
2025-09-15 11:45:18.930 TRACE client[0]: Processing transaction with hash: 19a4d9fc08e97061913c8d251fdeec9f1eb95c1fde91dcb196e331861149a301
2025-09-15 11:45:18.930 DEBUG client[0]: Submitting transaction 19a4d9fc08e97061913c8d251fdeec9f1eb95c1fde91dcb196e331861149a301
2025-09-15 11:45:19.012 TRACE : trigger interaction 0xc00060c870 500/1200
[TRACE] Decoding transaction bytes of length: 229
[TRACE] Transaction type: 6
[TRACE] Successfully decoded transaction with hash: e754928c8abba75a6904e631828f3e1f53a9a9ee0153d819a218604e1f902e16
2025-09-15 11:45:19.013 TRACE client[0]: Processing transaction with hash: e754928c8abba75a6904e631828f3e1f53a9a9ee0153d819a218604e1f902e16
2025-09-15 11:45:19.013 DEBUG client[0]: Submitting transaction e754928c8abba75a6904e631828f3e1f53a9a9ee0153d819a218604e1f902e16
2025-09-15 11:45:19.095 TRACE : trigger interaction 0xc00060c960 501/1200
[TRACE] Decoding transaction bytes of length: 229
[TRACE] Transaction type: 6
[TRACE] Successfully decoded transaction with hash: 1f10067274d3ca99a9fb73d73c1c07f44a318006f1fd19ec6e9742b26e66c727
2025-09-15 11:45:19.096 TRACE client[0]: Processing transaction with hash: 1f10067274d3ca99a9fb73d73c1c07f44a318006f1fd19ec6e9742b26e66c727
2025-09-15 11:45:19.096 DEBUG client[0]: Submitting transaction 1f10067274d3ca99a9fb73d73c1c07f44a318006f1fd19ec6e9742b26e66c727
2025-09-15 11:45:19.179 TRACE : trigger interaction 0xc00060ca50 502/1200
[TRACE] Decoding transaction bytes of length: 229
[TRACE] Transaction type: 6
[TRACE] Successfully decoded transaction with hash: 9e7ef09b30065e0c021c7e7b56f3c90372bf34526e1589166503ffed6d0ae862
2025-09-15 11:45:19.180 TRACE client[0]: Processing transaction with hash: 9e7ef09b30065e0c021c7e7b56f3c90372bf34526e1589166503ffed6d0ae862
2025-09-15 11:45:19.180 DEBUG client[0]: Submitting transaction 9e7ef09b30065e0c021c7e7b56f3c90372bf34526e1589166503ffed6d0ae862
2025-09-15 11:45:19.262 TRACE : trigger interaction 0xc000511ef0 503/1200
[TRACE] Decoding transaction bytes of length: 229
[TRACE] Transaction type: 6
[TRACE] Successfully decoded transaction with hash: 16081f5690452238bfdf03be905950faab04c6c383104fc116c1235b61ae3e89
2025-09-15 11:45:19.263 TRACE client[0]: Processing transaction with hash: 16081f5690452238bfdf03be905950faab04c6c383104fc116c1235b61ae3e89
2025-09-15 11:45:19.263 DEBUG client[0]: Submitting transaction 16081f5690452238bfdf03be905950faab04c6c383104fc116c1235b61ae3e89
2025-09-15 11:45:19.345 TRACE : trigger interaction 0xc000534000 504/1200
[TRACE] Decoding transaction bytes of length: 229
[TRACE] Transaction type: 6
[TRACE] Successfully decoded transaction with hash: cfafb286ff49f51e872a3d0ae41279ab8550cc127b155f725f52c6dc8ac7e51f
2025-09-15 11:45:19.346 TRACE client[0]: Processing transaction with hash: cfafb286ff49f51e872a3d0ae41279ab8550cc127b155f725f52c6dc8ac7e51f
2025-09-15 11:45:19.346 DEBUG client[0]: Submitting transaction cfafb286ff49f51e872a3d0ae41279ab8550cc127b155f725f52c6dc8ac7e51f
2025-09-15 11:45:19.429 TRACE : trigger interaction 0xc0005340f0 505/1200
[TRACE] Decoding transaction bytes of length: 229
[TRACE] Transaction type: 6
[TRACE] Successfully decoded transaction with hash: 920909aa246e72c75972d2ff1590e51b44ae4e05365448edab1fa64515cd6120
2025-09-15 11:45:19.430 TRACE client[0]: Processing transaction with hash: 920909aa246e72c75972d2ff1590e51b44ae4e05365448edab1fa64515cd6120
2025-09-15 11:45:19.430 DEBUG client[0]: Submitting transaction 920909aa246e72c75972d2ff1590e51b44ae4e05365448edab1fa64515cd6120
2025-09-15 11:45:19.512 TRACE : trigger interaction 0xc0005341e0 506/1200
[TRACE] Decoding transaction bytes of length: 229
[TRACE] Transaction type: 6
[TRACE] Successfully decoded transaction with hash: 44e3e675ced9adec6b6859d1c93ce8dcf05778796f0847f362945fae76b0d56a
2025-09-15 11:45:19.513 TRACE client[0]: Processing transaction with hash: 44e3e675ced9adec6b6859d1c93ce8dcf05778796f0847f362945fae76b0d56a
2025-09-15 11:45:19.513 DEBUG client[0]: Submitting transaction 44e3e675ced9adec6b6859d1c93ce8dcf05778796f0847f362945fae76b0d56a
2025-09-15 11:45:19.595 TRACE : trigger interaction 0xc0005342d0 507/1200
[TRACE] Decoding transaction bytes of length: 229
[TRACE] Transaction type: 6
[TRACE] Successfully decoded transaction with hash: b335cb1f8b04e3a187f1f7425fd245d9ac6521d4ae88aa1f8f74921d6a8a88e7
2025-09-15 11:45:19.596 TRACE client[0]: Processing transaction with hash: b335cb1f8b04e3a187f1f7425fd245d9ac6521d4ae88aa1f8f74921d6a8a88e7
2025-09-15 11:45:19.596 DEBUG client[0]: Submitting transaction b335cb1f8b04e3a187f1f7425fd245d9ac6521d4ae88aa1f8f74921d6a8a88e7
2025-09-15 11:45:19.679 TRACE : trigger interaction 0xc0005343c0 508/1200
[TRACE] Decoding transaction bytes of length: 229
[TRACE] Transaction type: 6
[TRACE] Successfully decoded transaction with hash: b34bca6795d41654f5ce8b2bd188cee80d79d3d8db02655854529c643493734e
2025-09-15 11:45:19.680 TRACE client[0]: Processing transaction with hash: b34bca6795d41654f5ce8b2bd188cee80d79d3d8db02655854529c643493734e
2025-09-15 11:45:19.680 DEBUG client[0]: Submitting transaction b34bca6795d41654f5ce8b2bd188cee80d79d3d8db02655854529c643493734e
2025-09-15 11:45:19.762 TRACE : trigger interaction 0xc0005344b0 509/1200
[TRACE] Decoding transaction bytes of length: 229
[TRACE] Transaction type: 6
[TRACE] Successfully decoded transaction with hash: c747b02678954ce9471689dcbd2367b2c89c701b2f025db86d7d01418e3bb04d
2025-09-15 11:45:19.762 TRACE client[0]: Processing transaction with hash: c747b02678954ce9471689dcbd2367b2c89c701b2f025db86d7d01418e3bb04d
2025-09-15 11:45:19.762 DEBUG client[0]: Submitting transaction c747b02678954ce9471689dcbd2367b2c89c701b2f025db86d7d01418e3bb04d
2025-09-15 11:45:19.845 TRACE : trigger interaction 0xc0005345a0 510/1200
[TRACE] Decoding transaction bytes of length: 229
[TRACE] Transaction type: 6
[TRACE] Successfully decoded transaction with hash: 4da67d1916f06b16abb668aefd987ebadcae988192a733d73b45c3273d834f78
2025-09-15 11:45:19.846 TRACE client[0]: Processing transaction with hash: 4da67d1916f06b16abb668aefd987ebadcae988192a733d73b45c3273d834f78
2025-09-15 11:45:19.846 DEBUG client[0]: Submitting transaction 4da67d1916f06b16abb668aefd987ebadcae988192a733d73b45c3273d834f78
2025-09-15 11:45:19.929 TRACE : trigger interaction 0xc000534690 511/1200
[TRACE] Decoding transaction bytes of length: 229
[TRACE] Transaction type: 6
[TRACE] Successfully decoded transaction with hash: 0a4f1ae9796abcaee403674275deecfd9995c45febbe0a064a9c0d880530c7c2
2025-09-15 11:45:19.930 TRACE client[0]: Processing transaction with hash: 0a4f1ae9796abcaee403674275deecfd9995c45febbe0a064a9c0d880530c7c2
2025-09-15 11:45:19.930 DEBUG client[0]: Submitting transaction 0a4f1ae9796abcaee403674275deecfd9995c45febbe0a064a9c0d880530c7c2
2025-09-15 11:45:20.012 TRACE : trigger interaction 0xc000534780 512/1200
[TRACE] Decoding transaction bytes of length: 229
[TRACE] Transaction type: 6
[TRACE] Successfully decoded transaction with hash: 389cf6db1daa025796e307dd7e8ef8a8bcc759189b14208ce67cb6f03ce08b45
2025-09-15 11:45:20.013 TRACE client[0]: Processing transaction with hash: 389cf6db1daa025796e307dd7e8ef8a8bcc759189b14208ce67cb6f03ce08b45
2025-09-15 11:45:20.013 DEBUG client[0]: Submitting transaction 389cf6db1daa025796e307dd7e8ef8a8bcc759189b14208ce67cb6f03ce08b45
2025-09-15 11:45:20.095 TRACE : trigger interaction 0xc000534870 513/1200
[TRACE] Decoding transaction bytes of length: 229
[TRACE] Transaction type: 6
[TRACE] Successfully decoded transaction with hash: 149fa2d2e7862cc06e41dc71143abf629fb498f462ea2374d1ca788473bd1b68
2025-09-15 11:45:20.096 TRACE client[0]: Processing transaction with hash: 149fa2d2e7862cc06e41dc71143abf629fb498f462ea2374d1ca788473bd1b68
2025-09-15 11:45:20.096 DEBUG client[0]: Submitting transaction 149fa2d2e7862cc06e41dc71143abf629fb498f462ea2374d1ca788473bd1b68
2025-09-15 11:45:20.179 TRACE : trigger interaction 0xc000534960 514/1200
[TRACE] Decoding transaction bytes of length: 229
[TRACE] Transaction type: 6
[TRACE] Successfully decoded transaction with hash: 3eefd3ea2f7b0dacb7797fbf7295082640b62a2872a2004bb1beabebe71a86af
2025-09-15 11:45:20.180 TRACE client[0]: Processing transaction with hash: 3eefd3ea2f7b0dacb7797fbf7295082640b62a2872a2004bb1beabebe71a86af
2025-09-15 11:45:20.180 DEBUG client[0]: Submitting transaction 3eefd3ea2f7b0dacb7797fbf7295082640b62a2872a2004bb1beabebe71a86af
2025-09-15 11:45:20.262 TRACE : trigger interaction 0xc000534a50 515/1200
[TRACE] Decoding transaction bytes of length: 229
[TRACE] Transaction type: 6
[TRACE] Successfully decoded transaction with hash: b2f053daeabd1a719800a96f77ed681ebb38ec1d52fa3d400fe5cdc8f4b5f2e6
2025-09-15 11:45:20.263 TRACE client[0]: Processing transaction with hash: b2f053daeabd1a719800a96f77ed681ebb38ec1d52fa3d400fe5cdc8f4b5f2e6
2025-09-15 11:45:20.263 DEBUG client[0]: Submitting transaction b2f053daeabd1a719800a96f77ed681ebb38ec1d52fa3d400fe5cdc8f4b5f2e6
2025-09-15 11:45:20.345 TRACE : trigger interaction 0xc000534b40 516/1200
[TRACE] Decoding transaction bytes of length: 229
[TRACE] Transaction type: 6
[TRACE] Successfully decoded transaction with hash: 5c7c162daa0ce0e8fa1ff444e128dc0763e111481575a98c3409e00498785c92
2025-09-15 11:45:20.346 TRACE client[0]: Processing transaction with hash: 5c7c162daa0ce0e8fa1ff444e128dc0763e111481575a98c3409e00498785c92
2025-09-15 11:45:20.346 DEBUG client[0]: Submitting transaction 5c7c162daa0ce0e8fa1ff444e128dc0763e111481575a98c3409e00498785c92
2025-09-15 11:45:20.429 TRACE : trigger interaction 0xc000534c30 517/1200
[TRACE] Decoding transaction bytes of length: 229
[TRACE] Transaction type: 6
[TRACE] Successfully decoded transaction with hash: f47f9c7577a4520d1b329aa31af3b1be029a59a945aaababa749f467a3aa921c
2025-09-15 11:45:20.429 TRACE client[0]: Processing transaction with hash: f47f9c7577a4520d1b329aa31af3b1be029a59a945aaababa749f467a3aa921c
2025-09-15 11:45:20.429 DEBUG client[0]: Submitting transaction f47f9c7577a4520d1b329aa31af3b1be029a59a945aaababa749f467a3aa921c
2025-09-15 11:45:20.512 TRACE : trigger interaction 0xc000534d20 518/1200
[TRACE] Decoding transaction bytes of length: 229
[TRACE] Transaction type: 6
[TRACE] Successfully decoded transaction with hash: 11d4392c2a3f8bb3b3a95cc27b93b5b6403004942d829c3a9fc83cd49166703b
2025-09-15 11:45:20.513 TRACE client[0]: Processing transaction with hash: 11d4392c2a3f8bb3b3a95cc27b93b5b6403004942d829c3a9fc83cd49166703b
2025-09-15 11:45:20.513 DEBUG client[0]: Submitting transaction 11d4392c2a3f8bb3b3a95cc27b93b5b6403004942d829c3a9fc83cd49166703b
2025-09-15 11:45:20.595 TRACE : trigger interaction 0xc000534e10 519/1200
[TRACE] Decoding transaction bytes of length: 229
[TRACE] Transaction type: 6
[TRACE] Successfully decoded transaction with hash: bf0af8cfdfc271c968773df346bd15fddb7aaee1df0d71a363db9bac4497d10d
2025-09-15 11:45:20.596 TRACE client[0]: Processing transaction with hash: bf0af8cfdfc271c968773df346bd15fddb7aaee1df0d71a363db9bac4497d10d
2025-09-15 11:45:20.596 DEBUG client[0]: Submitting transaction bf0af8cfdfc271c968773df346bd15fddb7aaee1df0d71a363db9bac4497d10d
2025-09-15 11:45:20.679 TRACE : trigger interaction 0xc000534f00 520/1200
[TRACE] Decoding transaction bytes of length: 229
[TRACE] Transaction type: 6
[TRACE] Successfully decoded transaction with hash: 3a1198e218ff0cfd8d8b684f182b91594f8a467c9d5c55044efb6e41736e2edf
2025-09-15 11:45:20.679 TRACE client[0]: Processing transaction with hash: 3a1198e218ff0cfd8d8b684f182b91594f8a467c9d5c55044efb6e41736e2edf
2025-09-15 11:45:20.679 DEBUG client[0]: Submitting transaction 3a1198e218ff0cfd8d8b684f182b91594f8a467c9d5c55044efb6e41736e2edf
2025-09-15 11:45:20.762 TRACE : trigger interaction 0xc000534ff0 521/1200
[TRACE] Decoding transaction bytes of length: 229
[TRACE] Transaction type: 6
[TRACE] Successfully decoded transaction with hash: 8ba27683efdd76893ab7828db8b221dba5d0c75589d3da3cc540a94793ef6ce0
2025-09-15 11:45:20.763 TRACE client[0]: Processing transaction with hash: 8ba27683efdd76893ab7828db8b221dba5d0c75589d3da3cc540a94793ef6ce0
2025-09-15 11:45:20.763 DEBUG client[0]: Submitting transaction 8ba27683efdd76893ab7828db8b221dba5d0c75589d3da3cc540a94793ef6ce0
2025-09-15 11:45:20.845 TRACE : trigger interaction 0xc0005350e0 522/1200
[TRACE] Decoding transaction bytes of length: 229
[TRACE] Transaction type: 6
[TRACE] Successfully decoded transaction with hash: 1f10dfb619fece449dbeee7e2cd4ff0cb5dee9b2d3fa2f7aaebf092c9437ba05
2025-09-15 11:45:20.846 TRACE client[0]: Processing transaction with hash: 1f10dfb619fece449dbeee7e2cd4ff0cb5dee9b2d3fa2f7aaebf092c9437ba05
2025-09-15 11:45:20.846 DEBUG client[0]: Submitting transaction 1f10dfb619fece449dbeee7e2cd4ff0cb5dee9b2d3fa2f7aaebf092c9437ba05
2025-09-15 11:45:20.929 TRACE : trigger interaction 0xc0005351d0 523/1200
[TRACE] Decoding transaction bytes of length: 229
[TRACE] Transaction type: 6
[TRACE] Successfully decoded transaction with hash: d3448e4d706b654c509342a957a61890e15c623a6ddd839782d640cc64de8150
2025-09-15 11:45:20.929 TRACE client[0]: Processing transaction with hash: d3448e4d706b654c509342a957a61890e15c623a6ddd839782d640cc64de8150
2025-09-15 11:45:20.929 DEBUG client[0]: Submitting transaction d3448e4d706b654c509342a957a61890e15c623a6ddd839782d640cc64de8150
2025-09-15 11:45:21.012 TRACE : trigger interaction 0xc0005352c0 524/1200
[TRACE] Decoding transaction bytes of length: 229
[TRACE] Transaction type: 6
[TRACE] Successfully decoded transaction with hash: 7d155316a272908cdbfed81a2f43f4a2478be5c11829bcc625eece36d6742360
2025-09-15 11:45:21.013 TRACE client[0]: Processing transaction with hash: 7d155316a272908cdbfed81a2f43f4a2478be5c11829bcc625eece36d6742360
2025-09-15 11:45:21.013 DEBUG client[0]: Submitting transaction 7d155316a272908cdbfed81a2f43f4a2478be5c11829bcc625eece36d6742360
2025-09-15 11:45:21.096 TRACE : trigger interaction 0xc0005353b0 525/1200
[TRACE] Decoding transaction bytes of length: 229
[TRACE] Transaction type: 6
[TRACE] Successfully decoded transaction with hash: ab27d035a47ebbe9bd0cbb9cb95ae376557792ad746047a5eca76503d493e506
2025-09-15 11:45:21.096 TRACE client[0]: Processing transaction with hash: ab27d035a47ebbe9bd0cbb9cb95ae376557792ad746047a5eca76503d493e506
2025-09-15 11:45:21.096 DEBUG client[0]: Submitting transaction ab27d035a47ebbe9bd0cbb9cb95ae376557792ad746047a5eca76503d493e506
2025-09-15 11:45:21.178 TRACE : trigger interaction 0xc0005354a0 526/1200
[TRACE] Decoding transaction bytes of length: 229
[TRACE] Transaction type: 6
[TRACE] Successfully decoded transaction with hash: 864ba429558c94bea9bd7c3dacbb3ce1ec2fda6549d982168725399921dade6e
2025-09-15 11:45:21.179 TRACE client[0]: Processing transaction with hash: 864ba429558c94bea9bd7c3dacbb3ce1ec2fda6549d982168725399921dade6e
2025-09-15 11:45:21.179 DEBUG client[0]: Submitting transaction 864ba429558c94bea9bd7c3dacbb3ce1ec2fda6549d982168725399921dade6e
2025-09-15 11:45:21.262 TRACE : trigger interaction 0xc000535590 527/1200
[TRACE] Decoding transaction bytes of length: 229
[TRACE] Transaction type: 6
[TRACE] Successfully decoded transaction with hash: f7de37d5da56bf17bc291ddd5b59f5837e38238f01cf64b917ec4deeeea3b1d0
2025-09-15 11:45:21.263 TRACE client[0]: Processing transaction with hash: f7de37d5da56bf17bc291ddd5b59f5837e38238f01cf64b917ec4deeeea3b1d0
2025-09-15 11:45:21.263 DEBUG client[0]: Submitting transaction f7de37d5da56bf17bc291ddd5b59f5837e38238f01cf64b917ec4deeeea3b1d0
2025-09-15 11:45:21.345 TRACE : trigger interaction 0xc000535680 528/1200
[TRACE] Decoding transaction bytes of length: 229
[TRACE] Transaction type: 6
[TRACE] Successfully decoded transaction with hash: eb56badbcf1350a5f5fc6f8b01d274cc5bcafb34bf6d01cccafd771ab7a38e77
2025-09-15 11:45:21.346 TRACE client[0]: Processing transaction with hash: eb56badbcf1350a5f5fc6f8b01d274cc5bcafb34bf6d01cccafd771ab7a38e77
2025-09-15 11:45:21.346 DEBUG client[0]: Submitting transaction eb56badbcf1350a5f5fc6f8b01d274cc5bcafb34bf6d01cccafd771ab7a38e77
2025-09-15 11:45:21.429 TRACE : trigger interaction 0xc000535770 529/1200
[TRACE] Decoding transaction bytes of length: 229
[TRACE] Transaction type: 6
[TRACE] Successfully decoded transaction with hash: 84f14913e73a30a86b40ee997dc85985a3c742c48e9d61acfc16a5fdbd26a54f
2025-09-15 11:45:21.429 TRACE client[0]: Processing transaction with hash: 84f14913e73a30a86b40ee997dc85985a3c742c48e9d61acfc16a5fdbd26a54f
2025-09-15 11:45:21.429 DEBUG client[0]: Submitting transaction 84f14913e73a30a86b40ee997dc85985a3c742c48e9d61acfc16a5fdbd26a54f
2025-09-15 11:45:21.512 TRACE : trigger interaction 0xc000535860 530/1200
[TRACE] Decoding transaction bytes of length: 229
[TRACE] Transaction type: 6
[TRACE] Successfully decoded transaction with hash: 2226555776efb0935abd84337b5e1d43f560a05e880992449cd50c6185d5f905
2025-09-15 11:45:21.513 TRACE client[0]: Processing transaction with hash: 2226555776efb0935abd84337b5e1d43f560a05e880992449cd50c6185d5f905
2025-09-15 11:45:21.513 DEBUG client[0]: Submitting transaction 2226555776efb0935abd84337b5e1d43f560a05e880992449cd50c6185d5f905
2025-09-15 11:45:21.596 TRACE : trigger interaction 0xc000535950 531/1200
[TRACE] Decoding transaction bytes of length: 229
[TRACE] Transaction type: 6
[TRACE] Successfully decoded transaction with hash: 8292c7c2080f9398c989c692812a10b0f8544d40c578b40b4088e7a66d5188b6
2025-09-15 11:45:21.596 TRACE client[0]: Processing transaction with hash: 8292c7c2080f9398c989c692812a10b0f8544d40c578b40b4088e7a66d5188b6
2025-09-15 11:45:21.596 DEBUG client[0]: Submitting transaction 8292c7c2080f9398c989c692812a10b0f8544d40c578b40b4088e7a66d5188b6
2025-09-15 11:45:21.679 TRACE : trigger interaction 0xc000535a40 532/1200
[TRACE] Decoding transaction bytes of length: 229
[TRACE] Transaction type: 6
[TRACE] Successfully decoded transaction with hash: 8cec3e952b795bb85532ce67a48d40d7ebe812d28ceab202e8dd9a4af46408c2
2025-09-15 11:45:21.679 TRACE client[0]: Processing transaction with hash: 8cec3e952b795bb85532ce67a48d40d7ebe812d28ceab202e8dd9a4af46408c2
2025-09-15 11:45:21.679 DEBUG client[0]: Submitting transaction 8cec3e952b795bb85532ce67a48d40d7ebe812d28ceab202e8dd9a4af46408c2
2025-09-15 11:45:21.762 TRACE : trigger interaction 0xc000535b30 533/1200
[TRACE] Decoding transaction bytes of length: 229
[TRACE] Transaction type: 6
[TRACE] Successfully decoded transaction with hash: 514ecf4064a743be2b840d9300e2ec0c559771e9663067b7ef5a39d451f071c9
2025-09-15 11:45:21.763 TRACE client[0]: Processing transaction with hash: 514ecf4064a743be2b840d9300e2ec0c559771e9663067b7ef5a39d451f071c9
2025-09-15 11:45:21.763 DEBUG client[0]: Submitting transaction 514ecf4064a743be2b840d9300e2ec0c559771e9663067b7ef5a39d451f071c9
2025-09-15 11:45:21.845 TRACE : trigger interaction 0xc000535c20 534/1200
[TRACE] Decoding transaction bytes of length: 229
[TRACE] Transaction type: 6
[TRACE] Successfully decoded transaction with hash: c5517c2394324c3c36b45e2b2aee214add7f0f58e345889a234f5f83eb6c9259
2025-09-15 11:45:21.846 TRACE client[0]: Processing transaction with hash: c5517c2394324c3c36b45e2b2aee214add7f0f58e345889a234f5f83eb6c9259
2025-09-15 11:45:21.846 DEBUG client[0]: Submitting transaction c5517c2394324c3c36b45e2b2aee214add7f0f58e345889a234f5f83eb6c9259
2025-09-15 11:45:21.929 TRACE : trigger interaction 0xc000535d10 535/1200
[TRACE] Decoding transaction bytes of length: 229
[TRACE] Transaction type: 6
[TRACE] Successfully decoded transaction with hash: aeec6012d5e03563a670e73193375019f78f8f8068ecb1e8b7d17115ca51c3af
2025-09-15 11:45:21.930 TRACE client[0]: Processing transaction with hash: aeec6012d5e03563a670e73193375019f78f8f8068ecb1e8b7d17115ca51c3af
2025-09-15 11:45:21.930 DEBUG client[0]: Submitting transaction aeec6012d5e03563a670e73193375019f78f8f8068ecb1e8b7d17115ca51c3af
2025-09-15 11:45:22.012 TRACE : trigger interaction 0xc00046f770 536/1200
[TRACE] Decoding transaction bytes of length: 229
[TRACE] Transaction type: 6
[TRACE] Successfully decoded transaction with hash: 499002c4b356c9cafc1222ab343cd71f8b5b20a16a367f008f05047a2b044361
2025-09-15 11:45:22.013 TRACE client[0]: Processing transaction with hash: 499002c4b356c9cafc1222ab343cd71f8b5b20a16a367f008f05047a2b044361
2025-09-15 11:45:22.013 DEBUG client[0]: Submitting transaction 499002c4b356c9cafc1222ab343cd71f8b5b20a16a367f008f05047a2b044361
2025-09-15 11:45:22.095 TRACE : trigger interaction 0xc00046f860 537/1200
[TRACE] Decoding transaction bytes of length: 229
[TRACE] Transaction type: 6
[TRACE] Successfully decoded transaction with hash: 02c6e3a724dfe4f1d3652dedc2fe25de21df96cc813ebd72c2bf1fcc863697a1
2025-09-15 11:45:22.096 TRACE client[0]: Processing transaction with hash: 02c6e3a724dfe4f1d3652dedc2fe25de21df96cc813ebd72c2bf1fcc863697a1
2025-09-15 11:45:22.096 DEBUG client[0]: Submitting transaction 02c6e3a724dfe4f1d3652dedc2fe25de21df96cc813ebd72c2bf1fcc863697a1
2025-09-15 11:45:22.179 TRACE : trigger interaction 0xc00046f950 538/1200
[TRACE] Decoding transaction bytes of length: 229
[TRACE] Transaction type: 6
[TRACE] Successfully decoded transaction with hash: 591d800cc4864a2e6aabb2778ca60d6e9cfde58e55e1b79f628f0f00f6599fb0
2025-09-15 11:45:22.180 TRACE client[0]: Processing transaction with hash: 591d800cc4864a2e6aabb2778ca60d6e9cfde58e55e1b79f628f0f00f6599fb0
2025-09-15 11:45:22.180 DEBUG client[0]: Submitting transaction 591d800cc4864a2e6aabb2778ca60d6e9cfde58e55e1b79f628f0f00f6599fb0
2025-09-15 11:45:22.262 TRACE : trigger interaction 0xc00046fa40 539/1200
[TRACE] Decoding transaction bytes of length: 229
[TRACE] Transaction type: 6
[TRACE] Successfully decoded transaction with hash: 1507cc91a11126f99d5487771591fc365f34827d3d1eeef5c79a2a48401541b1
2025-09-15 11:45:22.262 TRACE client[0]: Processing transaction with hash: 1507cc91a11126f99d5487771591fc365f34827d3d1eeef5c79a2a48401541b1
2025-09-15 11:45:22.262 DEBUG client[0]: Submitting transaction 1507cc91a11126f99d5487771591fc365f34827d3d1eeef5c79a2a48401541b1
2025-09-15 11:45:22.346 TRACE : trigger interaction 0xc00046fb30 540/1200
[TRACE] Decoding transaction bytes of length: 229
[TRACE] Transaction type: 6
[TRACE] Successfully decoded transaction with hash: 6b393495677208824baa2ec01d18e2cc3536cb3b76fac670e2b632294a031257
2025-09-15 11:45:22.346 TRACE client[0]: Processing transaction with hash: 6b393495677208824baa2ec01d18e2cc3536cb3b76fac670e2b632294a031257
2025-09-15 11:45:22.346 DEBUG client[0]: Submitting transaction 6b393495677208824baa2ec01d18e2cc3536cb3b76fac670e2b632294a031257
2025-09-15 11:45:22.429 TRACE : trigger interaction 0xc00046fc20 541/1200
[TRACE] Decoding transaction bytes of length: 229
[TRACE] Transaction type: 6
[TRACE] Successfully decoded transaction with hash: 4d5e1bbe7912322ef7f4d7874d40a0c7044108bfeb18c266ec4acb3998c637cd
2025-09-15 11:45:22.429 TRACE client[0]: Processing transaction with hash: 4d5e1bbe7912322ef7f4d7874d40a0c7044108bfeb18c266ec4acb3998c637cd
2025-09-15 11:45:22.429 DEBUG client[0]: Submitting transaction 4d5e1bbe7912322ef7f4d7874d40a0c7044108bfeb18c266ec4acb3998c637cd
2025-09-15 11:45:22.512 TRACE : trigger interaction 0xc00046fd10 542/1200
[TRACE] Decoding transaction bytes of length: 229
[TRACE] Transaction type: 6
[TRACE] Successfully decoded transaction with hash: b6f8a32f2eb8d5b7773f9b8b3d91c94f0a6cf444394825b72c6cf8fecb331550
2025-09-15 11:45:22.512 TRACE client[0]: Processing transaction with hash: b6f8a32f2eb8d5b7773f9b8b3d91c94f0a6cf444394825b72c6cf8fecb331550
2025-09-15 11:45:22.512 DEBUG client[0]: Submitting transaction b6f8a32f2eb8d5b7773f9b8b3d91c94f0a6cf444394825b72c6cf8fecb331550
2025-09-15 11:45:22.596 TRACE : trigger interaction 0xc00046fe00 543/1200
[TRACE] Decoding transaction bytes of length: 229
[TRACE] Transaction type: 6
[TRACE] Successfully decoded transaction with hash: 1fcce7f01e694498fa7eea015190dce500bbcf745c4deff356b02289109849b6
2025-09-15 11:45:22.596 TRACE client[0]: Processing transaction with hash: 1fcce7f01e694498fa7eea015190dce500bbcf745c4deff356b02289109849b6
2025-09-15 11:45:22.596 DEBUG client[0]: Submitting transaction 1fcce7f01e694498fa7eea015190dce500bbcf745c4deff356b02289109849b6
2025-09-15 11:45:22.679 TRACE : trigger interaction 0xc00046fef0 544/1200
[TRACE] Decoding transaction bytes of length: 229
[TRACE] Transaction type: 6
[TRACE] Successfully decoded transaction with hash: 267e290ec959351beeb19fdc8467b5982a28c4240531a5345482c45e11b23401
2025-09-15 11:45:22.679 TRACE client[0]: Processing transaction with hash: 267e290ec959351beeb19fdc8467b5982a28c4240531a5345482c45e11b23401
2025-09-15 11:45:22.679 DEBUG client[0]: Submitting transaction 267e290ec959351beeb19fdc8467b5982a28c4240531a5345482c45e11b23401
2025-09-15 11:45:22.762 TRACE : trigger interaction 0xc000586000 545/1200
[TRACE] Decoding transaction bytes of length: 229
[TRACE] Transaction type: 6
[TRACE] Successfully decoded transaction with hash: 5b9e324a16a8bf7f3ded78fab7303032322aa18e4457260e86bbd73aa0e180ee
2025-09-15 11:45:22.763 TRACE client[0]: Processing transaction with hash: 5b9e324a16a8bf7f3ded78fab7303032322aa18e4457260e86bbd73aa0e180ee
2025-09-15 11:45:22.763 DEBUG client[0]: Submitting transaction 5b9e324a16a8bf7f3ded78fab7303032322aa18e4457260e86bbd73aa0e180ee
2025-09-15 11:45:22.845 TRACE : trigger interaction 0xc0005860f0 546/1200
[TRACE] Decoding transaction bytes of length: 229
[TRACE] Transaction type: 6
[TRACE] Successfully decoded transaction with hash: 6194c6f19da011087dc1ee89ec2a06e09ddb70bf9c7838fedd593a6d07b5fe82
2025-09-15 11:45:22.846 TRACE client[0]: Processing transaction with hash: 6194c6f19da011087dc1ee89ec2a06e09ddb70bf9c7838fedd593a6d07b5fe82
2025-09-15 11:45:22.846 DEBUG client[0]: Submitting transaction 6194c6f19da011087dc1ee89ec2a06e09ddb70bf9c7838fedd593a6d07b5fe82
2025-09-15 11:45:22.929 TRACE : trigger interaction 0xc0005861e0 547/1200
[TRACE] Decoding transaction bytes of length: 229
[TRACE] Transaction type: 6
[TRACE] Successfully decoded transaction with hash: 3028e4b6b8d579939ac03f45b3e5b158f55e096e6dabc2eabe177b590185757b
2025-09-15 11:45:22.930 TRACE client[0]: Processing transaction with hash: 3028e4b6b8d579939ac03f45b3e5b158f55e096e6dabc2eabe177b590185757b
2025-09-15 11:45:22.930 DEBUG client[0]: Submitting transaction 3028e4b6b8d579939ac03f45b3e5b158f55e096e6dabc2eabe177b590185757b
2025-09-15 11:45:23.012 TRACE : trigger interaction 0xc0005862d0 548/1200
[TRACE] Decoding transaction bytes of length: 229
[TRACE] Transaction type: 6
[TRACE] Successfully decoded transaction with hash: 7d60d8f8e0284ef08c84adce320a8bc242a2c0fe4907829a563ac4e33ca58303
2025-09-15 11:45:23.013 TRACE client[0]: Processing transaction with hash: 7d60d8f8e0284ef08c84adce320a8bc242a2c0fe4907829a563ac4e33ca58303
2025-09-15 11:45:23.013 DEBUG client[0]: Submitting transaction 7d60d8f8e0284ef08c84adce320a8bc242a2c0fe4907829a563ac4e33ca58303
2025-09-15 11:45:23.096 TRACE : trigger interaction 0xc0005863c0 549/1200
[TRACE] Decoding transaction bytes of length: 229
[TRACE] Transaction type: 6
[TRACE] Successfully decoded transaction with hash: 3c5831a49cfceb2df6216d7dfea07f99b46b4e4aca1f190fca88e6e7f44f2da3
2025-09-15 11:45:23.096 TRACE client[0]: Processing transaction with hash: 3c5831a49cfceb2df6216d7dfea07f99b46b4e4aca1f190fca88e6e7f44f2da3
2025-09-15 11:45:23.096 DEBUG client[0]: Submitting transaction 3c5831a49cfceb2df6216d7dfea07f99b46b4e4aca1f190fca88e6e7f44f2da3
2025-09-15 11:45:23.179 TRACE : trigger interaction 0xc0005864b0 550/1200
[TRACE] Decoding transaction bytes of length: 229
[TRACE] Transaction type: 6
[TRACE] Successfully decoded transaction with hash: 1bd0b606d63cf6c6967a12da22290264f2c113e7c771686fdf15c5895ed13865
2025-09-15 11:45:23.179 TRACE client[0]: Processing transaction with hash: 1bd0b606d63cf6c6967a12da22290264f2c113e7c771686fdf15c5895ed13865
2025-09-15 11:45:23.179 DEBUG client[0]: Submitting transaction 1bd0b606d63cf6c6967a12da22290264f2c113e7c771686fdf15c5895ed13865
2025-09-15 11:45:23.263 TRACE : trigger interaction 0xc0005865a0 551/1200
[TRACE] Decoding transaction bytes of length: 229
[TRACE] Transaction type: 6
[TRACE] Successfully decoded transaction with hash: e97821c6c79460253b062b66f3690ae9f51b637b1189734607c37fb01fc7ecb3
2025-09-15 11:45:23.263 TRACE client[0]: Processing transaction with hash: e97821c6c79460253b062b66f3690ae9f51b637b1189734607c37fb01fc7ecb3
2025-09-15 11:45:23.263 DEBUG client[0]: Submitting transaction e97821c6c79460253b062b66f3690ae9f51b637b1189734607c37fb01fc7ecb3
2025-09-15 11:45:23.346 TRACE : trigger interaction 0xc000586690 552/1200
[TRACE] Decoding transaction bytes of length: 229
[TRACE] Transaction type: 6
[TRACE] Successfully decoded transaction with hash: 0385546dd1d618f5ce172be03e6cfa809db956df91f50ec12a02796be2fc1f4e
2025-09-15 11:45:23.346 TRACE client[0]: Processing transaction with hash: 0385546dd1d618f5ce172be03e6cfa809db956df91f50ec12a02796be2fc1f4e
2025-09-15 11:45:23.346 DEBUG client[0]: Submitting transaction 0385546dd1d618f5ce172be03e6cfa809db956df91f50ec12a02796be2fc1f4e
2025-09-15 11:45:23.428 TRACE : trigger interaction 0xc000535e00 553/1200
[TRACE] Decoding transaction bytes of length: 229
[TRACE] Transaction type: 6
[TRACE] Successfully decoded transaction with hash: d5921441d216b63d8d6ee919371f4e3056c389db2ccce4793a62b5c6caf3f7f8
2025-09-15 11:45:23.429 TRACE client[0]: Processing transaction with hash: d5921441d216b63d8d6ee919371f4e3056c389db2ccce4793a62b5c6caf3f7f8
2025-09-15 11:45:23.429 DEBUG client[0]: Submitting transaction d5921441d216b63d8d6ee919371f4e3056c389db2ccce4793a62b5c6caf3f7f8
2025-09-15 11:45:23.512 TRACE : trigger interaction 0xc000535ef0 554/1200
[TRACE] Decoding transaction bytes of length: 229
[TRACE] Transaction type: 6
[TRACE] Successfully decoded transaction with hash: 5cbccb3956c3743893d8e2d58496c0ac5b6916af22eaec5bdb58b8e08df18f94
2025-09-15 11:45:23.513 TRACE client[0]: Processing transaction with hash: 5cbccb3956c3743893d8e2d58496c0ac5b6916af22eaec5bdb58b8e08df18f94
2025-09-15 11:45:23.513 DEBUG client[0]: Submitting transaction 5cbccb3956c3743893d8e2d58496c0ac5b6916af22eaec5bdb58b8e08df18f94
2025-09-15 11:45:23.596 TRACE : trigger interaction 0xc000552000 555/1200
[TRACE] Decoding transaction bytes of length: 229
[TRACE] Transaction type: 6
[TRACE] Successfully decoded transaction with hash: 5354c84970376bfaa7c0766bdd4d7af6761c42df2a2733f42709223b62820b31
2025-09-15 11:45:23.596 TRACE client[0]: Processing transaction with hash: 5354c84970376bfaa7c0766bdd4d7af6761c42df2a2733f42709223b62820b31
2025-09-15 11:45:23.596 DEBUG client[0]: Submitting transaction 5354c84970376bfaa7c0766bdd4d7af6761c42df2a2733f42709223b62820b31
2025-09-15 11:45:23.678 TRACE : trigger interaction 0xc0005520f0 556/1200
[TRACE] Decoding transaction bytes of length: 229
[TRACE] Transaction type: 6
[TRACE] Successfully decoded transaction with hash: 5e7fe7a79012fa8bc37c45b63ce87d6a70e9ac6ab00169c763ae61031d530a93
2025-09-15 11:45:23.679 TRACE client[0]: Processing transaction with hash: 5e7fe7a79012fa8bc37c45b63ce87d6a70e9ac6ab00169c763ae61031d530a93
2025-09-15 11:45:23.679 DEBUG client[0]: Submitting transaction 5e7fe7a79012fa8bc37c45b63ce87d6a70e9ac6ab00169c763ae61031d530a93
2025-09-15 11:45:23.762 TRACE : trigger interaction 0xc0005521e0 557/1200
[TRACE] Decoding transaction bytes of length: 229
[TRACE] Transaction type: 6
[TRACE] Successfully decoded transaction with hash: 70fc2db7c081e58b66a313aafe0f4a73c94eb31e28247d7a1c2adce2a331e775
2025-09-15 11:45:23.763 TRACE client[0]: Processing transaction with hash: 70fc2db7c081e58b66a313aafe0f4a73c94eb31e28247d7a1c2adce2a331e775
2025-09-15 11:45:23.763 DEBUG client[0]: Submitting transaction 70fc2db7c081e58b66a313aafe0f4a73c94eb31e28247d7a1c2adce2a331e775
2025-09-15 11:45:23.845 TRACE : trigger interaction 0xc0005522d0 558/1200
[TRACE] Decoding transaction bytes of length: 229
[TRACE] Transaction type: 6
[TRACE] Successfully decoded transaction with hash: 08b23b1a9f1cee5c809ab77fba2c48e26aff57d052433c34fbc8689d40b1f32a
2025-09-15 11:45:23.846 TRACE client[0]: Processing transaction with hash: 08b23b1a9f1cee5c809ab77fba2c48e26aff57d052433c34fbc8689d40b1f32a
2025-09-15 11:45:23.846 DEBUG client[0]: Submitting transaction 08b23b1a9f1cee5c809ab77fba2c48e26aff57d052433c34fbc8689d40b1f32a
2025-09-15 11:45:23.929 TRACE : trigger interaction 0xc0005523c0 559/1200
[TRACE] Decoding transaction bytes of length: 229
[TRACE] Transaction type: 6
[TRACE] Successfully decoded transaction with hash: cee42d39cd7027ac983f0286a336ed97a0e7ce43bcc641732c0a1763e76224cd
2025-09-15 11:45:23.929 TRACE client[0]: Processing transaction with hash: cee42d39cd7027ac983f0286a336ed97a0e7ce43bcc641732c0a1763e76224cd
2025-09-15 11:45:23.929 DEBUG client[0]: Submitting transaction cee42d39cd7027ac983f0286a336ed97a0e7ce43bcc641732c0a1763e76224cd
2025-09-15 11:45:24.012 TRACE : trigger interaction 0xc0005524b0 560/1200
[TRACE] Decoding transaction bytes of length: 229
[TRACE] Transaction type: 6
[TRACE] Successfully decoded transaction with hash: cf2fddbf091279d08d09903753513bfd67831a66aa0acf45f63f7be0813d438e
2025-09-15 11:45:24.013 TRACE client[0]: Processing transaction with hash: cf2fddbf091279d08d09903753513bfd67831a66aa0acf45f63f7be0813d438e
2025-09-15 11:45:24.013 DEBUG client[0]: Submitting transaction cf2fddbf091279d08d09903753513bfd67831a66aa0acf45f63f7be0813d438e
2025-09-15 11:45:24.096 TRACE : trigger interaction 0xc0005525a0 561/1200
[TRACE] Decoding transaction bytes of length: 229
[TRACE] Transaction type: 6
[TRACE] Successfully decoded transaction with hash: 4260a956d2f7e2e46c257c81bda2dd20eb3aea424a0346bae4c27327da906ac8
2025-09-15 11:45:24.096 TRACE client[0]: Processing transaction with hash: 4260a956d2f7e2e46c257c81bda2dd20eb3aea424a0346bae4c27327da906ac8
2025-09-15 11:45:24.096 DEBUG client[0]: Submitting transaction 4260a956d2f7e2e46c257c81bda2dd20eb3aea424a0346bae4c27327da906ac8
2025-09-15 11:45:24.179 TRACE : trigger interaction 0xc000552690 562/1200
[TRACE] Decoding transaction bytes of length: 229
[TRACE] Transaction type: 6
[TRACE] Successfully decoded transaction with hash: 93ad07f7a8b4101a6dee69a47579d498038136f5e32954df74b85bd5b6d2fc0b
2025-09-15 11:45:24.179 TRACE client[0]: Processing transaction with hash: 93ad07f7a8b4101a6dee69a47579d498038136f5e32954df74b85bd5b6d2fc0b
2025-09-15 11:45:24.179 DEBUG client[0]: Submitting transaction 93ad07f7a8b4101a6dee69a47579d498038136f5e32954df74b85bd5b6d2fc0b
2025-09-15 11:45:24.263 TRACE : trigger interaction 0xc000552780 563/1200
[TRACE] Decoding transaction bytes of length: 229
[TRACE] Transaction type: 6
[TRACE] Successfully decoded transaction with hash: 2a50e449622ccf2ccd7ed2b0422378ba4e6c80e1eb2f28ad5d1b7620105f60b9
2025-09-15 11:45:24.263 TRACE client[0]: Processing transaction with hash: 2a50e449622ccf2ccd7ed2b0422378ba4e6c80e1eb2f28ad5d1b7620105f60b9
2025-09-15 11:45:24.263 DEBUG client[0]: Submitting transaction 2a50e449622ccf2ccd7ed2b0422378ba4e6c80e1eb2f28ad5d1b7620105f60b9
2025-09-15 11:45:24.346 TRACE : trigger interaction 0xc000552870 564/1200
[TRACE] Decoding transaction bytes of length: 229
[TRACE] Transaction type: 6
[TRACE] Successfully decoded transaction with hash: deee036c242201f4f1405c5f301829808bb38dc208edefd02bde14a4a3827632
2025-09-15 11:45:24.346 TRACE client[0]: Processing transaction with hash: deee036c242201f4f1405c5f301829808bb38dc208edefd02bde14a4a3827632
2025-09-15 11:45:24.346 DEBUG client[0]: Submitting transaction deee036c242201f4f1405c5f301829808bb38dc208edefd02bde14a4a3827632
2025-09-15 11:45:24.429 TRACE : trigger interaction 0xc000552960 565/1200
[TRACE] Decoding transaction bytes of length: 229
[TRACE] Transaction type: 6
[TRACE] Successfully decoded transaction with hash: 852184f6d66498eca6d279f9e0abddc4a15c45178940bd6b381425d2af9126fb
2025-09-15 11:45:24.430 TRACE client[0]: Processing transaction with hash: 852184f6d66498eca6d279f9e0abddc4a15c45178940bd6b381425d2af9126fb
2025-09-15 11:45:24.430 DEBUG client[0]: Submitting transaction 852184f6d66498eca6d279f9e0abddc4a15c45178940bd6b381425d2af9126fb
2025-09-15 11:45:24.513 TRACE : trigger interaction 0xc000552a50 566/1200
[TRACE] Decoding transaction bytes of length: 229
[TRACE] Transaction type: 6
[TRACE] Successfully decoded transaction with hash: cf07b13a3c4a0f9799b4334d142eae653738403da3f377c9598f70097703f35f
2025-09-15 11:45:24.513 TRACE client[0]: Processing transaction with hash: cf07b13a3c4a0f9799b4334d142eae653738403da3f377c9598f70097703f35f
2025-09-15 11:45:24.513 DEBUG client[0]: Submitting transaction cf07b13a3c4a0f9799b4334d142eae653738403da3f377c9598f70097703f35f
2025-09-15 11:45:24.596 TRACE : trigger interaction 0xc000552b40 567/1200
[TRACE] Decoding transaction bytes of length: 229
[TRACE] Transaction type: 6
[TRACE] Successfully decoded transaction with hash: 9786bbfeaad6ef8f28f6e42d3646f785c8b171979cd06c3226f32f02c2d3789a
2025-09-15 11:45:24.596 TRACE client[0]: Processing transaction with hash: 9786bbfeaad6ef8f28f6e42d3646f785c8b171979cd06c3226f32f02c2d3789a
2025-09-15 11:45:24.596 DEBUG client[0]: Submitting transaction 9786bbfeaad6ef8f28f6e42d3646f785c8b171979cd06c3226f32f02c2d3789a
2025-09-15 11:45:24.679 TRACE : trigger interaction 0xc000552c30 568/1200
[TRACE] Decoding transaction bytes of length: 229
[TRACE] Transaction type: 6
[TRACE] Successfully decoded transaction with hash: 438bfbb8dd4d7db6546ad56f40f0a2d4a36c2a5d589f60a65207bf67781c1f34
2025-09-15 11:45:24.679 TRACE client[0]: Processing transaction with hash: 438bfbb8dd4d7db6546ad56f40f0a2d4a36c2a5d589f60a65207bf67781c1f34
2025-09-15 11:45:24.679 DEBUG client[0]: Submitting transaction 438bfbb8dd4d7db6546ad56f40f0a2d4a36c2a5d589f60a65207bf67781c1f34
2025-09-15 11:45:24.762 TRACE : trigger interaction 0xc000552d20 569/1200
[TRACE] Decoding transaction bytes of length: 229
[TRACE] Transaction type: 6
[TRACE] Successfully decoded transaction with hash: ddda0b5e0e1d880774a9f7feccf6b2bbd5b4644221052b420d686f86c86adfa1
2025-09-15 11:45:24.762 TRACE client[0]: Processing transaction with hash: ddda0b5e0e1d880774a9f7feccf6b2bbd5b4644221052b420d686f86c86adfa1
2025-09-15 11:45:24.762 DEBUG client[0]: Submitting transaction ddda0b5e0e1d880774a9f7feccf6b2bbd5b4644221052b420d686f86c86adfa1
2025-09-15 11:45:24.846 TRACE : trigger interaction 0xc000586780 570/1200
[TRACE] Decoding transaction bytes of length: 229
[TRACE] Transaction type: 6
[TRACE] Successfully decoded transaction with hash: 2d9ba05cb0c35a1ef7372f1082ec865a0d8ef9564a4e3e8270cba663fc32aea5
2025-09-15 11:45:24.846 TRACE client[0]: Processing transaction with hash: 2d9ba05cb0c35a1ef7372f1082ec865a0d8ef9564a4e3e8270cba663fc32aea5
2025-09-15 11:45:24.846 DEBUG client[0]: Submitting transaction 2d9ba05cb0c35a1ef7372f1082ec865a0d8ef9564a4e3e8270cba663fc32aea5
2025-09-15 11:45:24.929 TRACE : trigger interaction 0xc000586870 571/1200
[TRACE] Decoding transaction bytes of length: 229
[TRACE] Transaction type: 6
[TRACE] Successfully decoded transaction with hash: 330ff82eff58adc9353cdfa89c9ba832f03fb2d15c4e4da21602d3dcc032e80d
2025-09-15 11:45:24.929 TRACE client[0]: Processing transaction with hash: 330ff82eff58adc9353cdfa89c9ba832f03fb2d15c4e4da21602d3dcc032e80d
2025-09-15 11:45:24.929 DEBUG client[0]: Submitting transaction 330ff82eff58adc9353cdfa89c9ba832f03fb2d15c4e4da21602d3dcc032e80d
2025-09-15 11:45:25.012 TRACE : trigger interaction 0xc000586960 572/1200
[TRACE] Decoding transaction bytes of length: 229
[TRACE] Transaction type: 6
[TRACE] Successfully decoded transaction with hash: a6020d21d82a82306e21814ab6af8c73b37ab4e82fb0a8b8d1084265c6c824eb
2025-09-15 11:45:25.012 TRACE client[0]: Processing transaction with hash: a6020d21d82a82306e21814ab6af8c73b37ab4e82fb0a8b8d1084265c6c824eb
2025-09-15 11:45:25.012 DEBUG client[0]: Submitting transaction a6020d21d82a82306e21814ab6af8c73b37ab4e82fb0a8b8d1084265c6c824eb
2025-09-15 11:45:25.096 TRACE : trigger interaction 0xc000586a50 573/1200
[TRACE] Decoding transaction bytes of length: 229
[TRACE] Transaction type: 6
[TRACE] Successfully decoded transaction with hash: d376e3e968701e990ee33d8868a82b46e3b8d2f175310e68c751d788d8a9293c
2025-09-15 11:45:25.096 TRACE client[0]: Processing transaction with hash: d376e3e968701e990ee33d8868a82b46e3b8d2f175310e68c751d788d8a9293c
2025-09-15 11:45:25.096 DEBUG client[0]: Submitting transaction d376e3e968701e990ee33d8868a82b46e3b8d2f175310e68c751d788d8a9293c
2025-09-15 11:45:25.179 TRACE : trigger interaction 0xc000586b40 574/1200
[TRACE] Decoding transaction bytes of length: 229
[TRACE] Transaction type: 6
[TRACE] Successfully decoded transaction with hash: 2a80306ccab06be41a6e16d9e91b61dde32b0825c93283f1ca41fc8f2895a2b3
2025-09-15 11:45:25.179 TRACE client[0]: Processing transaction with hash: 2a80306ccab06be41a6e16d9e91b61dde32b0825c93283f1ca41fc8f2895a2b3
2025-09-15 11:45:25.179 DEBUG client[0]: Submitting transaction 2a80306ccab06be41a6e16d9e91b61dde32b0825c93283f1ca41fc8f2895a2b3
2025-09-15 11:45:25.262 TRACE : trigger interaction 0xc000586c30 575/1200
[TRACE] Decoding transaction bytes of length: 229
[TRACE] Transaction type: 6
[TRACE] Successfully decoded transaction with hash: aee5852f221216f4fae2421238922f7f5af8fbe88156e37ec1ad6d0fd82667ab
2025-09-15 11:45:25.263 TRACE client[0]: Processing transaction with hash: aee5852f221216f4fae2421238922f7f5af8fbe88156e37ec1ad6d0fd82667ab
2025-09-15 11:45:25.263 DEBUG client[0]: Submitting transaction aee5852f221216f4fae2421238922f7f5af8fbe88156e37ec1ad6d0fd82667ab
2025-09-15 11:45:25.345 TRACE : trigger interaction 0xc000586d20 576/1200
[TRACE] Decoding transaction bytes of length: 229
[TRACE] Transaction type: 6
[TRACE] Successfully decoded transaction with hash: 84d4a711d439c094af604b380e0d7ed7c9ae171beebc49523b6e8dff33d52555
2025-09-15 11:45:25.346 TRACE client[0]: Processing transaction with hash: 84d4a711d439c094af604b380e0d7ed7c9ae171beebc49523b6e8dff33d52555
2025-09-15 11:45:25.346 DEBUG client[0]: Submitting transaction 84d4a711d439c094af604b380e0d7ed7c9ae171beebc49523b6e8dff33d52555
2025-09-15 11:45:25.429 TRACE : trigger interaction 0xc000586e10 577/1200
[TRACE] Decoding transaction bytes of length: 229
[TRACE] Transaction type: 6
[TRACE] Successfully decoded transaction with hash: 1c078032cd011aa348b442450cfa1c7acf13040f37d2ea6771fb22b6b8a2aea4
2025-09-15 11:45:25.430 TRACE client[0]: Processing transaction with hash: 1c078032cd011aa348b442450cfa1c7acf13040f37d2ea6771fb22b6b8a2aea4
2025-09-15 11:45:25.430 DEBUG client[0]: Submitting transaction 1c078032cd011aa348b442450cfa1c7acf13040f37d2ea6771fb22b6b8a2aea4
2025-09-15 11:45:25.512 TRACE : trigger interaction 0xc000586f00 578/1200
[TRACE] Decoding transaction bytes of length: 229
[TRACE] Transaction type: 6
[TRACE] Successfully decoded transaction with hash: 77969d03ffdfc0d7131d3edfb272c8b3c7b7f093fe759e9690e20e8fdc4f2660
2025-09-15 11:45:25.513 TRACE client[0]: Processing transaction with hash: 77969d03ffdfc0d7131d3edfb272c8b3c7b7f093fe759e9690e20e8fdc4f2660
2025-09-15 11:45:25.513 DEBUG client[0]: Submitting transaction 77969d03ffdfc0d7131d3edfb272c8b3c7b7f093fe759e9690e20e8fdc4f2660
2025-09-15 11:45:25.595 TRACE : trigger interaction 0xc000586ff0 579/1200
[TRACE] Decoding transaction bytes of length: 229
[TRACE] Transaction type: 6
[TRACE] Successfully decoded transaction with hash: a489b25b026a2a522268b51018cbb192506ed7ceea8bb07c0aaa09cfd3e5f5a0
2025-09-15 11:45:25.596 TRACE client[0]: Processing transaction with hash: a489b25b026a2a522268b51018cbb192506ed7ceea8bb07c0aaa09cfd3e5f5a0
2025-09-15 11:45:25.596 DEBUG client[0]: Submitting transaction a489b25b026a2a522268b51018cbb192506ed7ceea8bb07c0aaa09cfd3e5f5a0
2025-09-15 11:45:25.679 TRACE : trigger interaction 0xc0005870e0 580/1200
[TRACE] Decoding transaction bytes of length: 229
[TRACE] Transaction type: 6
[TRACE] Successfully decoded transaction with hash: 6b4fe683ef69fec8e1c72493731d2b3d3543e8a052bd5c302e0f608a1465f9b7
2025-09-15 11:45:25.680 TRACE client[0]: Processing transaction with hash: 6b4fe683ef69fec8e1c72493731d2b3d3543e8a052bd5c302e0f608a1465f9b7
2025-09-15 11:45:25.680 DEBUG client[0]: Submitting transaction 6b4fe683ef69fec8e1c72493731d2b3d3543e8a052bd5c302e0f608a1465f9b7
2025-09-15 11:45:25.762 TRACE : trigger interaction 0xc0005871d0 581/1200
[TRACE] Decoding transaction bytes of length: 229
[TRACE] Transaction type: 6
[TRACE] Successfully decoded transaction with hash: d17b3c2c17528264aa84208110bd4a4c2c71b091664e60695bf2fe8f64d05133
2025-09-15 11:45:25.763 TRACE client[0]: Processing transaction with hash: d17b3c2c17528264aa84208110bd4a4c2c71b091664e60695bf2fe8f64d05133
2025-09-15 11:45:25.763 DEBUG client[0]: Submitting transaction d17b3c2c17528264aa84208110bd4a4c2c71b091664e60695bf2fe8f64d05133
2025-09-15 11:45:25.846 TRACE : trigger interaction 0xc0005872c0 582/1200
[TRACE] Decoding transaction bytes of length: 229
[TRACE] Transaction type: 6
[TRACE] Successfully decoded transaction with hash: 1ec88054cdbbdacb344b2e2ca7485ea76e27c0da935ef0dadafdabc63524e60b
2025-09-15 11:45:25.846 TRACE client[0]: Processing transaction with hash: 1ec88054cdbbdacb344b2e2ca7485ea76e27c0da935ef0dadafdabc63524e60b
2025-09-15 11:45:25.846 DEBUG client[0]: Submitting transaction 1ec88054cdbbdacb344b2e2ca7485ea76e27c0da935ef0dadafdabc63524e60b
2025-09-15 11:45:25.928 TRACE : trigger interaction 0xc0005873b0 583/1200
[TRACE] Decoding transaction bytes of length: 229
[TRACE] Transaction type: 6
[TRACE] Successfully decoded transaction with hash: 62f2360a3b9bbf8495ad572899cda5984be2663f4ba80254c002291aec250150
2025-09-15 11:45:25.929 TRACE client[0]: Processing transaction with hash: 62f2360a3b9bbf8495ad572899cda5984be2663f4ba80254c002291aec250150
2025-09-15 11:45:25.929 DEBUG client[0]: Submitting transaction 62f2360a3b9bbf8495ad572899cda5984be2663f4ba80254c002291aec250150
2025-09-15 11:45:26.012 TRACE : trigger interaction 0xc0005874a0 584/1200
[TRACE] Decoding transaction bytes of length: 229
[TRACE] Transaction type: 6
[TRACE] Successfully decoded transaction with hash: 31f26942c8623702107d92c1ec676766a25f3619d5330f73638cc115366db667
2025-09-15 11:45:26.013 TRACE client[0]: Processing transaction with hash: 31f26942c8623702107d92c1ec676766a25f3619d5330f73638cc115366db667
2025-09-15 11:45:26.013 DEBUG client[0]: Submitting transaction 31f26942c8623702107d92c1ec676766a25f3619d5330f73638cc115366db667
2025-09-15 11:45:26.096 TRACE : trigger interaction 0xc000587590 585/1200
[TRACE] Decoding transaction bytes of length: 229
[TRACE] Transaction type: 6
[TRACE] Successfully decoded transaction with hash: 2a7b07519b02d182e0b25ce0f6561ed4e69c2ed48595b5620af37baead72f534
2025-09-15 11:45:26.096 TRACE client[0]: Processing transaction with hash: 2a7b07519b02d182e0b25ce0f6561ed4e69c2ed48595b5620af37baead72f534
2025-09-15 11:45:26.096 DEBUG client[0]: Submitting transaction 2a7b07519b02d182e0b25ce0f6561ed4e69c2ed48595b5620af37baead72f534
2025-09-15 11:45:26.179 TRACE : trigger interaction 0xc000552e10 586/1200
[TRACE] Decoding transaction bytes of length: 229
[TRACE] Transaction type: 6
[TRACE] Successfully decoded transaction with hash: 1dfe05a5566dd0c3d19c78d7f5a51e37e49ed76a96906662c6d2fd1610dab48e
2025-09-15 11:45:26.179 TRACE client[0]: Processing transaction with hash: 1dfe05a5566dd0c3d19c78d7f5a51e37e49ed76a96906662c6d2fd1610dab48e
2025-09-15 11:45:26.179 DEBUG client[0]: Submitting transaction 1dfe05a5566dd0c3d19c78d7f5a51e37e49ed76a96906662c6d2fd1610dab48e
2025-09-15 11:45:26.263 TRACE : trigger interaction 0xc000552f00 587/1200
[TRACE] Decoding transaction bytes of length: 229
[TRACE] Transaction type: 6
[TRACE] Successfully decoded transaction with hash: baa734acb05be5be98c1b44e99aea0c7dae8acfebf2dfac3162a08d92db9dc9e
2025-09-15 11:45:26.263 TRACE client[0]: Processing transaction with hash: baa734acb05be5be98c1b44e99aea0c7dae8acfebf2dfac3162a08d92db9dc9e
2025-09-15 11:45:26.263 DEBUG client[0]: Submitting transaction baa734acb05be5be98c1b44e99aea0c7dae8acfebf2dfac3162a08d92db9dc9e
2025-09-15 11:45:26.346 TRACE : trigger interaction 0xc000552ff0 588/1200
[TRACE] Decoding transaction bytes of length: 229
[TRACE] Transaction type: 6
[TRACE] Successfully decoded transaction with hash: 5d174a0d05387267218bf028eb2cda204b6ee4324171197d78ca675fa596b77e
2025-09-15 11:45:26.346 TRACE client[0]: Processing transaction with hash: 5d174a0d05387267218bf028eb2cda204b6ee4324171197d78ca675fa596b77e
2025-09-15 11:45:26.346 DEBUG client[0]: Submitting transaction 5d174a0d05387267218bf028eb2cda204b6ee4324171197d78ca675fa596b77e
2025-09-15 11:45:26.429 TRACE : trigger interaction 0xc0005530e0 589/1200
[TRACE] Decoding transaction bytes of length: 229
[TRACE] Transaction type: 6
[TRACE] Successfully decoded transaction with hash: 4e2358cf1f5ced9ad96b72b0768b0bb500be99f881fac2fd435ffe4242db4a2f
2025-09-15 11:45:26.430 TRACE client[0]: Processing transaction with hash: 4e2358cf1f5ced9ad96b72b0768b0bb500be99f881fac2fd435ffe4242db4a2f
2025-09-15 11:45:26.430 DEBUG client[0]: Submitting transaction 4e2358cf1f5ced9ad96b72b0768b0bb500be99f881fac2fd435ffe4242db4a2f
2025-09-15 11:45:26.512 TRACE : trigger interaction 0xc0005531d0 590/1200
[TRACE] Decoding transaction bytes of length: 229
[TRACE] Transaction type: 6
[TRACE] Successfully decoded transaction with hash: dd469a5bb942b8f87604fc0614749802c66adefedfe64033f8f4245bec72f6e1
2025-09-15 11:45:26.513 TRACE client[0]: Processing transaction with hash: dd469a5bb942b8f87604fc0614749802c66adefedfe64033f8f4245bec72f6e1
2025-09-15 11:45:26.513 DEBUG client[0]: Submitting transaction dd469a5bb942b8f87604fc0614749802c66adefedfe64033f8f4245bec72f6e1
2025-09-15 11:45:26.595 TRACE : trigger interaction 0xc0005532c0 591/1200
[TRACE] Decoding transaction bytes of length: 229
[TRACE] Transaction type: 6
[TRACE] Successfully decoded transaction with hash: 02836286dcd861dab675eceb453bfd45e8c152522d499c68daf5d2fd059cad75
2025-09-15 11:45:26.596 TRACE client[0]: Processing transaction with hash: 02836286dcd861dab675eceb453bfd45e8c152522d499c68daf5d2fd059cad75
2025-09-15 11:45:26.596 DEBUG client[0]: Submitting transaction 02836286dcd861dab675eceb453bfd45e8c152522d499c68daf5d2fd059cad75
2025-09-15 11:45:26.679 TRACE : trigger interaction 0xc0005533b0 592/1200
[TRACE] Decoding transaction bytes of length: 229
[TRACE] Transaction type: 6
[TRACE] Successfully decoded transaction with hash: 861543c9d823e1c05c233a9639829131ed694cd0032e3f1bd082329822eef906
2025-09-15 11:45:26.679 TRACE client[0]: Processing transaction with hash: 861543c9d823e1c05c233a9639829131ed694cd0032e3f1bd082329822eef906
2025-09-15 11:45:26.679 DEBUG client[0]: Submitting transaction 861543c9d823e1c05c233a9639829131ed694cd0032e3f1bd082329822eef906
2025-09-15 11:45:26.762 TRACE : trigger interaction 0xc0005534a0 593/1200
[TRACE] Decoding transaction bytes of length: 229
[TRACE] Transaction type: 6
[TRACE] Successfully decoded transaction with hash: 40b7d57b9a5acb247e9a1ca887a03faf949b34c8827a440ef9435813c9469d2a
2025-09-15 11:45:26.763 TRACE client[0]: Processing transaction with hash: 40b7d57b9a5acb247e9a1ca887a03faf949b34c8827a440ef9435813c9469d2a
2025-09-15 11:45:26.763 DEBUG client[0]: Submitting transaction 40b7d57b9a5acb247e9a1ca887a03faf949b34c8827a440ef9435813c9469d2a
2025-09-15 11:45:26.845 TRACE : trigger interaction 0xc000553590 594/1200
[TRACE] Decoding transaction bytes of length: 229
[TRACE] Transaction type: 6
[TRACE] Successfully decoded transaction with hash: 5a97b4f66be86c64833cda54c45b812d115f5bf82679f18c6c4e6d0945783728
2025-09-15 11:45:26.846 TRACE client[0]: Processing transaction with hash: 5a97b4f66be86c64833cda54c45b812d115f5bf82679f18c6c4e6d0945783728
2025-09-15 11:45:26.846 DEBUG client[0]: Submitting transaction 5a97b4f66be86c64833cda54c45b812d115f5bf82679f18c6c4e6d0945783728
2025-09-15 11:45:26.929 TRACE : trigger interaction 0xc000553680 595/1200
[TRACE] Decoding transaction bytes of length: 229
[TRACE] Transaction type: 6
[TRACE] Successfully decoded transaction with hash: 5f848da8780bd6e533ef42a317da6b54de1600d383977df8aec74a6634712b44
2025-09-15 11:45:26.929 TRACE client[0]: Processing transaction with hash: 5f848da8780bd6e533ef42a317da6b54de1600d383977df8aec74a6634712b44
2025-09-15 11:45:26.929 DEBUG client[0]: Submitting transaction 5f848da8780bd6e533ef42a317da6b54de1600d383977df8aec74a6634712b44
2025-09-15 11:45:27.013 TRACE : trigger interaction 0xc000553770 596/1200
[TRACE] Decoding transaction bytes of length: 229
[TRACE] Transaction type: 6
[TRACE] Successfully decoded transaction with hash: 946e9d1dae6b7f440268fed29e52758ace3500b5b7af8fabb3e8af4afcaf78ff
2025-09-15 11:45:27.013 TRACE client[0]: Processing transaction with hash: 946e9d1dae6b7f440268fed29e52758ace3500b5b7af8fabb3e8af4afcaf78ff
2025-09-15 11:45:27.013 DEBUG client[0]: Submitting transaction 946e9d1dae6b7f440268fed29e52758ace3500b5b7af8fabb3e8af4afcaf78ff
2025-09-15 11:45:27.096 TRACE : trigger interaction 0xc000553860 597/1200
[TRACE] Decoding transaction bytes of length: 229
[TRACE] Transaction type: 6
[TRACE] Successfully decoded transaction with hash: c2993bc2496a74047b2f27574ff51cd1cb445099abbc1e50d37b3f55a2218c93
2025-09-15 11:45:27.096 TRACE client[0]: Processing transaction with hash: c2993bc2496a74047b2f27574ff51cd1cb445099abbc1e50d37b3f55a2218c93
2025-09-15 11:45:27.096 DEBUG client[0]: Submitting transaction c2993bc2496a74047b2f27574ff51cd1cb445099abbc1e50d37b3f55a2218c93
2025-09-15 11:45:27.179 TRACE : trigger interaction 0xc000553950 598/1200
[TRACE] Decoding transaction bytes of length: 229
[TRACE] Transaction type: 6
[TRACE] Successfully decoded transaction with hash: 24b1ae7d34d785065856fb6e72ffcb3b72a3b5b1c702a1265ed7c5132b92988a
2025-09-15 11:45:27.179 TRACE client[0]: Processing transaction with hash: 24b1ae7d34d785065856fb6e72ffcb3b72a3b5b1c702a1265ed7c5132b92988a
2025-09-15 11:45:27.179 DEBUG client[0]: Submitting transaction 24b1ae7d34d785065856fb6e72ffcb3b72a3b5b1c702a1265ed7c5132b92988a
2025-09-15 11:45:27.263 TRACE : trigger interaction 0xc000553a40 599/1200
[TRACE] Decoding transaction bytes of length: 229
[TRACE] Transaction type: 6
[TRACE] Successfully decoded transaction with hash: 9a82cddb69203bfed0e150b5491bcdf6231442764faa242734c4065ea52083ad
2025-09-15 11:45:27.263 TRACE client[0]: Processing transaction with hash: 9a82cddb69203bfed0e150b5491bcdf6231442764faa242734c4065ea52083ad
2025-09-15 11:45:27.263 DEBUG client[0]: Submitting transaction 9a82cddb69203bfed0e150b5491bcdf6231442764faa242734c4065ea52083ad
2025-09-15 11:45:27.346 TRACE : trigger interaction 0xc000553b30 600/1200
[TRACE] Decoding transaction bytes of length: 229
[TRACE] Transaction type: 6
[TRACE] Successfully decoded transaction with hash: 0d97c24c1267ebaffedbf7e030fa463710152fbc0f84fbda2d9c86122a959a8a
2025-09-15 11:45:27.346 TRACE client[0]: Processing transaction with hash: 0d97c24c1267ebaffedbf7e030fa463710152fbc0f84fbda2d9c86122a959a8a
2025-09-15 11:45:27.346 DEBUG client[0]: Submitting transaction 0d97c24c1267ebaffedbf7e030fa463710152fbc0f84fbda2d9c86122a959a8a
2025-09-15 11:45:27.429 TRACE : trigger interaction 0xc000553c20 601/1200
[TRACE] Decoding transaction bytes of length: 229
[TRACE] Transaction type: 6
[TRACE] Successfully decoded transaction with hash: 4ba4c33f3d9b5a38bddd81e4b3c29802d2a324d86b0ac3eb64d80e4814997a37
2025-09-15 11:45:27.429 TRACE client[0]: Processing transaction with hash: 4ba4c33f3d9b5a38bddd81e4b3c29802d2a324d86b0ac3eb64d80e4814997a37
2025-09-15 11:45:27.429 DEBUG client[0]: Submitting transaction 4ba4c33f3d9b5a38bddd81e4b3c29802d2a324d86b0ac3eb64d80e4814997a37
2025-09-15 11:45:27.512 TRACE : trigger interaction 0xc000553d10 602/1200
[TRACE] Decoding transaction bytes of length: 229
[TRACE] Transaction type: 6
[TRACE] Successfully decoded transaction with hash: 013e329b8307de6108c70b320616078a101cc9f2d8cdc67df51db98441b98f50
2025-09-15 11:45:27.513 TRACE client[0]: Processing transaction with hash: 013e329b8307de6108c70b320616078a101cc9f2d8cdc67df51db98441b98f50
2025-09-15 11:45:27.513 DEBUG client[0]: Submitting transaction 013e329b8307de6108c70b320616078a101cc9f2d8cdc67df51db98441b98f50
2025-09-15 11:45:27.596 TRACE : trigger interaction 0xc000587680 603/1200
[TRACE] Decoding transaction bytes of length: 229
[TRACE] Transaction type: 6
[TRACE] Successfully decoded transaction with hash: 73682d178bdd9db7669bd2d02f0f68fccca3ff01f2dc54155c04eb3d0976ef9c
2025-09-15 11:45:27.596 TRACE client[0]: Processing transaction with hash: 73682d178bdd9db7669bd2d02f0f68fccca3ff01f2dc54155c04eb3d0976ef9c
2025-09-15 11:45:27.596 DEBUG client[0]: Submitting transaction 73682d178bdd9db7669bd2d02f0f68fccca3ff01f2dc54155c04eb3d0976ef9c
2025-09-15 11:45:27.679 TRACE : trigger interaction 0xc000587770 604/1200
[TRACE] Decoding transaction bytes of length: 229
[TRACE] Transaction type: 6
[TRACE] Successfully decoded transaction with hash: 7307c18f2b762bb234b71baf566953840c77592f5e13d747b43052c89148c51a
2025-09-15 11:45:27.679 TRACE client[0]: Processing transaction with hash: 7307c18f2b762bb234b71baf566953840c77592f5e13d747b43052c89148c51a
2025-09-15 11:45:27.679 DEBUG client[0]: Submitting transaction 7307c18f2b762bb234b71baf566953840c77592f5e13d747b43052c89148c51a
2025-09-15 11:45:27.762 TRACE : trigger interaction 0xc000587860 605/1200
[TRACE] Decoding transaction bytes of length: 229
[TRACE] Transaction type: 6
[TRACE] Successfully decoded transaction with hash: 98d4aa5f29aa243c897c7d7d5ea02a73ac8cffb297ecc95d3f4431a3462f9513
2025-09-15 11:45:27.762 TRACE client[0]: Processing transaction with hash: 98d4aa5f29aa243c897c7d7d5ea02a73ac8cffb297ecc95d3f4431a3462f9513
2025-09-15 11:45:27.762 DEBUG client[0]: Submitting transaction 98d4aa5f29aa243c897c7d7d5ea02a73ac8cffb297ecc95d3f4431a3462f9513
2025-09-15 11:45:27.845 TRACE : trigger interaction 0xc000587950 606/1200
[TRACE] Decoding transaction bytes of length: 229
[TRACE] Transaction type: 6
[TRACE] Successfully decoded transaction with hash: a86040a0a2d1c1a85cc2f852c5b445a71c70111582f439b77d7eebc240772653
2025-09-15 11:45:27.845 TRACE client[0]: Processing transaction with hash: a86040a0a2d1c1a85cc2f852c5b445a71c70111582f439b77d7eebc240772653
2025-09-15 11:45:27.845 DEBUG client[0]: Submitting transaction a86040a0a2d1c1a85cc2f852c5b445a71c70111582f439b77d7eebc240772653
2025-09-15 11:45:27.929 TRACE : trigger interaction 0xc000587a40 607/1200
[TRACE] Decoding transaction bytes of length: 229
[TRACE] Transaction type: 6
[TRACE] Successfully decoded transaction with hash: 243599dcb8c5ade37dddd409c265ea1ba06b0f765bee1d7149bd311ed9401cbe
2025-09-15 11:45:27.929 TRACE client[0]: Processing transaction with hash: 243599dcb8c5ade37dddd409c265ea1ba06b0f765bee1d7149bd311ed9401cbe
2025-09-15 11:45:27.929 DEBUG client[0]: Submitting transaction 243599dcb8c5ade37dddd409c265ea1ba06b0f765bee1d7149bd311ed9401cbe
2025-09-15 11:45:28.012 TRACE : trigger interaction 0xc000587b30 608/1200
[TRACE] Decoding transaction bytes of length: 229
[TRACE] Transaction type: 6
[TRACE] Successfully decoded transaction with hash: b1c958e654dddaae4f440517ba274c53b33ceefd52e41a5394507a3b1d7e623e
2025-09-15 11:45:28.013 TRACE client[0]: Processing transaction with hash: b1c958e654dddaae4f440517ba274c53b33ceefd52e41a5394507a3b1d7e623e
2025-09-15 11:45:28.013 DEBUG client[0]: Submitting transaction b1c958e654dddaae4f440517ba274c53b33ceefd52e41a5394507a3b1d7e623e
2025-09-15 11:45:28.096 TRACE : trigger interaction 0xc000587c20 609/1200
[TRACE] Decoding transaction bytes of length: 229
[TRACE] Transaction type: 6
[TRACE] Successfully decoded transaction with hash: ebc97e75cf6e358560a0a89e81a28a67fc1f228d3b0936be9f44d4e7f504cb1a
2025-09-15 11:45:28.096 TRACE client[0]: Processing transaction with hash: ebc97e75cf6e358560a0a89e81a28a67fc1f228d3b0936be9f44d4e7f504cb1a
2025-09-15 11:45:28.096 DEBUG client[0]: Submitting transaction ebc97e75cf6e358560a0a89e81a28a67fc1f228d3b0936be9f44d4e7f504cb1a
2025-09-15 11:45:28.179 TRACE : trigger interaction 0xc000587d10 610/1200
[TRACE] Decoding transaction bytes of length: 229
[TRACE] Transaction type: 6
[TRACE] Successfully decoded transaction with hash: 3f28ffc02d111d8a8fc12e42d19f7c73b12666e8e58f806b91d9f2e635f55049
2025-09-15 11:45:28.179 TRACE client[0]: Processing transaction with hash: 3f28ffc02d111d8a8fc12e42d19f7c73b12666e8e58f806b91d9f2e635f55049
2025-09-15 11:45:28.179 DEBUG client[0]: Submitting transaction 3f28ffc02d111d8a8fc12e42d19f7c73b12666e8e58f806b91d9f2e635f55049
2025-09-15 11:45:28.263 TRACE : trigger interaction 0xc000587e00 611/1200
[TRACE] Decoding transaction bytes of length: 229
[TRACE] Transaction type: 6
[TRACE] Successfully decoded transaction with hash: eb6bd4f357122c46381cb8985bac1372f6b5c85cbbc789b111a9b99dd67b61dd
2025-09-15 11:45:28.263 TRACE client[0]: Processing transaction with hash: eb6bd4f357122c46381cb8985bac1372f6b5c85cbbc789b111a9b99dd67b61dd
2025-09-15 11:45:28.263 DEBUG client[0]: Submitting transaction eb6bd4f357122c46381cb8985bac1372f6b5c85cbbc789b111a9b99dd67b61dd
2025-09-15 11:45:28.346 TRACE : trigger interaction 0xc000587ef0 612/1200
[TRACE] Decoding transaction bytes of length: 229
[TRACE] Transaction type: 6
[TRACE] Successfully decoded transaction with hash: 4f65ab985be668f148cd0ff968e185ba4f31af9d4792d3dfa3cdbd32c9c1e7dd
2025-09-15 11:45:28.346 TRACE client[0]: Processing transaction with hash: 4f65ab985be668f148cd0ff968e185ba4f31af9d4792d3dfa3cdbd32c9c1e7dd
2025-09-15 11:45:28.346 DEBUG client[0]: Submitting transaction 4f65ab985be668f148cd0ff968e185ba4f31af9d4792d3dfa3cdbd32c9c1e7dd
2025-09-15 11:45:28.429 TRACE : trigger interaction 0xc0005aa000 613/1200
[TRACE] Decoding transaction bytes of length: 229
[TRACE] Transaction type: 6
[TRACE] Successfully decoded transaction with hash: b7fd1c46de04dad432d3387f3857e14f2380ff54c8b24dfcc3e8878002b4ecfa
2025-09-15 11:45:28.429 TRACE client[0]: Processing transaction with hash: b7fd1c46de04dad432d3387f3857e14f2380ff54c8b24dfcc3e8878002b4ecfa
2025-09-15 11:45:28.429 DEBUG client[0]: Submitting transaction b7fd1c46de04dad432d3387f3857e14f2380ff54c8b24dfcc3e8878002b4ecfa
2025-09-15 11:45:28.512 TRACE : trigger interaction 0xc0005aa0f0 614/1200
[TRACE] Decoding transaction bytes of length: 229
[TRACE] Transaction type: 6
[TRACE] Successfully decoded transaction with hash: b94fd7bb6c87a6b3c5ad78b7cb79a031445c2ee7f5b043fa96cda292321a5ba8
2025-09-15 11:45:28.512 TRACE client[0]: Processing transaction with hash: b94fd7bb6c87a6b3c5ad78b7cb79a031445c2ee7f5b043fa96cda292321a5ba8
2025-09-15 11:45:28.512 DEBUG client[0]: Submitting transaction b94fd7bb6c87a6b3c5ad78b7cb79a031445c2ee7f5b043fa96cda292321a5ba8
2025-09-15 11:45:28.596 TRACE : trigger interaction 0xc0005aa1e0 615/1200
[TRACE] Decoding transaction bytes of length: 229
[TRACE] Transaction type: 6
[TRACE] Successfully decoded transaction with hash: 242cc3429067ff14cd5d6a08fabe4762b01e3b9a10da7cb7776c38b65cdba1f4
2025-09-15 11:45:28.596 TRACE client[0]: Processing transaction with hash: 242cc3429067ff14cd5d6a08fabe4762b01e3b9a10da7cb7776c38b65cdba1f4
2025-09-15 11:45:28.596 DEBUG client[0]: Submitting transaction 242cc3429067ff14cd5d6a08fabe4762b01e3b9a10da7cb7776c38b65cdba1f4
2025-09-15 11:45:28.679 TRACE : trigger interaction 0xc0005aa2d0 616/1200
[TRACE] Decoding transaction bytes of length: 229
[TRACE] Transaction type: 6
[TRACE] Successfully decoded transaction with hash: 11f68b11b84587a05f5561846fdab55294ab7fbb90be5a49aa254e2e7d56f22c
2025-09-15 11:45:28.679 TRACE client[0]: Processing transaction with hash: 11f68b11b84587a05f5561846fdab55294ab7fbb90be5a49aa254e2e7d56f22c
2025-09-15 11:45:28.679 DEBUG client[0]: Submitting transaction 11f68b11b84587a05f5561846fdab55294ab7fbb90be5a49aa254e2e7d56f22c
2025-09-15 11:45:28.763 TRACE : trigger interaction 0xc0005aa3c0 617/1200
[TRACE] Decoding transaction bytes of length: 229
[TRACE] Transaction type: 6
[TRACE] Successfully decoded transaction with hash: cabaa39201df290d46b0ecc06450bb1249f72c02d832a430ab08c8e41c8bae26
2025-09-15 11:45:28.763 TRACE client[0]: Processing transaction with hash: cabaa39201df290d46b0ecc06450bb1249f72c02d832a430ab08c8e41c8bae26
2025-09-15 11:45:28.763 DEBUG client[0]: Submitting transaction cabaa39201df290d46b0ecc06450bb1249f72c02d832a430ab08c8e41c8bae26
2025-09-15 11:45:28.846 TRACE : trigger interaction 0xc0005aa4b0 618/1200
[TRACE] Decoding transaction bytes of length: 229
[TRACE] Transaction type: 6
[TRACE] Successfully decoded transaction with hash: c350cb570222e6c066c04885eddbe9cc1f8c1797ed952e900d52e76bc56b3699
2025-09-15 11:45:28.846 TRACE client[0]: Processing transaction with hash: c350cb570222e6c066c04885eddbe9cc1f8c1797ed952e900d52e76bc56b3699
2025-09-15 11:45:28.846 DEBUG client[0]: Submitting transaction c350cb570222e6c066c04885eddbe9cc1f8c1797ed952e900d52e76bc56b3699
2025-09-15 11:45:28.929 TRACE : trigger interaction 0xc0005aa5a0 619/1200
[TRACE] Decoding transaction bytes of length: 229
[TRACE] Transaction type: 6
[TRACE] Successfully decoded transaction with hash: bdd003cae16fc88a91da91232db0b591f9e472853e949ee1c3fc4212d8ce3076
2025-09-15 11:45:28.929 TRACE client[0]: Processing transaction with hash: bdd003cae16fc88a91da91232db0b591f9e472853e949ee1c3fc4212d8ce3076
2025-09-15 11:45:28.929 DEBUG client[0]: Submitting transaction bdd003cae16fc88a91da91232db0b591f9e472853e949ee1c3fc4212d8ce3076
2025-09-15 11:45:29.012 TRACE : trigger interaction 0xc0006a4000 620/1200
[TRACE] Decoding transaction bytes of length: 229
[TRACE] Transaction type: 6
[TRACE] Successfully decoded transaction with hash: ef3b3dc1b147543d991a4fb362096032e134a4b6a8da52ace00634ef7c22c9f6
2025-09-15 11:45:29.012 TRACE client[0]: Processing transaction with hash: ef3b3dc1b147543d991a4fb362096032e134a4b6a8da52ace00634ef7c22c9f6
2025-09-15 11:45:29.012 DEBUG client[0]: Submitting transaction ef3b3dc1b147543d991a4fb362096032e134a4b6a8da52ace00634ef7c22c9f6
2025-09-15 11:45:29.096 TRACE : trigger interaction 0xc0006a40f0 621/1200
[TRACE] Decoding transaction bytes of length: 229
[TRACE] Transaction type: 6
[TRACE] Successfully decoded transaction with hash: e154fc481e761a07277885dec14887ce2412083e89c3f62dfca9fb13ac251e33
2025-09-15 11:45:29.096 TRACE client[0]: Processing transaction with hash: e154fc481e761a07277885dec14887ce2412083e89c3f62dfca9fb13ac251e33
2025-09-15 11:45:29.096 DEBUG client[0]: Submitting transaction e154fc481e761a07277885dec14887ce2412083e89c3f62dfca9fb13ac251e33
2025-09-15 11:45:29.179 TRACE : trigger interaction 0xc0006a41e0 622/1200
[TRACE] Decoding transaction bytes of length: 229
[TRACE] Transaction type: 6
[TRACE] Successfully decoded transaction with hash: 6531eea9d8cbfb00c3bc4dd0c67749f46920fb37b10e87be50ac155471afcc83
2025-09-15 11:45:29.179 TRACE client[0]: Processing transaction with hash: 6531eea9d8cbfb00c3bc4dd0c67749f46920fb37b10e87be50ac155471afcc83
2025-09-15 11:45:29.179 DEBUG client[0]: Submitting transaction 6531eea9d8cbfb00c3bc4dd0c67749f46920fb37b10e87be50ac155471afcc83
2025-09-15 11:45:29.262 TRACE : trigger interaction 0xc0006a42d0 623/1200
[TRACE] Decoding transaction bytes of length: 229
[TRACE] Transaction type: 6
[TRACE] Successfully decoded transaction with hash: 62602cb8d8715f7df4459351cd10ac16234be199b825bd43cb3855ca4be95f2e
2025-09-15 11:45:29.262 TRACE client[0]: Processing transaction with hash: 62602cb8d8715f7df4459351cd10ac16234be199b825bd43cb3855ca4be95f2e
2025-09-15 11:45:29.262 DEBUG client[0]: Submitting transaction 62602cb8d8715f7df4459351cd10ac16234be199b825bd43cb3855ca4be95f2e
2025-09-15 11:45:29.346 TRACE : trigger interaction 0xc0006a43c0 624/1200
[TRACE] Decoding transaction bytes of length: 229
[TRACE] Transaction type: 6
[TRACE] Successfully decoded transaction with hash: fc76e5a864c972b145c2b09c2514ed6ebdf50fa3a3861f193e449742d1fc25df
2025-09-15 11:45:29.346 TRACE client[0]: Processing transaction with hash: fc76e5a864c972b145c2b09c2514ed6ebdf50fa3a3861f193e449742d1fc25df
2025-09-15 11:45:29.346 DEBUG client[0]: Submitting transaction fc76e5a864c972b145c2b09c2514ed6ebdf50fa3a3861f193e449742d1fc25df
2025-09-15 11:45:29.429 TRACE : trigger interaction 0xc0006a44b0 625/1200
[TRACE] Decoding transaction bytes of length: 229
[TRACE] Transaction type: 6
[TRACE] Successfully decoded transaction with hash: 62c7ff30fcaa24151f413e9c8fd5b2abb6a7d39268b2eb89a25931f9df2a9648
2025-09-15 11:45:29.429 TRACE client[0]: Processing transaction with hash: 62c7ff30fcaa24151f413e9c8fd5b2abb6a7d39268b2eb89a25931f9df2a9648
2025-09-15 11:45:29.429 DEBUG client[0]: Submitting transaction 62c7ff30fcaa24151f413e9c8fd5b2abb6a7d39268b2eb89a25931f9df2a9648
2025-09-15 11:45:29.512 TRACE : trigger interaction 0xc0006a45a0 626/1200
[TRACE] Decoding transaction bytes of length: 229
[TRACE] Transaction type: 6
[TRACE] Successfully decoded transaction with hash: 58389adb735e20eb044b1b1ecf15f73cfaab017fb89b058ee1126984d6d4d412
2025-09-15 11:45:29.513 TRACE client[0]: Processing transaction with hash: 58389adb735e20eb044b1b1ecf15f73cfaab017fb89b058ee1126984d6d4d412
2025-09-15 11:45:29.513 DEBUG client[0]: Submitting transaction 58389adb735e20eb044b1b1ecf15f73cfaab017fb89b058ee1126984d6d4d412
2025-09-15 11:45:29.595 TRACE : trigger interaction 0xc0006a4690 627/1200
[TRACE] Decoding transaction bytes of length: 229
[TRACE] Transaction type: 6
[TRACE] Successfully decoded transaction with hash: e4678adbe3b9fdd8ca67f11e835d499128d1f00f301b539bcad5a3339c5f7cb6
2025-09-15 11:45:29.596 TRACE client[0]: Processing transaction with hash: e4678adbe3b9fdd8ca67f11e835d499128d1f00f301b539bcad5a3339c5f7cb6
2025-09-15 11:45:29.596 DEBUG client[0]: Submitting transaction e4678adbe3b9fdd8ca67f11e835d499128d1f00f301b539bcad5a3339c5f7cb6
2025-09-15 11:45:29.679 TRACE : trigger interaction 0xc0006a4780 628/1200
[TRACE] Decoding transaction bytes of length: 229
[TRACE] Transaction type: 6
[TRACE] Successfully decoded transaction with hash: 6969a9b87052c98dc6d7622dd1388bafc53bf12d3de690f769b62fdd901968c4
2025-09-15 11:45:29.679 TRACE client[0]: Processing transaction with hash: 6969a9b87052c98dc6d7622dd1388bafc53bf12d3de690f769b62fdd901968c4
2025-09-15 11:45:29.679 DEBUG client[0]: Submitting transaction 6969a9b87052c98dc6d7622dd1388bafc53bf12d3de690f769b62fdd901968c4
2025-09-15 11:45:29.763 TRACE : trigger interaction 0xc0006a4870 629/1200
[TRACE] Decoding transaction bytes of length: 229
[TRACE] Transaction type: 6
[TRACE] Successfully decoded transaction with hash: 944e6e0cdc7532de37e2fd41cfa28e3a4e37bf20d07d3a6bccfe8aa2b8326cc2
2025-09-15 11:45:29.763 TRACE client[0]: Processing transaction with hash: 944e6e0cdc7532de37e2fd41cfa28e3a4e37bf20d07d3a6bccfe8aa2b8326cc2
2025-09-15 11:45:29.763 DEBUG client[0]: Submitting transaction 944e6e0cdc7532de37e2fd41cfa28e3a4e37bf20d07d3a6bccfe8aa2b8326cc2
2025-09-15 11:45:29.846 TRACE : trigger interaction 0xc0006a4960 630/1200
[TRACE] Decoding transaction bytes of length: 229
[TRACE] Transaction type: 6
[TRACE] Successfully decoded transaction with hash: b2ad2273b6630ccea2abc5501cada2fb6aaba35a87c0ab613f9d7cc25b201698
2025-09-15 11:45:29.846 TRACE client[0]: Processing transaction with hash: b2ad2273b6630ccea2abc5501cada2fb6aaba35a87c0ab613f9d7cc25b201698
2025-09-15 11:45:29.846 DEBUG client[0]: Submitting transaction b2ad2273b6630ccea2abc5501cada2fb6aaba35a87c0ab613f9d7cc25b201698
2025-09-15 11:45:29.929 TRACE : trigger interaction 0xc0006a4a50 631/1200
[TRACE] Decoding transaction bytes of length: 229
[TRACE] Transaction type: 6
[TRACE] Successfully decoded transaction with hash: 3fa1a50f341c2cfb6ed2378437d57abf77f5307840b6e4e51215d3b862d785ff
2025-09-15 11:45:29.929 TRACE client[0]: Processing transaction with hash: 3fa1a50f341c2cfb6ed2378437d57abf77f5307840b6e4e51215d3b862d785ff
2025-09-15 11:45:29.929 DEBUG client[0]: Submitting transaction 3fa1a50f341c2cfb6ed2378437d57abf77f5307840b6e4e51215d3b862d785ff
2025-09-15 11:45:30.012 TRACE : trigger interaction 0xc0006a4b40 632/1200
[TRACE] Decoding transaction bytes of length: 229
[TRACE] Transaction type: 6
[TRACE] Successfully decoded transaction with hash: cf26f5e45b7104f2f43bed0a6474a0b201f4166899b08c3d62aad4482c0c8fa2
2025-09-15 11:45:30.013 TRACE client[0]: Processing transaction with hash: cf26f5e45b7104f2f43bed0a6474a0b201f4166899b08c3d62aad4482c0c8fa2
2025-09-15 11:45:30.013 DEBUG client[0]: Submitting transaction cf26f5e45b7104f2f43bed0a6474a0b201f4166899b08c3d62aad4482c0c8fa2
2025-09-15 11:45:30.095 TRACE : trigger interaction 0xc0006a4c30 633/1200
[TRACE] Decoding transaction bytes of length: 229
[TRACE] Transaction type: 6
[TRACE] Successfully decoded transaction with hash: 4eb38275f82523d0c7bcde959c97d80333f3655f58889e1ed7fa2e4d857cf075
2025-09-15 11:45:30.096 TRACE client[0]: Processing transaction with hash: 4eb38275f82523d0c7bcde959c97d80333f3655f58889e1ed7fa2e4d857cf075
2025-09-15 11:45:30.096 DEBUG client[0]: Submitting transaction 4eb38275f82523d0c7bcde959c97d80333f3655f58889e1ed7fa2e4d857cf075
2025-09-15 11:45:30.179 TRACE : trigger interaction 0xc0006a4d20 634/1200
[TRACE] Decoding transaction bytes of length: 229
[TRACE] Transaction type: 6
[TRACE] Successfully decoded transaction with hash: 4162e142e8fd2c749f18a16c5551e662dbe7ef88eed6e3f3b85a06eb7b2069c2
2025-09-15 11:45:30.179 TRACE client[0]: Processing transaction with hash: 4162e142e8fd2c749f18a16c5551e662dbe7ef88eed6e3f3b85a06eb7b2069c2
2025-09-15 11:45:30.179 DEBUG client[0]: Submitting transaction 4162e142e8fd2c749f18a16c5551e662dbe7ef88eed6e3f3b85a06eb7b2069c2
2025-09-15 11:45:30.263 TRACE : trigger interaction 0xc0006a4e10 635/1200
[TRACE] Decoding transaction bytes of length: 229
[TRACE] Transaction type: 6
[TRACE] Successfully decoded transaction with hash: abe424056e1872c2e01708bc317988c08d98a6dcb873a04154c98d08f5dc33e8
2025-09-15 11:45:30.263 TRACE client[0]: Processing transaction with hash: abe424056e1872c2e01708bc317988c08d98a6dcb873a04154c98d08f5dc33e8
2025-09-15 11:45:30.263 DEBUG client[0]: Submitting transaction abe424056e1872c2e01708bc317988c08d98a6dcb873a04154c98d08f5dc33e8
2025-09-15 11:45:30.346 TRACE : trigger interaction 0xc0006a4f00 636/1200
[TRACE] Decoding transaction bytes of length: 229
[TRACE] Transaction type: 6
[TRACE] Successfully decoded transaction with hash: 915561350fe94221eb862aee6c21e4e0c99ad5e439d8beadb0a489c808a5a122
2025-09-15 11:45:30.346 TRACE client[0]: Processing transaction with hash: 915561350fe94221eb862aee6c21e4e0c99ad5e439d8beadb0a489c808a5a122
2025-09-15 11:45:30.346 DEBUG client[0]: Submitting transaction 915561350fe94221eb862aee6c21e4e0c99ad5e439d8beadb0a489c808a5a122
2025-09-15 11:45:30.429 TRACE : trigger interaction 0xc0006a4ff0 637/1200
[TRACE] Decoding transaction bytes of length: 229
[TRACE] Transaction type: 6
[TRACE] Successfully decoded transaction with hash: 5d870476a9a8ce4e1526d39d2e3d2a19c202745920cecf0a6ccf4340e78f252f
2025-09-15 11:45:30.429 TRACE client[0]: Processing transaction with hash: 5d870476a9a8ce4e1526d39d2e3d2a19c202745920cecf0a6ccf4340e78f252f
2025-09-15 11:45:30.429 DEBUG client[0]: Submitting transaction 5d870476a9a8ce4e1526d39d2e3d2a19c202745920cecf0a6ccf4340e78f252f
2025-09-15 11:45:30.513 TRACE : trigger interaction 0xc0006a50e0 638/1200
[TRACE] Decoding transaction bytes of length: 229
[TRACE] Transaction type: 6
[TRACE] Successfully decoded transaction with hash: 37b9afdb86e0905dc620a10c98fa4034c386fd506f3982672e32afc03e3ad0a2
2025-09-15 11:45:30.513 TRACE client[0]: Processing transaction with hash: 37b9afdb86e0905dc620a10c98fa4034c386fd506f3982672e32afc03e3ad0a2
2025-09-15 11:45:30.513 DEBUG client[0]: Submitting transaction 37b9afdb86e0905dc620a10c98fa4034c386fd506f3982672e32afc03e3ad0a2
2025-09-15 11:45:30.596 TRACE : trigger interaction 0xc0006a51d0 639/1200
[TRACE] Decoding transaction bytes of length: 229
[TRACE] Transaction type: 6
[TRACE] Successfully decoded transaction with hash: 32034015ac6d405f7b57af775f5df98ff33486b804b497a26fc2e3a7c9c1ab87
2025-09-15 11:45:30.596 TRACE client[0]: Processing transaction with hash: 32034015ac6d405f7b57af775f5df98ff33486b804b497a26fc2e3a7c9c1ab87
2025-09-15 11:45:30.596 DEBUG client[0]: Submitting transaction 32034015ac6d405f7b57af775f5df98ff33486b804b497a26fc2e3a7c9c1ab87
2025-09-15 11:45:30.679 TRACE : trigger interaction 0xc0006a52c0 640/1200
[TRACE] Decoding transaction bytes of length: 229
[TRACE] Transaction type: 6
[TRACE] Successfully decoded transaction with hash: 488b4f7922913cc9c535ca68d4b0f601e7ecb109bceb2762fa581a001e5d0d54
2025-09-15 11:45:30.680 TRACE client[0]: Processing transaction with hash: 488b4f7922913cc9c535ca68d4b0f601e7ecb109bceb2762fa581a001e5d0d54
2025-09-15 11:45:30.680 DEBUG client[0]: Submitting transaction 488b4f7922913cc9c535ca68d4b0f601e7ecb109bceb2762fa581a001e5d0d54
2025-09-15 11:45:30.763 TRACE : trigger interaction 0xc0006a53b0 641/1200
[TRACE] Decoding transaction bytes of length: 229
[TRACE] Transaction type: 6
[TRACE] Successfully decoded transaction with hash: 3d56b5044b64ba085bf4f2fb60918aeda5ba2bf620048dd47631e4879b5a2e68
2025-09-15 11:45:30.763 TRACE client[0]: Processing transaction with hash: 3d56b5044b64ba085bf4f2fb60918aeda5ba2bf620048dd47631e4879b5a2e68
2025-09-15 11:45:30.763 DEBUG client[0]: Submitting transaction 3d56b5044b64ba085bf4f2fb60918aeda5ba2bf620048dd47631e4879b5a2e68
2025-09-15 11:45:30.846 TRACE : trigger interaction 0xc0006a54a0 642/1200
[TRACE] Decoding transaction bytes of length: 229
[TRACE] Transaction type: 6
[TRACE] Successfully decoded transaction with hash: 63289eff5c01c446e616f757eac1ee34f81ece54b35311c6e94ef8cc6aa280c7
2025-09-15 11:45:30.846 TRACE client[0]: Processing transaction with hash: 63289eff5c01c446e616f757eac1ee34f81ece54b35311c6e94ef8cc6aa280c7
2025-09-15 11:45:30.846 DEBUG client[0]: Submitting transaction 63289eff5c01c446e616f757eac1ee34f81ece54b35311c6e94ef8cc6aa280c7
2025-09-15 11:45:30.929 TRACE : trigger interaction 0xc0006a5590 643/1200
[TRACE] Decoding transaction bytes of length: 229
[TRACE] Transaction type: 6
[TRACE] Successfully decoded transaction with hash: 3c329c5948582839d653ef4c7b2c3a5ba17c125a768ebce97ffabccc03b32761
2025-09-15 11:45:30.929 TRACE client[0]: Processing transaction with hash: 3c329c5948582839d653ef4c7b2c3a5ba17c125a768ebce97ffabccc03b32761
2025-09-15 11:45:30.929 DEBUG client[0]: Submitting transaction 3c329c5948582839d653ef4c7b2c3a5ba17c125a768ebce97ffabccc03b32761
2025-09-15 11:45:31.012 TRACE : trigger interaction 0xc0006a5680 644/1200
[TRACE] Decoding transaction bytes of length: 229
[TRACE] Transaction type: 6
[TRACE] Successfully decoded transaction with hash: a35c645b1addb7239443408c2067108aa570155bc88d64fc48391f0aac7f27e8
2025-09-15 11:45:31.012 TRACE client[0]: Processing transaction with hash: a35c645b1addb7239443408c2067108aa570155bc88d64fc48391f0aac7f27e8
2025-09-15 11:45:31.012 DEBUG client[0]: Submitting transaction a35c645b1addb7239443408c2067108aa570155bc88d64fc48391f0aac7f27e8
2025-09-15 11:45:31.095 TRACE : trigger interaction 0xc0006a5770 645/1200
[TRACE] Decoding transaction bytes of length: 229
[TRACE] Transaction type: 6
[TRACE] Successfully decoded transaction with hash: 76d061528e905677ba3e800d1c8ece07d9908b4cf9653ddb4e0f0d6337a13229
2025-09-15 11:45:31.095 TRACE client[0]: Processing transaction with hash: 76d061528e905677ba3e800d1c8ece07d9908b4cf9653ddb4e0f0d6337a13229
2025-09-15 11:45:31.095 DEBUG client[0]: Submitting transaction 76d061528e905677ba3e800d1c8ece07d9908b4cf9653ddb4e0f0d6337a13229
2025-09-15 11:45:31.179 TRACE : trigger interaction 0xc0006a5860 646/1200
[TRACE] Decoding transaction bytes of length: 229
[TRACE] Transaction type: 6
[TRACE] Successfully decoded transaction with hash: e101d04f5378ecb149094fb5535764124f73287a304e94489668fbbaaff03409
2025-09-15 11:45:31.179 TRACE client[0]: Processing transaction with hash: e101d04f5378ecb149094fb5535764124f73287a304e94489668fbbaaff03409
2025-09-15 11:45:31.180 DEBUG client[0]: Submitting transaction e101d04f5378ecb149094fb5535764124f73287a304e94489668fbbaaff03409
2025-09-15 11:45:31.262 TRACE : trigger interaction 0xc0006a5950 647/1200
[TRACE] Decoding transaction bytes of length: 229
[TRACE] Transaction type: 6
[TRACE] Successfully decoded transaction with hash: 66426424efb29d06cf8834c4e879a2dcdff1c8a8c5e33c225e36303d0c3a8aff
2025-09-15 11:45:31.262 TRACE client[0]: Processing transaction with hash: 66426424efb29d06cf8834c4e879a2dcdff1c8a8c5e33c225e36303d0c3a8aff
2025-09-15 11:45:31.262 DEBUG client[0]: Submitting transaction 66426424efb29d06cf8834c4e879a2dcdff1c8a8c5e33c225e36303d0c3a8aff
2025-09-15 11:45:31.346 TRACE : trigger interaction 0xc0006a5a40 648/1200
[TRACE] Decoding transaction bytes of length: 229
[TRACE] Transaction type: 6
[TRACE] Successfully decoded transaction with hash: 5007f07f6f2a8ed005ff8ebd1cd03e16b38a33083e8e9d5cd7a8f97129d13c54
2025-09-15 11:45:31.346 TRACE client[0]: Processing transaction with hash: 5007f07f6f2a8ed005ff8ebd1cd03e16b38a33083e8e9d5cd7a8f97129d13c54
2025-09-15 11:45:31.346 DEBUG client[0]: Submitting transaction 5007f07f6f2a8ed005ff8ebd1cd03e16b38a33083e8e9d5cd7a8f97129d13c54
2025-09-15 11:45:31.429 TRACE : trigger interaction 0xc0006a5b30 649/1200
[TRACE] Decoding transaction bytes of length: 229
[TRACE] Transaction type: 6
[TRACE] Successfully decoded transaction with hash: 86d1455db9dc632da2bed2235044b6407782de87b567ab5ca6d412458c2770b6
2025-09-15 11:45:31.429 TRACE client[0]: Processing transaction with hash: 86d1455db9dc632da2bed2235044b6407782de87b567ab5ca6d412458c2770b6
2025-09-15 11:45:31.429 DEBUG client[0]: Submitting transaction 86d1455db9dc632da2bed2235044b6407782de87b567ab5ca6d412458c2770b6
2025-09-15 11:45:31.512 TRACE : trigger interaction 0xc0006a5c20 650/1200
[TRACE] Decoding transaction bytes of length: 229
[TRACE] Transaction type: 6
[TRACE] Successfully decoded transaction with hash: 045fec0e3fd7c2a3edc89b5c6b47502f5eac15dd6580d7193117973b8a6620a4
2025-09-15 11:45:31.513 TRACE client[0]: Processing transaction with hash: 045fec0e3fd7c2a3edc89b5c6b47502f5eac15dd6580d7193117973b8a6620a4
2025-09-15 11:45:31.513 DEBUG client[0]: Submitting transaction 045fec0e3fd7c2a3edc89b5c6b47502f5eac15dd6580d7193117973b8a6620a4
2025-09-15 11:45:31.595 TRACE : trigger interaction 0xc0006a5d10 651/1200
[TRACE] Decoding transaction bytes of length: 229
[TRACE] Transaction type: 6
[TRACE] Successfully decoded transaction with hash: 32c00902c139a41e06c2c3a170febb423f9c2752a4d80d7821bd85d18ad56d4d
2025-09-15 11:45:31.596 TRACE client[0]: Processing transaction with hash: 32c00902c139a41e06c2c3a170febb423f9c2752a4d80d7821bd85d18ad56d4d
2025-09-15 11:45:31.596 DEBUG client[0]: Submitting transaction 32c00902c139a41e06c2c3a170febb423f9c2752a4d80d7821bd85d18ad56d4d
2025-09-15 11:45:31.678 TRACE : trigger interaction 0xc0006a5e00 652/1200
[TRACE] Decoding transaction bytes of length: 229
[TRACE] Transaction type: 6
[TRACE] Successfully decoded transaction with hash: e42a6c13f39252f055fa40b291358d07bc56b1a43cf77c9c52c149277a6903e7
2025-09-15 11:45:31.679 TRACE client[0]: Processing transaction with hash: e42a6c13f39252f055fa40b291358d07bc56b1a43cf77c9c52c149277a6903e7
2025-09-15 11:45:31.679 DEBUG client[0]: Submitting transaction e42a6c13f39252f055fa40b291358d07bc56b1a43cf77c9c52c149277a6903e7
2025-09-15 11:45:31.762 TRACE : trigger interaction 0xc0005aa690 653/1200
[TRACE] Decoding transaction bytes of length: 229
[TRACE] Transaction type: 6
[TRACE] Successfully decoded transaction with hash: be76796352374c28a8c19c41bc84d597ee267ea548f4f8f104a89053733e8850
2025-09-15 11:45:31.763 TRACE client[0]: Processing transaction with hash: be76796352374c28a8c19c41bc84d597ee267ea548f4f8f104a89053733e8850
2025-09-15 11:45:31.763 DEBUG client[0]: Submitting transaction be76796352374c28a8c19c41bc84d597ee267ea548f4f8f104a89053733e8850
2025-09-15 11:45:31.846 TRACE : trigger interaction 0xc0005aa780 654/1200
[TRACE] Decoding transaction bytes of length: 229
[TRACE] Transaction type: 6
[TRACE] Successfully decoded transaction with hash: eb0e8089e1fbb207b7eae923aa00f474d74715e05a94a21fc21d4d11f3956e44
2025-09-15 11:45:31.846 TRACE client[0]: Processing transaction with hash: eb0e8089e1fbb207b7eae923aa00f474d74715e05a94a21fc21d4d11f3956e44
2025-09-15 11:45:31.846 DEBUG client[0]: Submitting transaction eb0e8089e1fbb207b7eae923aa00f474d74715e05a94a21fc21d4d11f3956e44
2025-09-15 11:45:31.929 TRACE : trigger interaction 0xc0005aa870 655/1200
[TRACE] Decoding transaction bytes of length: 229
[TRACE] Transaction type: 6
[TRACE] Successfully decoded transaction with hash: be2ea5d3854b007170ff92c80090b3e3c18ee84a18f0f0a092285018fa497ad4
2025-09-15 11:45:31.929 TRACE client[0]: Processing transaction with hash: be2ea5d3854b007170ff92c80090b3e3c18ee84a18f0f0a092285018fa497ad4
2025-09-15 11:45:31.929 DEBUG client[0]: Submitting transaction be2ea5d3854b007170ff92c80090b3e3c18ee84a18f0f0a092285018fa497ad4
2025-09-15 11:45:32.013 TRACE : trigger interaction 0xc0005aa960 656/1200
[TRACE] Decoding transaction bytes of length: 229
[TRACE] Transaction type: 6
[TRACE] Successfully decoded transaction with hash: caf2a68f8a994868e231764647bb8584b6478e6892b09c5838e9cc5263da0ef5
2025-09-15 11:45:32.013 TRACE client[0]: Processing transaction with hash: caf2a68f8a994868e231764647bb8584b6478e6892b09c5838e9cc5263da0ef5
2025-09-15 11:45:32.013 DEBUG client[0]: Submitting transaction caf2a68f8a994868e231764647bb8584b6478e6892b09c5838e9cc5263da0ef5
2025-09-15 11:45:32.096 TRACE : trigger interaction 0xc0005aaa50 657/1200
[TRACE] Decoding transaction bytes of length: 229
[TRACE] Transaction type: 6
[TRACE] Successfully decoded transaction with hash: 5022b784151f569acf85e3a15fa58cafe2d7dca94a3336de1472da3686dbed9f
2025-09-15 11:45:32.096 TRACE client[0]: Processing transaction with hash: 5022b784151f569acf85e3a15fa58cafe2d7dca94a3336de1472da3686dbed9f
2025-09-15 11:45:32.096 DEBUG client[0]: Submitting transaction 5022b784151f569acf85e3a15fa58cafe2d7dca94a3336de1472da3686dbed9f
2025-09-15 11:45:32.179 TRACE : trigger interaction 0xc0005aab40 658/1200
[TRACE] Decoding transaction bytes of length: 229
[TRACE] Transaction type: 6
[TRACE] Successfully decoded transaction with hash: 014d74b5e66a53f6318b0324237a4157ebf4d10281b57c17d8e8f85996d4065b
2025-09-15 11:45:32.179 TRACE client[0]: Processing transaction with hash: 014d74b5e66a53f6318b0324237a4157ebf4d10281b57c17d8e8f85996d4065b
2025-09-15 11:45:32.179 DEBUG client[0]: Submitting transaction 014d74b5e66a53f6318b0324237a4157ebf4d10281b57c17d8e8f85996d4065b
2025-09-15 11:45:32.263 TRACE : trigger interaction 0xc0005aac30 659/1200
[TRACE] Decoding transaction bytes of length: 229
[TRACE] Transaction type: 6
[TRACE] Successfully decoded transaction with hash: a2812c8c3fc69f8ec51f2f573ef99d36d665682b75cb688a3ef3a4eda002a49f
2025-09-15 11:45:32.263 TRACE client[0]: Processing transaction with hash: a2812c8c3fc69f8ec51f2f573ef99d36d665682b75cb688a3ef3a4eda002a49f
2025-09-15 11:45:32.263 DEBUG client[0]: Submitting transaction a2812c8c3fc69f8ec51f2f573ef99d36d665682b75cb688a3ef3a4eda002a49f
2025-09-15 11:45:32.346 TRACE : trigger interaction 0xc0005aad20 660/1200
[TRACE] Decoding transaction bytes of length: 229
[TRACE] Transaction type: 6
[TRACE] Successfully decoded transaction with hash: 28ed08de88ed34894795a879a891105a04752c0e2428f2c700dfc88c03a03cf2
2025-09-15 11:45:32.346 TRACE client[0]: Processing transaction with hash: 28ed08de88ed34894795a879a891105a04752c0e2428f2c700dfc88c03a03cf2
2025-09-15 11:45:32.346 DEBUG client[0]: Submitting transaction 28ed08de88ed34894795a879a891105a04752c0e2428f2c700dfc88c03a03cf2
2025-09-15 11:45:32.429 TRACE : trigger interaction 0xc0005aae10 661/1200
[TRACE] Decoding transaction bytes of length: 229
[TRACE] Transaction type: 6
[TRACE] Successfully decoded transaction with hash: ec0c9c6755b94876c26480a71d6532af4ba7912bc9590b11a97fb533bd7e158f
2025-09-15 11:45:32.429 TRACE client[0]: Processing transaction with hash: ec0c9c6755b94876c26480a71d6532af4ba7912bc9590b11a97fb533bd7e158f
2025-09-15 11:45:32.429 DEBUG client[0]: Submitting transaction ec0c9c6755b94876c26480a71d6532af4ba7912bc9590b11a97fb533bd7e158f
2025-09-15 11:45:32.513 TRACE : trigger interaction 0xc0005aaf00 662/1200
[TRACE] Decoding transaction bytes of length: 229
[TRACE] Transaction type: 6
[TRACE] Successfully decoded transaction with hash: 35da1baacd867005d918e8ba016788ec407e0d5c76064eb62175d0da59df1fd7
2025-09-15 11:45:32.513 TRACE client[0]: Processing transaction with hash: 35da1baacd867005d918e8ba016788ec407e0d5c76064eb62175d0da59df1fd7
2025-09-15 11:45:32.513 DEBUG client[0]: Submitting transaction 35da1baacd867005d918e8ba016788ec407e0d5c76064eb62175d0da59df1fd7
2025-09-15 11:45:32.596 TRACE : trigger interaction 0xc0005aaff0 663/1200
[TRACE] Decoding transaction bytes of length: 229
[TRACE] Transaction type: 6
[TRACE] Successfully decoded transaction with hash: 008b1f1774cf70e184b683db83f3ef8595b193d02d8620c8dce25e4aedf42d70
2025-09-15 11:45:32.596 TRACE client[0]: Processing transaction with hash: 008b1f1774cf70e184b683db83f3ef8595b193d02d8620c8dce25e4aedf42d70
2025-09-15 11:45:32.596 DEBUG client[0]: Submitting transaction 008b1f1774cf70e184b683db83f3ef8595b193d02d8620c8dce25e4aedf42d70
2025-09-15 11:45:32.678 TRACE : trigger interaction 0xc0005ab0e0 664/1200
[TRACE] Decoding transaction bytes of length: 229
[TRACE] Transaction type: 6
[TRACE] Successfully decoded transaction with hash: 4597ce4d9c2a309f15e3370ccf51c594c606c423cf849c372bfcfedced3706ea
2025-09-15 11:45:32.679 TRACE client[0]: Processing transaction with hash: 4597ce4d9c2a309f15e3370ccf51c594c606c423cf849c372bfcfedced3706ea
2025-09-15 11:45:32.679 DEBUG client[0]: Submitting transaction 4597ce4d9c2a309f15e3370ccf51c594c606c423cf849c372bfcfedced3706ea
2025-09-15 11:45:32.762 TRACE : trigger interaction 0xc0005ab1d0 665/1200
[TRACE] Decoding transaction bytes of length: 229
[TRACE] Transaction type: 6
[TRACE] Successfully decoded transaction with hash: a7ff5ce4aa9fe7db169edc7af5a943483642b5f1985bc35f7efcaeaff1758e23
2025-09-15 11:45:32.763 TRACE client[0]: Processing transaction with hash: a7ff5ce4aa9fe7db169edc7af5a943483642b5f1985bc35f7efcaeaff1758e23
2025-09-15 11:45:32.763 DEBUG client[0]: Submitting transaction a7ff5ce4aa9fe7db169edc7af5a943483642b5f1985bc35f7efcaeaff1758e23
2025-09-15 11:45:32.846 TRACE : trigger interaction 0xc0005ab2c0 666/1200
[TRACE] Decoding transaction bytes of length: 229
[TRACE] Transaction type: 6
[TRACE] Successfully decoded transaction with hash: eaf73e2b6334e8d5a500b2a884ce361a18c1c13599907d0063dd6bf082938c15
2025-09-15 11:45:32.846 TRACE client[0]: Processing transaction with hash: eaf73e2b6334e8d5a500b2a884ce361a18c1c13599907d0063dd6bf082938c15
2025-09-15 11:45:32.846 DEBUG client[0]: Submitting transaction eaf73e2b6334e8d5a500b2a884ce361a18c1c13599907d0063dd6bf082938c15
2025-09-15 11:45:32.929 TRACE : trigger interaction 0xc0005ab3b0 667/1200
[TRACE] Decoding transaction bytes of length: 229
[TRACE] Transaction type: 6
[TRACE] Successfully decoded transaction with hash: f497c090db0356a6061424df7b23c10d4e1dbe8a4b78d9431152294b86bd2849
2025-09-15 11:45:32.929 TRACE client[0]: Processing transaction with hash: f497c090db0356a6061424df7b23c10d4e1dbe8a4b78d9431152294b86bd2849
2025-09-15 11:45:32.929 DEBUG client[0]: Submitting transaction f497c090db0356a6061424df7b23c10d4e1dbe8a4b78d9431152294b86bd2849
2025-09-15 11:45:33.013 TRACE : trigger interaction 0xc0005ab4a0 668/1200
[TRACE] Decoding transaction bytes of length: 229
[TRACE] Transaction type: 6
[TRACE] Successfully decoded transaction with hash: edc4f6f5dea243675c59672072c00ae8aa607bb7911066ca6bf572f2f5baaea9
2025-09-15 11:45:33.013 TRACE client[0]: Processing transaction with hash: edc4f6f5dea243675c59672072c00ae8aa607bb7911066ca6bf572f2f5baaea9
2025-09-15 11:45:33.013 DEBUG client[0]: Submitting transaction edc4f6f5dea243675c59672072c00ae8aa607bb7911066ca6bf572f2f5baaea9
2025-09-15 11:45:33.096 TRACE : trigger interaction 0xc0005ab590 669/1200
[TRACE] Decoding transaction bytes of length: 229
[TRACE] Transaction type: 6
[TRACE] Successfully decoded transaction with hash: 9a555f82c72e6d06787cc53d4d1cffc6d85341efd3ab1885c0add28c0551f00e
2025-09-15 11:45:33.096 TRACE client[0]: Processing transaction with hash: 9a555f82c72e6d06787cc53d4d1cffc6d85341efd3ab1885c0add28c0551f00e
2025-09-15 11:45:33.096 DEBUG client[0]: Submitting transaction 9a555f82c72e6d06787cc53d4d1cffc6d85341efd3ab1885c0add28c0551f00e
2025-09-15 11:45:33.179 TRACE : trigger interaction 0xc0006a5ef0 670/1200
[TRACE] Decoding transaction bytes of length: 229
[TRACE] Transaction type: 6
[TRACE] Successfully decoded transaction with hash: 64da702d128fd791493832cc2c31192d3f1c914de84188d713483e48eded8314
2025-09-15 11:45:33.179 TRACE client[0]: Processing transaction with hash: 64da702d128fd791493832cc2c31192d3f1c914de84188d713483e48eded8314
2025-09-15 11:45:33.179 DEBUG client[0]: Submitting transaction 64da702d128fd791493832cc2c31192d3f1c914de84188d713483e48eded8314
2025-09-15 11:45:33.263 TRACE : trigger interaction 0xc000553e00 671/1200
[TRACE] Decoding transaction bytes of length: 229
[TRACE] Transaction type: 6
[TRACE] Successfully decoded transaction with hash: 1ce23cda3a603314c3bc91ae7f2191b395d78a383e108c083f2a3c0c04a13c73
2025-09-15 11:45:33.263 TRACE client[0]: Processing transaction with hash: 1ce23cda3a603314c3bc91ae7f2191b395d78a383e108c083f2a3c0c04a13c73
2025-09-15 11:45:33.263 DEBUG client[0]: Submitting transaction 1ce23cda3a603314c3bc91ae7f2191b395d78a383e108c083f2a3c0c04a13c73
2025-09-15 11:45:33.346 TRACE : trigger interaction 0xc000553ef0 672/1200
[TRACE] Decoding transaction bytes of length: 229
[TRACE] Transaction type: 6
[TRACE] Successfully decoded transaction with hash: 1425b6197391293caa78f3a2f5e68c1bce56ad90dd9d0cc4e9d09adec611a55b
2025-09-15 11:45:33.346 TRACE client[0]: Processing transaction with hash: 1425b6197391293caa78f3a2f5e68c1bce56ad90dd9d0cc4e9d09adec611a55b
2025-09-15 11:45:33.346 DEBUG client[0]: Submitting transaction 1425b6197391293caa78f3a2f5e68c1bce56ad90dd9d0cc4e9d09adec611a55b
2025-09-15 11:45:33.429 TRACE : trigger interaction 0xc00060cb40 673/1200
[TRACE] Decoding transaction bytes of length: 229
[TRACE] Transaction type: 6
[TRACE] Successfully decoded transaction with hash: 8be57db823e42d52495e17edf918d4bbac68e568c8a53c07789a780d52b65f6f
2025-09-15 11:45:33.429 TRACE client[0]: Processing transaction with hash: 8be57db823e42d52495e17edf918d4bbac68e568c8a53c07789a780d52b65f6f
2025-09-15 11:45:33.429 DEBUG client[0]: Submitting transaction 8be57db823e42d52495e17edf918d4bbac68e568c8a53c07789a780d52b65f6f
2025-09-15 11:45:33.513 TRACE : trigger interaction 0xc00060cc30 674/1200
[TRACE] Decoding transaction bytes of length: 229
[TRACE] Transaction type: 6
[TRACE] Successfully decoded transaction with hash: d3ef0ef15df717a784ec3c2c061bcd41c4f47a2713b11a9f3db8f5c923e0952d
2025-09-15 11:45:33.513 TRACE client[0]: Processing transaction with hash: d3ef0ef15df717a784ec3c2c061bcd41c4f47a2713b11a9f3db8f5c923e0952d
2025-09-15 11:45:33.513 DEBUG client[0]: Submitting transaction d3ef0ef15df717a784ec3c2c061bcd41c4f47a2713b11a9f3db8f5c923e0952d
2025-09-15 11:45:33.596 TRACE : trigger interaction 0xc00060cd20 675/1200
[TRACE] Decoding transaction bytes of length: 229
[TRACE] Transaction type: 6
[TRACE] Successfully decoded transaction with hash: ab814ec614e4ef59049352f9c6d10563e863e2b7c85137168a196a347a4658d2
2025-09-15 11:45:33.596 TRACE client[0]: Processing transaction with hash: ab814ec614e4ef59049352f9c6d10563e863e2b7c85137168a196a347a4658d2
2025-09-15 11:45:33.596 DEBUG client[0]: Submitting transaction ab814ec614e4ef59049352f9c6d10563e863e2b7c85137168a196a347a4658d2
2025-09-15 11:45:33.679 TRACE : trigger interaction 0xc00060ce10 676/1200
[TRACE] Decoding transaction bytes of length: 229
[TRACE] Transaction type: 6
[TRACE] Successfully decoded transaction with hash: 219c0701b3201bd8bae9051852a5e7fb637018423da28fbe5d43372ced5e50ea
2025-09-15 11:45:33.679 TRACE client[0]: Processing transaction with hash: 219c0701b3201bd8bae9051852a5e7fb637018423da28fbe5d43372ced5e50ea
2025-09-15 11:45:33.679 DEBUG client[0]: Submitting transaction 219c0701b3201bd8bae9051852a5e7fb637018423da28fbe5d43372ced5e50ea
2025-09-15 11:45:33.762 TRACE : trigger interaction 0xc00060cf00 677/1200
[TRACE] Decoding transaction bytes of length: 229
[TRACE] Transaction type: 6
[TRACE] Successfully decoded transaction with hash: 75cc479ab92bf1feac0addcecbfd349463e0e96cf546765ddfeaba6d87106f9b
2025-09-15 11:45:33.763 TRACE client[0]: Processing transaction with hash: 75cc479ab92bf1feac0addcecbfd349463e0e96cf546765ddfeaba6d87106f9b
2025-09-15 11:45:33.763 DEBUG client[0]: Submitting transaction 75cc479ab92bf1feac0addcecbfd349463e0e96cf546765ddfeaba6d87106f9b
2025-09-15 11:45:33.845 TRACE : trigger interaction 0xc00060cff0 678/1200
[TRACE] Decoding transaction bytes of length: 229
[TRACE] Transaction type: 6
[TRACE] Successfully decoded transaction with hash: 64e2aa7ebeaa37fc9b255f803313c4791ef6834a0d0bc685cd9195effb3cf3ed
2025-09-15 11:45:33.846 TRACE client[0]: Processing transaction with hash: 64e2aa7ebeaa37fc9b255f803313c4791ef6834a0d0bc685cd9195effb3cf3ed
2025-09-15 11:45:33.846 DEBUG client[0]: Submitting transaction 64e2aa7ebeaa37fc9b255f803313c4791ef6834a0d0bc685cd9195effb3cf3ed
2025-09-15 11:45:33.929 TRACE : trigger interaction 0xc00060d0e0 679/1200
[TRACE] Decoding transaction bytes of length: 229
[TRACE] Transaction type: 6
[TRACE] Successfully decoded transaction with hash: 6d14aeb958b5615a2de6140e38753cafd43f768df4c7e06f908360977319116a
2025-09-15 11:45:33.929 TRACE client[0]: Processing transaction with hash: 6d14aeb958b5615a2de6140e38753cafd43f768df4c7e06f908360977319116a
2025-09-15 11:45:33.929 DEBUG client[0]: Submitting transaction 6d14aeb958b5615a2de6140e38753cafd43f768df4c7e06f908360977319116a
2025-09-15 11:45:34.013 TRACE : trigger interaction 0xc00060d1d0 680/1200
[TRACE] Decoding transaction bytes of length: 229
[TRACE] Transaction type: 6
[TRACE] Successfully decoded transaction with hash: 7a16a94eea0eba3aab5c23654ffa95b42e4f1c3b6bf65cda01e503d9d36fab1a
2025-09-15 11:45:34.013 TRACE client[0]: Processing transaction with hash: 7a16a94eea0eba3aab5c23654ffa95b42e4f1c3b6bf65cda01e503d9d36fab1a
2025-09-15 11:45:34.013 DEBUG client[0]: Submitting transaction 7a16a94eea0eba3aab5c23654ffa95b42e4f1c3b6bf65cda01e503d9d36fab1a
2025-09-15 11:45:34.096 TRACE : trigger interaction 0xc00060d2c0 681/1200
[TRACE] Decoding transaction bytes of length: 229
[TRACE] Transaction type: 6
[TRACE] Successfully decoded transaction with hash: 81951c152e8e129d04f52eec8c72293a643b9ebfdbf1532ba27ac3d47623ddcb
2025-09-15 11:45:34.096 TRACE client[0]: Processing transaction with hash: 81951c152e8e129d04f52eec8c72293a643b9ebfdbf1532ba27ac3d47623ddcb
2025-09-15 11:45:34.096 DEBUG client[0]: Submitting transaction 81951c152e8e129d04f52eec8c72293a643b9ebfdbf1532ba27ac3d47623ddcb
2025-09-15 11:45:34.179 TRACE : trigger interaction 0xc00060d3b0 682/1200
[TRACE] Decoding transaction bytes of length: 229
[TRACE] Transaction type: 6
[TRACE] Successfully decoded transaction with hash: eab55eacdaf224b4e96f80d34bdce47ba9f2376f98b2e1e31c896d41084fb897
2025-09-15 11:45:34.179 TRACE client[0]: Processing transaction with hash: eab55eacdaf224b4e96f80d34bdce47ba9f2376f98b2e1e31c896d41084fb897
2025-09-15 11:45:34.179 DEBUG client[0]: Submitting transaction eab55eacdaf224b4e96f80d34bdce47ba9f2376f98b2e1e31c896d41084fb897
2025-09-15 11:45:34.262 TRACE : trigger interaction 0xc00060d4a0 683/1200
[TRACE] Decoding transaction bytes of length: 229
[TRACE] Transaction type: 6
[TRACE] Successfully decoded transaction with hash: fa67207b57f3edd45cfe483a36d857f66619425a737865603a49257bfd811697
2025-09-15 11:45:34.262 TRACE client[0]: Processing transaction with hash: fa67207b57f3edd45cfe483a36d857f66619425a737865603a49257bfd811697
2025-09-15 11:45:34.262 DEBUG client[0]: Submitting transaction fa67207b57f3edd45cfe483a36d857f66619425a737865603a49257bfd811697
2025-09-15 11:45:34.346 TRACE : trigger interaction 0xc00060d590 684/1200
[TRACE] Decoding transaction bytes of length: 229
[TRACE] Transaction type: 6
[TRACE] Successfully decoded transaction with hash: ff711de0c6105e16b4d157da2500bdd88ca3b7859882ec7a7ba7f08838d69025
2025-09-15 11:45:34.346 TRACE client[0]: Processing transaction with hash: ff711de0c6105e16b4d157da2500bdd88ca3b7859882ec7a7ba7f08838d69025
2025-09-15 11:45:34.346 DEBUG client[0]: Submitting transaction ff711de0c6105e16b4d157da2500bdd88ca3b7859882ec7a7ba7f08838d69025
2025-09-15 11:45:34.429 TRACE : trigger interaction 0xc00060d680 685/1200
[TRACE] Decoding transaction bytes of length: 229
[TRACE] Transaction type: 6
[TRACE] Successfully decoded transaction with hash: a2cdb59a3d5f49c63b6def973bea645cde7db4b8b77f07c6fa2af394c9f3107d
2025-09-15 11:45:34.429 TRACE client[0]: Processing transaction with hash: a2cdb59a3d5f49c63b6def973bea645cde7db4b8b77f07c6fa2af394c9f3107d
2025-09-15 11:45:34.429 DEBUG client[0]: Submitting transaction a2cdb59a3d5f49c63b6def973bea645cde7db4b8b77f07c6fa2af394c9f3107d
2025-09-15 11:45:34.513 TRACE : trigger interaction 0xc00060d770 686/1200
[TRACE] Decoding transaction bytes of length: 229
[TRACE] Transaction type: 6
[TRACE] Successfully decoded transaction with hash: b5b349c9c44197b1ba7111bc7299f01fb38f27d6e170694dc73a23e7aae954b5
2025-09-15 11:45:34.513 TRACE client[0]: Processing transaction with hash: b5b349c9c44197b1ba7111bc7299f01fb38f27d6e170694dc73a23e7aae954b5
2025-09-15 11:45:34.513 DEBUG client[0]: Submitting transaction b5b349c9c44197b1ba7111bc7299f01fb38f27d6e170694dc73a23e7aae954b5
2025-09-15 11:45:34.596 TRACE : trigger interaction 0xc00060d860 687/1200
[TRACE] Decoding transaction bytes of length: 229
[TRACE] Transaction type: 6
[TRACE] Successfully decoded transaction with hash: 3f98ecbbfc5c26b9e7904c46a144bf9c7bbfaaa3e4431c4a0f8a915a43d97c34
2025-09-15 11:45:34.596 TRACE client[0]: Processing transaction with hash: 3f98ecbbfc5c26b9e7904c46a144bf9c7bbfaaa3e4431c4a0f8a915a43d97c34
2025-09-15 11:45:34.596 DEBUG client[0]: Submitting transaction 3f98ecbbfc5c26b9e7904c46a144bf9c7bbfaaa3e4431c4a0f8a915a43d97c34
2025-09-15 11:45:34.679 TRACE : trigger interaction 0xc00060d950 688/1200
[TRACE] Decoding transaction bytes of length: 229
[TRACE] Transaction type: 6
[TRACE] Successfully decoded transaction with hash: 84a4aac4eeffe179fb88c37db4b0beabd9b9b9874c01623d9f6cf010d2d7fa90
2025-09-15 11:45:34.679 TRACE client[0]: Processing transaction with hash: 84a4aac4eeffe179fb88c37db4b0beabd9b9b9874c01623d9f6cf010d2d7fa90
2025-09-15 11:45:34.679 DEBUG client[0]: Submitting transaction 84a4aac4eeffe179fb88c37db4b0beabd9b9b9874c01623d9f6cf010d2d7fa90
2025-09-15 11:45:34.763 TRACE : trigger interaction 0xc00060da40 689/1200
[TRACE] Decoding transaction bytes of length: 229
[TRACE] Transaction type: 6
[TRACE] Successfully decoded transaction with hash: 14bd5ba0646f9049c5e3fc1991f44e23761fa85628dd4a88298f3a6c26981520
2025-09-15 11:45:34.763 TRACE client[0]: Processing transaction with hash: 14bd5ba0646f9049c5e3fc1991f44e23761fa85628dd4a88298f3a6c26981520
2025-09-15 11:45:34.763 DEBUG client[0]: Submitting transaction 14bd5ba0646f9049c5e3fc1991f44e23761fa85628dd4a88298f3a6c26981520
2025-09-15 11:45:34.846 TRACE : trigger interaction 0xc00060db30 690/1200
[TRACE] Decoding transaction bytes of length: 229
[TRACE] Transaction type: 6
[TRACE] Successfully decoded transaction with hash: 1ee80fe449a7f472301310014c4f2d8b94024bf130749697c37bcac57caf7509
2025-09-15 11:45:34.846 TRACE client[0]: Processing transaction with hash: 1ee80fe449a7f472301310014c4f2d8b94024bf130749697c37bcac57caf7509
2025-09-15 11:45:34.846 DEBUG client[0]: Submitting transaction 1ee80fe449a7f472301310014c4f2d8b94024bf130749697c37bcac57caf7509
2025-09-15 11:45:34.929 TRACE : trigger interaction 0xc00060dc20 691/1200
[TRACE] Decoding transaction bytes of length: 229
[TRACE] Transaction type: 6
[TRACE] Successfully decoded transaction with hash: 0065efaa015ebe4f5a4a50825366303b5ed30e2f8c52dd9317e36e0af4c0439d
2025-09-15 11:45:34.929 TRACE client[0]: Processing transaction with hash: 0065efaa015ebe4f5a4a50825366303b5ed30e2f8c52dd9317e36e0af4c0439d
2025-09-15 11:45:34.929 DEBUG client[0]: Submitting transaction 0065efaa015ebe4f5a4a50825366303b5ed30e2f8c52dd9317e36e0af4c0439d
2025-09-15 11:45:35.012 TRACE : trigger interaction 0xc00060dd10 692/1200
[TRACE] Decoding transaction bytes of length: 229
[TRACE] Transaction type: 6
[TRACE] Successfully decoded transaction with hash: 0a131af6cccc0e3a09464367523a19d7a3825aabc7ac0f28f4048146c7332538
2025-09-15 11:45:35.013 TRACE client[0]: Processing transaction with hash: 0a131af6cccc0e3a09464367523a19d7a3825aabc7ac0f28f4048146c7332538
2025-09-15 11:45:35.013 DEBUG client[0]: Submitting transaction 0a131af6cccc0e3a09464367523a19d7a3825aabc7ac0f28f4048146c7332538
2025-09-15 11:45:35.096 TRACE : trigger interaction 0xc00060de00 693/1200
[TRACE] Decoding transaction bytes of length: 229
[TRACE] Transaction type: 6
[TRACE] Successfully decoded transaction with hash: c5a9b4ac91e2e3b740413914b3768836c9e55e69bb5fb655fb8c10a0015214d2
2025-09-15 11:45:35.096 TRACE client[0]: Processing transaction with hash: c5a9b4ac91e2e3b740413914b3768836c9e55e69bb5fb655fb8c10a0015214d2
2025-09-15 11:45:35.096 DEBUG client[0]: Submitting transaction c5a9b4ac91e2e3b740413914b3768836c9e55e69bb5fb655fb8c10a0015214d2
2025-09-15 11:45:35.179 TRACE : trigger interaction 0xc00060def0 694/1200
[TRACE] Decoding transaction bytes of length: 229
[TRACE] Transaction type: 6
[TRACE] Successfully decoded transaction with hash: 2575b9af99679b02c31f428be10c4957181eda845d8050c439f2a8b460d653e5
2025-09-15 11:45:35.179 TRACE client[0]: Processing transaction with hash: 2575b9af99679b02c31f428be10c4957181eda845d8050c439f2a8b460d653e5
2025-09-15 11:45:35.179 DEBUG client[0]: Submitting transaction 2575b9af99679b02c31f428be10c4957181eda845d8050c439f2a8b460d653e5
2025-09-15 11:45:35.262 TRACE : trigger interaction 0xc0001821e0 695/1200
[TRACE] Decoding transaction bytes of length: 229
[TRACE] Transaction type: 6
[TRACE] Successfully decoded transaction with hash: b159157476889f91687bd45bfe01eb22b0d89ae85830b06dc67ea5c4bdb2c1aa
2025-09-15 11:45:35.262 TRACE client[0]: Processing transaction with hash: b159157476889f91687bd45bfe01eb22b0d89ae85830b06dc67ea5c4bdb2c1aa
2025-09-15 11:45:35.262 DEBUG client[0]: Submitting transaction b159157476889f91687bd45bfe01eb22b0d89ae85830b06dc67ea5c4bdb2c1aa
2025-09-15 11:45:35.346 TRACE : trigger interaction 0xc0001822d0 696/1200
[TRACE] Decoding transaction bytes of length: 229
[TRACE] Transaction type: 6
[TRACE] Successfully decoded transaction with hash: fabb739759c8bc9620d7d2eb6dfd3ec2f66a7ed91e63e4c0ce04fc823b91b2f2
2025-09-15 11:45:35.346 TRACE client[0]: Processing transaction with hash: fabb739759c8bc9620d7d2eb6dfd3ec2f66a7ed91e63e4c0ce04fc823b91b2f2
2025-09-15 11:45:35.346 DEBUG client[0]: Submitting transaction fabb739759c8bc9620d7d2eb6dfd3ec2f66a7ed91e63e4c0ce04fc823b91b2f2
2025-09-15 11:45:35.429 TRACE : trigger interaction 0xc0001823c0 697/1200
[TRACE] Decoding transaction bytes of length: 229
[TRACE] Transaction type: 6
[TRACE] Successfully decoded transaction with hash: a43e26ccec442bdb2a118b96a4b822135f8fb02f227370919ddfe4cde8fbbdf7
2025-09-15 11:45:35.429 TRACE client[0]: Processing transaction with hash: a43e26ccec442bdb2a118b96a4b822135f8fb02f227370919ddfe4cde8fbbdf7
2025-09-15 11:45:35.429 DEBUG client[0]: Submitting transaction a43e26ccec442bdb2a118b96a4b822135f8fb02f227370919ddfe4cde8fbbdf7
2025-09-15 11:45:35.513 TRACE : trigger interaction 0xc0001825a0 698/1200
[TRACE] Decoding transaction bytes of length: 229
[TRACE] Transaction type: 6
[TRACE] Successfully decoded transaction with hash: 095692fa0d55f6e6545846379b40b0b455ad83fc7929ac61de5e0edab3aa6f79
2025-09-15 11:45:35.513 TRACE client[0]: Processing transaction with hash: 095692fa0d55f6e6545846379b40b0b455ad83fc7929ac61de5e0edab3aa6f79
2025-09-15 11:45:35.513 DEBUG client[0]: Submitting transaction 095692fa0d55f6e6545846379b40b0b455ad83fc7929ac61de5e0edab3aa6f79
2025-09-15 11:45:35.596 TRACE : trigger interaction 0xc000182780 699/1200
[TRACE] Decoding transaction bytes of length: 229
[TRACE] Transaction type: 6
[TRACE] Successfully decoded transaction with hash: ddc76eabff509321f3bba8a268f92fab269dae6ea27993576ef6c6c495075427
2025-09-15 11:45:35.596 TRACE client[0]: Processing transaction with hash: ddc76eabff509321f3bba8a268f92fab269dae6ea27993576ef6c6c495075427
2025-09-15 11:45:35.596 DEBUG client[0]: Submitting transaction ddc76eabff509321f3bba8a268f92fab269dae6ea27993576ef6c6c495075427
2025-09-15 11:45:35.679 TRACE : trigger interaction 0xc000182870 700/1200
[TRACE] Decoding transaction bytes of length: 229
[TRACE] Transaction type: 6
[TRACE] Successfully decoded transaction with hash: 8b8b9d25f8adecd8c9e3d2ff7bf30f2f7500429c1893c1883fc18ec2a570bcd3
2025-09-15 11:45:35.679 TRACE client[0]: Processing transaction with hash: 8b8b9d25f8adecd8c9e3d2ff7bf30f2f7500429c1893c1883fc18ec2a570bcd3
2025-09-15 11:45:35.679 DEBUG client[0]: Submitting transaction 8b8b9d25f8adecd8c9e3d2ff7bf30f2f7500429c1893c1883fc18ec2a570bcd3
2025-09-15 11:45:35.763 TRACE : trigger interaction 0xc0006cc000 701/1200
[TRACE] Decoding transaction bytes of length: 229
[TRACE] Transaction type: 6
[TRACE] Successfully decoded transaction with hash: 2e089458b028156a44e9cd7dc2219192188ff13036f0be05eab76ff1f70d6fb2
2025-09-15 11:45:35.763 TRACE client[0]: Processing transaction with hash: 2e089458b028156a44e9cd7dc2219192188ff13036f0be05eab76ff1f70d6fb2
2025-09-15 11:45:35.763 DEBUG client[0]: Submitting transaction 2e089458b028156a44e9cd7dc2219192188ff13036f0be05eab76ff1f70d6fb2
2025-09-15 11:45:35.846 TRACE : trigger interaction 0xc0006cc0f0 702/1200
[TRACE] Decoding transaction bytes of length: 229
[TRACE] Transaction type: 6
[TRACE] Successfully decoded transaction with hash: 6dd2b2711ffe65828d09add151e201fac3f13aa0cef86d4e8defe8a6242bd7a9
2025-09-15 11:45:35.846 TRACE client[0]: Processing transaction with hash: 6dd2b2711ffe65828d09add151e201fac3f13aa0cef86d4e8defe8a6242bd7a9
2025-09-15 11:45:35.846 DEBUG client[0]: Submitting transaction 6dd2b2711ffe65828d09add151e201fac3f13aa0cef86d4e8defe8a6242bd7a9
2025-09-15 11:45:35.929 TRACE : trigger interaction 0xc0005ab680 703/1200
[TRACE] Decoding transaction bytes of length: 229
[TRACE] Transaction type: 6
[TRACE] Successfully decoded transaction with hash: 3f002a54965a8d243082bdde219aab744d743b3a3c3ae3de0b76b1ee5acbdf0d
2025-09-15 11:45:35.929 TRACE client[0]: Processing transaction with hash: 3f002a54965a8d243082bdde219aab744d743b3a3c3ae3de0b76b1ee5acbdf0d
2025-09-15 11:45:35.929 DEBUG client[0]: Submitting transaction 3f002a54965a8d243082bdde219aab744d743b3a3c3ae3de0b76b1ee5acbdf0d
2025-09-15 11:45:36.013 TRACE : trigger interaction 0xc0005ab770 704/1200
[TRACE] Decoding transaction bytes of length: 229
[TRACE] Transaction type: 6
[TRACE] Successfully decoded transaction with hash: 09c81e76111977ee07c02c0951de8c59c9a50f9a5974f3769ec1fb203ada70fc
2025-09-15 11:45:36.013 TRACE client[0]: Processing transaction with hash: 09c81e76111977ee07c02c0951de8c59c9a50f9a5974f3769ec1fb203ada70fc
2025-09-15 11:45:36.013 DEBUG client[0]: Submitting transaction 09c81e76111977ee07c02c0951de8c59c9a50f9a5974f3769ec1fb203ada70fc
2025-09-15 11:45:36.095 TRACE : trigger interaction 0xc0005ab860 705/1200
[TRACE] Decoding transaction bytes of length: 229
[TRACE] Transaction type: 6
[TRACE] Successfully decoded transaction with hash: 1aaae05e77889cd65f162c48394d0d7bb1e40e63996feb2c0ba7a55d0d016e9e
2025-09-15 11:45:36.096 TRACE client[0]: Processing transaction with hash: 1aaae05e77889cd65f162c48394d0d7bb1e40e63996feb2c0ba7a55d0d016e9e
2025-09-15 11:45:36.096 DEBUG client[0]: Submitting transaction 1aaae05e77889cd65f162c48394d0d7bb1e40e63996feb2c0ba7a55d0d016e9e
2025-09-15 11:45:36.123 TRACE client[0]: Found transaction in block: e67a223f76bdaf8da5a4d16651a5a20dcbefcfe26e6e7b83f509b9b00fb89f80
2025-09-15 11:45:36.123 TRACE client[0]: Found transaction in block: 9dbb8e00ea68fb58b8bf622d88595510f6121deb77a3863e8b2d49cbd7022240
2025-09-15 11:45:36.123 TRACE client[0]: Found transaction in block: 4043bf30a79716fb963affc18549d7567a6807b207f722cca6976743adfca8e0
2025-09-15 11:45:36.123 TRACE client[0]: Found transaction in block: 27148e898b54682a1386f7f17dae19396e6fb483e819fd07fc2f279fa3f56e2b
2025-09-15 11:45:36.123 TRACE client[0]: Found transaction in block: 47bc13ad9e4dbff2c729af9d0a0e9b2aea57356557d1d5478861bd0c78e194ad
2025-09-15 11:45:36.123 TRACE client[0]: Found transaction in block: eb886e8687ad65f095d742688a1ae2fb38057148dbe455c074ed889f621cd061
2025-09-15 11:45:36.123 TRACE client[0]: Found transaction in block: 4d21c0cdca78b6c8cc59c528e5333e3c618c0d3c6eab1236392ccfd14c691fa4
2025-09-15 11:45:36.123 TRACE client[0]: Found transaction in block: 0b97be17ced354956d3c7720c521bd921fbb1660e6aa359ea698811db996e9eb
2025-09-15 11:45:36.123 TRACE client[0]: Found transaction in block: c35d864be60f9c74d922f47d111ccb1c40c2d3eae2676ac426e45a33063c1549
2025-09-15 11:45:36.123 TRACE client[0]: Found transaction in block: b8ead47ba44d936c0bfae12e67279e1fcfa41cd634199fcc07c57a63f1ddee06
2025-09-15 11:45:36.123 TRACE client[0]: Found transaction in block: 87a2e3353c9448c57e355253c3cbf4b9bb9b982458c1540142ccb3d5d380faed
2025-09-15 11:45:36.123 TRACE client[0]: Found transaction in block: 538c5f6f61142907b57b53945d2d9a4d3f21fd5a2fd8dd6789eae11c35db2959
2025-09-15 11:45:36.123 TRACE client[0]: Found transaction in block: 69d8c7b3c193bc8ac91f4491e46a930102a04251bbf816a3ec25a46d03083d2f
2025-09-15 11:45:36.123 TRACE client[0]: Found transaction in block: 97ad29b9bd164c92978e867fe2b5a3fd1f3e1e230d583b6e3df866c3cfc605fb
2025-09-15 11:45:36.123 TRACE client[0]: Found transaction in block: 9519d8704242ae78657ef32370ac81c7af1b5d66599eb7c0a21884666b076eae
2025-09-15 11:45:36.123 TRACE client[0]: Found transaction in block: e4516dc1c7b9156892b67d4e4e483435c211324a9789d43ab20e5823fe2a5784
2025-09-15 11:45:36.123 TRACE client[0]: Found transaction in block: d2f29bf0a7b3c72cd17dac053f364ee5d17e2770de60af682cbb91bc160062c3
2025-09-15 11:45:36.123 TRACE client[0]: Found transaction in block: 61f1ba7fcc3aba7cd621263827161bafc85e2a368ebc9d6362f489a8fe247496
2025-09-15 11:45:36.123 TRACE client[0]: Found transaction in block: 43efa5b06ed5cf0d9c3780ba9621175eaedb255d7f8a1d463015eef7db01ce98
2025-09-15 11:45:36.123 TRACE client[0]: Found transaction in block: 5a1d7e612227ae14538c2c46f94d98ef6a2ed2db071929d0ba7b0d73e1ad0835
2025-09-15 11:45:36.123 TRACE client[0]: Found transaction in block: 0e0ddaf506c48db1ba7ecf868931c15c709bd3ba72f8c2a4cc6f0677e33a32ea
2025-09-15 11:45:36.123 TRACE client[0]: Found transaction in block: 65c691f2009940f9a2a7565e5b98a285a7fe28fc0a99b0443a5f477f31c974b4
2025-09-15 11:45:36.123 TRACE client[0]: Found transaction in block: b63bb68b37ea0639acf0beb97ec4f230f4e8e5ca22f56a0080596bb285490d90
2025-09-15 11:45:36.123 TRACE client[0]: Found transaction in block: bf53972d45b752c88d5038a95a746aa21484d3486bda1ac630b4d76a44065565
2025-09-15 11:45:36.123 TRACE client[0]: Found transaction in block: 04fb23816e563acb938df939fe056faf727f31a89abb264da8c3766dc783f98b
2025-09-15 11:45:36.123 TRACE client[0]: Found transaction in block: cfd734687060bd26d8a38c9f845417d9f38f6b1ba8dd2f7927d3d68c303f9050
2025-09-15 11:45:36.123 TRACE client[0]: Found transaction in block: 2c54ad0433d5ceeac600a64844cbdaeac6b0b5a115327adeac68d949f6f713a7
2025-09-15 11:45:36.123 TRACE client[0]: Found transaction in block: 57b841ac55aa11e9e7d3a1af547b6baf548903a03d1b00e67dba5e1f5494cc2c
2025-09-15 11:45:36.123 TRACE client[0]: Found transaction in block: 51e9a57848747f1b2a86e5e197b05aba2489e3e413370dcba8396fc96872ae2d
2025-09-15 11:45:36.123 TRACE client[0]: Found transaction in block: a371ce4f34b3d0b5861ff44d14f89da729c3c4f5436008d884fd6b3e8ac456b3
2025-09-15 11:45:36.123 TRACE client[0]: Found transaction in block: 7143537dd841ebccdf4a3f649fa35f7dcc89a997481d644011b35d67420bb3a1
2025-09-15 11:45:36.123 TRACE client[0]: Found transaction in block: 678675a0694fcb9236cd4b144f14d307725f339406d77b7a411387c28d437fb8
2025-09-15 11:45:36.123 TRACE client[0]: Found transaction in block: bda39efdf2bb632e0d67cdcba9844d23965a18c2862d56ce6099b8d976b884f2
2025-09-15 11:45:36.123 TRACE client[0]: Found transaction in block: bafcc3a09c9a68f185fa3c9a35b659379c9e7f556b26b1aec06dd0bdb6a2642e
2025-09-15 11:45:36.123 TRACE client[0]: Found transaction in block: 19a4d9fc08e97061913c8d251fdeec9f1eb95c1fde91dcb196e331861149a301
2025-09-15 11:45:36.123 TRACE client[0]: Found transaction in block: e754928c8abba75a6904e631828f3e1f53a9a9ee0153d819a218604e1f902e16
2025-09-15 11:45:36.123 TRACE client[0]: Found transaction in block: 1f10067274d3ca99a9fb73d73c1c07f44a318006f1fd19ec6e9742b26e66c727
2025-09-15 11:45:36.123 TRACE client[0]: Found transaction in block: 9e7ef09b30065e0c021c7e7b56f3c90372bf34526e1589166503ffed6d0ae862
2025-09-15 11:45:36.123 TRACE client[0]: Found transaction in block: 16081f5690452238bfdf03be905950faab04c6c383104fc116c1235b61ae3e89
2025-09-15 11:45:36.123 TRACE client[0]: Found transaction in block: cfafb286ff49f51e872a3d0ae41279ab8550cc127b155f725f52c6dc8ac7e51f
2025-09-15 11:45:36.123 TRACE client[0]: Found transaction in block: 920909aa246e72c75972d2ff1590e51b44ae4e05365448edab1fa64515cd6120
2025-09-15 11:45:36.123 TRACE client[0]: Found transaction in block: 44e3e675ced9adec6b6859d1c93ce8dcf05778796f0847f362945fae76b0d56a
2025-09-15 11:45:36.123 TRACE client[0]: Found transaction in block: b335cb1f8b04e3a187f1f7425fd245d9ac6521d4ae88aa1f8f74921d6a8a88e7
2025-09-15 11:45:36.123 TRACE client[0]: Found transaction in block: b34bca6795d41654f5ce8b2bd188cee80d79d3d8db02655854529c643493734e
2025-09-15 11:45:36.123 TRACE client[0]: Found transaction in block: c747b02678954ce9471689dcbd2367b2c89c701b2f025db86d7d01418e3bb04d
2025-09-15 11:45:36.123 TRACE client[0]: Found transaction in block: 4da67d1916f06b16abb668aefd987ebadcae988192a733d73b45c3273d834f78
2025-09-15 11:45:36.123 TRACE client[0]: Found transaction in block: 0a4f1ae9796abcaee403674275deecfd9995c45febbe0a064a9c0d880530c7c2
2025-09-15 11:45:36.123 TRACE client[0]: Found transaction in block: 389cf6db1daa025796e307dd7e8ef8a8bcc759189b14208ce67cb6f03ce08b45
2025-09-15 11:45:36.123 TRACE client[0]: Found transaction in block: 149fa2d2e7862cc06e41dc71143abf629fb498f462ea2374d1ca788473bd1b68
2025-09-15 11:45:36.123 TRACE client[0]: Found transaction in block: 3eefd3ea2f7b0dacb7797fbf7295082640b62a2872a2004bb1beabebe71a86af
2025-09-15 11:45:36.123 TRACE client[0]: Found transaction in block: b2f053daeabd1a719800a96f77ed681ebb38ec1d52fa3d400fe5cdc8f4b5f2e6
2025-09-15 11:45:36.123 TRACE client[0]: Found transaction in block: 5c7c162daa0ce0e8fa1ff444e128dc0763e111481575a98c3409e00498785c92
2025-09-15 11:45:36.123 TRACE client[0]: Found transaction in block: f47f9c7577a4520d1b329aa31af3b1be029a59a945aaababa749f467a3aa921c
2025-09-15 11:45:36.123 TRACE client[0]: Found transaction in block: 11d4392c2a3f8bb3b3a95cc27b93b5b6403004942d829c3a9fc83cd49166703b
2025-09-15 11:45:36.123 TRACE client[0]: Found transaction in block: bf0af8cfdfc271c968773df346bd15fddb7aaee1df0d71a363db9bac4497d10d
2025-09-15 11:45:36.123 TRACE client[0]: Found transaction in block: 3a1198e218ff0cfd8d8b684f182b91594f8a467c9d5c55044efb6e41736e2edf
2025-09-15 11:45:36.123 TRACE client[0]: Found transaction in block: 8ba27683efdd76893ab7828db8b221dba5d0c75589d3da3cc540a94793ef6ce0
2025-09-15 11:45:36.123 TRACE client[0]: Found transaction in block: 1f10dfb619fece449dbeee7e2cd4ff0cb5dee9b2d3fa2f7aaebf092c9437ba05
2025-09-15 11:45:36.123 TRACE client[0]: Found transaction in block: d3448e4d706b654c509342a957a61890e15c623a6ddd839782d640cc64de8150
2025-09-15 11:45:36.123 TRACE client[0]: Found transaction in block: 7d155316a272908cdbfed81a2f43f4a2478be5c11829bcc625eece36d6742360
2025-09-15 11:45:36.123 TRACE client[0]: Found transaction in block: ab27d035a47ebbe9bd0cbb9cb95ae376557792ad746047a5eca76503d493e506
2025-09-15 11:45:36.123 TRACE client[0]: Found transaction in block: 864ba429558c94bea9bd7c3dacbb3ce1ec2fda6549d982168725399921dade6e
2025-09-15 11:45:36.123 TRACE client[0]: Found transaction in block: f7de37d5da56bf17bc291ddd5b59f5837e38238f01cf64b917ec4deeeea3b1d0
2025-09-15 11:45:36.123 TRACE client[0]: Found transaction in block: eb56badbcf1350a5f5fc6f8b01d274cc5bcafb34bf6d01cccafd771ab7a38e77
2025-09-15 11:45:36.123 TRACE client[0]: Found transaction in block: 84f14913e73a30a86b40ee997dc85985a3c742c48e9d61acfc16a5fdbd26a54f
2025-09-15 11:45:36.123 TRACE client[0]: Found transaction in block: 2226555776efb0935abd84337b5e1d43f560a05e880992449cd50c6185d5f905
2025-09-15 11:45:36.123 TRACE client[0]: Found transaction in block: 8292c7c2080f9398c989c692812a10b0f8544d40c578b40b4088e7a66d5188b6
2025-09-15 11:45:36.123 TRACE client[0]: Found transaction in block: 8cec3e952b795bb85532ce67a48d40d7ebe812d28ceab202e8dd9a4af46408c2
2025-09-15 11:45:36.123 TRACE client[0]: Found transaction in block: 514ecf4064a743be2b840d9300e2ec0c559771e9663067b7ef5a39d451f071c9
2025-09-15 11:45:36.123 TRACE client[0]: Found transaction in block: c5517c2394324c3c36b45e2b2aee214add7f0f58e345889a234f5f83eb6c9259
2025-09-15 11:45:36.123 TRACE client[0]: Found transaction in block: aeec6012d5e03563a670e73193375019f78f8f8068ecb1e8b7d17115ca51c3af
2025-09-15 11:45:36.123 TRACE client[0]: Found transaction in block: 499002c4b356c9cafc1222ab343cd71f8b5b20a16a367f008f05047a2b044361
2025-09-15 11:45:36.123 TRACE client[0]: Found transaction in block: 02c6e3a724dfe4f1d3652dedc2fe25de21df96cc813ebd72c2bf1fcc863697a1
2025-09-15 11:45:36.123 TRACE client[0]: Found transaction in block: 591d800cc4864a2e6aabb2778ca60d6e9cfde58e55e1b79f628f0f00f6599fb0
2025-09-15 11:45:36.123 TRACE client[0]: Found transaction in block: 1507cc91a11126f99d5487771591fc365f34827d3d1eeef5c79a2a48401541b1
2025-09-15 11:45:36.123 TRACE client[0]: Found transaction in block: 6b393495677208824baa2ec01d18e2cc3536cb3b76fac670e2b632294a031257
2025-09-15 11:45:36.123 TRACE client[0]: Found transaction in block: 4d5e1bbe7912322ef7f4d7874d40a0c7044108bfeb18c266ec4acb3998c637cd
2025-09-15 11:45:36.123 TRACE client[0]: Found transaction in block: b6f8a32f2eb8d5b7773f9b8b3d91c94f0a6cf444394825b72c6cf8fecb331550
2025-09-15 11:45:36.123 TRACE client[0]: Found transaction in block: 1fcce7f01e694498fa7eea015190dce500bbcf745c4deff356b02289109849b6
2025-09-15 11:45:36.123 TRACE client[0]: Found transaction in block: 267e290ec959351beeb19fdc8467b5982a28c4240531a5345482c45e11b23401
2025-09-15 11:45:36.123 TRACE client[0]: Found transaction in block: 5b9e324a16a8bf7f3ded78fab7303032322aa18e4457260e86bbd73aa0e180ee
2025-09-15 11:45:36.123 TRACE client[0]: Found transaction in block: 6194c6f19da011087dc1ee89ec2a06e09ddb70bf9c7838fedd593a6d07b5fe82
2025-09-15 11:45:36.123 TRACE client[0]: Found transaction in block: 3028e4b6b8d579939ac03f45b3e5b158f55e096e6dabc2eabe177b590185757b
2025-09-15 11:45:36.123 TRACE client[0]: Found transaction in block: 7d60d8f8e0284ef08c84adce320a8bc242a2c0fe4907829a563ac4e33ca58303
2025-09-15 11:45:36.123 TRACE client[0]: Found transaction in block: 3c5831a49cfceb2df6216d7dfea07f99b46b4e4aca1f190fca88e6e7f44f2da3
2025-09-15 11:45:36.123 TRACE client[0]: Found transaction in block: 1bd0b606d63cf6c6967a12da22290264f2c113e7c771686fdf15c5895ed13865
2025-09-15 11:45:36.123 TRACE client[0]: Found transaction in block: e97821c6c79460253b062b66f3690ae9f51b637b1189734607c37fb01fc7ecb3
2025-09-15 11:45:36.123 TRACE client[0]: Found transaction in block: 0385546dd1d618f5ce172be03e6cfa809db956df91f50ec12a02796be2fc1f4e
2025-09-15 11:45:36.123 TRACE client[0]: Found transaction in block: d5921441d216b63d8d6ee919371f4e3056c389db2ccce4793a62b5c6caf3f7f8
2025-09-15 11:45:36.123 TRACE client[0]: Found transaction in block: 5cbccb3956c3743893d8e2d58496c0ac5b6916af22eaec5bdb58b8e08df18f94
2025-09-15 11:45:36.123 TRACE client[0]: Found transaction in block: 5354c84970376bfaa7c0766bdd4d7af6761c42df2a2733f42709223b62820b31
2025-09-15 11:45:36.123 TRACE client[0]: Found transaction in block: 5e7fe7a79012fa8bc37c45b63ce87d6a70e9ac6ab00169c763ae61031d530a93
2025-09-15 11:45:36.123 TRACE client[0]: Found transaction in block: 70fc2db7c081e58b66a313aafe0f4a73c94eb31e28247d7a1c2adce2a331e775
2025-09-15 11:45:36.123 TRACE client[0]: Found transaction in block: 08b23b1a9f1cee5c809ab77fba2c48e26aff57d052433c34fbc8689d40b1f32a
2025-09-15 11:45:36.123 TRACE client[0]: Found transaction in block: cee42d39cd7027ac983f0286a336ed97a0e7ce43bcc641732c0a1763e76224cd
2025-09-15 11:45:36.123 TRACE client[0]: Found transaction in block: cf2fddbf091279d08d09903753513bfd67831a66aa0acf45f63f7be0813d438e
2025-09-15 11:45:36.123 TRACE client[0]: Found transaction in block: 4260a956d2f7e2e46c257c81bda2dd20eb3aea424a0346bae4c27327da906ac8
2025-09-15 11:45:36.123 TRACE client[0]: Found transaction in block: 93ad07f7a8b4101a6dee69a47579d498038136f5e32954df74b85bd5b6d2fc0b
2025-09-15 11:45:36.123 TRACE client[0]: Found transaction in block: 2a50e449622ccf2ccd7ed2b0422378ba4e6c80e1eb2f28ad5d1b7620105f60b9
2025-09-15 11:45:36.123 TRACE client[0]: Found transaction in block: deee036c242201f4f1405c5f301829808bb38dc208edefd02bde14a4a3827632
2025-09-15 11:45:36.123 TRACE client[0]: Found transaction in block: 852184f6d66498eca6d279f9e0abddc4a15c45178940bd6b381425d2af9126fb
2025-09-15 11:45:36.123 TRACE client[0]: Found transaction in block: cf07b13a3c4a0f9799b4334d142eae653738403da3f377c9598f70097703f35f
2025-09-15 11:45:36.123 TRACE client[0]: Found transaction in block: 9786bbfeaad6ef8f28f6e42d3646f785c8b171979cd06c3226f32f02c2d3789a
2025-09-15 11:45:36.123 TRACE client[0]: Found transaction in block: 438bfbb8dd4d7db6546ad56f40f0a2d4a36c2a5d589f60a65207bf67781c1f34
2025-09-15 11:45:36.123 TRACE client[0]: Found transaction in block: ddda0b5e0e1d880774a9f7feccf6b2bbd5b4644221052b420d686f86c86adfa1
2025-09-15 11:45:36.123 TRACE client[0]: Found transaction in block: 2d9ba05cb0c35a1ef7372f1082ec865a0d8ef9564a4e3e8270cba663fc32aea5
2025-09-15 11:45:36.123 TRACE client[0]: Found transaction in block: 330ff82eff58adc9353cdfa89c9ba832f03fb2d15c4e4da21602d3dcc032e80d
2025-09-15 11:45:36.123 TRACE client[0]: Found transaction in block: a6020d21d82a82306e21814ab6af8c73b37ab4e82fb0a8b8d1084265c6c824eb
2025-09-15 11:45:36.123 TRACE client[0]: Found transaction in block: d376e3e968701e990ee33d8868a82b46e3b8d2f175310e68c751d788d8a9293c
2025-09-15 11:45:36.123 TRACE client[0]: Found transaction in block: 2a80306ccab06be41a6e16d9e91b61dde32b0825c93283f1ca41fc8f2895a2b3
2025-09-15 11:45:36.123 TRACE client[0]: Found transaction in block: aee5852f221216f4fae2421238922f7f5af8fbe88156e37ec1ad6d0fd82667ab
2025-09-15 11:45:36.123 TRACE client[0]: Found transaction in block: 84d4a711d439c094af604b380e0d7ed7c9ae171beebc49523b6e8dff33d52555
2025-09-15 11:45:36.123 TRACE client[0]: Found transaction in block: 1c078032cd011aa348b442450cfa1c7acf13040f37d2ea6771fb22b6b8a2aea4
2025-09-15 11:45:36.123 TRACE client[0]: Found transaction in block: 77969d03ffdfc0d7131d3edfb272c8b3c7b7f093fe759e9690e20e8fdc4f2660
2025-09-15 11:45:36.123 TRACE client[0]: Found transaction in block: a489b25b026a2a522268b51018cbb192506ed7ceea8bb07c0aaa09cfd3e5f5a0
2025-09-15 11:45:36.123 TRACE client[0]: Found transaction in block: 6b4fe683ef69fec8e1c72493731d2b3d3543e8a052bd5c302e0f608a1465f9b7
2025-09-15 11:45:36.123 TRACE client[0]: Found transaction in block: d17b3c2c17528264aa84208110bd4a4c2c71b091664e60695bf2fe8f64d05133
2025-09-15 11:45:36.123 TRACE client[0]: Found transaction in block: 1ec88054cdbbdacb344b2e2ca7485ea76e27c0da935ef0dadafdabc63524e60b
2025-09-15 11:45:36.123 TRACE client[0]: Found transaction in block: 62f2360a3b9bbf8495ad572899cda5984be2663f4ba80254c002291aec250150
2025-09-15 11:45:36.123 TRACE client[0]: Found transaction in block: 31f26942c8623702107d92c1ec676766a25f3619d5330f73638cc115366db667
2025-09-15 11:45:36.123 TRACE client[0]: Found transaction in block: 2a7b07519b02d182e0b25ce0f6561ed4e69c2ed48595b5620af37baead72f534
2025-09-15 11:45:36.123 TRACE client[0]: Found transaction in block: 1dfe05a5566dd0c3d19c78d7f5a51e37e49ed76a96906662c6d2fd1610dab48e
2025-09-15 11:45:36.123 TRACE client[0]: Found transaction in block: baa734acb05be5be98c1b44e99aea0c7dae8acfebf2dfac3162a08d92db9dc9e
2025-09-15 11:45:36.123 TRACE client[0]: Found transaction in block: 5d174a0d05387267218bf028eb2cda204b6ee4324171197d78ca675fa596b77e
2025-09-15 11:45:36.123 TRACE client[0]: Found transaction in block: 4e2358cf1f5ced9ad96b72b0768b0bb500be99f881fac2fd435ffe4242db4a2f
2025-09-15 11:45:36.123 TRACE client[0]: Found transaction in block: dd469a5bb942b8f87604fc0614749802c66adefedfe64033f8f4245bec72f6e1
2025-09-15 11:45:36.123 TRACE client[0]: Found transaction in block: 02836286dcd861dab675eceb453bfd45e8c152522d499c68daf5d2fd059cad75
2025-09-15 11:45:36.123 TRACE client[0]: Found transaction in block: 861543c9d823e1c05c233a9639829131ed694cd0032e3f1bd082329822eef906
2025-09-15 11:45:36.123 TRACE client[0]: Found transaction in block: 40b7d57b9a5acb247e9a1ca887a03faf949b34c8827a440ef9435813c9469d2a
2025-09-15 11:45:36.123 TRACE client[0]: Found transaction in block: 5a97b4f66be86c64833cda54c45b812d115f5bf82679f18c6c4e6d0945783728
2025-09-15 11:45:36.123 TRACE client[0]: Found transaction in block: 5f848da8780bd6e533ef42a317da6b54de1600d383977df8aec74a6634712b44
2025-09-15 11:45:36.123 TRACE client[0]: Found transaction in block: 946e9d1dae6b7f440268fed29e52758ace3500b5b7af8fabb3e8af4afcaf78ff
2025-09-15 11:45:36.123 TRACE client[0]: Found transaction in block: c2993bc2496a74047b2f27574ff51cd1cb445099abbc1e50d37b3f55a2218c93
2025-09-15 11:45:36.123 TRACE client[0]: Found transaction in block: 24b1ae7d34d785065856fb6e72ffcb3b72a3b5b1c702a1265ed7c5132b92988a
2025-09-15 11:45:36.123 TRACE client[0]: Found transaction in block: 9a82cddb69203bfed0e150b5491bcdf6231442764faa242734c4065ea52083ad
2025-09-15 11:45:36.123 TRACE client[0]: Found transaction in block: 0d97c24c1267ebaffedbf7e030fa463710152fbc0f84fbda2d9c86122a959a8a
2025-09-15 11:45:36.123 TRACE client[0]: Found transaction in block: 4ba4c33f3d9b5a38bddd81e4b3c29802d2a324d86b0ac3eb64d80e4814997a37
2025-09-15 11:45:36.123 TRACE client[0]: Found transaction in block: 013e329b8307de6108c70b320616078a101cc9f2d8cdc67df51db98441b98f50
2025-09-15 11:45:36.123 TRACE client[0]: Found transaction in block: 73682d178bdd9db7669bd2d02f0f68fccca3ff01f2dc54155c04eb3d0976ef9c
2025-09-15 11:45:36.123 TRACE client[0]: Found transaction in block: 7307c18f2b762bb234b71baf566953840c77592f5e13d747b43052c89148c51a
2025-09-15 11:45:36.123 TRACE client[0]: Found transaction in block: 98d4aa5f29aa243c897c7d7d5ea02a73ac8cffb297ecc95d3f4431a3462f9513
2025-09-15 11:45:36.123 TRACE client[0]: Found transaction in block: a86040a0a2d1c1a85cc2f852c5b445a71c70111582f439b77d7eebc240772653
2025-09-15 11:45:36.123 TRACE client[0]: Found transaction in block: 243599dcb8c5ade37dddd409c265ea1ba06b0f765bee1d7149bd311ed9401cbe
2025-09-15 11:45:36.123 TRACE client[0]: Found transaction in block: b1c958e654dddaae4f440517ba274c53b33ceefd52e41a5394507a3b1d7e623e
2025-09-15 11:45:36.123 TRACE client[0]: Found transaction in block: ebc97e75cf6e358560a0a89e81a28a67fc1f228d3b0936be9f44d4e7f504cb1a
2025-09-15 11:45:36.123 TRACE client[0]: Found transaction in block: 3f28ffc02d111d8a8fc12e42d19f7c73b12666e8e58f806b91d9f2e635f55049
2025-09-15 11:45:36.123 TRACE client[0]: Found transaction in block: eb6bd4f357122c46381cb8985bac1372f6b5c85cbbc789b111a9b99dd67b61dd
2025-09-15 11:45:36.123 TRACE client[0]: Found transaction in block: 4f65ab985be668f148cd0ff968e185ba4f31af9d4792d3dfa3cdbd32c9c1e7dd
2025-09-15 11:45:36.123 TRACE client[0]: Found transaction in block: b7fd1c46de04dad432d3387f3857e14f2380ff54c8b24dfcc3e8878002b4ecfa
2025-09-15 11:45:36.123 TRACE client[0]: Found transaction in block: b94fd7bb6c87a6b3c5ad78b7cb79a031445c2ee7f5b043fa96cda292321a5ba8
2025-09-15 11:45:36.123 TRACE client[0]: Found transaction in block: 242cc3429067ff14cd5d6a08fabe4762b01e3b9a10da7cb7776c38b65cdba1f4
2025-09-15 11:45:36.123 TRACE client[0]: Found transaction in block: 11f68b11b84587a05f5561846fdab55294ab7fbb90be5a49aa254e2e7d56f22c
2025-09-15 11:45:36.123 TRACE client[0]: Found transaction in block: cabaa39201df290d46b0ecc06450bb1249f72c02d832a430ab08c8e41c8bae26
2025-09-15 11:45:36.123 TRACE client[0]: Found transaction in block: c350cb570222e6c066c04885eddbe9cc1f8c1797ed952e900d52e76bc56b3699
2025-09-15 11:45:36.123 TRACE client[0]: Found transaction in block: bdd003cae16fc88a91da91232db0b591f9e472853e949ee1c3fc4212d8ce3076
2025-09-15 11:45:36.123 TRACE client[0]: Found transaction in block: ef3b3dc1b147543d991a4fb362096032e134a4b6a8da52ace00634ef7c22c9f6
2025-09-15 11:45:36.123 TRACE client[0]: Found transaction in block: e154fc481e761a07277885dec14887ce2412083e89c3f62dfca9fb13ac251e33
2025-09-15 11:45:36.123 TRACE client[0]: Found transaction in block: 6531eea9d8cbfb00c3bc4dd0c67749f46920fb37b10e87be50ac155471afcc83
2025-09-15 11:45:36.123 TRACE client[0]: Found transaction in block: 62602cb8d8715f7df4459351cd10ac16234be199b825bd43cb3855ca4be95f2e
2025-09-15 11:45:36.123 TRACE client[0]: Found transaction in block: fc76e5a864c972b145c2b09c2514ed6ebdf50fa3a3861f193e449742d1fc25df
2025-09-15 11:45:36.123 TRACE client[0]: Found transaction in block: 62c7ff30fcaa24151f413e9c8fd5b2abb6a7d39268b2eb89a25931f9df2a9648
2025-09-15 11:45:36.123 TRACE client[0]: Found transaction in block: 58389adb735e20eb044b1b1ecf15f73cfaab017fb89b058ee1126984d6d4d412
2025-09-15 11:45:36.123 TRACE client[0]: Found transaction in block: e4678adbe3b9fdd8ca67f11e835d499128d1f00f301b539bcad5a3339c5f7cb6
2025-09-15 11:45:36.123 TRACE client[0]: Found transaction in block: 6969a9b87052c98dc6d7622dd1388bafc53bf12d3de690f769b62fdd901968c4
2025-09-15 11:45:36.123 TRACE client[0]: Found transaction in block: 944e6e0cdc7532de37e2fd41cfa28e3a4e37bf20d07d3a6bccfe8aa2b8326cc2
2025-09-15 11:45:36.123 TRACE client[0]: Found transaction in block: b2ad2273b6630ccea2abc5501cada2fb6aaba35a87c0ab613f9d7cc25b201698
2025-09-15 11:45:36.123 TRACE client[0]: Found transaction in block: 3fa1a50f341c2cfb6ed2378437d57abf77f5307840b6e4e51215d3b862d785ff
2025-09-15 11:45:36.123 TRACE client[0]: Found transaction in block: cf26f5e45b7104f2f43bed0a6474a0b201f4166899b08c3d62aad4482c0c8fa2
2025-09-15 11:45:36.123 TRACE client[0]: Found transaction in block: 4eb38275f82523d0c7bcde959c97d80333f3655f58889e1ed7fa2e4d857cf075
2025-09-15 11:45:36.123 TRACE client[0]: Found transaction in block: 4162e142e8fd2c749f18a16c5551e662dbe7ef88eed6e3f3b85a06eb7b2069c2
2025-09-15 11:45:36.123 TRACE client[0]: Found transaction in block: abe424056e1872c2e01708bc317988c08d98a6dcb873a04154c98d08f5dc33e8
2025-09-15 11:45:36.123 TRACE client[0]: Found transaction in block: 915561350fe94221eb862aee6c21e4e0c99ad5e439d8beadb0a489c808a5a122
2025-09-15 11:45:36.123 TRACE client[0]: Found transaction in block: 5d870476a9a8ce4e1526d39d2e3d2a19c202745920cecf0a6ccf4340e78f252f
2025-09-15 11:45:36.123 TRACE client[0]: Found transaction in block: 37b9afdb86e0905dc620a10c98fa4034c386fd506f3982672e32afc03e3ad0a2
2025-09-15 11:45:36.123 TRACE client[0]: Found transaction in block: 32034015ac6d405f7b57af775f5df98ff33486b804b497a26fc2e3a7c9c1ab87
2025-09-15 11:45:36.123 TRACE client[0]: Found transaction in block: 488b4f7922913cc9c535ca68d4b0f601e7ecb109bceb2762fa581a001e5d0d54
2025-09-15 11:45:36.123 TRACE client[0]: Found transaction in block: 3d56b5044b64ba085bf4f2fb60918aeda5ba2bf620048dd47631e4879b5a2e68
2025-09-15 11:45:36.123 TRACE client[0]: Found transaction in block: 63289eff5c01c446e616f757eac1ee34f81ece54b35311c6e94ef8cc6aa280c7
2025-09-15 11:45:36.123 TRACE client[0]: Found transaction in block: 3c329c5948582839d653ef4c7b2c3a5ba17c125a768ebce97ffabccc03b32761
2025-09-15 11:45:36.123 TRACE client[0]: Found transaction in block: a35c645b1addb7239443408c2067108aa570155bc88d64fc48391f0aac7f27e8
2025-09-15 11:45:36.123 TRACE client[0]: Found transaction in block: 76d061528e905677ba3e800d1c8ece07d9908b4cf9653ddb4e0f0d6337a13229
2025-09-15 11:45:36.123 TRACE client[0]: Found transaction in block: e101d04f5378ecb149094fb5535764124f73287a304e94489668fbbaaff03409
2025-09-15 11:45:36.123 TRACE client[0]: Found transaction in block: 66426424efb29d06cf8834c4e879a2dcdff1c8a8c5e33c225e36303d0c3a8aff
2025-09-15 11:45:36.123 TRACE client[0]: Found transaction in block: 5007f07f6f2a8ed005ff8ebd1cd03e16b38a33083e8e9d5cd7a8f97129d13c54
2025-09-15 11:45:36.123 TRACE client[0]: Found transaction in block: 86d1455db9dc632da2bed2235044b6407782de87b567ab5ca6d412458c2770b6
2025-09-15 11:45:36.123 TRACE client[0]: Found transaction in block: 045fec0e3fd7c2a3edc89b5c6b47502f5eac15dd6580d7193117973b8a6620a4
2025-09-15 11:45:36.123 TRACE client[0]: Found transaction in block: 32c00902c139a41e06c2c3a170febb423f9c2752a4d80d7821bd85d18ad56d4d
2025-09-15 11:45:36.123 TRACE client[0]: Found transaction in block: e42a6c13f39252f055fa40b291358d07bc56b1a43cf77c9c52c149277a6903e7
2025-09-15 11:45:36.123 TRACE client[0]: Found transaction in block: be76796352374c28a8c19c41bc84d597ee267ea548f4f8f104a89053733e8850
2025-09-15 11:45:36.123 TRACE client[0]: Found transaction in block: eb0e8089e1fbb207b7eae923aa00f474d74715e05a94a21fc21d4d11f3956e44
2025-09-15 11:45:36.123 TRACE client[0]: Found transaction in block: be2ea5d3854b007170ff92c80090b3e3c18ee84a18f0f0a092285018fa497ad4
2025-09-15 11:45:36.123 TRACE client[0]: Found transaction in block: caf2a68f8a994868e231764647bb8584b6478e6892b09c5838e9cc5263da0ef5
2025-09-15 11:45:36.123 TRACE client[0]: Found transaction in block: 5022b784151f569acf85e3a15fa58cafe2d7dca94a3336de1472da3686dbed9f
2025-09-15 11:45:36.123 TRACE client[0]: Found transaction in block: 014d74b5e66a53f6318b0324237a4157ebf4d10281b57c17d8e8f85996d4065b
2025-09-15 11:45:36.123 TRACE client[0]: Found transaction in block: a2812c8c3fc69f8ec51f2f573ef99d36d665682b75cb688a3ef3a4eda002a49f
2025-09-15 11:45:36.123 TRACE client[0]: Found transaction in block: 28ed08de88ed34894795a879a891105a04752c0e2428f2c700dfc88c03a03cf2
2025-09-15 11:45:36.123 TRACE client[0]: Found transaction in block: ec0c9c6755b94876c26480a71d6532af4ba7912bc9590b11a97fb533bd7e158f
2025-09-15 11:45:36.123 TRACE client[0]: Found transaction in block: 35da1baacd867005d918e8ba016788ec407e0d5c76064eb62175d0da59df1fd7
2025-09-15 11:45:36.123 TRACE client[0]: Found transaction in block: 008b1f1774cf70e184b683db83f3ef8595b193d02d8620c8dce25e4aedf42d70
2025-09-15 11:45:36.123 TRACE client[0]: Found transaction in block: 4597ce4d9c2a309f15e3370ccf51c594c606c423cf849c372bfcfedced3706ea
2025-09-15 11:45:36.123 TRACE client[0]: Found transaction in block: a7ff5ce4aa9fe7db169edc7af5a943483642b5f1985bc35f7efcaeaff1758e23
2025-09-15 11:45:36.123 TRACE client[0]: Found transaction in block: eaf73e2b6334e8d5a500b2a884ce361a18c1c13599907d0063dd6bf082938c15
2025-09-15 11:45:36.123 TRACE client[0]: Found transaction in block: f497c090db0356a6061424df7b23c10d4e1dbe8a4b78d9431152294b86bd2849
2025-09-15 11:45:36.123 TRACE client[0]: Found transaction in block: edc4f6f5dea243675c59672072c00ae8aa607bb7911066ca6bf572f2f5baaea9
2025-09-15 11:45:36.123 TRACE client[0]: Found transaction in block: 9a555f82c72e6d06787cc53d4d1cffc6d85341efd3ab1885c0add28c0551f00e
2025-09-15 11:45:36.123 TRACE client[0]: Found transaction in block: 64da702d128fd791493832cc2c31192d3f1c914de84188d713483e48eded8314
2025-09-15 11:45:36.123 TRACE client[0]: Found transaction in block: 1ce23cda3a603314c3bc91ae7f2191b395d78a383e108c083f2a3c0c04a13c73
2025-09-15 11:45:36.123 TRACE client[0]: Found transaction in block: 1425b6197391293caa78f3a2f5e68c1bce56ad90dd9d0cc4e9d09adec611a55b
2025-09-15 11:45:36.123 TRACE client[0]: Found transaction in block: 8be57db823e42d52495e17edf918d4bbac68e568c8a53c07789a780d52b65f6f
2025-09-15 11:45:36.124 TRACE client[0]: Found transaction in block: d3ef0ef15df717a784ec3c2c061bcd41c4f47a2713b11a9f3db8f5c923e0952d
2025-09-15 11:45:36.124 TRACE client[0]: Found transaction in block: ab814ec614e4ef59049352f9c6d10563e863e2b7c85137168a196a347a4658d2
2025-09-15 11:45:36.124 TRACE client[0]: Found transaction in block: 219c0701b3201bd8bae9051852a5e7fb637018423da28fbe5d43372ced5e50ea
2025-09-15 11:45:36.124 TRACE client[0]: Found transaction in block: 75cc479ab92bf1feac0addcecbfd349463e0e96cf546765ddfeaba6d87106f9b
2025-09-15 11:45:36.124 TRACE client[0]: Found transaction in block: 64e2aa7ebeaa37fc9b255f803313c4791ef6834a0d0bc685cd9195effb3cf3ed
2025-09-15 11:45:36.124 TRACE client[0]: Found transaction in block: 6d14aeb958b5615a2de6140e38753cafd43f768df4c7e06f908360977319116a
2025-09-15 11:45:36.124 TRACE client[0]: Found transaction in block: 7a16a94eea0eba3aab5c23654ffa95b42e4f1c3b6bf65cda01e503d9d36fab1a
2025-09-15 11:45:36.124 TRACE client[0]: Found transaction in block: 81951c152e8e129d04f52eec8c72293a643b9ebfdbf1532ba27ac3d47623ddcb
2025-09-15 11:45:36.124 TRACE client[0]: Found transaction in block: eab55eacdaf224b4e96f80d34bdce47ba9f2376f98b2e1e31c896d41084fb897
2025-09-15 11:45:36.124 TRACE client[0]: Found transaction in block: fa67207b57f3edd45cfe483a36d857f66619425a737865603a49257bfd811697
2025-09-15 11:45:36.124 TRACE client[0]: Found transaction in block: ff711de0c6105e16b4d157da2500bdd88ca3b7859882ec7a7ba7f08838d69025
2025-09-15 11:45:36.124 TRACE client[0]: Found transaction in block: a2cdb59a3d5f49c63b6def973bea645cde7db4b8b77f07c6fa2af394c9f3107d
2025-09-15 11:45:36.124 TRACE client[0]: Found transaction in block: b5b349c9c44197b1ba7111bc7299f01fb38f27d6e170694dc73a23e7aae954b5
2025-09-15 11:45:36.124 TRACE client[0]: Found transaction in block: 3f98ecbbfc5c26b9e7904c46a144bf9c7bbfaaa3e4431c4a0f8a915a43d97c34
2025-09-15 11:45:36.124 TRACE client[0]: Found transaction in block: 84a4aac4eeffe179fb88c37db4b0beabd9b9b9874c01623d9f6cf010d2d7fa90
2025-09-15 11:45:36.124 TRACE client[0]: Found transaction in block: 14bd5ba0646f9049c5e3fc1991f44e23761fa85628dd4a88298f3a6c26981520
2025-09-15 11:45:36.124 TRACE client[0]: Found transaction in block: 1ee80fe449a7f472301310014c4f2d8b94024bf130749697c37bcac57caf7509
2025-09-15 11:45:36.124 TRACE client[0]: Found transaction in block: 0065efaa015ebe4f5a4a50825366303b5ed30e2f8c52dd9317e36e0af4c0439d
2025-09-15 11:45:36.124 TRACE client[0]: Found transaction in block: 0a131af6cccc0e3a09464367523a19d7a3825aabc7ac0f28f4048146c7332538
2025-09-15 11:45:36.124 TRACE client[0]: Found transaction in block: c5a9b4ac91e2e3b740413914b3768836c9e55e69bb5fb655fb8c10a0015214d2
2025-09-15 11:45:36.124 TRACE client[0]: Found transaction in block: 2575b9af99679b02c31f428be10c4957181eda845d8050c439f2a8b460d653e5
2025-09-15 11:45:36.124 TRACE client[0]: Found transaction in block: b159157476889f91687bd45bfe01eb22b0d89ae85830b06dc67ea5c4bdb2c1aa
2025-09-15 11:45:36.124 TRACE client[0]: Found transaction in block: fabb739759c8bc9620d7d2eb6dfd3ec2f66a7ed91e63e4c0ce04fc823b91b2f2
2025-09-15 11:45:36.124 TRACE client[0]: Found transaction in block: a43e26ccec442bdb2a118b96a4b822135f8fb02f227370919ddfe4cde8fbbdf7
2025-09-15 11:45:36.124 TRACE client[0]: Found transaction in block: 095692fa0d55f6e6545846379b40b0b455ad83fc7929ac61de5e0edab3aa6f79
2025-09-15 11:45:36.124 TRACE client[0]: Found transaction in block: ddc76eabff509321f3bba8a268f92fab269dae6ea27993576ef6c6c495075427
2025-09-15 11:45:36.124 TRACE client[0]: Found transaction in block: 8b8b9d25f8adecd8c9e3d2ff7bf30f2f7500429c1893c1883fc18ec2a570bcd3
2025-09-15 11:45:36.124 TRACE client[0]: Found transaction in block: 2e089458b028156a44e9cd7dc2219192188ff13036f0be05eab76ff1f70d6fb2
2025-09-15 11:45:36.124 TRACE client[0]: Found transaction in block: 6dd2b2711ffe65828d09add151e201fac3f13aa0cef86d4e8defe8a6242bd7a9
2025-09-15 11:45:36.124 TRACE client[0]: Found transaction in block: 3f002a54965a8d243082bdde219aab744d743b3a3c3ae3de0b76b1ee5acbdf0d
2025-09-15 11:45:36.124 TRACE client[0]: Found transaction in block: 09c81e76111977ee07c02c0951de8c59c9a50f9a5974f3769ec1fb203ada70fc
2025-09-15 11:45:36.179 TRACE : trigger interaction 0xc0005ab950 706/1200
[TRACE] Decoding transaction bytes of length: 229
[TRACE] Transaction type: 6
[TRACE] Successfully decoded transaction with hash: 4c279172cf38b3e6b3566bb0b997b83f6cce8dd0c9d87942ef9001e4c4682e00
2025-09-15 11:45:36.180 TRACE client[0]: Processing transaction with hash: 4c279172cf38b3e6b3566bb0b997b83f6cce8dd0c9d87942ef9001e4c4682e00
2025-09-15 11:45:36.180 DEBUG client[0]: Submitting transaction 4c279172cf38b3e6b3566bb0b997b83f6cce8dd0c9d87942ef9001e4c4682e00
2025-09-15 11:45:36.263 TRACE : trigger interaction 0xc0005aba40 707/1200
[TRACE] Decoding transaction bytes of length: 229
[TRACE] Transaction type: 6
[TRACE] Successfully decoded transaction with hash: 40a839c11fc37ca0e469ee158b3cf92ba59c4ead95c3136163749fb801430a2e
2025-09-15 11:45:36.264 TRACE client[0]: Processing transaction with hash: 40a839c11fc37ca0e469ee158b3cf92ba59c4ead95c3136163749fb801430a2e
2025-09-15 11:45:36.264 DEBUG client[0]: Submitting transaction 40a839c11fc37ca0e469ee158b3cf92ba59c4ead95c3136163749fb801430a2e
2025-09-15 11:45:36.346 TRACE : trigger interaction 0xc0005abb30 708/1200
[TRACE] Decoding transaction bytes of length: 229
[TRACE] Transaction type: 6
[TRACE] Successfully decoded transaction with hash: df1f227f3e4c9ce1d1826e90d092e18c6c42965e4ebc9a089b01378918eca966
2025-09-15 11:45:36.346 TRACE client[0]: Processing transaction with hash: df1f227f3e4c9ce1d1826e90d092e18c6c42965e4ebc9a089b01378918eca966
2025-09-15 11:45:36.346 DEBUG client[0]: Submitting transaction df1f227f3e4c9ce1d1826e90d092e18c6c42965e4ebc9a089b01378918eca966
2025-09-15 11:45:36.429 TRACE : trigger interaction 0xc0005abc20 709/1200
[TRACE] Decoding transaction bytes of length: 229
[TRACE] Transaction type: 6
[TRACE] Successfully decoded transaction with hash: 970747ff69bb25d24f1c83d72c098fb6be1e82f2a171c2d8ba166265eb67efb9
2025-09-15 11:45:36.429 TRACE client[0]: Processing transaction with hash: 970747ff69bb25d24f1c83d72c098fb6be1e82f2a171c2d8ba166265eb67efb9
2025-09-15 11:45:36.429 DEBUG client[0]: Submitting transaction 970747ff69bb25d24f1c83d72c098fb6be1e82f2a171c2d8ba166265eb67efb9
2025-09-15 11:45:36.512 TRACE : trigger interaction 0xc0005abd10 710/1200
[TRACE] Decoding transaction bytes of length: 229
[TRACE] Transaction type: 6
[TRACE] Successfully decoded transaction with hash: 99854f2e8a4e9669bccda93fe8538d91457e4f94c893253ae69805715a993379
2025-09-15 11:45:36.513 TRACE client[0]: Processing transaction with hash: 99854f2e8a4e9669bccda93fe8538d91457e4f94c893253ae69805715a993379
2025-09-15 11:45:36.513 DEBUG client[0]: Submitting transaction 99854f2e8a4e9669bccda93fe8538d91457e4f94c893253ae69805715a993379
2025-09-15 11:45:36.595 TRACE : trigger interaction 0xc0005abe00 711/1200
[TRACE] Decoding transaction bytes of length: 229
[TRACE] Transaction type: 6
[TRACE] Successfully decoded transaction with hash: 8be89364af40df3d3203a04a09ff98ce7f456dc67e3713955b83b37b089bf33a
2025-09-15 11:45:36.596 TRACE client[0]: Processing transaction with hash: 8be89364af40df3d3203a04a09ff98ce7f456dc67e3713955b83b37b089bf33a
2025-09-15 11:45:36.596 DEBUG client[0]: Submitting transaction 8be89364af40df3d3203a04a09ff98ce7f456dc67e3713955b83b37b089bf33a
2025-09-15 11:45:36.679 TRACE : trigger interaction 0xc0005abef0 712/1200
[TRACE] Decoding transaction bytes of length: 229
[TRACE] Transaction type: 6
[TRACE] Successfully decoded transaction with hash: 37bce4d24ce74dd4151916ed8ac2a1b526a9be6986ec29088e7521faaf055bdd
2025-09-15 11:45:36.679 TRACE client[0]: Processing transaction with hash: 37bce4d24ce74dd4151916ed8ac2a1b526a9be6986ec29088e7521faaf055bdd
2025-09-15 11:45:36.679 DEBUG client[0]: Submitting transaction 37bce4d24ce74dd4151916ed8ac2a1b526a9be6986ec29088e7521faaf055bdd
2025-09-15 11:45:36.762 TRACE : trigger interaction 0xc0000be000 713/1200
[TRACE] Decoding transaction bytes of length: 229
[TRACE] Transaction type: 6
[TRACE] Successfully decoded transaction with hash: 94a31dbbf0acd6123a4f32457362dac1bcf65cf3ebfb7d091c5bcad3a365b306
2025-09-15 11:45:36.762 TRACE client[0]: Processing transaction with hash: 94a31dbbf0acd6123a4f32457362dac1bcf65cf3ebfb7d091c5bcad3a365b306
2025-09-15 11:45:36.762 DEBUG client[0]: Submitting transaction 94a31dbbf0acd6123a4f32457362dac1bcf65cf3ebfb7d091c5bcad3a365b306
2025-09-15 11:45:36.846 TRACE : trigger interaction 0xc0000be0f0 714/1200
[TRACE] Decoding transaction bytes of length: 229
[TRACE] Transaction type: 6
[TRACE] Successfully decoded transaction with hash: d297406ad1b2f40b1a49a1240a9fc7a494f56d6ca62d83174ca6c6098718c6b8
2025-09-15 11:45:36.846 TRACE client[0]: Processing transaction with hash: d297406ad1b2f40b1a49a1240a9fc7a494f56d6ca62d83174ca6c6098718c6b8
2025-09-15 11:45:36.846 DEBUG client[0]: Submitting transaction d297406ad1b2f40b1a49a1240a9fc7a494f56d6ca62d83174ca6c6098718c6b8
2025-09-15 11:45:36.929 TRACE : trigger interaction 0xc0000be1e0 715/1200
[TRACE] Decoding transaction bytes of length: 229
[TRACE] Transaction type: 6
[TRACE] Successfully decoded transaction with hash: bef9c8dd352ea7722580bedd1e3a9cb965f44e27b19fb032f5390bc2842b6d15
2025-09-15 11:45:36.929 TRACE client[0]: Processing transaction with hash: bef9c8dd352ea7722580bedd1e3a9cb965f44e27b19fb032f5390bc2842b6d15
2025-09-15 11:45:36.929 DEBUG client[0]: Submitting transaction bef9c8dd352ea7722580bedd1e3a9cb965f44e27b19fb032f5390bc2842b6d15
2025-09-15 11:45:37.013 TRACE : trigger interaction 0xc0000be2d0 716/1200
[TRACE] Decoding transaction bytes of length: 229
[TRACE] Transaction type: 6
[TRACE] Successfully decoded transaction with hash: 792a94de0f67c6f28d011f28a46ca86d6d125c288843702436a2968f0a4d8cab
2025-09-15 11:45:37.013 TRACE client[0]: Processing transaction with hash: 792a94de0f67c6f28d011f28a46ca86d6d125c288843702436a2968f0a4d8cab
2025-09-15 11:45:37.013 DEBUG client[0]: Submitting transaction 792a94de0f67c6f28d011f28a46ca86d6d125c288843702436a2968f0a4d8cab
2025-09-15 11:45:37.096 TRACE : trigger interaction 0xc0000be3c0 717/1200
[TRACE] Decoding transaction bytes of length: 229
[TRACE] Transaction type: 6
[TRACE] Successfully decoded transaction with hash: 5ef7d7ba8546a4de47fa14eccc467108b07629556941705508fbd150f20fe98f
2025-09-15 11:45:37.096 TRACE client[0]: Processing transaction with hash: 5ef7d7ba8546a4de47fa14eccc467108b07629556941705508fbd150f20fe98f
2025-09-15 11:45:37.096 DEBUG client[0]: Submitting transaction 5ef7d7ba8546a4de47fa14eccc467108b07629556941705508fbd150f20fe98f
2025-09-15 11:45:37.179 TRACE : trigger interaction 0xc0000be4b0 718/1200
[TRACE] Decoding transaction bytes of length: 229
[TRACE] Transaction type: 6
[TRACE] Successfully decoded transaction with hash: 213bf012883795b8416043a11a87eb75ed87fa77d3019891a390526d3eb5c398
2025-09-15 11:45:37.179 TRACE client[0]: Processing transaction with hash: 213bf012883795b8416043a11a87eb75ed87fa77d3019891a390526d3eb5c398
2025-09-15 11:45:37.179 DEBUG client[0]: Submitting transaction 213bf012883795b8416043a11a87eb75ed87fa77d3019891a390526d3eb5c398
2025-09-15 11:45:37.263 TRACE : trigger interaction 0xc0000be5a0 719/1200
[TRACE] Decoding transaction bytes of length: 229
[TRACE] Transaction type: 6
[TRACE] Successfully decoded transaction with hash: 48005d6665cb38e2c8b5fb963aaf1cd74a37e61ec7bd3f118a21fa6b917385fd
2025-09-15 11:45:37.263 TRACE client[0]: Processing transaction with hash: 48005d6665cb38e2c8b5fb963aaf1cd74a37e61ec7bd3f118a21fa6b917385fd
2025-09-15 11:45:37.263 DEBUG client[0]: Submitting transaction 48005d6665cb38e2c8b5fb963aaf1cd74a37e61ec7bd3f118a21fa6b917385fd
2025-09-15 11:45:37.346 TRACE : trigger interaction 0xc0006cc1e0 720/1200
[TRACE] Decoding transaction bytes of length: 229
[TRACE] Transaction type: 6
[TRACE] Successfully decoded transaction with hash: a1c469dce2c09f9ad756c337da3ef2c8b47f69373098afc47fd5b64ea7c33a53
2025-09-15 11:45:37.346 TRACE client[0]: Processing transaction with hash: a1c469dce2c09f9ad756c337da3ef2c8b47f69373098afc47fd5b64ea7c33a53
2025-09-15 11:45:37.346 DEBUG client[0]: Submitting transaction a1c469dce2c09f9ad756c337da3ef2c8b47f69373098afc47fd5b64ea7c33a53
2025-09-15 11:45:37.429 TRACE : trigger interaction 0xc0006cc2d0 721/1200
[TRACE] Decoding transaction bytes of length: 229
[TRACE] Transaction type: 6
[TRACE] Successfully decoded transaction with hash: 8430e04de18723d25de3d5f264341df5b38e614dd47638d2691d584429af6744
2025-09-15 11:45:37.429 TRACE client[0]: Processing transaction with hash: 8430e04de18723d25de3d5f264341df5b38e614dd47638d2691d584429af6744
2025-09-15 11:45:37.429 DEBUG client[0]: Submitting transaction 8430e04de18723d25de3d5f264341df5b38e614dd47638d2691d584429af6744
2025-09-15 11:45:37.513 TRACE : trigger interaction 0xc0006cc3c0 722/1200
[TRACE] Decoding transaction bytes of length: 229
[TRACE] Transaction type: 6
[TRACE] Successfully decoded transaction with hash: d8cb9f21c270480476f68059280c18f3e8622eec85975b389d670c0714cf609b
2025-09-15 11:45:37.513 TRACE client[0]: Processing transaction with hash: d8cb9f21c270480476f68059280c18f3e8622eec85975b389d670c0714cf609b
2025-09-15 11:45:37.513 DEBUG client[0]: Submitting transaction d8cb9f21c270480476f68059280c18f3e8622eec85975b389d670c0714cf609b
2025-09-15 11:45:37.596 TRACE : trigger interaction 0xc0006cc4b0 723/1200
[TRACE] Decoding transaction bytes of length: 229
[TRACE] Transaction type: 6
[TRACE] Successfully decoded transaction with hash: afbb7576b00d9f020f0f43c949d0aaaae42afb16faed6555141375ecf03f9ef2
2025-09-15 11:45:37.596 TRACE client[0]: Processing transaction with hash: afbb7576b00d9f020f0f43c949d0aaaae42afb16faed6555141375ecf03f9ef2
2025-09-15 11:45:37.596 DEBUG client[0]: Submitting transaction afbb7576b00d9f020f0f43c949d0aaaae42afb16faed6555141375ecf03f9ef2
2025-09-15 11:45:37.679 TRACE : trigger interaction 0xc0006cc5a0 724/1200
[TRACE] Decoding transaction bytes of length: 229
[TRACE] Transaction type: 6
[TRACE] Successfully decoded transaction with hash: 3ef4106905d68c1cc0d0e3200187749410ad6240b8fefba109734535cb3274f3
2025-09-15 11:45:37.679 TRACE client[0]: Processing transaction with hash: 3ef4106905d68c1cc0d0e3200187749410ad6240b8fefba109734535cb3274f3
2025-09-15 11:45:37.679 DEBUG client[0]: Submitting transaction 3ef4106905d68c1cc0d0e3200187749410ad6240b8fefba109734535cb3274f3
2025-09-15 11:45:37.763 TRACE : trigger interaction 0xc0006cc690 725/1200
[TRACE] Decoding transaction bytes of length: 229
[TRACE] Transaction type: 6
[TRACE] Successfully decoded transaction with hash: 7c11b114574f259873f34c98da6904a7cc0e40d25748027fa9bee91b460bcb48
2025-09-15 11:45:37.763 TRACE client[0]: Processing transaction with hash: 7c11b114574f259873f34c98da6904a7cc0e40d25748027fa9bee91b460bcb48
2025-09-15 11:45:37.763 DEBUG client[0]: Submitting transaction 7c11b114574f259873f34c98da6904a7cc0e40d25748027fa9bee91b460bcb48
2025-09-15 11:45:37.846 TRACE : trigger interaction 0xc0006cc780 726/1200
[TRACE] Decoding transaction bytes of length: 229
[TRACE] Transaction type: 6
[TRACE] Successfully decoded transaction with hash: c011e718cbf8c0d3a7be0d7a4aa29617223c8774bfe0e09b02d8af5f866a694c
2025-09-15 11:45:37.846 TRACE client[0]: Processing transaction with hash: c011e718cbf8c0d3a7be0d7a4aa29617223c8774bfe0e09b02d8af5f866a694c
2025-09-15 11:45:37.846 DEBUG client[0]: Submitting transaction c011e718cbf8c0d3a7be0d7a4aa29617223c8774bfe0e09b02d8af5f866a694c
2025-09-15 11:45:37.929 TRACE : trigger interaction 0xc0006cc870 727/1200
[TRACE] Decoding transaction bytes of length: 229
[TRACE] Transaction type: 6
[TRACE] Successfully decoded transaction with hash: 8241b2167f1e3957e1eacf387d04f1d902a478c88d3b260c9377a4e76b18c79b
2025-09-15 11:45:37.929 TRACE client[0]: Processing transaction with hash: 8241b2167f1e3957e1eacf387d04f1d902a478c88d3b260c9377a4e76b18c79b
2025-09-15 11:45:37.929 DEBUG client[0]: Submitting transaction 8241b2167f1e3957e1eacf387d04f1d902a478c88d3b260c9377a4e76b18c79b
2025-09-15 11:45:38.010 TRACE client[0]: Found transaction in block: 1aaae05e77889cd65f162c48394d0d7bb1e40e63996feb2c0ba7a55d0d016e9e
2025-09-15 11:45:38.010 TRACE client[0]: Found transaction in block: 4c279172cf38b3e6b3566bb0b997b83f6cce8dd0c9d87942ef9001e4c4682e00
2025-09-15 11:45:38.010 TRACE client[0]: Found transaction in block: 40a839c11fc37ca0e469ee158b3cf92ba59c4ead95c3136163749fb801430a2e
2025-09-15 11:45:38.010 TRACE client[0]: Found transaction in block: df1f227f3e4c9ce1d1826e90d092e18c6c42965e4ebc9a089b01378918eca966
2025-09-15 11:45:38.010 TRACE client[0]: Found transaction in block: 970747ff69bb25d24f1c83d72c098fb6be1e82f2a171c2d8ba166265eb67efb9
2025-09-15 11:45:38.010 TRACE client[0]: Found transaction in block: 99854f2e8a4e9669bccda93fe8538d91457e4f94c893253ae69805715a993379
2025-09-15 11:45:38.010 TRACE client[0]: Found transaction in block: 8be89364af40df3d3203a04a09ff98ce7f456dc67e3713955b83b37b089bf33a
2025-09-15 11:45:38.010 TRACE client[0]: Found transaction in block: 37bce4d24ce74dd4151916ed8ac2a1b526a9be6986ec29088e7521faaf055bdd
2025-09-15 11:45:38.010 TRACE client[0]: Found transaction in block: 94a31dbbf0acd6123a4f32457362dac1bcf65cf3ebfb7d091c5bcad3a365b306
2025-09-15 11:45:38.010 TRACE client[0]: Found transaction in block: d297406ad1b2f40b1a49a1240a9fc7a494f56d6ca62d83174ca6c6098718c6b8
2025-09-15 11:45:38.010 TRACE client[0]: Found transaction in block: bef9c8dd352ea7722580bedd1e3a9cb965f44e27b19fb032f5390bc2842b6d15
2025-09-15 11:45:38.010 TRACE client[0]: Found transaction in block: 792a94de0f67c6f28d011f28a46ca86d6d125c288843702436a2968f0a4d8cab
2025-09-15 11:45:38.010 TRACE client[0]: Found transaction in block: 5ef7d7ba8546a4de47fa14eccc467108b07629556941705508fbd150f20fe98f
2025-09-15 11:45:38.010 TRACE client[0]: Found transaction in block: 213bf012883795b8416043a11a87eb75ed87fa77d3019891a390526d3eb5c398
2025-09-15 11:45:38.010 TRACE client[0]: Found transaction in block: 48005d6665cb38e2c8b5fb963aaf1cd74a37e61ec7bd3f118a21fa6b917385fd
2025-09-15 11:45:38.010 TRACE client[0]: Found transaction in block: a1c469dce2c09f9ad756c337da3ef2c8b47f69373098afc47fd5b64ea7c33a53
2025-09-15 11:45:38.010 TRACE client[0]: Found transaction in block: 8430e04de18723d25de3d5f264341df5b38e614dd47638d2691d584429af6744
2025-09-15 11:45:38.010 TRACE client[0]: Found transaction in block: d8cb9f21c270480476f68059280c18f3e8622eec85975b389d670c0714cf609b
2025-09-15 11:45:38.010 TRACE client[0]: Found transaction in block: afbb7576b00d9f020f0f43c949d0aaaae42afb16faed6555141375ecf03f9ef2
2025-09-15 11:45:38.010 TRACE client[0]: Found transaction in block: 3ef4106905d68c1cc0d0e3200187749410ad6240b8fefba109734535cb3274f3
2025-09-15 11:45:38.010 TRACE client[0]: Found transaction in block: 7c11b114574f259873f34c98da6904a7cc0e40d25748027fa9bee91b460bcb48
2025-09-15 11:45:38.010 TRACE client[0]: Found transaction in block: c011e718cbf8c0d3a7be0d7a4aa29617223c8774bfe0e09b02d8af5f866a694c
2025-09-15 11:45:38.010 TRACE client[0]: Found transaction in block: 8241b2167f1e3957e1eacf387d04f1d902a478c88d3b260c9377a4e76b18c79b
2025-09-15 11:45:38.012 TRACE : trigger interaction 0xc0006cc960 728/1200
[TRACE] Decoding transaction bytes of length: 229
[TRACE] Transaction type: 6
[TRACE] Successfully decoded transaction with hash: 09e809643133cd227fa0ac1b5f05f87c7dfa3f0a355e0d4c099dda7e251843a0
2025-09-15 11:45:38.013 TRACE client[0]: Processing transaction with hash: 09e809643133cd227fa0ac1b5f05f87c7dfa3f0a355e0d4c099dda7e251843a0
2025-09-15 11:45:38.013 DEBUG client[0]: Submitting transaction 09e809643133cd227fa0ac1b5f05f87c7dfa3f0a355e0d4c099dda7e251843a0
2025-09-15 11:45:38.096 TRACE : trigger interaction 0xc0006cca50 729/1200
[TRACE] Decoding transaction bytes of length: 229
[TRACE] Transaction type: 6
[TRACE] Successfully decoded transaction with hash: 18a84b5e43f227368b1d24ec60fd38eda7d5ac453fd03eb8e3ccd5c66d2fb410
2025-09-15 11:45:38.096 TRACE client[0]: Processing transaction with hash: 18a84b5e43f227368b1d24ec60fd38eda7d5ac453fd03eb8e3ccd5c66d2fb410
2025-09-15 11:45:38.096 DEBUG client[0]: Submitting transaction 18a84b5e43f227368b1d24ec60fd38eda7d5ac453fd03eb8e3ccd5c66d2fb410
2025-09-15 11:45:38.179 TRACE : trigger interaction 0xc0006ccb40 730/1200
[TRACE] Decoding transaction bytes of length: 229
[TRACE] Transaction type: 6
[TRACE] Successfully decoded transaction with hash: e503d0189d2070d3768f0a87a06ab6151d43e437afc4bc59cacb20bd62d5ea20
2025-09-15 11:45:38.179 TRACE client[0]: Processing transaction with hash: e503d0189d2070d3768f0a87a06ab6151d43e437afc4bc59cacb20bd62d5ea20
2025-09-15 11:45:38.179 DEBUG client[0]: Submitting transaction e503d0189d2070d3768f0a87a06ab6151d43e437afc4bc59cacb20bd62d5ea20
2025-09-15 11:45:38.262 TRACE : trigger interaction 0xc0006ccc30 731/1200
[TRACE] Decoding transaction bytes of length: 229
[TRACE] Transaction type: 6
[TRACE] Successfully decoded transaction with hash: da3338cf322d6602a480baa4bed26e4d6fb0babaca3443dffc2832aa8e99497a
2025-09-15 11:45:38.262 TRACE client[0]: Processing transaction with hash: da3338cf322d6602a480baa4bed26e4d6fb0babaca3443dffc2832aa8e99497a
2025-09-15 11:45:38.262 DEBUG client[0]: Submitting transaction da3338cf322d6602a480baa4bed26e4d6fb0babaca3443dffc2832aa8e99497a
2025-09-15 11:45:38.345 TRACE : trigger interaction 0xc0006ccd20 732/1200
[TRACE] Decoding transaction bytes of length: 229
[TRACE] Transaction type: 6
[TRACE] Successfully decoded transaction with hash: 8149481f13eea153541fc141b3b99842bbfb9220ac7e02310ea56bd36a95d97b
2025-09-15 11:45:38.346 TRACE client[0]: Processing transaction with hash: 8149481f13eea153541fc141b3b99842bbfb9220ac7e02310ea56bd36a95d97b
2025-09-15 11:45:38.346 DEBUG client[0]: Submitting transaction 8149481f13eea153541fc141b3b99842bbfb9220ac7e02310ea56bd36a95d97b
2025-09-15 11:45:38.429 TRACE : trigger interaction 0xc0006cce10 733/1200
[TRACE] Decoding transaction bytes of length: 229
[TRACE] Transaction type: 6
[TRACE] Successfully decoded transaction with hash: 93da72d8eb3c407a6fca061d94d924679dc1132a8b65c09989529316c8b8c776
2025-09-15 11:45:38.429 TRACE client[0]: Processing transaction with hash: 93da72d8eb3c407a6fca061d94d924679dc1132a8b65c09989529316c8b8c776
2025-09-15 11:45:38.429 DEBUG client[0]: Submitting transaction 93da72d8eb3c407a6fca061d94d924679dc1132a8b65c09989529316c8b8c776
2025-09-15 11:45:38.513 TRACE : trigger interaction 0xc0006ccf00 734/1200
[TRACE] Decoding transaction bytes of length: 229
[TRACE] Transaction type: 6
[TRACE] Successfully decoded transaction with hash: 318ffbe3c4919632d911fa352706d2f2672ebeea4bd36f6afc9d0960b36cb93c
2025-09-15 11:45:38.513 TRACE client[0]: Processing transaction with hash: 318ffbe3c4919632d911fa352706d2f2672ebeea4bd36f6afc9d0960b36cb93c
2025-09-15 11:45:38.513 DEBUG client[0]: Submitting transaction 318ffbe3c4919632d911fa352706d2f2672ebeea4bd36f6afc9d0960b36cb93c
2025-09-15 11:45:38.596 TRACE : trigger interaction 0xc0006ccff0 735/1200
[TRACE] Decoding transaction bytes of length: 229
[TRACE] Transaction type: 6
[TRACE] Successfully decoded transaction with hash: bd6f5deb703db9a8135403357a084e7ce55b44289d7694aa137dc1d3892e7a78
2025-09-15 11:45:38.596 TRACE client[0]: Processing transaction with hash: bd6f5deb703db9a8135403357a084e7ce55b44289d7694aa137dc1d3892e7a78
2025-09-15 11:45:38.596 DEBUG client[0]: Submitting transaction bd6f5deb703db9a8135403357a084e7ce55b44289d7694aa137dc1d3892e7a78
2025-09-15 11:45:38.679 TRACE : trigger interaction 0xc0006cd0e0 736/1200
[TRACE] Decoding transaction bytes of length: 229
[TRACE] Transaction type: 6
[TRACE] Successfully decoded transaction with hash: 091ffd25e1299b3f3700b5107332de7b779780ae8cbc8b6bb9305044cf5fdca9
2025-09-15 11:45:38.679 TRACE client[0]: Processing transaction with hash: 091ffd25e1299b3f3700b5107332de7b779780ae8cbc8b6bb9305044cf5fdca9
2025-09-15 11:45:38.679 DEBUG client[0]: Submitting transaction 091ffd25e1299b3f3700b5107332de7b779780ae8cbc8b6bb9305044cf5fdca9
2025-09-15 11:45:38.763 TRACE : trigger interaction 0xc0000be690 737/1200
[TRACE] Decoding transaction bytes of length: 229
[TRACE] Transaction type: 6
[TRACE] Successfully decoded transaction with hash: cba9d97df7d7cbce6aeeaf8ec2e02a0c31c83e203c94db0a339b8ed1cb3adc30
2025-09-15 11:45:38.763 TRACE client[0]: Processing transaction with hash: cba9d97df7d7cbce6aeeaf8ec2e02a0c31c83e203c94db0a339b8ed1cb3adc30
2025-09-15 11:45:38.763 DEBUG client[0]: Submitting transaction cba9d97df7d7cbce6aeeaf8ec2e02a0c31c83e203c94db0a339b8ed1cb3adc30
2025-09-15 11:45:38.846 TRACE : trigger interaction 0xc0000be780 738/1200
[TRACE] Decoding transaction bytes of length: 229
[TRACE] Transaction type: 6
[TRACE] Successfully decoded transaction with hash: ecc049bb910312f56ce12494949529bc5bdc055b266d81cf6bd858f0af83dd63
2025-09-15 11:45:38.846 TRACE client[0]: Processing transaction with hash: ecc049bb910312f56ce12494949529bc5bdc055b266d81cf6bd858f0af83dd63
2025-09-15 11:45:38.846 DEBUG client[0]: Submitting transaction ecc049bb910312f56ce12494949529bc5bdc055b266d81cf6bd858f0af83dd63
2025-09-15 11:45:38.929 TRACE : trigger interaction 0xc0000be870 739/1200
[TRACE] Decoding transaction bytes of length: 229
[TRACE] Transaction type: 6
[TRACE] Successfully decoded transaction with hash: 8f7f1c0aebc8591db7dab34e113de1ed7f6083825dc5cefa09cc28daf1148886
2025-09-15 11:45:38.929 TRACE client[0]: Processing transaction with hash: 8f7f1c0aebc8591db7dab34e113de1ed7f6083825dc5cefa09cc28daf1148886
2025-09-15 11:45:38.929 DEBUG client[0]: Submitting transaction 8f7f1c0aebc8591db7dab34e113de1ed7f6083825dc5cefa09cc28daf1148886
2025-09-15 11:45:39.012 TRACE : trigger interaction 0xc0000be960 740/1200
[TRACE] Decoding transaction bytes of length: 229
[TRACE] Transaction type: 6
[TRACE] Successfully decoded transaction with hash: e77b383bfc6a2593e570e4854fa3af79ec534f95dfcf39157c1262a6f0efc008
2025-09-15 11:45:39.012 TRACE client[0]: Processing transaction with hash: e77b383bfc6a2593e570e4854fa3af79ec534f95dfcf39157c1262a6f0efc008
2025-09-15 11:45:39.012 DEBUG client[0]: Submitting transaction e77b383bfc6a2593e570e4854fa3af79ec534f95dfcf39157c1262a6f0efc008
2025-09-15 11:45:39.096 TRACE : trigger interaction 0xc0000bea50 741/1200
[TRACE] Decoding transaction bytes of length: 229
[TRACE] Transaction type: 6
[TRACE] Successfully decoded transaction with hash: a09fee081ee0aba36f8a841c3d8302d587ca3918bef8aff6d9ac7197242b1ef3
2025-09-15 11:45:39.096 TRACE client[0]: Processing transaction with hash: a09fee081ee0aba36f8a841c3d8302d587ca3918bef8aff6d9ac7197242b1ef3
2025-09-15 11:45:39.096 DEBUG client[0]: Submitting transaction a09fee081ee0aba36f8a841c3d8302d587ca3918bef8aff6d9ac7197242b1ef3
2025-09-15 11:45:39.179 TRACE : trigger interaction 0xc0000beb40 742/1200
[TRACE] Decoding transaction bytes of length: 229
[TRACE] Transaction type: 6
[TRACE] Successfully decoded transaction with hash: 011f28dcc54abb9c3a376a4c26b95180a8cdabedd77441512366710af1ff03ee
2025-09-15 11:45:39.179 TRACE client[0]: Processing transaction with hash: 011f28dcc54abb9c3a376a4c26b95180a8cdabedd77441512366710af1ff03ee
2025-09-15 11:45:39.179 DEBUG client[0]: Submitting transaction 011f28dcc54abb9c3a376a4c26b95180a8cdabedd77441512366710af1ff03ee
2025-09-15 11:45:39.262 TRACE : trigger interaction 0xc0000bec30 743/1200
[TRACE] Decoding transaction bytes of length: 229
[TRACE] Transaction type: 6
[TRACE] Successfully decoded transaction with hash: d99286427ae3b2ff59eb1c498a54866cf65b7914ec271e638ae5526bb19aa5a6
2025-09-15 11:45:39.262 TRACE client[0]: Processing transaction with hash: d99286427ae3b2ff59eb1c498a54866cf65b7914ec271e638ae5526bb19aa5a6
2025-09-15 11:45:39.262 DEBUG client[0]: Submitting transaction d99286427ae3b2ff59eb1c498a54866cf65b7914ec271e638ae5526bb19aa5a6
2025-09-15 11:45:39.346 TRACE : trigger interaction 0xc0000bed20 744/1200
[TRACE] Decoding transaction bytes of length: 229
[TRACE] Transaction type: 6
[TRACE] Successfully decoded transaction with hash: c46f92b77b0a3c2753110cc7bc2cc910e50b5a41758f83e3a1f1544a6f7b3a14
2025-09-15 11:45:39.346 TRACE client[0]: Processing transaction with hash: c46f92b77b0a3c2753110cc7bc2cc910e50b5a41758f83e3a1f1544a6f7b3a14
2025-09-15 11:45:39.346 DEBUG client[0]: Submitting transaction c46f92b77b0a3c2753110cc7bc2cc910e50b5a41758f83e3a1f1544a6f7b3a14
2025-09-15 11:45:39.429 TRACE : trigger interaction 0xc0000bee10 745/1200
[TRACE] Decoding transaction bytes of length: 229
[TRACE] Transaction type: 6
[TRACE] Successfully decoded transaction with hash: 881c97c0d0783a3f537602444154adbba8a52054881b35b0b113d3165aa1bdf7
2025-09-15 11:45:39.429 TRACE client[0]: Processing transaction with hash: 881c97c0d0783a3f537602444154adbba8a52054881b35b0b113d3165aa1bdf7
2025-09-15 11:45:39.429 DEBUG client[0]: Submitting transaction 881c97c0d0783a3f537602444154adbba8a52054881b35b0b113d3165aa1bdf7
2025-09-15 11:45:39.512 TRACE : trigger interaction 0xc0000bef00 746/1200
[TRACE] Decoding transaction bytes of length: 229
[TRACE] Transaction type: 6
[TRACE] Successfully decoded transaction with hash: ee83f3bcebcca1e944c31fbb8e7b1e58b7232d672ff1c6d380748c2eecb40a1b
2025-09-15 11:45:39.512 TRACE client[0]: Processing transaction with hash: ee83f3bcebcca1e944c31fbb8e7b1e58b7232d672ff1c6d380748c2eecb40a1b
2025-09-15 11:45:39.512 DEBUG client[0]: Submitting transaction ee83f3bcebcca1e944c31fbb8e7b1e58b7232d672ff1c6d380748c2eecb40a1b
2025-09-15 11:45:39.596 TRACE : trigger interaction 0xc0000beff0 747/1200
[TRACE] Decoding transaction bytes of length: 229
[TRACE] Transaction type: 6
[TRACE] Successfully decoded transaction with hash: c68d566663c54ffab44f3167d666fb86c1453b41cf9d21b1ed848352bae0fc7b
2025-09-15 11:45:39.596 TRACE client[0]: Processing transaction with hash: c68d566663c54ffab44f3167d666fb86c1453b41cf9d21b1ed848352bae0fc7b
2025-09-15 11:45:39.596 DEBUG client[0]: Submitting transaction c68d566663c54ffab44f3167d666fb86c1453b41cf9d21b1ed848352bae0fc7b
2025-09-15 11:45:39.679 TRACE : trigger interaction 0xc0000bf0e0 748/1200
[TRACE] Decoding transaction bytes of length: 229
[TRACE] Transaction type: 6
[TRACE] Successfully decoded transaction with hash: 98e3927b51eb5448224985f10d887249961b12b84b7c6754f3b1f43779836cca
2025-09-15 11:45:39.679 TRACE client[0]: Processing transaction with hash: 98e3927b51eb5448224985f10d887249961b12b84b7c6754f3b1f43779836cca
2025-09-15 11:45:39.679 DEBUG client[0]: Submitting transaction 98e3927b51eb5448224985f10d887249961b12b84b7c6754f3b1f43779836cca
2025-09-15 11:45:39.762 TRACE : trigger interaction 0xc0000bf1d0 749/1200
[TRACE] Decoding transaction bytes of length: 229
[TRACE] Transaction type: 6
[TRACE] Successfully decoded transaction with hash: 0b5d3215c76be3b634564330429e4b89b28bd5b8cbf7083c0f7e6b154d433d91
2025-09-15 11:45:39.763 TRACE client[0]: Processing transaction with hash: 0b5d3215c76be3b634564330429e4b89b28bd5b8cbf7083c0f7e6b154d433d91
2025-09-15 11:45:39.763 DEBUG client[0]: Submitting transaction 0b5d3215c76be3b634564330429e4b89b28bd5b8cbf7083c0f7e6b154d433d91
2025-09-15 11:45:39.846 TRACE : trigger interaction 0xc0000bf2c0 750/1200
[TRACE] Decoding transaction bytes of length: 229
[TRACE] Transaction type: 6
[TRACE] Successfully decoded transaction with hash: 05ccc7cc3182390f3400d9700c215554d58674d0e224fb146f8bda7508fbedca
2025-09-15 11:45:39.846 TRACE client[0]: Processing transaction with hash: 05ccc7cc3182390f3400d9700c215554d58674d0e224fb146f8bda7508fbedca
2025-09-15 11:45:39.846 DEBUG client[0]: Submitting transaction 05ccc7cc3182390f3400d9700c215554d58674d0e224fb146f8bda7508fbedca
2025-09-15 11:45:39.929 TRACE : trigger interaction 0xc0000bf3b0 751/1200
[TRACE] Decoding transaction bytes of length: 229
[TRACE] Transaction type: 6
[TRACE] Successfully decoded transaction with hash: 5de53cd3f16f844a585989139726d3b0bc53cf246dbef4805ce3030ed8eec900
2025-09-15 11:45:39.929 TRACE client[0]: Processing transaction with hash: 5de53cd3f16f844a585989139726d3b0bc53cf246dbef4805ce3030ed8eec900
2025-09-15 11:45:39.929 DEBUG client[0]: Submitting transaction 5de53cd3f16f844a585989139726d3b0bc53cf246dbef4805ce3030ed8eec900
2025-09-15 11:45:40.012 TRACE : trigger interaction 0xc0000bf4a0 752/1200
[TRACE] Decoding transaction bytes of length: 229
[TRACE] Transaction type: 6
[TRACE] Successfully decoded transaction with hash: 14a090a4a5251c78a93da1c48086b0f6dc1012795a2891954d4d570014808e75
2025-09-15 11:45:40.012 TRACE client[0]: Processing transaction with hash: 14a090a4a5251c78a93da1c48086b0f6dc1012795a2891954d4d570014808e75
2025-09-15 11:45:40.012 DEBUG client[0]: Submitting transaction 14a090a4a5251c78a93da1c48086b0f6dc1012795a2891954d4d570014808e75
2025-09-15 11:45:40.096 TRACE : trigger interaction 0xc0000bf590 753/1200
[TRACE] Decoding transaction bytes of length: 229
[TRACE] Transaction type: 6
[TRACE] Successfully decoded transaction with hash: 87b635e253391e418e6c6b60843d1ce174a14e13a83b2898aa656386a1aa711d
2025-09-15 11:45:40.096 TRACE client[0]: Processing transaction with hash: 87b635e253391e418e6c6b60843d1ce174a14e13a83b2898aa656386a1aa711d
2025-09-15 11:45:40.096 DEBUG client[0]: Submitting transaction 87b635e253391e418e6c6b60843d1ce174a14e13a83b2898aa656386a1aa711d
2025-09-15 11:45:40.179 TRACE : trigger interaction 0xc0006cd1d0 754/1200
[TRACE] Decoding transaction bytes of length: 229
[TRACE] Transaction type: 6
[TRACE] Successfully decoded transaction with hash: 8a7fcefe51fa00b9ddbf4cbf39c93808aecda4ad3476bad563f49f4090c8b1d1
2025-09-15 11:45:40.179 TRACE client[0]: Processing transaction with hash: 8a7fcefe51fa00b9ddbf4cbf39c93808aecda4ad3476bad563f49f4090c8b1d1
2025-09-15 11:45:40.179 DEBUG client[0]: Submitting transaction 8a7fcefe51fa00b9ddbf4cbf39c93808aecda4ad3476bad563f49f4090c8b1d1
2025-09-15 11:45:40.262 TRACE : trigger interaction 0xc0006cd2c0 755/1200
[TRACE] Decoding transaction bytes of length: 229
[TRACE] Transaction type: 6
[TRACE] Successfully decoded transaction with hash: 22bb94796d5192f8fc18d8a9fb2f600baae4fb456a22d350c144204124b99db7
2025-09-15 11:45:40.262 TRACE client[0]: Processing transaction with hash: 22bb94796d5192f8fc18d8a9fb2f600baae4fb456a22d350c144204124b99db7
2025-09-15 11:45:40.262 DEBUG client[0]: Submitting transaction 22bb94796d5192f8fc18d8a9fb2f600baae4fb456a22d350c144204124b99db7
2025-09-15 11:45:40.346 TRACE : trigger interaction 0xc0006cd3b0 756/1200
[TRACE] Decoding transaction bytes of length: 229
[TRACE] Transaction type: 6
[TRACE] Successfully decoded transaction with hash: f25d31019076160d2af0dc8c5cd5bc53676a2647cfdd971b306ce7cd1b7eb1dc
2025-09-15 11:45:40.346 TRACE client[0]: Processing transaction with hash: f25d31019076160d2af0dc8c5cd5bc53676a2647cfdd971b306ce7cd1b7eb1dc
2025-09-15 11:45:40.346 DEBUG client[0]: Submitting transaction f25d31019076160d2af0dc8c5cd5bc53676a2647cfdd971b306ce7cd1b7eb1dc
2025-09-15 11:45:40.429 TRACE : trigger interaction 0xc0006cd4a0 757/1200
[TRACE] Decoding transaction bytes of length: 229
[TRACE] Transaction type: 6
[TRACE] Successfully decoded transaction with hash: 1026dd8f40546bf052926f6ee51a0018361d3a76f28e6e798631acfd224a96e9
2025-09-15 11:45:40.429 TRACE client[0]: Processing transaction with hash: 1026dd8f40546bf052926f6ee51a0018361d3a76f28e6e798631acfd224a96e9
2025-09-15 11:45:40.429 DEBUG client[0]: Submitting transaction 1026dd8f40546bf052926f6ee51a0018361d3a76f28e6e798631acfd224a96e9
2025-09-15 11:45:40.512 TRACE : trigger interaction 0xc0006cd590 758/1200
[TRACE] Decoding transaction bytes of length: 229
[TRACE] Transaction type: 6
[TRACE] Successfully decoded transaction with hash: bdfe537cceab6d670175ab4a6065862b5056eeeaf564d38419b725bac7f3c30b
2025-09-15 11:45:40.512 TRACE client[0]: Processing transaction with hash: bdfe537cceab6d670175ab4a6065862b5056eeeaf564d38419b725bac7f3c30b
2025-09-15 11:45:40.512 DEBUG client[0]: Submitting transaction bdfe537cceab6d670175ab4a6065862b5056eeeaf564d38419b725bac7f3c30b
2025-09-15 11:45:40.596 TRACE : trigger interaction 0xc0006cd680 759/1200
[TRACE] Decoding transaction bytes of length: 229
[TRACE] Transaction type: 6
[TRACE] Successfully decoded transaction with hash: 403961f8c2fcec738a0f0c22f643c7e61cca62767b91dc492928d08c1321c76a
2025-09-15 11:45:40.596 TRACE client[0]: Processing transaction with hash: 403961f8c2fcec738a0f0c22f643c7e61cca62767b91dc492928d08c1321c76a
2025-09-15 11:45:40.596 DEBUG client[0]: Submitting transaction 403961f8c2fcec738a0f0c22f643c7e61cca62767b91dc492928d08c1321c76a
2025-09-15 11:45:40.679 TRACE : trigger interaction 0xc0006cd770 760/1200
[TRACE] Decoding transaction bytes of length: 229
[TRACE] Transaction type: 6
[TRACE] Successfully decoded transaction with hash: 36f5f0ff383408cb7331a22af3a9624e48f74a4ceb003286114aabef3373ed82
2025-09-15 11:45:40.679 TRACE client[0]: Processing transaction with hash: 36f5f0ff383408cb7331a22af3a9624e48f74a4ceb003286114aabef3373ed82
2025-09-15 11:45:40.679 DEBUG client[0]: Submitting transaction 36f5f0ff383408cb7331a22af3a9624e48f74a4ceb003286114aabef3373ed82
2025-09-15 11:45:40.762 TRACE : trigger interaction 0xc0006cd860 761/1200
[TRACE] Decoding transaction bytes of length: 229
[TRACE] Transaction type: 6
[TRACE] Successfully decoded transaction with hash: e600f22751be9a23bee81616d4af73c2d24847ca8400a460f4c21f97442a355f
2025-09-15 11:45:40.762 TRACE client[0]: Processing transaction with hash: e600f22751be9a23bee81616d4af73c2d24847ca8400a460f4c21f97442a355f
2025-09-15 11:45:40.762 DEBUG client[0]: Submitting transaction e600f22751be9a23bee81616d4af73c2d24847ca8400a460f4c21f97442a355f
2025-09-15 11:45:40.846 TRACE : trigger interaction 0xc0006cd950 762/1200
[TRACE] Decoding transaction bytes of length: 229
[TRACE] Transaction type: 6
[TRACE] Successfully decoded transaction with hash: bdd1e0cf5218aa4e41c0402a9cf281dbb447454f129d84071607dc7e60221bcf
2025-09-15 11:45:40.846 TRACE client[0]: Processing transaction with hash: bdd1e0cf5218aa4e41c0402a9cf281dbb447454f129d84071607dc7e60221bcf
2025-09-15 11:45:40.846 DEBUG client[0]: Submitting transaction bdd1e0cf5218aa4e41c0402a9cf281dbb447454f129d84071607dc7e60221bcf
2025-09-15 11:45:40.929 TRACE : trigger interaction 0xc0006cda40 763/1200
[TRACE] Decoding transaction bytes of length: 229
[TRACE] Transaction type: 6
[TRACE] Successfully decoded transaction with hash: 4797593094c0d1c3b756ab87dd91f36cf25fb49dd1a4d372963aaf7a9dd236d2
2025-09-15 11:45:40.929 TRACE client[0]: Processing transaction with hash: 4797593094c0d1c3b756ab87dd91f36cf25fb49dd1a4d372963aaf7a9dd236d2
2025-09-15 11:45:40.929 DEBUG client[0]: Submitting transaction 4797593094c0d1c3b756ab87dd91f36cf25fb49dd1a4d372963aaf7a9dd236d2
2025-09-15 11:45:41.012 TRACE : trigger interaction 0xc0006cdb30 764/1200
[TRACE] Decoding transaction bytes of length: 229
[TRACE] Transaction type: 6
[TRACE] Successfully decoded transaction with hash: 74edc1d9dd61ffc6c2725780437cebe4d8de5df872f05cc448f41b166e6126e6
2025-09-15 11:45:41.012 TRACE client[0]: Processing transaction with hash: 74edc1d9dd61ffc6c2725780437cebe4d8de5df872f05cc448f41b166e6126e6
2025-09-15 11:45:41.012 DEBUG client[0]: Submitting transaction 74edc1d9dd61ffc6c2725780437cebe4d8de5df872f05cc448f41b166e6126e6
2025-09-15 11:45:41.096 TRACE : trigger interaction 0xc0006cdc20 765/1200
[TRACE] Decoding transaction bytes of length: 229
[TRACE] Transaction type: 6
[TRACE] Successfully decoded transaction with hash: 7aecba37fbd468e659b4f7f44ee80768d161654c725ff121b284112df183de6b
2025-09-15 11:45:41.096 TRACE client[0]: Processing transaction with hash: 7aecba37fbd468e659b4f7f44ee80768d161654c725ff121b284112df183de6b
2025-09-15 11:45:41.096 DEBUG client[0]: Submitting transaction 7aecba37fbd468e659b4f7f44ee80768d161654c725ff121b284112df183de6b
2025-09-15 11:45:41.179 TRACE : trigger interaction 0xc0006cdd10 766/1200
[TRACE] Decoding transaction bytes of length: 229
[TRACE] Transaction type: 6
[TRACE] Successfully decoded transaction with hash: 815e4c4ba3fcdac7b6059c7d6e0ad69f58da0a34b08bd96671ab130b6da4b960
2025-09-15 11:45:41.179 TRACE client[0]: Processing transaction with hash: 815e4c4ba3fcdac7b6059c7d6e0ad69f58da0a34b08bd96671ab130b6da4b960
2025-09-15 11:45:41.179 DEBUG client[0]: Submitting transaction 815e4c4ba3fcdac7b6059c7d6e0ad69f58da0a34b08bd96671ab130b6da4b960
2025-09-15 11:45:41.262 TRACE : trigger interaction 0xc0006cde00 767/1200
[TRACE] Decoding transaction bytes of length: 229
[TRACE] Transaction type: 6
[TRACE] Successfully decoded transaction with hash: db41138491b9036ca55a02f7068ed52fc4f5c85c51377d65020f17fc99a37ddd
2025-09-15 11:45:41.262 TRACE client[0]: Processing transaction with hash: db41138491b9036ca55a02f7068ed52fc4f5c85c51377d65020f17fc99a37ddd
2025-09-15 11:45:41.262 DEBUG client[0]: Submitting transaction db41138491b9036ca55a02f7068ed52fc4f5c85c51377d65020f17fc99a37ddd
2025-09-15 11:45:41.346 TRACE : trigger interaction 0xc0006cdef0 768/1200
[TRACE] Decoding transaction bytes of length: 229
[TRACE] Transaction type: 6
[TRACE] Successfully decoded transaction with hash: 0fd36867a8bbb2b03d57ecb8aa6d15bcd7277eb6a7b4f7d18cc92d1b869c1f20
2025-09-15 11:45:41.346 TRACE client[0]: Processing transaction with hash: 0fd36867a8bbb2b03d57ecb8aa6d15bcd7277eb6a7b4f7d18cc92d1b869c1f20
2025-09-15 11:45:41.346 DEBUG client[0]: Submitting transaction 0fd36867a8bbb2b03d57ecb8aa6d15bcd7277eb6a7b4f7d18cc92d1b869c1f20
2025-09-15 11:45:41.429 TRACE : trigger interaction 0xc0006ec000 769/1200
[TRACE] Decoding transaction bytes of length: 229
[TRACE] Transaction type: 6
[TRACE] Successfully decoded transaction with hash: 6956aec969c115764300d49e8259a0d7f0317fd8fe24f11033745d3201517ab8
2025-09-15 11:45:41.430 TRACE client[0]: Processing transaction with hash: 6956aec969c115764300d49e8259a0d7f0317fd8fe24f11033745d3201517ab8
2025-09-15 11:45:41.430 DEBUG client[0]: Submitting transaction 6956aec969c115764300d49e8259a0d7f0317fd8fe24f11033745d3201517ab8
2025-09-15 11:45:41.512 TRACE : trigger interaction 0xc000578000 770/1200
[TRACE] Decoding transaction bytes of length: 229
[TRACE] Transaction type: 6
[TRACE] Successfully decoded transaction with hash: 2f7e2af5d02b83cb45dd357c6a9aaa2a2930ca6fc5553d5e32fcb8cc77b781cf
2025-09-15 11:45:41.512 TRACE client[0]: Processing transaction with hash: 2f7e2af5d02b83cb45dd357c6a9aaa2a2930ca6fc5553d5e32fcb8cc77b781cf
2025-09-15 11:45:41.512 DEBUG client[0]: Submitting transaction 2f7e2af5d02b83cb45dd357c6a9aaa2a2930ca6fc5553d5e32fcb8cc77b781cf
2025-09-15 11:45:41.596 TRACE : trigger interaction 0xc0005780f0 771/1200
[TRACE] Decoding transaction bytes of length: 229
[TRACE] Transaction type: 6
[TRACE] Successfully decoded transaction with hash: 3b864f17bcdc4bc917fe566a7304ef43757abe89fb5aaac6c40f5bd9944f67d0
2025-09-15 11:45:41.596 TRACE client[0]: Processing transaction with hash: 3b864f17bcdc4bc917fe566a7304ef43757abe89fb5aaac6c40f5bd9944f67d0
2025-09-15 11:45:41.596 DEBUG client[0]: Submitting transaction 3b864f17bcdc4bc917fe566a7304ef43757abe89fb5aaac6c40f5bd9944f67d0
2025-09-15 11:45:41.679 TRACE : trigger interaction 0xc0005781e0 772/1200
[TRACE] Decoding transaction bytes of length: 229
[TRACE] Transaction type: 6
[TRACE] Successfully decoded transaction with hash: 2b540f76359b193e57aed1b6c65815577f8f8de32164d6b6ed1b4fde234b0678
2025-09-15 11:45:41.679 TRACE client[0]: Processing transaction with hash: 2b540f76359b193e57aed1b6c65815577f8f8de32164d6b6ed1b4fde234b0678
2025-09-15 11:45:41.679 DEBUG client[0]: Submitting transaction 2b540f76359b193e57aed1b6c65815577f8f8de32164d6b6ed1b4fde234b0678
2025-09-15 11:45:41.762 TRACE : trigger interaction 0xc0005782d0 773/1200
[TRACE] Decoding transaction bytes of length: 229
[TRACE] Transaction type: 6
[TRACE] Successfully decoded transaction with hash: 1dff9712123c4d701245625df96c195e117532eb13f4f271e9156c03f83779b2
2025-09-15 11:45:41.762 TRACE client[0]: Processing transaction with hash: 1dff9712123c4d701245625df96c195e117532eb13f4f271e9156c03f83779b2
2025-09-15 11:45:41.762 DEBUG client[0]: Submitting transaction 1dff9712123c4d701245625df96c195e117532eb13f4f271e9156c03f83779b2
2025-09-15 11:45:41.845 TRACE : trigger interaction 0xc0005783c0 774/1200
[TRACE] Decoding transaction bytes of length: 229
[TRACE] Transaction type: 6
[TRACE] Successfully decoded transaction with hash: 7f4205f93672e20ef268df5a44a41e5d037c094ce57521d64b25d297f69a6f06
2025-09-15 11:45:41.846 TRACE client[0]: Processing transaction with hash: 7f4205f93672e20ef268df5a44a41e5d037c094ce57521d64b25d297f69a6f06
2025-09-15 11:45:41.846 DEBUG client[0]: Submitting transaction 7f4205f93672e20ef268df5a44a41e5d037c094ce57521d64b25d297f69a6f06
2025-09-15 11:45:41.929 TRACE : trigger interaction 0xc0005784b0 775/1200
[TRACE] Decoding transaction bytes of length: 229
[TRACE] Transaction type: 6
[TRACE] Successfully decoded transaction with hash: e6dc7b8c108c12fc60033a1efd2a155c11f1068f8ecf4c34a10d4c3a7dfe63c8
2025-09-15 11:45:41.929 TRACE client[0]: Processing transaction with hash: e6dc7b8c108c12fc60033a1efd2a155c11f1068f8ecf4c34a10d4c3a7dfe63c8
2025-09-15 11:45:41.929 DEBUG client[0]: Submitting transaction e6dc7b8c108c12fc60033a1efd2a155c11f1068f8ecf4c34a10d4c3a7dfe63c8
2025-09-15 11:45:42.012 TRACE : trigger interaction 0xc0005785a0 776/1200
[TRACE] Decoding transaction bytes of length: 229
[TRACE] Transaction type: 6
[TRACE] Successfully decoded transaction with hash: a5ad7a36cebb1e2e26322f7aefc4a8e8f71c6e6a2977f7cac6827e6253d85074
2025-09-15 11:45:42.012 TRACE client[0]: Processing transaction with hash: a5ad7a36cebb1e2e26322f7aefc4a8e8f71c6e6a2977f7cac6827e6253d85074
2025-09-15 11:45:42.012 DEBUG client[0]: Submitting transaction a5ad7a36cebb1e2e26322f7aefc4a8e8f71c6e6a2977f7cac6827e6253d85074
2025-09-15 11:45:42.096 TRACE : trigger interaction 0xc000578690 777/1200
[TRACE] Decoding transaction bytes of length: 229
[TRACE] Transaction type: 6
[TRACE] Successfully decoded transaction with hash: 52d492720c4e5f8b28ef16bc1bca5576649347ace140b53bc263ad377d5a15b3
2025-09-15 11:45:42.096 TRACE client[0]: Processing transaction with hash: 52d492720c4e5f8b28ef16bc1bca5576649347ace140b53bc263ad377d5a15b3
2025-09-15 11:45:42.096 DEBUG client[0]: Submitting transaction 52d492720c4e5f8b28ef16bc1bca5576649347ace140b53bc263ad377d5a15b3
2025-09-15 11:45:42.179 TRACE : trigger interaction 0xc000578780 778/1200
[TRACE] Decoding transaction bytes of length: 229
[TRACE] Transaction type: 6
[TRACE] Successfully decoded transaction with hash: 4337075d2caaa9e8e93834d378613f99da878d13a2fb9067a12444590486b146
2025-09-15 11:45:42.179 TRACE client[0]: Processing transaction with hash: 4337075d2caaa9e8e93834d378613f99da878d13a2fb9067a12444590486b146
2025-09-15 11:45:42.179 DEBUG client[0]: Submitting transaction 4337075d2caaa9e8e93834d378613f99da878d13a2fb9067a12444590486b146
2025-09-15 11:45:42.263 TRACE : trigger interaction 0xc000578870 779/1200
[TRACE] Decoding transaction bytes of length: 229
[TRACE] Transaction type: 6
[TRACE] Successfully decoded transaction with hash: eb421a3ebdb9443227044229d0cb598e954c82a9a06d9ae484486e55026cec69
2025-09-15 11:45:42.263 TRACE client[0]: Processing transaction with hash: eb421a3ebdb9443227044229d0cb598e954c82a9a06d9ae484486e55026cec69
2025-09-15 11:45:42.263 DEBUG client[0]: Submitting transaction eb421a3ebdb9443227044229d0cb598e954c82a9a06d9ae484486e55026cec69
2025-09-15 11:45:42.346 TRACE : trigger interaction 0xc000578960 780/1200
[TRACE] Decoding transaction bytes of length: 229
[TRACE] Transaction type: 6
[TRACE] Successfully decoded transaction with hash: 67c897794e1ecbebc199a457cddfdf5de73fe85ad4d9b4b2b46b78a356e04a6e
2025-09-15 11:45:42.346 TRACE client[0]: Processing transaction with hash: 67c897794e1ecbebc199a457cddfdf5de73fe85ad4d9b4b2b46b78a356e04a6e
2025-09-15 11:45:42.346 DEBUG client[0]: Submitting transaction 67c897794e1ecbebc199a457cddfdf5de73fe85ad4d9b4b2b46b78a356e04a6e
2025-09-15 11:45:42.429 TRACE : trigger interaction 0xc000578a50 781/1200
[TRACE] Decoding transaction bytes of length: 229
[TRACE] Transaction type: 6
[TRACE] Successfully decoded transaction with hash: 80a265572b062d2c8f94771925a392132e4980db7d08150ed640025e0d1edcb8
2025-09-15 11:45:42.429 TRACE client[0]: Processing transaction with hash: 80a265572b062d2c8f94771925a392132e4980db7d08150ed640025e0d1edcb8
2025-09-15 11:45:42.429 DEBUG client[0]: Submitting transaction 80a265572b062d2c8f94771925a392132e4980db7d08150ed640025e0d1edcb8
2025-09-15 11:45:42.512 TRACE : trigger interaction 0xc000578b40 782/1200
[TRACE] Decoding transaction bytes of length: 229
[TRACE] Transaction type: 6
[TRACE] Successfully decoded transaction with hash: 8fe011423b833d78c990270077ed7a4ca8baa069924bf7fc110bfe756bb4f828
2025-09-15 11:45:42.512 TRACE client[0]: Processing transaction with hash: 8fe011423b833d78c990270077ed7a4ca8baa069924bf7fc110bfe756bb4f828
2025-09-15 11:45:42.512 DEBUG client[0]: Submitting transaction 8fe011423b833d78c990270077ed7a4ca8baa069924bf7fc110bfe756bb4f828
2025-09-15 11:45:42.596 TRACE : trigger interaction 0xc000578c30 783/1200
[TRACE] Decoding transaction bytes of length: 229
[TRACE] Transaction type: 6
[TRACE] Successfully decoded transaction with hash: 96770c9bb44ad8188d3cea66bf264bef219cc9cc3d1beae752ddc4757533824a
2025-09-15 11:45:42.596 TRACE client[0]: Processing transaction with hash: 96770c9bb44ad8188d3cea66bf264bef219cc9cc3d1beae752ddc4757533824a
2025-09-15 11:45:42.596 DEBUG client[0]: Submitting transaction 96770c9bb44ad8188d3cea66bf264bef219cc9cc3d1beae752ddc4757533824a
2025-09-15 11:45:42.679 TRACE : trigger interaction 0xc000578d20 784/1200
[TRACE] Decoding transaction bytes of length: 229
[TRACE] Transaction type: 6
[TRACE] Successfully decoded transaction with hash: f73312bc2f3445634c27ff01a7eb6931f4cadfe67c0977f39972156f79e8a2a3
2025-09-15 11:45:42.679 TRACE client[0]: Processing transaction with hash: f73312bc2f3445634c27ff01a7eb6931f4cadfe67c0977f39972156f79e8a2a3
2025-09-15 11:45:42.679 DEBUG client[0]: Submitting transaction f73312bc2f3445634c27ff01a7eb6931f4cadfe67c0977f39972156f79e8a2a3
2025-09-15 11:45:42.762 TRACE : trigger interaction 0xc000578e10 785/1200
[TRACE] Decoding transaction bytes of length: 229
[TRACE] Transaction type: 6
[TRACE] Successfully decoded transaction with hash: 45cb4a31e68e5e1b25cacffd6b2c6e612d4b01b558f0f4b7ad98325e275e1b9e
2025-09-15 11:45:42.762 TRACE client[0]: Processing transaction with hash: 45cb4a31e68e5e1b25cacffd6b2c6e612d4b01b558f0f4b7ad98325e275e1b9e
2025-09-15 11:45:42.762 DEBUG client[0]: Submitting transaction 45cb4a31e68e5e1b25cacffd6b2c6e612d4b01b558f0f4b7ad98325e275e1b9e
2025-09-15 11:45:42.846 TRACE : trigger interaction 0xc000578f00 786/1200
[TRACE] Decoding transaction bytes of length: 229
[TRACE] Transaction type: 6
[TRACE] Successfully decoded transaction with hash: fec24a512d0c89c85258bfec49229ec4b5e6579a68ab8cbf45657e327376e61d
2025-09-15 11:45:42.846 TRACE client[0]: Processing transaction with hash: fec24a512d0c89c85258bfec49229ec4b5e6579a68ab8cbf45657e327376e61d
2025-09-15 11:45:42.846 DEBUG client[0]: Submitting transaction fec24a512d0c89c85258bfec49229ec4b5e6579a68ab8cbf45657e327376e61d
2025-09-15 11:45:42.929 TRACE : trigger interaction 0xc0006ec0f0 787/1200
[TRACE] Decoding transaction bytes of length: 229
[TRACE] Transaction type: 6
[TRACE] Successfully decoded transaction with hash: d9b90c0a6fad321de79b5a666fb3711ad448a0865533265d83262bb87b9c45fc
2025-09-15 11:45:42.929 TRACE client[0]: Processing transaction with hash: d9b90c0a6fad321de79b5a666fb3711ad448a0865533265d83262bb87b9c45fc
2025-09-15 11:45:42.929 DEBUG client[0]: Submitting transaction d9b90c0a6fad321de79b5a666fb3711ad448a0865533265d83262bb87b9c45fc
2025-09-15 11:45:43.012 TRACE : trigger interaction 0xc0006ec1e0 788/1200
[TRACE] Decoding transaction bytes of length: 229
[TRACE] Transaction type: 6
[TRACE] Successfully decoded transaction with hash: 94565d62a4281fd2efdbaba113e0c2084523d3b9fa3516d24c7bd9fd13110828
2025-09-15 11:45:43.012 TRACE client[0]: Processing transaction with hash: 94565d62a4281fd2efdbaba113e0c2084523d3b9fa3516d24c7bd9fd13110828
2025-09-15 11:45:43.012 DEBUG client[0]: Submitting transaction 94565d62a4281fd2efdbaba113e0c2084523d3b9fa3516d24c7bd9fd13110828
2025-09-15 11:45:43.096 TRACE : trigger interaction 0xc0006ec2d0 789/1200
[TRACE] Decoding transaction bytes of length: 229
[TRACE] Transaction type: 6
[TRACE] Successfully decoded transaction with hash: c76edf89c01701e1a31e625885ecd1eabe7008107982a0ccdd4458e6e20042e5
2025-09-15 11:45:43.096 TRACE client[0]: Processing transaction with hash: c76edf89c01701e1a31e625885ecd1eabe7008107982a0ccdd4458e6e20042e5
2025-09-15 11:45:43.096 DEBUG client[0]: Submitting transaction c76edf89c01701e1a31e625885ecd1eabe7008107982a0ccdd4458e6e20042e5
2025-09-15 11:45:43.179 TRACE : trigger interaction 0xc0006ec3c0 790/1200
[TRACE] Decoding transaction bytes of length: 229
[TRACE] Transaction type: 6
[TRACE] Successfully decoded transaction with hash: ebd2ff6835ea317157c896d82ea9ce6542f8f8ef01b81675f3479852b2edc981
2025-09-15 11:45:43.179 TRACE client[0]: Processing transaction with hash: ebd2ff6835ea317157c896d82ea9ce6542f8f8ef01b81675f3479852b2edc981
2025-09-15 11:45:43.179 DEBUG client[0]: Submitting transaction ebd2ff6835ea317157c896d82ea9ce6542f8f8ef01b81675f3479852b2edc981
2025-09-15 11:45:43.262 TRACE : trigger interaction 0xc0006ec4b0 791/1200
[TRACE] Decoding transaction bytes of length: 229
[TRACE] Transaction type: 6
[TRACE] Successfully decoded transaction with hash: 53eb0f6b630b0cfe5c44557407be873cb323aaf1551155ff8db248f0524b26de
2025-09-15 11:45:43.262 TRACE client[0]: Processing transaction with hash: 53eb0f6b630b0cfe5c44557407be873cb323aaf1551155ff8db248f0524b26de
2025-09-15 11:45:43.262 DEBUG client[0]: Submitting transaction 53eb0f6b630b0cfe5c44557407be873cb323aaf1551155ff8db248f0524b26de
2025-09-15 11:45:43.346 TRACE : trigger interaction 0xc0006ec5a0 792/1200
[TRACE] Decoding transaction bytes of length: 229
[TRACE] Transaction type: 6
[TRACE] Successfully decoded transaction with hash: 60454e58ff5be12f0eaefaf2de31f04c8f2ea7416d281c7066c82a9c0d22c6dc
2025-09-15 11:45:43.346 TRACE client[0]: Processing transaction with hash: 60454e58ff5be12f0eaefaf2de31f04c8f2ea7416d281c7066c82a9c0d22c6dc
2025-09-15 11:45:43.346 DEBUG client[0]: Submitting transaction 60454e58ff5be12f0eaefaf2de31f04c8f2ea7416d281c7066c82a9c0d22c6dc
2025-09-15 11:45:43.429 TRACE : trigger interaction 0xc0006ec690 793/1200
[TRACE] Decoding transaction bytes of length: 229
[TRACE] Transaction type: 6
[TRACE] Successfully decoded transaction with hash: c102ada321b4ad73b9cb5afcf0dd5f23f4e65cc121f117a9c0812212a87d2c8a
2025-09-15 11:45:43.429 TRACE client[0]: Processing transaction with hash: c102ada321b4ad73b9cb5afcf0dd5f23f4e65cc121f117a9c0812212a87d2c8a
2025-09-15 11:45:43.429 DEBUG client[0]: Submitting transaction c102ada321b4ad73b9cb5afcf0dd5f23f4e65cc121f117a9c0812212a87d2c8a
2025-09-15 11:45:43.513 TRACE : trigger interaction 0xc0006ec780 794/1200
[TRACE] Decoding transaction bytes of length: 229
[TRACE] Transaction type: 6
[TRACE] Successfully decoded transaction with hash: 6a817d50310cf0c63650eb233fce995fe9e65ed6d5360e3c4368d1fbdc09d312
2025-09-15 11:45:43.513 TRACE client[0]: Processing transaction with hash: 6a817d50310cf0c63650eb233fce995fe9e65ed6d5360e3c4368d1fbdc09d312
2025-09-15 11:45:43.513 DEBUG client[0]: Submitting transaction 6a817d50310cf0c63650eb233fce995fe9e65ed6d5360e3c4368d1fbdc09d312
2025-09-15 11:45:43.596 TRACE : trigger interaction 0xc0006ec870 795/1200
[TRACE] Decoding transaction bytes of length: 229
[TRACE] Transaction type: 6
[TRACE] Successfully decoded transaction with hash: e30a6152699db2cb792d7fcb67e25a1581353fe34b7b5c7d1854411cc24f2ebc
2025-09-15 11:45:43.596 TRACE client[0]: Processing transaction with hash: e30a6152699db2cb792d7fcb67e25a1581353fe34b7b5c7d1854411cc24f2ebc
2025-09-15 11:45:43.596 DEBUG client[0]: Submitting transaction e30a6152699db2cb792d7fcb67e25a1581353fe34b7b5c7d1854411cc24f2ebc
2025-09-15 11:45:43.679 TRACE : trigger interaction 0xc0006ec960 796/1200
[TRACE] Decoding transaction bytes of length: 229
[TRACE] Transaction type: 6
[TRACE] Successfully decoded transaction with hash: 957ffbc929c3404e7111b97533706b5ffeae298c24f01fa2fa04ed20afa42e33
2025-09-15 11:45:43.679 TRACE client[0]: Processing transaction with hash: 957ffbc929c3404e7111b97533706b5ffeae298c24f01fa2fa04ed20afa42e33
2025-09-15 11:45:43.679 DEBUG client[0]: Submitting transaction 957ffbc929c3404e7111b97533706b5ffeae298c24f01fa2fa04ed20afa42e33
2025-09-15 11:45:43.762 TRACE : trigger interaction 0xc0006eca50 797/1200
[TRACE] Decoding transaction bytes of length: 229
[TRACE] Transaction type: 6
[TRACE] Successfully decoded transaction with hash: 8fee8db6a2b2279f2e922b21a05a41bb7b78f5606530c2fb7984b6d750b7fd17
2025-09-15 11:45:43.762 TRACE client[0]: Processing transaction with hash: 8fee8db6a2b2279f2e922b21a05a41bb7b78f5606530c2fb7984b6d750b7fd17
2025-09-15 11:45:43.762 DEBUG client[0]: Submitting transaction 8fee8db6a2b2279f2e922b21a05a41bb7b78f5606530c2fb7984b6d750b7fd17
2025-09-15 11:45:43.846 TRACE : trigger interaction 0xc0006ecb40 798/1200
[TRACE] Decoding transaction bytes of length: 229
[TRACE] Transaction type: 6
[TRACE] Successfully decoded transaction with hash: 4977f7ae61b401f33809c881d965503768004e8e7921ee7b4b0762036e58b5d8
2025-09-15 11:45:43.846 TRACE client[0]: Processing transaction with hash: 4977f7ae61b401f33809c881d965503768004e8e7921ee7b4b0762036e58b5d8
2025-09-15 11:45:43.846 DEBUG client[0]: Submitting transaction 4977f7ae61b401f33809c881d965503768004e8e7921ee7b4b0762036e58b5d8
2025-09-15 11:45:43.929 TRACE : trigger interaction 0xc0006ecc30 799/1200
[TRACE] Decoding transaction bytes of length: 229
[TRACE] Transaction type: 6
[TRACE] Successfully decoded transaction with hash: 360494b89ae896c7cc686fa8b62171b2c974ca3d02cbee7e07804fd85a61c496
2025-09-15 11:45:43.929 TRACE client[0]: Processing transaction with hash: 360494b89ae896c7cc686fa8b62171b2c974ca3d02cbee7e07804fd85a61c496
2025-09-15 11:45:43.929 DEBUG client[0]: Submitting transaction 360494b89ae896c7cc686fa8b62171b2c974ca3d02cbee7e07804fd85a61c496
2025-09-15 11:45:44.012 TRACE : trigger interaction 0xc0006ecd20 800/1200
[TRACE] Decoding transaction bytes of length: 229
[TRACE] Transaction type: 6
[TRACE] Successfully decoded transaction with hash: fae684e010f2567825f696b0f2a0c4881ff5154455fcae9b5592714221e216a7
2025-09-15 11:45:44.012 TRACE client[0]: Processing transaction with hash: fae684e010f2567825f696b0f2a0c4881ff5154455fcae9b5592714221e216a7
2025-09-15 11:45:44.012 DEBUG client[0]: Submitting transaction fae684e010f2567825f696b0f2a0c4881ff5154455fcae9b5592714221e216a7
2025-09-15 11:45:44.096 TRACE : trigger interaction 0xc0006ece10 801/1200
[TRACE] Decoding transaction bytes of length: 229
[TRACE] Transaction type: 6
[TRACE] Successfully decoded transaction with hash: dc0722211fee07d695f66bc0ee996cf33f91268cb7bbeaa4e20cd9cfcb69b6e3
2025-09-15 11:45:44.096 TRACE client[0]: Processing transaction with hash: dc0722211fee07d695f66bc0ee996cf33f91268cb7bbeaa4e20cd9cfcb69b6e3
2025-09-15 11:45:44.096 DEBUG client[0]: Submitting transaction dc0722211fee07d695f66bc0ee996cf33f91268cb7bbeaa4e20cd9cfcb69b6e3
2025-09-15 11:45:44.179 TRACE : trigger interaction 0xc0006ecf00 802/1200
[TRACE] Decoding transaction bytes of length: 229
[TRACE] Transaction type: 6
[TRACE] Successfully decoded transaction with hash: 2245e899ffdfef71b7c056ff500f5e39ea87e57ace9cfda2ed52de2d69c3cb23
2025-09-15 11:45:44.179 TRACE client[0]: Processing transaction with hash: 2245e899ffdfef71b7c056ff500f5e39ea87e57ace9cfda2ed52de2d69c3cb23
2025-09-15 11:45:44.179 DEBUG client[0]: Submitting transaction 2245e899ffdfef71b7c056ff500f5e39ea87e57ace9cfda2ed52de2d69c3cb23
2025-09-15 11:45:44.263 TRACE : trigger interaction 0xc0006ecff0 803/1200
[TRACE] Decoding transaction bytes of length: 229
[TRACE] Transaction type: 6
[TRACE] Successfully decoded transaction with hash: 35b4e4f9b39fec89629840f623763fcaaf06e6ad3701963f749e572296387101
2025-09-15 11:45:44.263 TRACE client[0]: Processing transaction with hash: 35b4e4f9b39fec89629840f623763fcaaf06e6ad3701963f749e572296387101
2025-09-15 11:45:44.263 DEBUG client[0]: Submitting transaction 35b4e4f9b39fec89629840f623763fcaaf06e6ad3701963f749e572296387101
2025-09-15 11:45:44.346 TRACE : trigger interaction 0xc0000bf680 804/1200
[TRACE] Decoding transaction bytes of length: 229
[TRACE] Transaction type: 6
[TRACE] Successfully decoded transaction with hash: 7836c06ef1264adea3bec9162c36860dcff0e7f330bc0f36cfa92283ad1b6898
2025-09-15 11:45:44.346 TRACE client[0]: Processing transaction with hash: 7836c06ef1264adea3bec9162c36860dcff0e7f330bc0f36cfa92283ad1b6898
2025-09-15 11:45:44.346 DEBUG client[0]: Submitting transaction 7836c06ef1264adea3bec9162c36860dcff0e7f330bc0f36cfa92283ad1b6898
2025-09-15 11:45:44.429 TRACE : trigger interaction 0xc0000bf770 805/1200
[TRACE] Decoding transaction bytes of length: 229
[TRACE] Transaction type: 6
[TRACE] Successfully decoded transaction with hash: fe873d6fdaf48003970faf64a9823a8cb86c22b7ca27581e3661ff4b4fffa198
2025-09-15 11:45:44.430 TRACE client[0]: Processing transaction with hash: fe873d6fdaf48003970faf64a9823a8cb86c22b7ca27581e3661ff4b4fffa198
2025-09-15 11:45:44.430 DEBUG client[0]: Submitting transaction fe873d6fdaf48003970faf64a9823a8cb86c22b7ca27581e3661ff4b4fffa198
2025-09-15 11:45:44.513 TRACE : trigger interaction 0xc0000bf860 806/1200
[TRACE] Decoding transaction bytes of length: 229
[TRACE] Transaction type: 6
[TRACE] Successfully decoded transaction with hash: 0117330423f4edc4ef197fa3a76e8f9e86669c305ca3e662b6a89768caf73cee
2025-09-15 11:45:44.513 TRACE client[0]: Processing transaction with hash: 0117330423f4edc4ef197fa3a76e8f9e86669c305ca3e662b6a89768caf73cee
2025-09-15 11:45:44.513 DEBUG client[0]: Submitting transaction 0117330423f4edc4ef197fa3a76e8f9e86669c305ca3e662b6a89768caf73cee
2025-09-15 11:45:44.596 TRACE : trigger interaction 0xc0000bf950 807/1200
[TRACE] Decoding transaction bytes of length: 229
[TRACE] Transaction type: 6
[TRACE] Successfully decoded transaction with hash: 37ee2ef47654684ae43a724a4d982aa4a550873995385fca237ce5cfcfd95bcf
2025-09-15 11:45:44.596 TRACE client[0]: Processing transaction with hash: 37ee2ef47654684ae43a724a4d982aa4a550873995385fca237ce5cfcfd95bcf
2025-09-15 11:45:44.596 DEBUG client[0]: Submitting transaction 37ee2ef47654684ae43a724a4d982aa4a550873995385fca237ce5cfcfd95bcf
2025-09-15 11:45:44.679 TRACE : trigger interaction 0xc0000bfa40 808/1200
[TRACE] Decoding transaction bytes of length: 229
[TRACE] Transaction type: 6
[TRACE] Successfully decoded transaction with hash: 12301096a032733ac28c4da09bf569e3e5135a69a25a1538c9ac38e36f1f5600
2025-09-15 11:45:44.679 TRACE client[0]: Processing transaction with hash: 12301096a032733ac28c4da09bf569e3e5135a69a25a1538c9ac38e36f1f5600
2025-09-15 11:45:44.679 DEBUG client[0]: Submitting transaction 12301096a032733ac28c4da09bf569e3e5135a69a25a1538c9ac38e36f1f5600
2025-09-15 11:45:44.762 TRACE : trigger interaction 0xc0000bfb30 809/1200
[TRACE] Decoding transaction bytes of length: 229
[TRACE] Transaction type: 6
[TRACE] Successfully decoded transaction with hash: 9838f08a4b4fcac60d4261cfc934077c6cf7babcf1ba29febbf3ff5f95793a5f
2025-09-15 11:45:44.762 TRACE client[0]: Processing transaction with hash: 9838f08a4b4fcac60d4261cfc934077c6cf7babcf1ba29febbf3ff5f95793a5f
2025-09-15 11:45:44.762 DEBUG client[0]: Submitting transaction 9838f08a4b4fcac60d4261cfc934077c6cf7babcf1ba29febbf3ff5f95793a5f
2025-09-15 11:45:44.846 TRACE : trigger interaction 0xc0000bfc20 810/1200
[TRACE] Decoding transaction bytes of length: 229
[TRACE] Transaction type: 6
[TRACE] Successfully decoded transaction with hash: e465003ea6501e06464ccdaac1be8a5ba723f636ef96f31d7b65049341ed298d
2025-09-15 11:45:44.846 TRACE client[0]: Processing transaction with hash: e465003ea6501e06464ccdaac1be8a5ba723f636ef96f31d7b65049341ed298d
2025-09-15 11:45:44.846 DEBUG client[0]: Submitting transaction e465003ea6501e06464ccdaac1be8a5ba723f636ef96f31d7b65049341ed298d
2025-09-15 11:45:44.929 TRACE : trigger interaction 0xc0000bfd10 811/1200
[TRACE] Decoding transaction bytes of length: 229
[TRACE] Transaction type: 6
[TRACE] Successfully decoded transaction with hash: c34fae62e02585a436528f87d2bcfa12187e00f578e8a19401b49b9316ac7c13
2025-09-15 11:45:44.929 TRACE client[0]: Processing transaction with hash: c34fae62e02585a436528f87d2bcfa12187e00f578e8a19401b49b9316ac7c13
2025-09-15 11:45:44.929 DEBUG client[0]: Submitting transaction c34fae62e02585a436528f87d2bcfa12187e00f578e8a19401b49b9316ac7c13
2025-09-15 11:45:45.012 TRACE : trigger interaction 0xc0000bfe00 812/1200
[TRACE] Decoding transaction bytes of length: 229
[TRACE] Transaction type: 6
[TRACE] Successfully decoded transaction with hash: e268d9891d8215b3365719ea1a1498cdd1c0094124954fb931ffb18854e8855a
2025-09-15 11:45:45.013 TRACE client[0]: Processing transaction with hash: e268d9891d8215b3365719ea1a1498cdd1c0094124954fb931ffb18854e8855a
2025-09-15 11:45:45.013 DEBUG client[0]: Submitting transaction e268d9891d8215b3365719ea1a1498cdd1c0094124954fb931ffb18854e8855a
2025-09-15 11:45:45.095 TRACE : trigger interaction 0xc0000bfef0 813/1200
[TRACE] Decoding transaction bytes of length: 229
[TRACE] Transaction type: 6
[TRACE] Successfully decoded transaction with hash: cb14abbfa2d12604808f933809f89607f84aae85c9303454bbf3137ef54ea57b
2025-09-15 11:45:45.096 TRACE client[0]: Processing transaction with hash: cb14abbfa2d12604808f933809f89607f84aae85c9303454bbf3137ef54ea57b
2025-09-15 11:45:45.096 DEBUG client[0]: Submitting transaction cb14abbfa2d12604808f933809f89607f84aae85c9303454bbf3137ef54ea57b
2025-09-15 11:45:45.179 TRACE : trigger interaction 0xc000214000 814/1200
[TRACE] Decoding transaction bytes of length: 229
[TRACE] Transaction type: 6
[TRACE] Successfully decoded transaction with hash: 47f7b583e7179e46f462a0a794f6b807d040666ce4f14bdd35068c525fd2dcc2
2025-09-15 11:45:45.179 TRACE client[0]: Processing transaction with hash: 47f7b583e7179e46f462a0a794f6b807d040666ce4f14bdd35068c525fd2dcc2
2025-09-15 11:45:45.179 DEBUG client[0]: Submitting transaction 47f7b583e7179e46f462a0a794f6b807d040666ce4f14bdd35068c525fd2dcc2
2025-09-15 11:45:45.262 TRACE : trigger interaction 0xc0002140f0 815/1200
[TRACE] Decoding transaction bytes of length: 229
[TRACE] Transaction type: 6
[TRACE] Successfully decoded transaction with hash: b48675576f534907125ae247dc12649b92428b9b845379a6a4fd18edc71cfe47
2025-09-15 11:45:45.262 TRACE client[0]: Processing transaction with hash: b48675576f534907125ae247dc12649b92428b9b845379a6a4fd18edc71cfe47
2025-09-15 11:45:45.262 DEBUG client[0]: Submitting transaction b48675576f534907125ae247dc12649b92428b9b845379a6a4fd18edc71cfe47
2025-09-15 11:45:45.346 TRACE : trigger interaction 0xc0002141e0 816/1200
[TRACE] Decoding transaction bytes of length: 229
[TRACE] Transaction type: 6
[TRACE] Successfully decoded transaction with hash: ab9e1758d029d9bce2cab65ae4b70d6ec02ee3b087b87588405f23bedb0409bd
2025-09-15 11:45:45.346 TRACE client[0]: Processing transaction with hash: ab9e1758d029d9bce2cab65ae4b70d6ec02ee3b087b87588405f23bedb0409bd
2025-09-15 11:45:45.346 DEBUG client[0]: Submitting transaction ab9e1758d029d9bce2cab65ae4b70d6ec02ee3b087b87588405f23bedb0409bd
2025-09-15 11:45:45.429 TRACE : trigger interaction 0xc0002142d0 817/1200
[TRACE] Decoding transaction bytes of length: 229
[TRACE] Transaction type: 6
[TRACE] Successfully decoded transaction with hash: 19746ac963e006d27be2b0843148162111ba895e3e5084b23d63a4ecee70dfb6
2025-09-15 11:45:45.429 TRACE client[0]: Processing transaction with hash: 19746ac963e006d27be2b0843148162111ba895e3e5084b23d63a4ecee70dfb6
2025-09-15 11:45:45.429 DEBUG client[0]: Submitting transaction 19746ac963e006d27be2b0843148162111ba895e3e5084b23d63a4ecee70dfb6
2025-09-15 11:45:45.512 TRACE : trigger interaction 0xc0002143c0 818/1200
[TRACE] Decoding transaction bytes of length: 229
[TRACE] Transaction type: 6
[TRACE] Successfully decoded transaction with hash: 1b8b6abf5f083ca6cf4948a2e1d24d41592cb5324b5ba0c8934865a6965b8f46
2025-09-15 11:45:45.512 TRACE client[0]: Processing transaction with hash: 1b8b6abf5f083ca6cf4948a2e1d24d41592cb5324b5ba0c8934865a6965b8f46
2025-09-15 11:45:45.512 DEBUG client[0]: Submitting transaction 1b8b6abf5f083ca6cf4948a2e1d24d41592cb5324b5ba0c8934865a6965b8f46
2025-09-15 11:45:45.596 TRACE : trigger interaction 0xc0002144b0 819/1200
[TRACE] Decoding transaction bytes of length: 229
[TRACE] Transaction type: 6
[TRACE] Successfully decoded transaction with hash: a292ae723614eec7b817dc996d63381fa2c59fceb713d7d62cd39f926492896d
2025-09-15 11:45:45.596 TRACE client[0]: Processing transaction with hash: a292ae723614eec7b817dc996d63381fa2c59fceb713d7d62cd39f926492896d
2025-09-15 11:45:45.596 DEBUG client[0]: Submitting transaction a292ae723614eec7b817dc996d63381fa2c59fceb713d7d62cd39f926492896d
2025-09-15 11:45:45.679 TRACE : trigger interaction 0xc0006ed0e0 820/1200
[TRACE] Decoding transaction bytes of length: 229
[TRACE] Transaction type: 6
[TRACE] Successfully decoded transaction with hash: 73a0e3d55fa395d94ea980b6939a71464bc4ed1806f7b892770a8b76953c59dc
2025-09-15 11:45:45.679 TRACE client[0]: Processing transaction with hash: 73a0e3d55fa395d94ea980b6939a71464bc4ed1806f7b892770a8b76953c59dc
2025-09-15 11:45:45.679 DEBUG client[0]: Submitting transaction 73a0e3d55fa395d94ea980b6939a71464bc4ed1806f7b892770a8b76953c59dc
2025-09-15 11:45:45.762 TRACE : trigger interaction 0xc0006ed1d0 821/1200
[TRACE] Decoding transaction bytes of length: 229
[TRACE] Transaction type: 6
[TRACE] Successfully decoded transaction with hash: c7ac2f4ad310daad9137e8fe39d2bc5921b8f44488f4bc3d0e946761735154f1
2025-09-15 11:45:45.762 TRACE client[0]: Processing transaction with hash: c7ac2f4ad310daad9137e8fe39d2bc5921b8f44488f4bc3d0e946761735154f1
2025-09-15 11:45:45.762 DEBUG client[0]: Submitting transaction c7ac2f4ad310daad9137e8fe39d2bc5921b8f44488f4bc3d0e946761735154f1
2025-09-15 11:45:45.846 TRACE : trigger interaction 0xc0006ed2c0 822/1200
[TRACE] Decoding transaction bytes of length: 229
[TRACE] Transaction type: 6
[TRACE] Successfully decoded transaction with hash: e5551f4c5f1ccf688ac3aa94416b8c1687c65d73b946aead8c708f10a9d0b98b
2025-09-15 11:45:45.846 TRACE client[0]: Processing transaction with hash: e5551f4c5f1ccf688ac3aa94416b8c1687c65d73b946aead8c708f10a9d0b98b
2025-09-15 11:45:45.846 DEBUG client[0]: Submitting transaction e5551f4c5f1ccf688ac3aa94416b8c1687c65d73b946aead8c708f10a9d0b98b
2025-09-15 11:45:45.929 TRACE : trigger interaction 0xc0006ed3b0 823/1200
[TRACE] Decoding transaction bytes of length: 229
[TRACE] Transaction type: 6
[TRACE] Successfully decoded transaction with hash: 1a2f9c2a04008d7bd836adcb2adb65c19c50d13c43a733b8d01092b7ac9cb275
2025-09-15 11:45:45.929 TRACE client[0]: Processing transaction with hash: 1a2f9c2a04008d7bd836adcb2adb65c19c50d13c43a733b8d01092b7ac9cb275
2025-09-15 11:45:45.929 DEBUG client[0]: Submitting transaction 1a2f9c2a04008d7bd836adcb2adb65c19c50d13c43a733b8d01092b7ac9cb275
2025-09-15 11:45:46.012 TRACE : trigger interaction 0xc0006ed4a0 824/1200
[TRACE] Decoding transaction bytes of length: 229
[TRACE] Transaction type: 6
[TRACE] Successfully decoded transaction with hash: 766e5adb3814ef01051e433ca5f7059c864819cf7f380ff1931bc586ebfc9a58
2025-09-15 11:45:46.013 TRACE client[0]: Processing transaction with hash: 766e5adb3814ef01051e433ca5f7059c864819cf7f380ff1931bc586ebfc9a58
2025-09-15 11:45:46.013 DEBUG client[0]: Submitting transaction 766e5adb3814ef01051e433ca5f7059c864819cf7f380ff1931bc586ebfc9a58
2025-09-15 11:45:46.085 TRACE client[0]: Found transaction in block: 09e809643133cd227fa0ac1b5f05f87c7dfa3f0a355e0d4c099dda7e251843a0
2025-09-15 11:45:46.085 TRACE client[0]: Found transaction in block: 18a84b5e43f227368b1d24ec60fd38eda7d5ac453fd03eb8e3ccd5c66d2fb410
2025-09-15 11:45:46.085 TRACE client[0]: Found transaction in block: e503d0189d2070d3768f0a87a06ab6151d43e437afc4bc59cacb20bd62d5ea20
2025-09-15 11:45:46.085 TRACE client[0]: Found transaction in block: da3338cf322d6602a480baa4bed26e4d6fb0babaca3443dffc2832aa8e99497a
2025-09-15 11:45:46.085 TRACE client[0]: Found transaction in block: 8149481f13eea153541fc141b3b99842bbfb9220ac7e02310ea56bd36a95d97b
2025-09-15 11:45:46.085 TRACE client[0]: Found transaction in block: 93da72d8eb3c407a6fca061d94d924679dc1132a8b65c09989529316c8b8c776
2025-09-15 11:45:46.085 TRACE client[0]: Found transaction in block: 318ffbe3c4919632d911fa352706d2f2672ebeea4bd36f6afc9d0960b36cb93c
2025-09-15 11:45:46.085 TRACE client[0]: Found transaction in block: bd6f5deb703db9a8135403357a084e7ce55b44289d7694aa137dc1d3892e7a78
2025-09-15 11:45:46.085 TRACE client[0]: Found transaction in block: 091ffd25e1299b3f3700b5107332de7b779780ae8cbc8b6bb9305044cf5fdca9
2025-09-15 11:45:46.085 TRACE client[0]: Found transaction in block: cba9d97df7d7cbce6aeeaf8ec2e02a0c31c83e203c94db0a339b8ed1cb3adc30
2025-09-15 11:45:46.085 TRACE client[0]: Found transaction in block: ecc049bb910312f56ce12494949529bc5bdc055b266d81cf6bd858f0af83dd63
2025-09-15 11:45:46.085 TRACE client[0]: Found transaction in block: 8f7f1c0aebc8591db7dab34e113de1ed7f6083825dc5cefa09cc28daf1148886
2025-09-15 11:45:46.085 TRACE client[0]: Found transaction in block: e77b383bfc6a2593e570e4854fa3af79ec534f95dfcf39157c1262a6f0efc008
2025-09-15 11:45:46.085 TRACE client[0]: Found transaction in block: a09fee081ee0aba36f8a841c3d8302d587ca3918bef8aff6d9ac7197242b1ef3
2025-09-15 11:45:46.085 TRACE client[0]: Found transaction in block: 011f28dcc54abb9c3a376a4c26b95180a8cdabedd77441512366710af1ff03ee
2025-09-15 11:45:46.085 TRACE client[0]: Found transaction in block: d99286427ae3b2ff59eb1c498a54866cf65b7914ec271e638ae5526bb19aa5a6
2025-09-15 11:45:46.085 TRACE client[0]: Found transaction in block: c46f92b77b0a3c2753110cc7bc2cc910e50b5a41758f83e3a1f1544a6f7b3a14
2025-09-15 11:45:46.085 TRACE client[0]: Found transaction in block: 881c97c0d0783a3f537602444154adbba8a52054881b35b0b113d3165aa1bdf7
2025-09-15 11:45:46.085 TRACE client[0]: Found transaction in block: ee83f3bcebcca1e944c31fbb8e7b1e58b7232d672ff1c6d380748c2eecb40a1b
2025-09-15 11:45:46.085 TRACE client[0]: Found transaction in block: c68d566663c54ffab44f3167d666fb86c1453b41cf9d21b1ed848352bae0fc7b
2025-09-15 11:45:46.085 TRACE client[0]: Found transaction in block: 98e3927b51eb5448224985f10d887249961b12b84b7c6754f3b1f43779836cca
2025-09-15 11:45:46.085 TRACE client[0]: Found transaction in block: 0b5d3215c76be3b634564330429e4b89b28bd5b8cbf7083c0f7e6b154d433d91
2025-09-15 11:45:46.085 TRACE client[0]: Found transaction in block: 05ccc7cc3182390f3400d9700c215554d58674d0e224fb146f8bda7508fbedca
2025-09-15 11:45:46.085 TRACE client[0]: Found transaction in block: 5de53cd3f16f844a585989139726d3b0bc53cf246dbef4805ce3030ed8eec900
2025-09-15 11:45:46.085 TRACE client[0]: Found transaction in block: 14a090a4a5251c78a93da1c48086b0f6dc1012795a2891954d4d570014808e75
2025-09-15 11:45:46.086 TRACE client[0]: Found transaction in block: 87b635e253391e418e6c6b60843d1ce174a14e13a83b2898aa656386a1aa711d
2025-09-15 11:45:46.086 TRACE client[0]: Found transaction in block: 8a7fcefe51fa00b9ddbf4cbf39c93808aecda4ad3476bad563f49f4090c8b1d1
2025-09-15 11:45:46.086 TRACE client[0]: Found transaction in block: 22bb94796d5192f8fc18d8a9fb2f600baae4fb456a22d350c144204124b99db7
2025-09-15 11:45:46.086 TRACE client[0]: Found transaction in block: f25d31019076160d2af0dc8c5cd5bc53676a2647cfdd971b306ce7cd1b7eb1dc
2025-09-15 11:45:46.086 TRACE client[0]: Found transaction in block: 1026dd8f40546bf052926f6ee51a0018361d3a76f28e6e798631acfd224a96e9
2025-09-15 11:45:46.086 TRACE client[0]: Found transaction in block: bdfe537cceab6d670175ab4a6065862b5056eeeaf564d38419b725bac7f3c30b
2025-09-15 11:45:46.086 TRACE client[0]: Found transaction in block: 403961f8c2fcec738a0f0c22f643c7e61cca62767b91dc492928d08c1321c76a
2025-09-15 11:45:46.086 TRACE client[0]: Found transaction in block: 36f5f0ff383408cb7331a22af3a9624e48f74a4ceb003286114aabef3373ed82
2025-09-15 11:45:46.086 TRACE client[0]: Found transaction in block: e600f22751be9a23bee81616d4af73c2d24847ca8400a460f4c21f97442a355f
2025-09-15 11:45:46.086 TRACE client[0]: Found transaction in block: bdd1e0cf5218aa4e41c0402a9cf281dbb447454f129d84071607dc7e60221bcf
2025-09-15 11:45:46.086 TRACE client[0]: Found transaction in block: 4797593094c0d1c3b756ab87dd91f36cf25fb49dd1a4d372963aaf7a9dd236d2
2025-09-15 11:45:46.086 TRACE client[0]: Found transaction in block: 74edc1d9dd61ffc6c2725780437cebe4d8de5df872f05cc448f41b166e6126e6
2025-09-15 11:45:46.086 TRACE client[0]: Found transaction in block: 7aecba37fbd468e659b4f7f44ee80768d161654c725ff121b284112df183de6b
2025-09-15 11:45:46.086 TRACE client[0]: Found transaction in block: 815e4c4ba3fcdac7b6059c7d6e0ad69f58da0a34b08bd96671ab130b6da4b960
2025-09-15 11:45:46.086 TRACE client[0]: Found transaction in block: db41138491b9036ca55a02f7068ed52fc4f5c85c51377d65020f17fc99a37ddd
2025-09-15 11:45:46.086 TRACE client[0]: Found transaction in block: 0fd36867a8bbb2b03d57ecb8aa6d15bcd7277eb6a7b4f7d18cc92d1b869c1f20
2025-09-15 11:45:46.086 TRACE client[0]: Found transaction in block: 6956aec969c115764300d49e8259a0d7f0317fd8fe24f11033745d3201517ab8
2025-09-15 11:45:46.086 TRACE client[0]: Found transaction in block: 2f7e2af5d02b83cb45dd357c6a9aaa2a2930ca6fc5553d5e32fcb8cc77b781cf
2025-09-15 11:45:46.086 TRACE client[0]: Found transaction in block: 3b864f17bcdc4bc917fe566a7304ef43757abe89fb5aaac6c40f5bd9944f67d0
2025-09-15 11:45:46.086 TRACE client[0]: Found transaction in block: 2b540f76359b193e57aed1b6c65815577f8f8de32164d6b6ed1b4fde234b0678
2025-09-15 11:45:46.086 TRACE client[0]: Found transaction in block: 1dff9712123c4d701245625df96c195e117532eb13f4f271e9156c03f83779b2
2025-09-15 11:45:46.086 TRACE client[0]: Found transaction in block: 7f4205f93672e20ef268df5a44a41e5d037c094ce57521d64b25d297f69a6f06
2025-09-15 11:45:46.086 TRACE client[0]: Found transaction in block: e6dc7b8c108c12fc60033a1efd2a155c11f1068f8ecf4c34a10d4c3a7dfe63c8
2025-09-15 11:45:46.086 TRACE client[0]: Found transaction in block: a5ad7a36cebb1e2e26322f7aefc4a8e8f71c6e6a2977f7cac6827e6253d85074
2025-09-15 11:45:46.086 TRACE client[0]: Found transaction in block: 52d492720c4e5f8b28ef16bc1bca5576649347ace140b53bc263ad377d5a15b3
2025-09-15 11:45:46.086 TRACE client[0]: Found transaction in block: 4337075d2caaa9e8e93834d378613f99da878d13a2fb9067a12444590486b146
2025-09-15 11:45:46.086 TRACE client[0]: Found transaction in block: eb421a3ebdb9443227044229d0cb598e954c82a9a06d9ae484486e55026cec69
2025-09-15 11:45:46.086 TRACE client[0]: Found transaction in block: 67c897794e1ecbebc199a457cddfdf5de73fe85ad4d9b4b2b46b78a356e04a6e
2025-09-15 11:45:46.086 TRACE client[0]: Found transaction in block: 80a265572b062d2c8f94771925a392132e4980db7d08150ed640025e0d1edcb8
2025-09-15 11:45:46.086 TRACE client[0]: Found transaction in block: 8fe011423b833d78c990270077ed7a4ca8baa069924bf7fc110bfe756bb4f828
2025-09-15 11:45:46.086 TRACE client[0]: Found transaction in block: 96770c9bb44ad8188d3cea66bf264bef219cc9cc3d1beae752ddc4757533824a
2025-09-15 11:45:46.086 TRACE client[0]: Found transaction in block: f73312bc2f3445634c27ff01a7eb6931f4cadfe67c0977f39972156f79e8a2a3
2025-09-15 11:45:46.086 TRACE client[0]: Found transaction in block: 45cb4a31e68e5e1b25cacffd6b2c6e612d4b01b558f0f4b7ad98325e275e1b9e
2025-09-15 11:45:46.086 TRACE client[0]: Found transaction in block: fec24a512d0c89c85258bfec49229ec4b5e6579a68ab8cbf45657e327376e61d
2025-09-15 11:45:46.086 TRACE client[0]: Found transaction in block: d9b90c0a6fad321de79b5a666fb3711ad448a0865533265d83262bb87b9c45fc
2025-09-15 11:45:46.086 TRACE client[0]: Found transaction in block: 94565d62a4281fd2efdbaba113e0c2084523d3b9fa3516d24c7bd9fd13110828
2025-09-15 11:45:46.086 TRACE client[0]: Found transaction in block: c76edf89c01701e1a31e625885ecd1eabe7008107982a0ccdd4458e6e20042e5
2025-09-15 11:45:46.086 TRACE client[0]: Found transaction in block: ebd2ff6835ea317157c896d82ea9ce6542f8f8ef01b81675f3479852b2edc981
2025-09-15 11:45:46.086 TRACE client[0]: Found transaction in block: 53eb0f6b630b0cfe5c44557407be873cb323aaf1551155ff8db248f0524b26de
2025-09-15 11:45:46.086 TRACE client[0]: Found transaction in block: 60454e58ff5be12f0eaefaf2de31f04c8f2ea7416d281c7066c82a9c0d22c6dc
2025-09-15 11:45:46.086 TRACE client[0]: Found transaction in block: c102ada321b4ad73b9cb5afcf0dd5f23f4e65cc121f117a9c0812212a87d2c8a
2025-09-15 11:45:46.086 TRACE client[0]: Found transaction in block: 6a817d50310cf0c63650eb233fce995fe9e65ed6d5360e3c4368d1fbdc09d312
2025-09-15 11:45:46.086 TRACE client[0]: Found transaction in block: e30a6152699db2cb792d7fcb67e25a1581353fe34b7b5c7d1854411cc24f2ebc
2025-09-15 11:45:46.086 TRACE client[0]: Found transaction in block: 957ffbc929c3404e7111b97533706b5ffeae298c24f01fa2fa04ed20afa42e33
2025-09-15 11:45:46.086 TRACE client[0]: Found transaction in block: 8fee8db6a2b2279f2e922b21a05a41bb7b78f5606530c2fb7984b6d750b7fd17
2025-09-15 11:45:46.086 TRACE client[0]: Found transaction in block: 4977f7ae61b401f33809c881d965503768004e8e7921ee7b4b0762036e58b5d8
2025-09-15 11:45:46.086 TRACE client[0]: Found transaction in block: 360494b89ae896c7cc686fa8b62171b2c974ca3d02cbee7e07804fd85a61c496
2025-09-15 11:45:46.086 TRACE client[0]: Found transaction in block: fae684e010f2567825f696b0f2a0c4881ff5154455fcae9b5592714221e216a7
2025-09-15 11:45:46.086 TRACE client[0]: Found transaction in block: dc0722211fee07d695f66bc0ee996cf33f91268cb7bbeaa4e20cd9cfcb69b6e3
2025-09-15 11:45:46.086 TRACE client[0]: Found transaction in block: 2245e899ffdfef71b7c056ff500f5e39ea87e57ace9cfda2ed52de2d69c3cb23
2025-09-15 11:45:46.086 TRACE client[0]: Found transaction in block: 35b4e4f9b39fec89629840f623763fcaaf06e6ad3701963f749e572296387101
2025-09-15 11:45:46.086 TRACE client[0]: Found transaction in block: 7836c06ef1264adea3bec9162c36860dcff0e7f330bc0f36cfa92283ad1b6898
2025-09-15 11:45:46.086 TRACE client[0]: Found transaction in block: fe873d6fdaf48003970faf64a9823a8cb86c22b7ca27581e3661ff4b4fffa198
2025-09-15 11:45:46.086 TRACE client[0]: Found transaction in block: 0117330423f4edc4ef197fa3a76e8f9e86669c305ca3e662b6a89768caf73cee
2025-09-15 11:45:46.086 TRACE client[0]: Found transaction in block: 37ee2ef47654684ae43a724a4d982aa4a550873995385fca237ce5cfcfd95bcf
2025-09-15 11:45:46.086 TRACE client[0]: Found transaction in block: 12301096a032733ac28c4da09bf569e3e5135a69a25a1538c9ac38e36f1f5600
2025-09-15 11:45:46.086 TRACE client[0]: Found transaction in block: 9838f08a4b4fcac60d4261cfc934077c6cf7babcf1ba29febbf3ff5f95793a5f
2025-09-15 11:45:46.086 TRACE client[0]: Found transaction in block: e465003ea6501e06464ccdaac1be8a5ba723f636ef96f31d7b65049341ed298d
2025-09-15 11:45:46.086 TRACE client[0]: Found transaction in block: c34fae62e02585a436528f87d2bcfa12187e00f578e8a19401b49b9316ac7c13
2025-09-15 11:45:46.086 TRACE client[0]: Found transaction in block: e268d9891d8215b3365719ea1a1498cdd1c0094124954fb931ffb18854e8855a
2025-09-15 11:45:46.086 TRACE client[0]: Found transaction in block: cb14abbfa2d12604808f933809f89607f84aae85c9303454bbf3137ef54ea57b
2025-09-15 11:45:46.086 TRACE client[0]: Found transaction in block: 47f7b583e7179e46f462a0a794f6b807d040666ce4f14bdd35068c525fd2dcc2
2025-09-15 11:45:46.086 TRACE client[0]: Found transaction in block: b48675576f534907125ae247dc12649b92428b9b845379a6a4fd18edc71cfe47
2025-09-15 11:45:46.086 TRACE client[0]: Found transaction in block: ab9e1758d029d9bce2cab65ae4b70d6ec02ee3b087b87588405f23bedb0409bd
2025-09-15 11:45:46.086 TRACE client[0]: Found transaction in block: 19746ac963e006d27be2b0843148162111ba895e3e5084b23d63a4ecee70dfb6
2025-09-15 11:45:46.086 TRACE client[0]: Found transaction in block: 1b8b6abf5f083ca6cf4948a2e1d24d41592cb5324b5ba0c8934865a6965b8f46
2025-09-15 11:45:46.086 TRACE client[0]: Found transaction in block: a292ae723614eec7b817dc996d63381fa2c59fceb713d7d62cd39f926492896d
2025-09-15 11:45:46.086 TRACE client[0]: Found transaction in block: 73a0e3d55fa395d94ea980b6939a71464bc4ed1806f7b892770a8b76953c59dc
2025-09-15 11:45:46.086 TRACE client[0]: Found transaction in block: c7ac2f4ad310daad9137e8fe39d2bc5921b8f44488f4bc3d0e946761735154f1
2025-09-15 11:45:46.086 TRACE client[0]: Found transaction in block: e5551f4c5f1ccf688ac3aa94416b8c1687c65d73b946aead8c708f10a9d0b98b
2025-09-15 11:45:46.086 TRACE client[0]: Found transaction in block: 1a2f9c2a04008d7bd836adcb2adb65c19c50d13c43a733b8d01092b7ac9cb275
2025-09-15 11:45:46.086 TRACE client[0]: Found transaction in block: 766e5adb3814ef01051e433ca5f7059c864819cf7f380ff1931bc586ebfc9a58
2025-09-15 11:45:46.095 TRACE : trigger interaction 0xc0006ed590 825/1200
[TRACE] Decoding transaction bytes of length: 229
[TRACE] Transaction type: 6
[TRACE] Successfully decoded transaction with hash: 2c8db7e13db5b733877b1bea8261ab358fc48caaab4f0f8a4ce03b0e42b68353
2025-09-15 11:45:46.096 TRACE client[0]: Processing transaction with hash: 2c8db7e13db5b733877b1bea8261ab358fc48caaab4f0f8a4ce03b0e42b68353
2025-09-15 11:45:46.096 DEBUG client[0]: Submitting transaction 2c8db7e13db5b733877b1bea8261ab358fc48caaab4f0f8a4ce03b0e42b68353
2025-09-15 11:45:46.179 TRACE : trigger interaction 0xc0006ed680 826/1200
[TRACE] Decoding transaction bytes of length: 229
[TRACE] Transaction type: 6
[TRACE] Successfully decoded transaction with hash: 6e2ce7ba39b20dd8ad06815d8e356103eb75b96662a57b6eb57dcdca0feb53a2
2025-09-15 11:45:46.179 TRACE client[0]: Processing transaction with hash: 6e2ce7ba39b20dd8ad06815d8e356103eb75b96662a57b6eb57dcdca0feb53a2
2025-09-15 11:45:46.179 DEBUG client[0]: Submitting transaction 6e2ce7ba39b20dd8ad06815d8e356103eb75b96662a57b6eb57dcdca0feb53a2
2025-09-15 11:45:46.263 TRACE : trigger interaction 0xc0006ed770 827/1200
[TRACE] Decoding transaction bytes of length: 229
[TRACE] Transaction type: 6
[TRACE] Successfully decoded transaction with hash: f554d1b48fff425347dbbb51e6849055ba6771e408006f50b5571f3cca640a95
2025-09-15 11:45:46.263 TRACE client[0]: Processing transaction with hash: f554d1b48fff425347dbbb51e6849055ba6771e408006f50b5571f3cca640a95
2025-09-15 11:45:46.263 DEBUG client[0]: Submitting transaction f554d1b48fff425347dbbb51e6849055ba6771e408006f50b5571f3cca640a95
2025-09-15 11:45:46.346 TRACE : trigger interaction 0xc0006ed860 828/1200
[TRACE] Decoding transaction bytes of length: 229
[TRACE] Transaction type: 6
[TRACE] Successfully decoded transaction with hash: 5d159beb00378d63a7dc5bc9128d0910b2b082331312aba08bf11bc7ade5b84b
2025-09-15 11:45:46.346 TRACE client[0]: Processing transaction with hash: 5d159beb00378d63a7dc5bc9128d0910b2b082331312aba08bf11bc7ade5b84b
2025-09-15 11:45:46.346 DEBUG client[0]: Submitting transaction 5d159beb00378d63a7dc5bc9128d0910b2b082331312aba08bf11bc7ade5b84b
2025-09-15 11:45:46.429 TRACE : trigger interaction 0xc0006ed950 829/1200
[TRACE] Decoding transaction bytes of length: 229
[TRACE] Transaction type: 6
[TRACE] Successfully decoded transaction with hash: f5d158e6d0e74eb779c76a8933fe726261f00fb7e8d052ff98a4edb8834237ff
2025-09-15 11:45:46.429 TRACE client[0]: Processing transaction with hash: f5d158e6d0e74eb779c76a8933fe726261f00fb7e8d052ff98a4edb8834237ff
2025-09-15 11:45:46.429 DEBUG client[0]: Submitting transaction f5d158e6d0e74eb779c76a8933fe726261f00fb7e8d052ff98a4edb8834237ff
2025-09-15 11:45:46.513 TRACE : trigger interaction 0xc0006eda40 830/1200
[TRACE] Decoding transaction bytes of length: 229
[TRACE] Transaction type: 6
[TRACE] Successfully decoded transaction with hash: 7d211cc6adf8e5df833f82bb4159fb92afc6bd85a53237f55514f5ddc1e70943
2025-09-15 11:45:46.513 TRACE client[0]: Processing transaction with hash: 7d211cc6adf8e5df833f82bb4159fb92afc6bd85a53237f55514f5ddc1e70943
2025-09-15 11:45:46.513 DEBUG client[0]: Submitting transaction 7d211cc6adf8e5df833f82bb4159fb92afc6bd85a53237f55514f5ddc1e70943
2025-09-15 11:45:46.596 TRACE : trigger interaction 0xc0006edb30 831/1200
[TRACE] Decoding transaction bytes of length: 229
[TRACE] Transaction type: 6
[TRACE] Successfully decoded transaction with hash: a8f939b5d3251dbce25fa6d2cc981a1377db504442e801c7d09b629c70836518
2025-09-15 11:45:46.596 TRACE client[0]: Processing transaction with hash: a8f939b5d3251dbce25fa6d2cc981a1377db504442e801c7d09b629c70836518
2025-09-15 11:45:46.596 DEBUG client[0]: Submitting transaction a8f939b5d3251dbce25fa6d2cc981a1377db504442e801c7d09b629c70836518
2025-09-15 11:45:46.679 TRACE : trigger interaction 0xc0006edc20 832/1200
[TRACE] Decoding transaction bytes of length: 229
[TRACE] Transaction type: 6
[TRACE] Successfully decoded transaction with hash: 9b319567b534bc10fc40e7498824935214ee70847509319a7b310922129b28e2
2025-09-15 11:45:46.679 TRACE client[0]: Processing transaction with hash: 9b319567b534bc10fc40e7498824935214ee70847509319a7b310922129b28e2
2025-09-15 11:45:46.679 DEBUG client[0]: Submitting transaction 9b319567b534bc10fc40e7498824935214ee70847509319a7b310922129b28e2
2025-09-15 11:45:46.763 TRACE : trigger interaction 0xc0006edd10 833/1200
[TRACE] Decoding transaction bytes of length: 229
[TRACE] Transaction type: 6
[TRACE] Successfully decoded transaction with hash: 785bdedd79fa49364e74dddf9e36b472fd8a72a47abd79953df9418fa6e4657d
2025-09-15 11:45:46.763 TRACE client[0]: Processing transaction with hash: 785bdedd79fa49364e74dddf9e36b472fd8a72a47abd79953df9418fa6e4657d
2025-09-15 11:45:46.763 DEBUG client[0]: Submitting transaction 785bdedd79fa49364e74dddf9e36b472fd8a72a47abd79953df9418fa6e4657d
2025-09-15 11:45:46.846 TRACE : trigger interaction 0xc0006ede00 834/1200
[TRACE] Decoding transaction bytes of length: 229
[TRACE] Transaction type: 6
[TRACE] Successfully decoded transaction with hash: e40677abf9db52a100d436a51fb777a4481a9eb5e2cfe8fbf0a7bb7cba3f9c6c
2025-09-15 11:45:46.846 TRACE client[0]: Processing transaction with hash: e40677abf9db52a100d436a51fb777a4481a9eb5e2cfe8fbf0a7bb7cba3f9c6c
2025-09-15 11:45:46.846 DEBUG client[0]: Submitting transaction e40677abf9db52a100d436a51fb777a4481a9eb5e2cfe8fbf0a7bb7cba3f9c6c
2025-09-15 11:45:46.929 TRACE : trigger interaction 0xc0006edef0 835/1200
[TRACE] Decoding transaction bytes of length: 229
[TRACE] Transaction type: 6
[TRACE] Successfully decoded transaction with hash: 9c2e549a1b8a9376521a70d1a801a8e224176d0a24765fcd37b5b96a639e2ce6
2025-09-15 11:45:46.929 TRACE client[0]: Processing transaction with hash: 9c2e549a1b8a9376521a70d1a801a8e224176d0a24765fcd37b5b96a639e2ce6
2025-09-15 11:45:46.929 DEBUG client[0]: Submitting transaction 9c2e549a1b8a9376521a70d1a801a8e224176d0a24765fcd37b5b96a639e2ce6
2025-09-15 11:45:47.013 TRACE : trigger interaction 0xc0006fe000 836/1200
[TRACE] Decoding transaction bytes of length: 229
[TRACE] Transaction type: 6
[TRACE] Successfully decoded transaction with hash: a5a279e92a6a7530a3004b30556347bf4d16e4b8b7e5e765ea3fae80b65d59e6
2025-09-15 11:45:47.013 TRACE client[0]: Processing transaction with hash: a5a279e92a6a7530a3004b30556347bf4d16e4b8b7e5e765ea3fae80b65d59e6
2025-09-15 11:45:47.013 DEBUG client[0]: Submitting transaction a5a279e92a6a7530a3004b30556347bf4d16e4b8b7e5e765ea3fae80b65d59e6
2025-09-15 11:45:47.096 TRACE : trigger interaction 0xc000578ff0 837/1200
[TRACE] Decoding transaction bytes of length: 229
[TRACE] Transaction type: 6
[TRACE] Successfully decoded transaction with hash: 7d288410414652181a15cfcbb9006afebbf7110a70647868c2826ab0ee795bf8
2025-09-15 11:45:47.096 TRACE client[0]: Processing transaction with hash: 7d288410414652181a15cfcbb9006afebbf7110a70647868c2826ab0ee795bf8
2025-09-15 11:45:47.096 DEBUG client[0]: Submitting transaction 7d288410414652181a15cfcbb9006afebbf7110a70647868c2826ab0ee795bf8
2025-09-15 11:45:47.179 TRACE : trigger interaction 0xc0005790e0 838/1200
[TRACE] Decoding transaction bytes of length: 229
[TRACE] Transaction type: 6
[TRACE] Successfully decoded transaction with hash: b81d02bc7ed609444db51f97379b33ec8428ebbe40bcd997eb6fc946e337a9e7
2025-09-15 11:45:47.179 TRACE client[0]: Processing transaction with hash: b81d02bc7ed609444db51f97379b33ec8428ebbe40bcd997eb6fc946e337a9e7
2025-09-15 11:45:47.179 DEBUG client[0]: Submitting transaction b81d02bc7ed609444db51f97379b33ec8428ebbe40bcd997eb6fc946e337a9e7
2025-09-15 11:45:47.263 TRACE : trigger interaction 0xc0005791d0 839/1200
[TRACE] Decoding transaction bytes of length: 229
[TRACE] Transaction type: 6
[TRACE] Successfully decoded transaction with hash: ba5ae87aa057a42318de3f95a6a8f76efa237ff4c2d76c376d70f9681fc2ac83
2025-09-15 11:45:47.263 TRACE client[0]: Processing transaction with hash: ba5ae87aa057a42318de3f95a6a8f76efa237ff4c2d76c376d70f9681fc2ac83
2025-09-15 11:45:47.263 DEBUG client[0]: Submitting transaction ba5ae87aa057a42318de3f95a6a8f76efa237ff4c2d76c376d70f9681fc2ac83
2025-09-15 11:45:47.346 TRACE : trigger interaction 0xc0005792c0 840/1200
[TRACE] Decoding transaction bytes of length: 229
[TRACE] Transaction type: 6
[TRACE] Successfully decoded transaction with hash: 81054b4f81d4063f51a1072933de3bb6ad89d1264b758bd77e871d8061913405
2025-09-15 11:45:47.346 TRACE client[0]: Processing transaction with hash: 81054b4f81d4063f51a1072933de3bb6ad89d1264b758bd77e871d8061913405
2025-09-15 11:45:47.346 DEBUG client[0]: Submitting transaction 81054b4f81d4063f51a1072933de3bb6ad89d1264b758bd77e871d8061913405
2025-09-15 11:45:47.429 TRACE : trigger interaction 0xc0005793b0 841/1200
[TRACE] Decoding transaction bytes of length: 229
[TRACE] Transaction type: 6
[TRACE] Successfully decoded transaction with hash: d74d0628c73e31a85b34f3bb460468f8fecc2d44e0d2b8b5b7b49a3fa4fb1d35
2025-09-15 11:45:47.429 TRACE client[0]: Processing transaction with hash: d74d0628c73e31a85b34f3bb460468f8fecc2d44e0d2b8b5b7b49a3fa4fb1d35
2025-09-15 11:45:47.429 DEBUG client[0]: Submitting transaction d74d0628c73e31a85b34f3bb460468f8fecc2d44e0d2b8b5b7b49a3fa4fb1d35
2025-09-15 11:45:47.512 TRACE : trigger interaction 0xc0005794a0 842/1200
[TRACE] Decoding transaction bytes of length: 229
[TRACE] Transaction type: 6
[TRACE] Successfully decoded transaction with hash: 6d0f5156d277eb86db2aa7d8714d624d42af1add999f662a84b385107a76c2d3
2025-09-15 11:45:47.512 TRACE client[0]: Processing transaction with hash: 6d0f5156d277eb86db2aa7d8714d624d42af1add999f662a84b385107a76c2d3
2025-09-15 11:45:47.512 DEBUG client[0]: Submitting transaction 6d0f5156d277eb86db2aa7d8714d624d42af1add999f662a84b385107a76c2d3
2025-09-15 11:45:47.596 TRACE : trigger interaction 0xc000579590 843/1200
[TRACE] Decoding transaction bytes of length: 229
[TRACE] Transaction type: 6
[TRACE] Successfully decoded transaction with hash: 0c00fb48cc0d2036b3e71da2425050b3f219a2942a87218189a4c8912c9f3afb
2025-09-15 11:45:47.596 TRACE client[0]: Processing transaction with hash: 0c00fb48cc0d2036b3e71da2425050b3f219a2942a87218189a4c8912c9f3afb
2025-09-15 11:45:47.596 DEBUG client[0]: Submitting transaction 0c00fb48cc0d2036b3e71da2425050b3f219a2942a87218189a4c8912c9f3afb
2025-09-15 11:45:47.679 TRACE : trigger interaction 0xc000579680 844/1200
[TRACE] Decoding transaction bytes of length: 229
[TRACE] Transaction type: 6
[TRACE] Successfully decoded transaction with hash: 61fc8f75fbb99c2b3619718bef943f6a94e2f3e5ac0e69640045dcff897da35d
2025-09-15 11:45:47.679 TRACE client[0]: Processing transaction with hash: 61fc8f75fbb99c2b3619718bef943f6a94e2f3e5ac0e69640045dcff897da35d
2025-09-15 11:45:47.679 DEBUG client[0]: Submitting transaction 61fc8f75fbb99c2b3619718bef943f6a94e2f3e5ac0e69640045dcff897da35d
2025-09-15 11:45:47.762 TRACE : trigger interaction 0xc000579770 845/1200
[TRACE] Decoding transaction bytes of length: 229
[TRACE] Transaction type: 6
[TRACE] Successfully decoded transaction with hash: 7684c9fa948ce482c70ec7ffa916516ba62d9ec5d8dc582e3b88d9bda31690e8
2025-09-15 11:45:47.762 TRACE client[0]: Processing transaction with hash: 7684c9fa948ce482c70ec7ffa916516ba62d9ec5d8dc582e3b88d9bda31690e8
2025-09-15 11:45:47.762 DEBUG client[0]: Submitting transaction 7684c9fa948ce482c70ec7ffa916516ba62d9ec5d8dc582e3b88d9bda31690e8
2025-09-15 11:45:47.846 TRACE : trigger interaction 0xc000579860 846/1200
[TRACE] Decoding transaction bytes of length: 229
[TRACE] Transaction type: 6
[TRACE] Successfully decoded transaction with hash: ce5e60ab49cecacd338fce2ef02f08ce901be9d75788f4647b98863866f0838f
2025-09-15 11:45:47.847 TRACE client[0]: Processing transaction with hash: ce5e60ab49cecacd338fce2ef02f08ce901be9d75788f4647b98863866f0838f
2025-09-15 11:45:47.847 DEBUG client[0]: Submitting transaction ce5e60ab49cecacd338fce2ef02f08ce901be9d75788f4647b98863866f0838f
2025-09-15 11:45:47.929 TRACE : trigger interaction 0xc000579950 847/1200
[TRACE] Decoding transaction bytes of length: 229
[TRACE] Transaction type: 6
[TRACE] Successfully decoded transaction with hash: 295424b7dacc451f593ad3224dfa71775973ac4c6c6fc3dedecfece3a1d92755
2025-09-15 11:45:47.929 TRACE client[0]: Processing transaction with hash: 295424b7dacc451f593ad3224dfa71775973ac4c6c6fc3dedecfece3a1d92755
2025-09-15 11:45:47.929 DEBUG client[0]: Submitting transaction 295424b7dacc451f593ad3224dfa71775973ac4c6c6fc3dedecfece3a1d92755
2025-09-15 11:45:48.012 TRACE : trigger interaction 0xc000579a40 848/1200
[TRACE] Decoding transaction bytes of length: 229
[TRACE] Transaction type: 6
[TRACE] Successfully decoded transaction with hash: 384f408c5f5fb87448d7b82841ecce619a47b3405bac078bf93a94bcfdc1f878
2025-09-15 11:45:48.012 TRACE client[0]: Processing transaction with hash: 384f408c5f5fb87448d7b82841ecce619a47b3405bac078bf93a94bcfdc1f878
2025-09-15 11:45:48.012 DEBUG client[0]: Submitting transaction 384f408c5f5fb87448d7b82841ecce619a47b3405bac078bf93a94bcfdc1f878
2025-09-15 11:45:48.096 TRACE : trigger interaction 0xc000579b30 849/1200
[TRACE] Decoding transaction bytes of length: 229
[TRACE] Transaction type: 6
[TRACE] Successfully decoded transaction with hash: afa17e24d8e4f030a4390b5941f945b7e4b7c919604b75733fb2c90029def043
2025-09-15 11:45:48.096 TRACE client[0]: Processing transaction with hash: afa17e24d8e4f030a4390b5941f945b7e4b7c919604b75733fb2c90029def043
2025-09-15 11:45:48.096 DEBUG client[0]: Submitting transaction afa17e24d8e4f030a4390b5941f945b7e4b7c919604b75733fb2c90029def043
2025-09-15 11:45:48.179 TRACE : trigger interaction 0xc000579c20 850/1200
[TRACE] Decoding transaction bytes of length: 229
[TRACE] Transaction type: 6
[TRACE] Successfully decoded transaction with hash: 8886a4dd5ce22bee31cbcffd3b0b1ae422799105745945307684626cb573dae7
2025-09-15 11:45:48.179 TRACE client[0]: Processing transaction with hash: 8886a4dd5ce22bee31cbcffd3b0b1ae422799105745945307684626cb573dae7
2025-09-15 11:45:48.179 DEBUG client[0]: Submitting transaction 8886a4dd5ce22bee31cbcffd3b0b1ae422799105745945307684626cb573dae7
2025-09-15 11:45:48.262 TRACE : trigger interaction 0xc000579d10 851/1200
[TRACE] Decoding transaction bytes of length: 229
[TRACE] Transaction type: 6
[TRACE] Successfully decoded transaction with hash: 85c575d5aff1f5e6e582af7c37c2994beedf37e0ea7027b259915dee2a589261
2025-09-15 11:45:48.262 TRACE client[0]: Processing transaction with hash: 85c575d5aff1f5e6e582af7c37c2994beedf37e0ea7027b259915dee2a589261
2025-09-15 11:45:48.262 DEBUG client[0]: Submitting transaction 85c575d5aff1f5e6e582af7c37c2994beedf37e0ea7027b259915dee2a589261
2025-09-15 11:45:48.345 TRACE : trigger interaction 0xc000579e00 852/1200
[TRACE] Decoding transaction bytes of length: 229
[TRACE] Transaction type: 6
[TRACE] Successfully decoded transaction with hash: 02eab5013aa53c4050996d6cecbe65f356757d82b120d261a5bf3009b6b89929
2025-09-15 11:45:48.346 TRACE client[0]: Processing transaction with hash: 02eab5013aa53c4050996d6cecbe65f356757d82b120d261a5bf3009b6b89929
2025-09-15 11:45:48.346 DEBUG client[0]: Submitting transaction 02eab5013aa53c4050996d6cecbe65f356757d82b120d261a5bf3009b6b89929
2025-09-15 11:45:48.429 TRACE : trigger interaction 0xc000579ef0 853/1200
[TRACE] Decoding transaction bytes of length: 229
[TRACE] Transaction type: 6
[TRACE] Successfully decoded transaction with hash: de69a58fd328a5b195da7795b8447daa9877ed4c438fbd8ab38292ac3d9ccd8f
2025-09-15 11:45:48.429 TRACE client[0]: Processing transaction with hash: de69a58fd328a5b195da7795b8447daa9877ed4c438fbd8ab38292ac3d9ccd8f
2025-09-15 11:45:48.429 DEBUG client[0]: Submitting transaction de69a58fd328a5b195da7795b8447daa9877ed4c438fbd8ab38292ac3d9ccd8f
2025-09-15 11:45:48.512 TRACE : trigger interaction 0xc000026000 854/1200
[TRACE] Decoding transaction bytes of length: 229
[TRACE] Transaction type: 6
[TRACE] Successfully decoded transaction with hash: e5d8ac0ed4bb240aa4785fa3bca7525317fc4a5a832a873bc486da8cc8e9793c
2025-09-15 11:45:48.513 TRACE client[0]: Processing transaction with hash: e5d8ac0ed4bb240aa4785fa3bca7525317fc4a5a832a873bc486da8cc8e9793c
2025-09-15 11:45:48.513 DEBUG client[0]: Submitting transaction e5d8ac0ed4bb240aa4785fa3bca7525317fc4a5a832a873bc486da8cc8e9793c
2025-09-15 11:45:48.596 TRACE : trigger interaction 0xc0000260f0 855/1200
[TRACE] Decoding transaction bytes of length: 229
[TRACE] Transaction type: 6
[TRACE] Successfully decoded transaction with hash: e829e60d7a307f6f658cea902697111a675209408e69eb524ab7d4d3582d6b70
2025-09-15 11:45:48.596 TRACE client[0]: Processing transaction with hash: e829e60d7a307f6f658cea902697111a675209408e69eb524ab7d4d3582d6b70
2025-09-15 11:45:48.596 DEBUG client[0]: Submitting transaction e829e60d7a307f6f658cea902697111a675209408e69eb524ab7d4d3582d6b70
2025-09-15 11:45:48.679 TRACE : trigger interaction 0xc0000261e0 856/1200
[TRACE] Decoding transaction bytes of length: 229
[TRACE] Transaction type: 6
[TRACE] Successfully decoded transaction with hash: 5fd250bd321e4eff388e793e2374f7af97c5ade2961eb6c3cb77d79ea54e73fd
2025-09-15 11:45:48.679 TRACE client[0]: Processing transaction with hash: 5fd250bd321e4eff388e793e2374f7af97c5ade2961eb6c3cb77d79ea54e73fd
2025-09-15 11:45:48.679 DEBUG client[0]: Submitting transaction 5fd250bd321e4eff388e793e2374f7af97c5ade2961eb6c3cb77d79ea54e73fd
2025-09-15 11:45:48.762 TRACE : trigger interaction 0xc0000262d0 857/1200
[TRACE] Decoding transaction bytes of length: 229
[TRACE] Transaction type: 6
[TRACE] Successfully decoded transaction with hash: 020033ddae67af239d1a5cf4e061f255c0a4d81ff844d210de06b8270c9dadb3
2025-09-15 11:45:48.762 TRACE client[0]: Processing transaction with hash: 020033ddae67af239d1a5cf4e061f255c0a4d81ff844d210de06b8270c9dadb3
2025-09-15 11:45:48.762 DEBUG client[0]: Submitting transaction 020033ddae67af239d1a5cf4e061f255c0a4d81ff844d210de06b8270c9dadb3
2025-09-15 11:45:48.846 TRACE : trigger interaction 0xc0000263c0 858/1200
[TRACE] Decoding transaction bytes of length: 229
[TRACE] Transaction type: 6
[TRACE] Successfully decoded transaction with hash: 06b74d9fa9488e50634d898a7cab71b1120999cb3d96b6e21e064a76e5cd8473
2025-09-15 11:45:48.846 TRACE client[0]: Processing transaction with hash: 06b74d9fa9488e50634d898a7cab71b1120999cb3d96b6e21e064a76e5cd8473
2025-09-15 11:45:48.846 DEBUG client[0]: Submitting transaction 06b74d9fa9488e50634d898a7cab71b1120999cb3d96b6e21e064a76e5cd8473
2025-09-15 11:45:48.929 TRACE : trigger interaction 0xc0000264b0 859/1200
[TRACE] Decoding transaction bytes of length: 229
[TRACE] Transaction type: 6
[TRACE] Successfully decoded transaction with hash: bd6c1a4164ace31a37761e1d703d533af08186fbbb5d527e7691e74d7491430b
2025-09-15 11:45:48.929 TRACE client[0]: Processing transaction with hash: bd6c1a4164ace31a37761e1d703d533af08186fbbb5d527e7691e74d7491430b
2025-09-15 11:45:48.929 DEBUG client[0]: Submitting transaction bd6c1a4164ace31a37761e1d703d533af08186fbbb5d527e7691e74d7491430b
2025-09-15 11:45:49.012 TRACE : trigger interaction 0xc0000265a0 860/1200
[TRACE] Decoding transaction bytes of length: 229
[TRACE] Transaction type: 6
[TRACE] Successfully decoded transaction with hash: d8801df39ecf5527d0751c748529e0ec8327368011e5ac9e601aa23c6af5cca9
2025-09-15 11:45:49.012 TRACE client[0]: Processing transaction with hash: d8801df39ecf5527d0751c748529e0ec8327368011e5ac9e601aa23c6af5cca9
2025-09-15 11:45:49.012 DEBUG client[0]: Submitting transaction d8801df39ecf5527d0751c748529e0ec8327368011e5ac9e601aa23c6af5cca9
2025-09-15 11:45:49.096 TRACE : trigger interaction 0xc000026690 861/1200
[TRACE] Decoding transaction bytes of length: 229
[TRACE] Transaction type: 6
[TRACE] Successfully decoded transaction with hash: 107c8bdf4dad66b053ffec810057433a5561877ebb06bbe347a0713db39f03b7
2025-09-15 11:45:49.096 TRACE client[0]: Processing transaction with hash: 107c8bdf4dad66b053ffec810057433a5561877ebb06bbe347a0713db39f03b7
2025-09-15 11:45:49.096 DEBUG client[0]: Submitting transaction 107c8bdf4dad66b053ffec810057433a5561877ebb06bbe347a0713db39f03b7
2025-09-15 11:45:49.179 TRACE : trigger interaction 0xc000026780 862/1200
[TRACE] Decoding transaction bytes of length: 229
[TRACE] Transaction type: 6
[TRACE] Successfully decoded transaction with hash: 346b5229e67d79bc04a051ed8cb22065be284bf892aa319c0ea5b9fcf8211a31
2025-09-15 11:45:49.179 TRACE client[0]: Processing transaction with hash: 346b5229e67d79bc04a051ed8cb22065be284bf892aa319c0ea5b9fcf8211a31
2025-09-15 11:45:49.179 DEBUG client[0]: Submitting transaction 346b5229e67d79bc04a051ed8cb22065be284bf892aa319c0ea5b9fcf8211a31
2025-09-15 11:45:49.262 TRACE : trigger interaction 0xc000026870 863/1200
[TRACE] Decoding transaction bytes of length: 229
[TRACE] Transaction type: 6
[TRACE] Successfully decoded transaction with hash: e42d134f12055cdbaf82dc242cf70e7b7f93dde9bafe13970aebfa78c7086a6c
2025-09-15 11:45:49.262 TRACE client[0]: Processing transaction with hash: e42d134f12055cdbaf82dc242cf70e7b7f93dde9bafe13970aebfa78c7086a6c
2025-09-15 11:45:49.262 DEBUG client[0]: Submitting transaction e42d134f12055cdbaf82dc242cf70e7b7f93dde9bafe13970aebfa78c7086a6c
2025-09-15 11:45:49.345 TRACE : trigger interaction 0xc000026960 864/1200
[TRACE] Decoding transaction bytes of length: 229
[TRACE] Transaction type: 6
[TRACE] Successfully decoded transaction with hash: bc580758404eebf99ac15e7f00ae69d1a159e7febdafea2e783e30a848a4cdf9
2025-09-15 11:45:49.346 TRACE client[0]: Processing transaction with hash: bc580758404eebf99ac15e7f00ae69d1a159e7febdafea2e783e30a848a4cdf9
2025-09-15 11:45:49.346 DEBUG client[0]: Submitting transaction bc580758404eebf99ac15e7f00ae69d1a159e7febdafea2e783e30a848a4cdf9
2025-09-15 11:45:49.429 TRACE : trigger interaction 0xc000026a50 865/1200
[TRACE] Decoding transaction bytes of length: 229
[TRACE] Transaction type: 6
[TRACE] Successfully decoded transaction with hash: 8e3f25f2ff6fe2f7ce6e1a64fa07371ec114f0033fce5f7268a1fc9f30b35180
2025-09-15 11:45:49.430 TRACE client[0]: Processing transaction with hash: 8e3f25f2ff6fe2f7ce6e1a64fa07371ec114f0033fce5f7268a1fc9f30b35180
2025-09-15 11:45:49.430 DEBUG client[0]: Submitting transaction 8e3f25f2ff6fe2f7ce6e1a64fa07371ec114f0033fce5f7268a1fc9f30b35180
2025-09-15 11:45:49.512 TRACE : trigger interaction 0xc000026b40 866/1200
[TRACE] Decoding transaction bytes of length: 229
[TRACE] Transaction type: 6
[TRACE] Successfully decoded transaction with hash: 6d43617a3aeb3bd9ef4e93855db8b24a69cc7852e1ac204474016a67da040322
2025-09-15 11:45:49.513 TRACE client[0]: Processing transaction with hash: 6d43617a3aeb3bd9ef4e93855db8b24a69cc7852e1ac204474016a67da040322
2025-09-15 11:45:49.513 DEBUG client[0]: Submitting transaction 6d43617a3aeb3bd9ef4e93855db8b24a69cc7852e1ac204474016a67da040322
2025-09-15 11:45:49.595 TRACE : trigger interaction 0xc000026c30 867/1200
[TRACE] Decoding transaction bytes of length: 229
[TRACE] Transaction type: 6
[TRACE] Successfully decoded transaction with hash: 60ce5ae664a47bca331fd9dece8eb8be540fe930b7d0ad5777bd157db0afede4
2025-09-15 11:45:49.596 TRACE client[0]: Processing transaction with hash: 60ce5ae664a47bca331fd9dece8eb8be540fe930b7d0ad5777bd157db0afede4
2025-09-15 11:45:49.596 DEBUG client[0]: Submitting transaction 60ce5ae664a47bca331fd9dece8eb8be540fe930b7d0ad5777bd157db0afede4
2025-09-15 11:45:49.679 TRACE : trigger interaction 0xc000026d20 868/1200
[TRACE] Decoding transaction bytes of length: 229
[TRACE] Transaction type: 6
[TRACE] Successfully decoded transaction with hash: 1b9aebcc881180007c95b452319bdcf99cce3853eaae2b7102a0ada07b253b8c
2025-09-15 11:45:49.680 TRACE client[0]: Processing transaction with hash: 1b9aebcc881180007c95b452319bdcf99cce3853eaae2b7102a0ada07b253b8c
2025-09-15 11:45:49.680 DEBUG client[0]: Submitting transaction 1b9aebcc881180007c95b452319bdcf99cce3853eaae2b7102a0ada07b253b8c
2025-09-15 11:45:49.762 TRACE : trigger interaction 0xc000026e10 869/1200
[TRACE] Decoding transaction bytes of length: 229
[TRACE] Transaction type: 6
[TRACE] Successfully decoded transaction with hash: 14e26f38a13d434ededb5b05adf703620bb2c5055b102bc31515515703da6726
2025-09-15 11:45:49.763 TRACE client[0]: Processing transaction with hash: 14e26f38a13d434ededb5b05adf703620bb2c5055b102bc31515515703da6726
2025-09-15 11:45:49.763 DEBUG client[0]: Submitting transaction 14e26f38a13d434ededb5b05adf703620bb2c5055b102bc31515515703da6726
2025-09-15 11:45:49.845 TRACE : trigger interaction 0xc000026f00 870/1200
[TRACE] Decoding transaction bytes of length: 229
[TRACE] Transaction type: 6
[TRACE] Successfully decoded transaction with hash: 04664152e06e36536e537ec3ef1f5819a41c06d173e9480a6d5d0e768ea734ec
2025-09-15 11:45:49.846 TRACE client[0]: Processing transaction with hash: 04664152e06e36536e537ec3ef1f5819a41c06d173e9480a6d5d0e768ea734ec
2025-09-15 11:45:49.846 DEBUG client[0]: Submitting transaction 04664152e06e36536e537ec3ef1f5819a41c06d173e9480a6d5d0e768ea734ec
2025-09-15 11:45:49.929 TRACE : trigger interaction 0xc00057c000 871/1200
[TRACE] Decoding transaction bytes of length: 229
[TRACE] Transaction type: 6
[TRACE] Successfully decoded transaction with hash: 56cba33a9007e9d35bc5aa24731417d2a4bcd6c8c94e9e34888a99a2911c0310
2025-09-15 11:45:49.929 TRACE client[0]: Processing transaction with hash: 56cba33a9007e9d35bc5aa24731417d2a4bcd6c8c94e9e34888a99a2911c0310
2025-09-15 11:45:49.929 DEBUG client[0]: Submitting transaction 56cba33a9007e9d35bc5aa24731417d2a4bcd6c8c94e9e34888a99a2911c0310
2025-09-15 11:45:50.012 TRACE : trigger interaction 0xc00057c0f0 872/1200
[TRACE] Decoding transaction bytes of length: 229
[TRACE] Transaction type: 6
[TRACE] Successfully decoded transaction with hash: 4ecf37393ecf17c87813df31d790610c912b0a875b6ddefd85e7b258a2942afe
2025-09-15 11:45:50.012 TRACE client[0]: Processing transaction with hash: 4ecf37393ecf17c87813df31d790610c912b0a875b6ddefd85e7b258a2942afe
2025-09-15 11:45:50.012 DEBUG client[0]: Submitting transaction 4ecf37393ecf17c87813df31d790610c912b0a875b6ddefd85e7b258a2942afe
2025-09-15 11:45:50.096 TRACE : trigger interaction 0xc00057c1e0 873/1200
[TRACE] Decoding transaction bytes of length: 229
[TRACE] Transaction type: 6
[TRACE] Successfully decoded transaction with hash: acd78d240191aad11e51f99223d3af4e2944aa9bbce29f988ee53932ba68742d
2025-09-15 11:45:50.096 TRACE client[0]: Processing transaction with hash: acd78d240191aad11e51f99223d3af4e2944aa9bbce29f988ee53932ba68742d
2025-09-15 11:45:50.096 DEBUG client[0]: Submitting transaction acd78d240191aad11e51f99223d3af4e2944aa9bbce29f988ee53932ba68742d
2025-09-15 11:45:50.179 TRACE : trigger interaction 0xc00057c2d0 874/1200
[TRACE] Decoding transaction bytes of length: 229
[TRACE] Transaction type: 6
[TRACE] Successfully decoded transaction with hash: a3add274bf5a249eadb5d67ba32d0889ddb8c53b73bfb1def6ff5834c7612183
2025-09-15 11:45:50.179 TRACE client[0]: Processing transaction with hash: a3add274bf5a249eadb5d67ba32d0889ddb8c53b73bfb1def6ff5834c7612183
2025-09-15 11:45:50.179 DEBUG client[0]: Submitting transaction a3add274bf5a249eadb5d67ba32d0889ddb8c53b73bfb1def6ff5834c7612183
2025-09-15 11:45:50.262 TRACE : trigger interaction 0xc00057c3c0 875/1200
[TRACE] Decoding transaction bytes of length: 229
[TRACE] Transaction type: 6
[TRACE] Successfully decoded transaction with hash: 8e83978fb143e6b6623182daa0aa588c9b5eccaa2f078e3b79b8df4bc7b30973
2025-09-15 11:45:50.263 TRACE client[0]: Processing transaction with hash: 8e83978fb143e6b6623182daa0aa588c9b5eccaa2f078e3b79b8df4bc7b30973
2025-09-15 11:45:50.263 DEBUG client[0]: Submitting transaction 8e83978fb143e6b6623182daa0aa588c9b5eccaa2f078e3b79b8df4bc7b30973
2025-09-15 11:45:50.345 TRACE : trigger interaction 0xc00057c4b0 876/1200
[TRACE] Decoding transaction bytes of length: 229
[TRACE] Transaction type: 6
[TRACE] Successfully decoded transaction with hash: ff64b5a29b4a60617361e7fca040863b833bcf9dd81e74e062fb3d4b88a10f59
2025-09-15 11:45:50.346 TRACE client[0]: Processing transaction with hash: ff64b5a29b4a60617361e7fca040863b833bcf9dd81e74e062fb3d4b88a10f59
2025-09-15 11:45:50.346 DEBUG client[0]: Submitting transaction ff64b5a29b4a60617361e7fca040863b833bcf9dd81e74e062fb3d4b88a10f59
2025-09-15 11:45:50.429 TRACE : trigger interaction 0xc00057c5a0 877/1200
[TRACE] Decoding transaction bytes of length: 229
[TRACE] Transaction type: 6
[TRACE] Successfully decoded transaction with hash: 3ea7694b95df64c1cabf109cad26e572fabe38458ceb36ac258d7b2a096c59df
2025-09-15 11:45:50.429 TRACE client[0]: Processing transaction with hash: 3ea7694b95df64c1cabf109cad26e572fabe38458ceb36ac258d7b2a096c59df
2025-09-15 11:45:50.429 DEBUG client[0]: Submitting transaction 3ea7694b95df64c1cabf109cad26e572fabe38458ceb36ac258d7b2a096c59df
2025-09-15 11:45:50.512 TRACE : trigger interaction 0xc00057c690 878/1200
[TRACE] Decoding transaction bytes of length: 229
[TRACE] Transaction type: 6
[TRACE] Successfully decoded transaction with hash: 790324922fbe0118f8f1879500823ba1d695603d535db38a68fd940a2d793f46
2025-09-15 11:45:50.512 TRACE client[0]: Processing transaction with hash: 790324922fbe0118f8f1879500823ba1d695603d535db38a68fd940a2d793f46
2025-09-15 11:45:50.512 DEBUG client[0]: Submitting transaction 790324922fbe0118f8f1879500823ba1d695603d535db38a68fd940a2d793f46
2025-09-15 11:45:50.596 TRACE : trigger interaction 0xc00057c780 879/1200
[TRACE] Decoding transaction bytes of length: 229
[TRACE] Transaction type: 6
[TRACE] Successfully decoded transaction with hash: 6fae85d79571836af1825b3681b65c64a9e499af200589597fd18400f05592ea
2025-09-15 11:45:50.596 TRACE client[0]: Processing transaction with hash: 6fae85d79571836af1825b3681b65c64a9e499af200589597fd18400f05592ea
2025-09-15 11:45:50.596 DEBUG client[0]: Submitting transaction 6fae85d79571836af1825b3681b65c64a9e499af200589597fd18400f05592ea
2025-09-15 11:45:50.679 TRACE : trigger interaction 0xc00057c870 880/1200
[TRACE] Decoding transaction bytes of length: 229
[TRACE] Transaction type: 6
[TRACE] Successfully decoded transaction with hash: 8dcc5f012a4cce84b28024b2a11b97b175479232b838394ff28db900d869efec
2025-09-15 11:45:50.679 TRACE client[0]: Processing transaction with hash: 8dcc5f012a4cce84b28024b2a11b97b175479232b838394ff28db900d869efec
2025-09-15 11:45:50.679 DEBUG client[0]: Submitting transaction 8dcc5f012a4cce84b28024b2a11b97b175479232b838394ff28db900d869efec
2025-09-15 11:45:50.762 TRACE : trigger interaction 0xc00057c960 881/1200
[TRACE] Decoding transaction bytes of length: 229
[TRACE] Transaction type: 6
[TRACE] Successfully decoded transaction with hash: ee2224edcc2126c6e98baf7e8185048f1cf8990d329258ccc5801116c323e713
2025-09-15 11:45:50.762 TRACE client[0]: Processing transaction with hash: ee2224edcc2126c6e98baf7e8185048f1cf8990d329258ccc5801116c323e713
2025-09-15 11:45:50.762 DEBUG client[0]: Submitting transaction ee2224edcc2126c6e98baf7e8185048f1cf8990d329258ccc5801116c323e713
2025-09-15 11:45:50.846 TRACE : trigger interaction 0xc00057ca50 882/1200
[TRACE] Decoding transaction bytes of length: 229
[TRACE] Transaction type: 6
[TRACE] Successfully decoded transaction with hash: 5b6088d3890ad806023e4bfdcd327f13814ae468a3fc06af036dde1dd61c370b
2025-09-15 11:45:50.846 TRACE client[0]: Processing transaction with hash: 5b6088d3890ad806023e4bfdcd327f13814ae468a3fc06af036dde1dd61c370b
2025-09-15 11:45:50.846 DEBUG client[0]: Submitting transaction 5b6088d3890ad806023e4bfdcd327f13814ae468a3fc06af036dde1dd61c370b
2025-09-15 11:45:50.929 TRACE : trigger interaction 0xc00057cb40 883/1200
[TRACE] Decoding transaction bytes of length: 229
[TRACE] Transaction type: 6
[TRACE] Successfully decoded transaction with hash: 8601a02b75b83d16092acc7f24b68374bbfdfb2ce972d0930bf87ac8a2ba0ec2
2025-09-15 11:45:50.930 TRACE client[0]: Processing transaction with hash: 8601a02b75b83d16092acc7f24b68374bbfdfb2ce972d0930bf87ac8a2ba0ec2
2025-09-15 11:45:50.930 DEBUG client[0]: Submitting transaction 8601a02b75b83d16092acc7f24b68374bbfdfb2ce972d0930bf87ac8a2ba0ec2
2025-09-15 11:45:51.012 TRACE : trigger interaction 0xc00057cc30 884/1200
[TRACE] Decoding transaction bytes of length: 229
[TRACE] Transaction type: 6
[TRACE] Successfully decoded transaction with hash: d1afdcc389e1bb4bdad345d17a1b128b19a520b8f933d277243c23c1b44f0b88
2025-09-15 11:45:51.012 TRACE client[0]: Processing transaction with hash: d1afdcc389e1bb4bdad345d17a1b128b19a520b8f933d277243c23c1b44f0b88
2025-09-15 11:45:51.012 DEBUG client[0]: Submitting transaction d1afdcc389e1bb4bdad345d17a1b128b19a520b8f933d277243c23c1b44f0b88
2025-09-15 11:45:51.096 TRACE : trigger interaction 0xc00057cd20 885/1200
[TRACE] Decoding transaction bytes of length: 229
[TRACE] Transaction type: 6
[TRACE] Successfully decoded transaction with hash: 8b77da6508915024a4561ebfc69a113f7250821f4ad61b56f499ef1e75ee44bd
2025-09-15 11:45:51.096 TRACE client[0]: Processing transaction with hash: 8b77da6508915024a4561ebfc69a113f7250821f4ad61b56f499ef1e75ee44bd
2025-09-15 11:45:51.096 DEBUG client[0]: Submitting transaction 8b77da6508915024a4561ebfc69a113f7250821f4ad61b56f499ef1e75ee44bd
2025-09-15 11:45:51.179 TRACE : trigger interaction 0xc00057ce10 886/1200
[TRACE] Decoding transaction bytes of length: 229
[TRACE] Transaction type: 6
[TRACE] Successfully decoded transaction with hash: d0b2fee4409b052d2a0305a99846ddc61b2b9ca833a36813c1cfbec328d15c82
2025-09-15 11:45:51.179 TRACE client[0]: Processing transaction with hash: d0b2fee4409b052d2a0305a99846ddc61b2b9ca833a36813c1cfbec328d15c82
2025-09-15 11:45:51.179 DEBUG client[0]: Submitting transaction d0b2fee4409b052d2a0305a99846ddc61b2b9ca833a36813c1cfbec328d15c82
2025-09-15 11:45:51.262 TRACE : trigger interaction 0xc000026ff0 887/1200
[TRACE] Decoding transaction bytes of length: 229
[TRACE] Transaction type: 6
[TRACE] Successfully decoded transaction with hash: f66ce097500fa94b1e9aa90b1e8a4fa5d72dcc175af7239a0393668fd7099346
2025-09-15 11:45:51.262 TRACE client[0]: Processing transaction with hash: f66ce097500fa94b1e9aa90b1e8a4fa5d72dcc175af7239a0393668fd7099346
2025-09-15 11:45:51.262 DEBUG client[0]: Submitting transaction f66ce097500fa94b1e9aa90b1e8a4fa5d72dcc175af7239a0393668fd7099346
2025-09-15 11:45:51.345 TRACE : trigger interaction 0xc0000270e0 888/1200
[TRACE] Decoding transaction bytes of length: 229
[TRACE] Transaction type: 6
[TRACE] Successfully decoded transaction with hash: 7ed05420120feefa4b02476a23ef29d53c9949da70fd8617544612bc117f51c3
2025-09-15 11:45:51.346 TRACE client[0]: Processing transaction with hash: 7ed05420120feefa4b02476a23ef29d53c9949da70fd8617544612bc117f51c3
2025-09-15 11:45:51.346 DEBUG client[0]: Submitting transaction 7ed05420120feefa4b02476a23ef29d53c9949da70fd8617544612bc117f51c3
2025-09-15 11:45:51.429 TRACE : trigger interaction 0xc0000271d0 889/1200
[TRACE] Decoding transaction bytes of length: 229
[TRACE] Transaction type: 6
[TRACE] Successfully decoded transaction with hash: 1f76a7ac49347f3fd5f273b790bd92a103774162656463d0cff1398f4771257e
2025-09-15 11:45:51.429 TRACE client[0]: Processing transaction with hash: 1f76a7ac49347f3fd5f273b790bd92a103774162656463d0cff1398f4771257e
2025-09-15 11:45:51.429 DEBUG client[0]: Submitting transaction 1f76a7ac49347f3fd5f273b790bd92a103774162656463d0cff1398f4771257e
2025-09-15 11:45:51.512 TRACE : trigger interaction 0xc0000272c0 890/1200
[TRACE] Decoding transaction bytes of length: 229
[TRACE] Transaction type: 6
[TRACE] Successfully decoded transaction with hash: 0665ce240929aaa378d4746c7c53775e97bbfb344d45354ba493fa78f97e760d
2025-09-15 11:45:51.512 TRACE client[0]: Processing transaction with hash: 0665ce240929aaa378d4746c7c53775e97bbfb344d45354ba493fa78f97e760d
2025-09-15 11:45:51.512 DEBUG client[0]: Submitting transaction 0665ce240929aaa378d4746c7c53775e97bbfb344d45354ba493fa78f97e760d
2025-09-15 11:45:51.596 TRACE : trigger interaction 0xc0000273b0 891/1200
[TRACE] Decoding transaction bytes of length: 229
[TRACE] Transaction type: 6
[TRACE] Successfully decoded transaction with hash: a5fa4a6cc12f3445d26b4f55345c678555d37ab3f804924798bacb9a9e5fe73e
2025-09-15 11:45:51.596 TRACE client[0]: Processing transaction with hash: a5fa4a6cc12f3445d26b4f55345c678555d37ab3f804924798bacb9a9e5fe73e
2025-09-15 11:45:51.596 DEBUG client[0]: Submitting transaction a5fa4a6cc12f3445d26b4f55345c678555d37ab3f804924798bacb9a9e5fe73e
2025-09-15 11:45:51.679 TRACE : trigger interaction 0xc0000274a0 892/1200
[TRACE] Decoding transaction bytes of length: 229
[TRACE] Transaction type: 6
[TRACE] Successfully decoded transaction with hash: fb36e244ba591d96caaf4c69f74c1bf547e92f8b75e547b4421af68c2ae69b10
2025-09-15 11:45:51.679 TRACE client[0]: Processing transaction with hash: fb36e244ba591d96caaf4c69f74c1bf547e92f8b75e547b4421af68c2ae69b10
2025-09-15 11:45:51.679 DEBUG client[0]: Submitting transaction fb36e244ba591d96caaf4c69f74c1bf547e92f8b75e547b4421af68c2ae69b10
2025-09-15 11:45:51.762 TRACE : trigger interaction 0xc000027590 893/1200
[TRACE] Decoding transaction bytes of length: 229
[TRACE] Transaction type: 6
[TRACE] Successfully decoded transaction with hash: 5c79cedc26c2569956068e80f3d891f7976da90a6914f52433be4c56e328002d
2025-09-15 11:45:51.762 TRACE client[0]: Processing transaction with hash: 5c79cedc26c2569956068e80f3d891f7976da90a6914f52433be4c56e328002d
2025-09-15 11:45:51.762 DEBUG client[0]: Submitting transaction 5c79cedc26c2569956068e80f3d891f7976da90a6914f52433be4c56e328002d
2025-09-15 11:45:51.846 TRACE : trigger interaction 0xc000027680 894/1200
[TRACE] Decoding transaction bytes of length: 229
[TRACE] Transaction type: 6
[TRACE] Successfully decoded transaction with hash: d686c5afbe0a2efd21e116ceab53e560ba572787abf035637f94e48d4fac2871
2025-09-15 11:45:51.846 TRACE client[0]: Processing transaction with hash: d686c5afbe0a2efd21e116ceab53e560ba572787abf035637f94e48d4fac2871
2025-09-15 11:45:51.846 DEBUG client[0]: Submitting transaction d686c5afbe0a2efd21e116ceab53e560ba572787abf035637f94e48d4fac2871
2025-09-15 11:45:51.929 TRACE : trigger interaction 0xc000027770 895/1200
[TRACE] Decoding transaction bytes of length: 229
[TRACE] Transaction type: 6
[TRACE] Successfully decoded transaction with hash: d337deaff8c209b5d1e37c5e7b1cbeabe4e36ee0afc6e40fc22f9b62d25015f6
2025-09-15 11:45:51.929 TRACE client[0]: Processing transaction with hash: d337deaff8c209b5d1e37c5e7b1cbeabe4e36ee0afc6e40fc22f9b62d25015f6
2025-09-15 11:45:51.929 DEBUG client[0]: Submitting transaction d337deaff8c209b5d1e37c5e7b1cbeabe4e36ee0afc6e40fc22f9b62d25015f6
2025-09-15 11:45:52.012 TRACE : trigger interaction 0xc000027860 896/1200
[TRACE] Decoding transaction bytes of length: 229
[TRACE] Transaction type: 6
[TRACE] Successfully decoded transaction with hash: 1fa6e68ec4c84481d93d360dc14125fa0416919a4999e2fd458c37e92b1c3f75
2025-09-15 11:45:52.012 TRACE client[0]: Processing transaction with hash: 1fa6e68ec4c84481d93d360dc14125fa0416919a4999e2fd458c37e92b1c3f75
2025-09-15 11:45:52.012 DEBUG client[0]: Submitting transaction 1fa6e68ec4c84481d93d360dc14125fa0416919a4999e2fd458c37e92b1c3f75
2025-09-15 11:45:52.095 TRACE : trigger interaction 0xc000027950 897/1200
[TRACE] Decoding transaction bytes of length: 229
[TRACE] Transaction type: 6
[TRACE] Successfully decoded transaction with hash: 8e3f490016ceed6a97f661c9ac4b2306742a69d27ad4289d38435894fee29813
2025-09-15 11:45:52.096 TRACE client[0]: Processing transaction with hash: 8e3f490016ceed6a97f661c9ac4b2306742a69d27ad4289d38435894fee29813
2025-09-15 11:45:52.096 DEBUG client[0]: Submitting transaction 8e3f490016ceed6a97f661c9ac4b2306742a69d27ad4289d38435894fee29813
2025-09-15 11:45:52.179 TRACE : trigger interaction 0xc000027a40 898/1200
[TRACE] Decoding transaction bytes of length: 229
[TRACE] Transaction type: 6
[TRACE] Successfully decoded transaction with hash: 981f09d01e3536e38ad37d831668269e1cf77c689426f361d49d18dd3c5d55fa
2025-09-15 11:45:52.179 TRACE client[0]: Processing transaction with hash: 981f09d01e3536e38ad37d831668269e1cf77c689426f361d49d18dd3c5d55fa
2025-09-15 11:45:52.179 DEBUG client[0]: Submitting transaction 981f09d01e3536e38ad37d831668269e1cf77c689426f361d49d18dd3c5d55fa
2025-09-15 11:45:52.263 TRACE : trigger interaction 0xc000027b30 899/1200
[TRACE] Decoding transaction bytes of length: 229
[TRACE] Transaction type: 6
[TRACE] Successfully decoded transaction with hash: b56c9f612dbfbac1450c4f84110bd6ab3741d6ebc435ae373a48f36e5143a66a
2025-09-15 11:45:52.263 TRACE client[0]: Processing transaction with hash: b56c9f612dbfbac1450c4f84110bd6ab3741d6ebc435ae373a48f36e5143a66a
2025-09-15 11:45:52.263 DEBUG client[0]: Submitting transaction b56c9f612dbfbac1450c4f84110bd6ab3741d6ebc435ae373a48f36e5143a66a
2025-09-15 11:45:52.346 TRACE : trigger interaction 0xc000027c20 900/1200
[TRACE] Decoding transaction bytes of length: 229
[TRACE] Transaction type: 6
[TRACE] Successfully decoded transaction with hash: bf6a48a828e26b01ab3577ea8d6e7aefa394a9e9c53a9fd9e58ee495a46d0af2
2025-09-15 11:45:52.346 TRACE client[0]: Processing transaction with hash: bf6a48a828e26b01ab3577ea8d6e7aefa394a9e9c53a9fd9e58ee495a46d0af2
2025-09-15 11:45:52.346 DEBUG client[0]: Submitting transaction bf6a48a828e26b01ab3577ea8d6e7aefa394a9e9c53a9fd9e58ee495a46d0af2
2025-09-15 11:45:52.429 TRACE : trigger interaction 0xc000027d10 901/1200
[TRACE] Decoding transaction bytes of length: 229
[TRACE] Transaction type: 6
[TRACE] Successfully decoded transaction with hash: 78f1da4318f2057f683c706cc4eea96bfce89af3ba7e68a27fbd613e0116b3f5
2025-09-15 11:45:52.429 TRACE client[0]: Processing transaction with hash: 78f1da4318f2057f683c706cc4eea96bfce89af3ba7e68a27fbd613e0116b3f5
2025-09-15 11:45:52.429 DEBUG client[0]: Submitting transaction 78f1da4318f2057f683c706cc4eea96bfce89af3ba7e68a27fbd613e0116b3f5
2025-09-15 11:45:52.512 TRACE : trigger interaction 0xc000027e00 902/1200
[TRACE] Decoding transaction bytes of length: 229
[TRACE] Transaction type: 6
[TRACE] Successfully decoded transaction with hash: e87899504eea28a4590fc4405aa01b2d523c36325c0517eb7190495559885733
2025-09-15 11:45:52.513 TRACE client[0]: Processing transaction with hash: e87899504eea28a4590fc4405aa01b2d523c36325c0517eb7190495559885733
2025-09-15 11:45:52.513 DEBUG client[0]: Submitting transaction e87899504eea28a4590fc4405aa01b2d523c36325c0517eb7190495559885733
2025-09-15 11:45:52.596 TRACE : trigger interaction 0xc000027ef0 903/1200
[TRACE] Decoding transaction bytes of length: 229
[TRACE] Transaction type: 6
[TRACE] Successfully decoded transaction with hash: bf2f5075758b485431af86387082f20738e8e0bfc924a6e9c980a0e4f6892b43
2025-09-15 11:45:52.596 TRACE client[0]: Processing transaction with hash: bf2f5075758b485431af86387082f20738e8e0bfc924a6e9c980a0e4f6892b43
2025-09-15 11:45:52.596 DEBUG client[0]: Submitting transaction bf2f5075758b485431af86387082f20738e8e0bfc924a6e9c980a0e4f6892b43
2025-09-15 11:45:52.679 TRACE : trigger interaction 0xc0006fe0f0 904/1200
[TRACE] Decoding transaction bytes of length: 229
[TRACE] Transaction type: 6
[TRACE] Successfully decoded transaction with hash: b86a6c8606214ef94025f6babe8b56415ce5b8586e0256e88b041249ff960d0a
2025-09-15 11:45:52.679 TRACE client[0]: Processing transaction with hash: b86a6c8606214ef94025f6babe8b56415ce5b8586e0256e88b041249ff960d0a
2025-09-15 11:45:52.679 DEBUG client[0]: Submitting transaction b86a6c8606214ef94025f6babe8b56415ce5b8586e0256e88b041249ff960d0a
2025-09-15 11:45:52.763 TRACE : trigger interaction 0xc0006fe1e0 905/1200
[TRACE] Decoding transaction bytes of length: 229
[TRACE] Transaction type: 6
[TRACE] Successfully decoded transaction with hash: 981b92d032093ef0d51af9ebbcfece7d46ee35883e60857d9e1317295582fc35
2025-09-15 11:45:52.763 TRACE client[0]: Processing transaction with hash: 981b92d032093ef0d51af9ebbcfece7d46ee35883e60857d9e1317295582fc35
2025-09-15 11:45:52.763 DEBUG client[0]: Submitting transaction 981b92d032093ef0d51af9ebbcfece7d46ee35883e60857d9e1317295582fc35
2025-09-15 11:45:52.846 TRACE : trigger interaction 0xc0006fe2d0 906/1200
[TRACE] Decoding transaction bytes of length: 229
[TRACE] Transaction type: 6
[TRACE] Successfully decoded transaction with hash: f5c9e197f42f2292245d5d4197ac018c9cdf9f4ce6dc506e4575b2f6a9b1f0bc
2025-09-15 11:45:52.846 TRACE client[0]: Processing transaction with hash: f5c9e197f42f2292245d5d4197ac018c9cdf9f4ce6dc506e4575b2f6a9b1f0bc
2025-09-15 11:45:52.846 DEBUG client[0]: Submitting transaction f5c9e197f42f2292245d5d4197ac018c9cdf9f4ce6dc506e4575b2f6a9b1f0bc
2025-09-15 11:45:52.929 TRACE : trigger interaction 0xc0006fe3c0 907/1200
[TRACE] Decoding transaction bytes of length: 229
[TRACE] Transaction type: 6
[TRACE] Successfully decoded transaction with hash: 42bd5c785138c0f3d0982e4234ba788fbd86643e127922a54bf579237c17fd8a
2025-09-15 11:45:52.929 TRACE client[0]: Processing transaction with hash: 42bd5c785138c0f3d0982e4234ba788fbd86643e127922a54bf579237c17fd8a
2025-09-15 11:45:52.929 DEBUG client[0]: Submitting transaction 42bd5c785138c0f3d0982e4234ba788fbd86643e127922a54bf579237c17fd8a
2025-09-15 11:45:53.013 TRACE : trigger interaction 0xc0006fe4b0 908/1200
[TRACE] Decoding transaction bytes of length: 229
[TRACE] Transaction type: 6
[TRACE] Successfully decoded transaction with hash: 884fa8248e56c9c88914ea25ae23936cce32a211fb199078427c067d71fe2ace
2025-09-15 11:45:53.013 TRACE client[0]: Processing transaction with hash: 884fa8248e56c9c88914ea25ae23936cce32a211fb199078427c067d71fe2ace
2025-09-15 11:45:53.013 DEBUG client[0]: Submitting transaction 884fa8248e56c9c88914ea25ae23936cce32a211fb199078427c067d71fe2ace
2025-09-15 11:45:53.096 TRACE : trigger interaction 0xc0006fe5a0 909/1200
[TRACE] Decoding transaction bytes of length: 229
[TRACE] Transaction type: 6
[TRACE] Successfully decoded transaction with hash: cd543a2c4b5265fc7e4b709893e2c637da2d6bde96f449ec00878770e6195ea3
2025-09-15 11:45:53.096 TRACE client[0]: Processing transaction with hash: cd543a2c4b5265fc7e4b709893e2c637da2d6bde96f449ec00878770e6195ea3
2025-09-15 11:45:53.096 DEBUG client[0]: Submitting transaction cd543a2c4b5265fc7e4b709893e2c637da2d6bde96f449ec00878770e6195ea3
2025-09-15 11:45:53.179 TRACE : trigger interaction 0xc0006fe690 910/1200
[TRACE] Decoding transaction bytes of length: 229
[TRACE] Transaction type: 6
[TRACE] Successfully decoded transaction with hash: 2db7d24f78c1a7db8db903054a44819b67f9ffe39b739b9ed7b4ae825047840a
2025-09-15 11:45:53.179 TRACE client[0]: Processing transaction with hash: 2db7d24f78c1a7db8db903054a44819b67f9ffe39b739b9ed7b4ae825047840a
2025-09-15 11:45:53.179 DEBUG client[0]: Submitting transaction 2db7d24f78c1a7db8db903054a44819b67f9ffe39b739b9ed7b4ae825047840a
2025-09-15 11:45:53.262 TRACE : trigger interaction 0xc0006fe780 911/1200
[TRACE] Decoding transaction bytes of length: 229
[TRACE] Transaction type: 6
[TRACE] Successfully decoded transaction with hash: 12860de4b50b7e15ef069d51f911e1cc0d0c7a5337d8f5e797c430bba409ce26
2025-09-15 11:45:53.262 TRACE client[0]: Processing transaction with hash: 12860de4b50b7e15ef069d51f911e1cc0d0c7a5337d8f5e797c430bba409ce26
2025-09-15 11:45:53.262 DEBUG client[0]: Submitting transaction 12860de4b50b7e15ef069d51f911e1cc0d0c7a5337d8f5e797c430bba409ce26
2025-09-15 11:45:53.346 TRACE : trigger interaction 0xc0006fe870 912/1200
[TRACE] Decoding transaction bytes of length: 229
[TRACE] Transaction type: 6
[TRACE] Successfully decoded transaction with hash: ea66de1cef726ee261a0a3201933d4b76a27e1952242ed91748230b55b374fd6
2025-09-15 11:45:53.346 TRACE client[0]: Processing transaction with hash: ea66de1cef726ee261a0a3201933d4b76a27e1952242ed91748230b55b374fd6
2025-09-15 11:45:53.346 DEBUG client[0]: Submitting transaction ea66de1cef726ee261a0a3201933d4b76a27e1952242ed91748230b55b374fd6
2025-09-15 11:45:53.429 TRACE : trigger interaction 0xc0006fe960 913/1200
[TRACE] Decoding transaction bytes of length: 229
[TRACE] Transaction type: 6
[TRACE] Successfully decoded transaction with hash: 9a73a9bd86fbb8da74bc04e3e91ceb1acad08e202c46d375c5168d81d1ec4ec1
2025-09-15 11:45:53.429 TRACE client[0]: Processing transaction with hash: 9a73a9bd86fbb8da74bc04e3e91ceb1acad08e202c46d375c5168d81d1ec4ec1
2025-09-15 11:45:53.429 DEBUG client[0]: Submitting transaction 9a73a9bd86fbb8da74bc04e3e91ceb1acad08e202c46d375c5168d81d1ec4ec1
2025-09-15 11:45:53.512 TRACE : trigger interaction 0xc0006fea50 914/1200
[TRACE] Decoding transaction bytes of length: 229
[TRACE] Transaction type: 6
[TRACE] Successfully decoded transaction with hash: 23fa2d92da16e78b759fef52cd4c1aed0fa18d4557e8a53f0d13be33ad4f9473
2025-09-15 11:45:53.512 TRACE client[0]: Processing transaction with hash: 23fa2d92da16e78b759fef52cd4c1aed0fa18d4557e8a53f0d13be33ad4f9473
2025-09-15 11:45:53.512 DEBUG client[0]: Submitting transaction 23fa2d92da16e78b759fef52cd4c1aed0fa18d4557e8a53f0d13be33ad4f9473
2025-09-15 11:45:53.596 TRACE : trigger interaction 0xc0006feb40 915/1200
[TRACE] Decoding transaction bytes of length: 229
[TRACE] Transaction type: 6
[TRACE] Successfully decoded transaction with hash: 8716ecb77575e6764ac4c111ce27eeeb4d326a5b7ceedbf362bfb47e222f055a
2025-09-15 11:45:53.596 TRACE client[0]: Processing transaction with hash: 8716ecb77575e6764ac4c111ce27eeeb4d326a5b7ceedbf362bfb47e222f055a
2025-09-15 11:45:53.596 DEBUG client[0]: Submitting transaction 8716ecb77575e6764ac4c111ce27eeeb4d326a5b7ceedbf362bfb47e222f055a
2025-09-15 11:45:53.679 TRACE : trigger interaction 0xc0006fec30 916/1200
[TRACE] Decoding transaction bytes of length: 229
[TRACE] Transaction type: 6
[TRACE] Successfully decoded transaction with hash: 42c8887ebc990a926c60b79a307519d998f177c76f5c850c6864c66bb7a335e0
2025-09-15 11:45:53.680 TRACE client[0]: Processing transaction with hash: 42c8887ebc990a926c60b79a307519d998f177c76f5c850c6864c66bb7a335e0
2025-09-15 11:45:53.680 DEBUG client[0]: Submitting transaction 42c8887ebc990a926c60b79a307519d998f177c76f5c850c6864c66bb7a335e0
2025-09-15 11:45:53.762 TRACE : trigger interaction 0xc0006fed20 917/1200
[TRACE] Decoding transaction bytes of length: 229
[TRACE] Transaction type: 6
[TRACE] Successfully decoded transaction with hash: 6200416a2c85c653a6882158600919317f9a9b0c97c134ca82eceb633552b2f3
2025-09-15 11:45:53.762 TRACE client[0]: Processing transaction with hash: 6200416a2c85c653a6882158600919317f9a9b0c97c134ca82eceb633552b2f3
2025-09-15 11:45:53.763 DEBUG client[0]: Submitting transaction 6200416a2c85c653a6882158600919317f9a9b0c97c134ca82eceb633552b2f3
2025-09-15 11:45:53.845 TRACE : trigger interaction 0xc0006fee10 918/1200
[TRACE] Decoding transaction bytes of length: 229
[TRACE] Transaction type: 6
[TRACE] Successfully decoded transaction with hash: 2bb0a63586103cfad0e4a5580404a382db13cea130bc1ab448aaa5186a403af1
2025-09-15 11:45:53.846 TRACE client[0]: Processing transaction with hash: 2bb0a63586103cfad0e4a5580404a382db13cea130bc1ab448aaa5186a403af1
2025-09-15 11:45:53.846 DEBUG client[0]: Submitting transaction 2bb0a63586103cfad0e4a5580404a382db13cea130bc1ab448aaa5186a403af1
2025-09-15 11:45:53.929 TRACE : trigger interaction 0xc0006fef00 919/1200
[TRACE] Decoding transaction bytes of length: 229
[TRACE] Transaction type: 6
[TRACE] Successfully decoded transaction with hash: 7efcc5d992814d59b949db8de37d2257840ef6acffb5ac69185a8760165c94ef
2025-09-15 11:45:53.929 TRACE client[0]: Processing transaction with hash: 7efcc5d992814d59b949db8de37d2257840ef6acffb5ac69185a8760165c94ef
2025-09-15 11:45:53.929 DEBUG client[0]: Submitting transaction 7efcc5d992814d59b949db8de37d2257840ef6acffb5ac69185a8760165c94ef
2025-09-15 11:45:54.012 TRACE : trigger interaction 0xc0006feff0 920/1200
[TRACE] Decoding transaction bytes of length: 229
[TRACE] Transaction type: 6
[TRACE] Successfully decoded transaction with hash: 73bae3c621a25bf01d77ba8aaecfe8ab67914e112706086724c86b95e479ad61
2025-09-15 11:45:54.012 TRACE client[0]: Processing transaction with hash: 73bae3c621a25bf01d77ba8aaecfe8ab67914e112706086724c86b95e479ad61
2025-09-15 11:45:54.012 DEBUG client[0]: Submitting transaction 73bae3c621a25bf01d77ba8aaecfe8ab67914e112706086724c86b95e479ad61
2025-09-15 11:45:54.095 TRACE : trigger interaction 0xc000032000 921/1200
[TRACE] Decoding transaction bytes of length: 229
[TRACE] Transaction type: 6
[TRACE] Successfully decoded transaction with hash: 5e4dee3a06850bdf50ed512ec4a6c60d36913721b3ccc2ccbf736c637d50b4c0
2025-09-15 11:45:54.096 TRACE client[0]: Processing transaction with hash: 5e4dee3a06850bdf50ed512ec4a6c60d36913721b3ccc2ccbf736c637d50b4c0
2025-09-15 11:45:54.096 DEBUG client[0]: Submitting transaction 5e4dee3a06850bdf50ed512ec4a6c60d36913721b3ccc2ccbf736c637d50b4c0
2025-09-15 11:45:54.179 TRACE : trigger interaction 0xc0000320f0 922/1200
[TRACE] Decoding transaction bytes of length: 229
[TRACE] Transaction type: 6
[TRACE] Successfully decoded transaction with hash: f2b494a10b19b92b1c54b5dba2c9b24a514b58efd0f44b2ba933c46932a07dc4
2025-09-15 11:45:54.180 TRACE client[0]: Processing transaction with hash: f2b494a10b19b92b1c54b5dba2c9b24a514b58efd0f44b2ba933c46932a07dc4
2025-09-15 11:45:54.180 DEBUG client[0]: Submitting transaction f2b494a10b19b92b1c54b5dba2c9b24a514b58efd0f44b2ba933c46932a07dc4
2025-09-15 11:45:54.263 TRACE : trigger interaction 0xc0000321e0 923/1200
[TRACE] Decoding transaction bytes of length: 229
[TRACE] Transaction type: 6
[TRACE] Successfully decoded transaction with hash: d6d911d8d7c73e6c76fdca6116c5ede088bf82ca5981f8b57f146fb8603af78e
2025-09-15 11:45:54.263 TRACE client[0]: Processing transaction with hash: d6d911d8d7c73e6c76fdca6116c5ede088bf82ca5981f8b57f146fb8603af78e
2025-09-15 11:45:54.263 DEBUG client[0]: Submitting transaction d6d911d8d7c73e6c76fdca6116c5ede088bf82ca5981f8b57f146fb8603af78e
2025-09-15 11:45:54.346 TRACE : trigger interaction 0xc0000322d0 924/1200
[TRACE] Decoding transaction bytes of length: 229
[TRACE] Transaction type: 6
[TRACE] Successfully decoded transaction with hash: 47f949d59dd46ebaafa2e223b47826fca83306df4ed35886ce6692929c52f7a4
2025-09-15 11:45:54.346 TRACE client[0]: Processing transaction with hash: 47f949d59dd46ebaafa2e223b47826fca83306df4ed35886ce6692929c52f7a4
2025-09-15 11:45:54.346 DEBUG client[0]: Submitting transaction 47f949d59dd46ebaafa2e223b47826fca83306df4ed35886ce6692929c52f7a4
2025-09-15 11:45:54.429 TRACE : trigger interaction 0xc0000323c0 925/1200
[TRACE] Decoding transaction bytes of length: 229
[TRACE] Transaction type: 6
[TRACE] Successfully decoded transaction with hash: 7aba56f9723d15af317223a2f0adb4219547ea837d1d01603e03d7b98c4c5062
2025-09-15 11:45:54.429 TRACE client[0]: Processing transaction with hash: 7aba56f9723d15af317223a2f0adb4219547ea837d1d01603e03d7b98c4c5062
2025-09-15 11:45:54.429 DEBUG client[0]: Submitting transaction 7aba56f9723d15af317223a2f0adb4219547ea837d1d01603e03d7b98c4c5062
2025-09-15 11:45:54.512 TRACE : trigger interaction 0xc0000324b0 926/1200
[TRACE] Decoding transaction bytes of length: 229
[TRACE] Transaction type: 6
[TRACE] Successfully decoded transaction with hash: 73113ae5fd6be15c70b495bfab2585788a32abc66615b36e366a9369a3f75ab1
2025-09-15 11:45:54.513 TRACE client[0]: Processing transaction with hash: 73113ae5fd6be15c70b495bfab2585788a32abc66615b36e366a9369a3f75ab1
2025-09-15 11:45:54.513 DEBUG client[0]: Submitting transaction 73113ae5fd6be15c70b495bfab2585788a32abc66615b36e366a9369a3f75ab1
2025-09-15 11:45:54.596 TRACE : trigger interaction 0xc0000325a0 927/1200
[TRACE] Decoding transaction bytes of length: 229
[TRACE] Transaction type: 6
[TRACE] Successfully decoded transaction with hash: 837d687d44cb3c7cde55ab99b378aaf448542ee3215bcb0df1b2a47524b5fc67
2025-09-15 11:45:54.596 TRACE client[0]: Processing transaction with hash: 837d687d44cb3c7cde55ab99b378aaf448542ee3215bcb0df1b2a47524b5fc67
2025-09-15 11:45:54.597 DEBUG client[0]: Submitting transaction 837d687d44cb3c7cde55ab99b378aaf448542ee3215bcb0df1b2a47524b5fc67
2025-09-15 11:45:54.679 TRACE : trigger interaction 0xc000032690 928/1200
[TRACE] Decoding transaction bytes of length: 229
[TRACE] Transaction type: 6
[TRACE] Successfully decoded transaction with hash: 374f0dba159cae06b322e203b2e3dcd02991e7f6e70258018c171079d244fd9e
2025-09-15 11:45:54.680 TRACE client[0]: Processing transaction with hash: 374f0dba159cae06b322e203b2e3dcd02991e7f6e70258018c171079d244fd9e
2025-09-15 11:45:54.680 DEBUG client[0]: Submitting transaction 374f0dba159cae06b322e203b2e3dcd02991e7f6e70258018c171079d244fd9e
2025-09-15 11:45:54.762 TRACE : trigger interaction 0xc000032780 929/1200
[TRACE] Decoding transaction bytes of length: 229
[TRACE] Transaction type: 6
[TRACE] Successfully decoded transaction with hash: 6da1713665e53904e066050dadb38ebfdac496ba52c277737fd8828727bab094
2025-09-15 11:45:54.763 TRACE client[0]: Processing transaction with hash: 6da1713665e53904e066050dadb38ebfdac496ba52c277737fd8828727bab094
2025-09-15 11:45:54.763 DEBUG client[0]: Submitting transaction 6da1713665e53904e066050dadb38ebfdac496ba52c277737fd8828727bab094
2025-09-15 11:45:54.845 TRACE : trigger interaction 0xc000032870 930/1200
[TRACE] Decoding transaction bytes of length: 229
[TRACE] Transaction type: 6
[TRACE] Successfully decoded transaction with hash: 8218efc0552be06fe9d783d0e7efb1d258cd16b1ccaf7b1cfd611ad2fe299223
2025-09-15 11:45:54.846 TRACE client[0]: Processing transaction with hash: 8218efc0552be06fe9d783d0e7efb1d258cd16b1ccaf7b1cfd611ad2fe299223
2025-09-15 11:45:54.846 DEBUG client[0]: Submitting transaction 8218efc0552be06fe9d783d0e7efb1d258cd16b1ccaf7b1cfd611ad2fe299223
2025-09-15 11:45:54.929 TRACE : trigger interaction 0xc000032960 931/1200
[TRACE] Decoding transaction bytes of length: 229
[TRACE] Transaction type: 6
[TRACE] Successfully decoded transaction with hash: 061ac8da4056eac0f9b5a9a5df79c98b6cd6003f235df2c9abd291d4d30fa1bc
2025-09-15 11:45:54.929 TRACE client[0]: Processing transaction with hash: 061ac8da4056eac0f9b5a9a5df79c98b6cd6003f235df2c9abd291d4d30fa1bc
2025-09-15 11:45:54.929 DEBUG client[0]: Submitting transaction 061ac8da4056eac0f9b5a9a5df79c98b6cd6003f235df2c9abd291d4d30fa1bc
2025-09-15 11:45:55.012 TRACE : trigger interaction 0xc000032a50 932/1200
[TRACE] Decoding transaction bytes of length: 229
[TRACE] Transaction type: 6
[TRACE] Successfully decoded transaction with hash: 308002770e49d5a1ac6d9f335d51754e64c03ad6a86a2d4db23bb42d932e6fcd
2025-09-15 11:45:55.012 TRACE client[0]: Processing transaction with hash: 308002770e49d5a1ac6d9f335d51754e64c03ad6a86a2d4db23bb42d932e6fcd
2025-09-15 11:45:55.012 DEBUG client[0]: Submitting transaction 308002770e49d5a1ac6d9f335d51754e64c03ad6a86a2d4db23bb42d932e6fcd
2025-09-15 11:45:55.096 TRACE : trigger interaction 0xc000032b40 933/1200
[TRACE] Decoding transaction bytes of length: 229
[TRACE] Transaction type: 6
[TRACE] Successfully decoded transaction with hash: 0ccc25d6ac31d154a87cdbc038e3798ae23a14b2b5207bb3f30d1e2803e7ad52
2025-09-15 11:45:55.096 TRACE client[0]: Processing transaction with hash: 0ccc25d6ac31d154a87cdbc038e3798ae23a14b2b5207bb3f30d1e2803e7ad52
2025-09-15 11:45:55.096 DEBUG client[0]: Submitting transaction 0ccc25d6ac31d154a87cdbc038e3798ae23a14b2b5207bb3f30d1e2803e7ad52
2025-09-15 11:45:55.179 TRACE : trigger interaction 0xc000032c30 934/1200
[TRACE] Decoding transaction bytes of length: 229
[TRACE] Transaction type: 6
[TRACE] Successfully decoded transaction with hash: e698c3bc130bc40ce4381d6fff8df54ec3fbee46516e95d98a56721167c732bb
2025-09-15 11:45:55.179 TRACE client[0]: Processing transaction with hash: e698c3bc130bc40ce4381d6fff8df54ec3fbee46516e95d98a56721167c732bb
2025-09-15 11:45:55.179 DEBUG client[0]: Submitting transaction e698c3bc130bc40ce4381d6fff8df54ec3fbee46516e95d98a56721167c732bb
2025-09-15 11:45:55.262 TRACE : trigger interaction 0xc000032d20 935/1200
[TRACE] Decoding transaction bytes of length: 229
[TRACE] Transaction type: 6
[TRACE] Successfully decoded transaction with hash: fe29cc115f1cadffde23ce03928ecd37c4765639b1d266e4833e3f62cb832861
2025-09-15 11:45:55.262 TRACE client[0]: Processing transaction with hash: fe29cc115f1cadffde23ce03928ecd37c4765639b1d266e4833e3f62cb832861
2025-09-15 11:45:55.262 DEBUG client[0]: Submitting transaction fe29cc115f1cadffde23ce03928ecd37c4765639b1d266e4833e3f62cb832861
2025-09-15 11:45:55.345 TRACE : trigger interaction 0xc000032e10 936/1200
[TRACE] Decoding transaction bytes of length: 229
[TRACE] Transaction type: 6
[TRACE] Successfully decoded transaction with hash: 23927ebe4db2d1fa50c76dbc628518e7a138fae80e63443546412d656d35da8a
2025-09-15 11:45:55.346 TRACE client[0]: Processing transaction with hash: 23927ebe4db2d1fa50c76dbc628518e7a138fae80e63443546412d656d35da8a
2025-09-15 11:45:55.346 DEBUG client[0]: Submitting transaction 23927ebe4db2d1fa50c76dbc628518e7a138fae80e63443546412d656d35da8a
2025-09-15 11:45:55.429 TRACE : trigger interaction 0xc000032f00 937/1200
[TRACE] Decoding transaction bytes of length: 229
[TRACE] Transaction type: 6
[TRACE] Successfully decoded transaction with hash: c5386494e2f953b1143d4e8ed64fdb903d9e26d9d1db34d75f4550c32e1ff9a5
2025-09-15 11:45:55.429 TRACE client[0]: Processing transaction with hash: c5386494e2f953b1143d4e8ed64fdb903d9e26d9d1db34d75f4550c32e1ff9a5
2025-09-15 11:45:55.429 DEBUG client[0]: Submitting transaction c5386494e2f953b1143d4e8ed64fdb903d9e26d9d1db34d75f4550c32e1ff9a5
2025-09-15 11:45:55.512 TRACE : trigger interaction 0xc000032ff0 938/1200
[TRACE] Decoding transaction bytes of length: 229
[TRACE] Transaction type: 6
[TRACE] Successfully decoded transaction with hash: 435e4003e5b7d8663e1b71db201906ea25da60906c0214fe6f172538257d68cf
2025-09-15 11:45:55.512 TRACE client[0]: Processing transaction with hash: 435e4003e5b7d8663e1b71db201906ea25da60906c0214fe6f172538257d68cf
2025-09-15 11:45:55.512 DEBUG client[0]: Submitting transaction 435e4003e5b7d8663e1b71db201906ea25da60906c0214fe6f172538257d68cf
2025-09-15 11:45:55.596 TRACE : trigger interaction 0xc0000330e0 939/1200
[TRACE] Decoding transaction bytes of length: 229
[TRACE] Transaction type: 6
[TRACE] Successfully decoded transaction with hash: 15d2031471fb76988987f6a4b4c7cf5def1d866eb19d259c2ecadcacdcdcffd6
2025-09-15 11:45:55.596 TRACE client[0]: Processing transaction with hash: 15d2031471fb76988987f6a4b4c7cf5def1d866eb19d259c2ecadcacdcdcffd6
2025-09-15 11:45:55.596 DEBUG client[0]: Submitting transaction 15d2031471fb76988987f6a4b4c7cf5def1d866eb19d259c2ecadcacdcdcffd6
2025-09-15 11:45:55.679 TRACE : trigger interaction 0xc0000331d0 940/1200
[TRACE] Decoding transaction bytes of length: 229
[TRACE] Transaction type: 6
[TRACE] Successfully decoded transaction with hash: 3107e1535b45967aeb0f4abbab16fcb2b4f0008037d19a67730b02ae62bbeaec
2025-09-15 11:45:55.679 TRACE client[0]: Processing transaction with hash: 3107e1535b45967aeb0f4abbab16fcb2b4f0008037d19a67730b02ae62bbeaec
2025-09-15 11:45:55.679 DEBUG client[0]: Submitting transaction 3107e1535b45967aeb0f4abbab16fcb2b4f0008037d19a67730b02ae62bbeaec
2025-09-15 11:45:55.762 TRACE : trigger interaction 0xc0000332c0 941/1200
[TRACE] Decoding transaction bytes of length: 229
[TRACE] Transaction type: 6
[TRACE] Successfully decoded transaction with hash: 211747d4b6c5df68cdb3245c2b66f322cb3c4baa69c9708966ea30ae0cc10aa5
2025-09-15 11:45:55.763 TRACE client[0]: Processing transaction with hash: 211747d4b6c5df68cdb3245c2b66f322cb3c4baa69c9708966ea30ae0cc10aa5
2025-09-15 11:45:55.763 DEBUG client[0]: Submitting transaction 211747d4b6c5df68cdb3245c2b66f322cb3c4baa69c9708966ea30ae0cc10aa5
2025-09-15 11:45:55.845 TRACE : trigger interaction 0xc0000333b0 942/1200
[TRACE] Decoding transaction bytes of length: 229
[TRACE] Transaction type: 6
[TRACE] Successfully decoded transaction with hash: a7f168a1ff7eebfd5c5dc1c96ed21a26e46fbce215699856d8c33c0e78ca5d53
2025-09-15 11:45:55.846 TRACE client[0]: Processing transaction with hash: a7f168a1ff7eebfd5c5dc1c96ed21a26e46fbce215699856d8c33c0e78ca5d53
2025-09-15 11:45:55.846 DEBUG client[0]: Submitting transaction a7f168a1ff7eebfd5c5dc1c96ed21a26e46fbce215699856d8c33c0e78ca5d53
2025-09-15 11:45:55.929 TRACE : trigger interaction 0xc0000334a0 943/1200
[TRACE] Decoding transaction bytes of length: 229
[TRACE] Transaction type: 6
[TRACE] Successfully decoded transaction with hash: 8fa269eef1589395e92f9d7cb7f88b775defe5776059ac25adfea0d1fcf7869e
2025-09-15 11:45:55.929 TRACE client[0]: Processing transaction with hash: 8fa269eef1589395e92f9d7cb7f88b775defe5776059ac25adfea0d1fcf7869e
2025-09-15 11:45:55.929 DEBUG client[0]: Submitting transaction 8fa269eef1589395e92f9d7cb7f88b775defe5776059ac25adfea0d1fcf7869e
2025-09-15 11:45:56.013 TRACE : trigger interaction 0xc000033590 944/1200
[TRACE] Decoding transaction bytes of length: 229
[TRACE] Transaction type: 6
[TRACE] Successfully decoded transaction with hash: 40585e820e30c4cb6dfab66fbb2cb8aad15f2c47ca421d781962495930ac469e
2025-09-15 11:45:56.013 TRACE client[0]: Processing transaction with hash: 40585e820e30c4cb6dfab66fbb2cb8aad15f2c47ca421d781962495930ac469e
2025-09-15 11:45:56.013 DEBUG client[0]: Submitting transaction 40585e820e30c4cb6dfab66fbb2cb8aad15f2c47ca421d781962495930ac469e
2025-09-15 11:45:56.096 TRACE : trigger interaction 0xc000033680 945/1200
[TRACE] Decoding transaction bytes of length: 229
[TRACE] Transaction type: 6
[TRACE] Successfully decoded transaction with hash: 9e29f16f18a8e72655bab22a8d767fb641d61ec6a0fb24f683d565a8163a370f
2025-09-15 11:45:56.096 TRACE client[0]: Processing transaction with hash: 9e29f16f18a8e72655bab22a8d767fb641d61ec6a0fb24f683d565a8163a370f
2025-09-15 11:45:56.096 DEBUG client[0]: Submitting transaction 9e29f16f18a8e72655bab22a8d767fb641d61ec6a0fb24f683d565a8163a370f
2025-09-15 11:45:56.179 TRACE : trigger interaction 0xc000033770 946/1200
[TRACE] Decoding transaction bytes of length: 229
[TRACE] Transaction type: 6
[TRACE] Successfully decoded transaction with hash: 19bbe009355b4ba58faffbb5b64742861c48f4d9cd44dc8bb5fa1284b2c2a298
2025-09-15 11:45:56.179 TRACE client[0]: Processing transaction with hash: 19bbe009355b4ba58faffbb5b64742861c48f4d9cd44dc8bb5fa1284b2c2a298
2025-09-15 11:45:56.179 DEBUG client[0]: Submitting transaction 19bbe009355b4ba58faffbb5b64742861c48f4d9cd44dc8bb5fa1284b2c2a298
2025-09-15 11:45:56.263 TRACE : trigger interaction 0xc000033860 947/1200
[TRACE] Decoding transaction bytes of length: 229
[TRACE] Transaction type: 6
[TRACE] Successfully decoded transaction with hash: 620cf596f57d4d9362f7e5054a460e58f016e07be620782501bb31858fae51bb
2025-09-15 11:45:56.263 TRACE client[0]: Processing transaction with hash: 620cf596f57d4d9362f7e5054a460e58f016e07be620782501bb31858fae51bb
2025-09-15 11:45:56.263 DEBUG client[0]: Submitting transaction 620cf596f57d4d9362f7e5054a460e58f016e07be620782501bb31858fae51bb
2025-09-15 11:45:56.346 TRACE : trigger interaction 0xc000033950 948/1200
[TRACE] Decoding transaction bytes of length: 229
[TRACE] Transaction type: 6
[TRACE] Successfully decoded transaction with hash: a2ff19d9dac6ebcd056cf283ef54c8ce2172a2ed82eff57235fa04f8d575783c
2025-09-15 11:45:56.346 TRACE client[0]: Processing transaction with hash: a2ff19d9dac6ebcd056cf283ef54c8ce2172a2ed82eff57235fa04f8d575783c
2025-09-15 11:45:56.346 DEBUG client[0]: Submitting transaction a2ff19d9dac6ebcd056cf283ef54c8ce2172a2ed82eff57235fa04f8d575783c
2025-09-15 11:45:56.429 TRACE : trigger interaction 0xc000033a40 949/1200
[TRACE] Decoding transaction bytes of length: 229
[TRACE] Transaction type: 6
[TRACE] Successfully decoded transaction with hash: d0c5e46b7fbf9b1bec43ee725c2bbf0e6cb8b3a2353b85ebc38c9f0c57894e49
2025-09-15 11:45:56.429 TRACE client[0]: Processing transaction with hash: d0c5e46b7fbf9b1bec43ee725c2bbf0e6cb8b3a2353b85ebc38c9f0c57894e49
2025-09-15 11:45:56.429 DEBUG client[0]: Submitting transaction d0c5e46b7fbf9b1bec43ee725c2bbf0e6cb8b3a2353b85ebc38c9f0c57894e49
2025-09-15 11:45:56.512 TRACE : trigger interaction 0xc000033b30 950/1200
[TRACE] Decoding transaction bytes of length: 229
[TRACE] Transaction type: 6
[TRACE] Successfully decoded transaction with hash: 5973ee90605f4716e1094b21cf8926bfad3c31c18506c24d14fb0ab120733e25
2025-09-15 11:45:56.512 TRACE client[0]: Processing transaction with hash: 5973ee90605f4716e1094b21cf8926bfad3c31c18506c24d14fb0ab120733e25
2025-09-15 11:45:56.512 DEBUG client[0]: Submitting transaction 5973ee90605f4716e1094b21cf8926bfad3c31c18506c24d14fb0ab120733e25
2025-09-15 11:45:56.596 TRACE : trigger interaction 0xc000033c20 951/1200
[TRACE] Decoding transaction bytes of length: 229
[TRACE] Transaction type: 6
[TRACE] Successfully decoded transaction with hash: 34eebc37ee089a9cc95436ed79b3b495d49938583a2cb5c6d24893b6b0956caa
2025-09-15 11:45:56.596 TRACE client[0]: Processing transaction with hash: 34eebc37ee089a9cc95436ed79b3b495d49938583a2cb5c6d24893b6b0956caa
2025-09-15 11:45:56.596 DEBUG client[0]: Submitting transaction 34eebc37ee089a9cc95436ed79b3b495d49938583a2cb5c6d24893b6b0956caa
2025-09-15 11:45:56.679 TRACE : trigger interaction 0xc000033d10 952/1200
[TRACE] Decoding transaction bytes of length: 229
[TRACE] Transaction type: 6
[TRACE] Successfully decoded transaction with hash: 569885c36fc02a3fe8bd406e9be17a073a081bbde4175d96875fb85f3e3d7543
2025-09-15 11:45:56.679 TRACE client[0]: Processing transaction with hash: 569885c36fc02a3fe8bd406e9be17a073a081bbde4175d96875fb85f3e3d7543
2025-09-15 11:45:56.679 DEBUG client[0]: Submitting transaction 569885c36fc02a3fe8bd406e9be17a073a081bbde4175d96875fb85f3e3d7543
2025-09-15 11:45:56.762 TRACE : trigger interaction 0xc000033e00 953/1200
[TRACE] Decoding transaction bytes of length: 229
[TRACE] Transaction type: 6
[TRACE] Successfully decoded transaction with hash: 3ce26ac61deacafeddcd03f96459cdf754b8248f34e5f0cf778a9038f09e7fdb
2025-09-15 11:45:56.762 TRACE client[0]: Processing transaction with hash: 3ce26ac61deacafeddcd03f96459cdf754b8248f34e5f0cf778a9038f09e7fdb
2025-09-15 11:45:56.762 DEBUG client[0]: Submitting transaction 3ce26ac61deacafeddcd03f96459cdf754b8248f34e5f0cf778a9038f09e7fdb
2025-09-15 11:45:56.846 TRACE : trigger interaction 0xc0006ff0e0 954/1200
[TRACE] Decoding transaction bytes of length: 229
[TRACE] Transaction type: 6
[TRACE] Successfully decoded transaction with hash: 45a7b441c8ae140f096ee775a89a7bc655ce9860aad310a26a595a3a3f09b90e
2025-09-15 11:45:56.846 TRACE client[0]: Processing transaction with hash: 45a7b441c8ae140f096ee775a89a7bc655ce9860aad310a26a595a3a3f09b90e
2025-09-15 11:45:56.846 DEBUG client[0]: Submitting transaction 45a7b441c8ae140f096ee775a89a7bc655ce9860aad310a26a595a3a3f09b90e
2025-09-15 11:45:56.929 TRACE : trigger interaction 0xc0006ff1d0 955/1200
[TRACE] Decoding transaction bytes of length: 229
[TRACE] Transaction type: 6
[TRACE] Successfully decoded transaction with hash: 00db34e814a0772ce18a6551dedb0db11b2b66a0366591dd4fc8a7e418a831dd
2025-09-15 11:45:56.929 TRACE client[0]: Processing transaction with hash: 00db34e814a0772ce18a6551dedb0db11b2b66a0366591dd4fc8a7e418a831dd
2025-09-15 11:45:56.929 DEBUG client[0]: Submitting transaction 00db34e814a0772ce18a6551dedb0db11b2b66a0366591dd4fc8a7e418a831dd
2025-09-15 11:45:57.012 TRACE : trigger interaction 0xc0006ff2c0 956/1200
[TRACE] Decoding transaction bytes of length: 229
[TRACE] Transaction type: 6
[TRACE] Successfully decoded transaction with hash: 987affa84ee3369121f2473843b18da1c7a9a9977d8213d590159c39ec03f307
2025-09-15 11:45:57.012 TRACE client[0]: Processing transaction with hash: 987affa84ee3369121f2473843b18da1c7a9a9977d8213d590159c39ec03f307
2025-09-15 11:45:57.012 DEBUG client[0]: Submitting transaction 987affa84ee3369121f2473843b18da1c7a9a9977d8213d590159c39ec03f307
2025-09-15 11:45:57.096 TRACE : trigger interaction 0xc0006ff3b0 957/1200
[TRACE] Decoding transaction bytes of length: 229
[TRACE] Transaction type: 6
[TRACE] Successfully decoded transaction with hash: 4d3b69eee11b5fe8209f9ffcc28fa831e01d6c3fe634e9b9dc5c683686936cb4
2025-09-15 11:45:57.096 TRACE client[0]: Processing transaction with hash: 4d3b69eee11b5fe8209f9ffcc28fa831e01d6c3fe634e9b9dc5c683686936cb4
2025-09-15 11:45:57.096 DEBUG client[0]: Submitting transaction 4d3b69eee11b5fe8209f9ffcc28fa831e01d6c3fe634e9b9dc5c683686936cb4
2025-09-15 11:45:57.179 TRACE : trigger interaction 0xc0006ff4a0 958/1200
[TRACE] Decoding transaction bytes of length: 229
[TRACE] Transaction type: 6
[TRACE] Successfully decoded transaction with hash: 63e3852e88986f66388d72d6a9c05ffca7274a9d5e8899f523c6cbc0f7a0b23b
2025-09-15 11:45:57.179 TRACE client[0]: Processing transaction with hash: 63e3852e88986f66388d72d6a9c05ffca7274a9d5e8899f523c6cbc0f7a0b23b
2025-09-15 11:45:57.179 DEBUG client[0]: Submitting transaction 63e3852e88986f66388d72d6a9c05ffca7274a9d5e8899f523c6cbc0f7a0b23b
2025-09-15 11:45:57.262 TRACE : trigger interaction 0xc0006ff590 959/1200
[TRACE] Decoding transaction bytes of length: 229
[TRACE] Transaction type: 6
[TRACE] Successfully decoded transaction with hash: aa56b523b5ac42ccb87012924cce21a34f4f2590747df854a3c32a0143b42a5b
2025-09-15 11:45:57.263 TRACE client[0]: Processing transaction with hash: aa56b523b5ac42ccb87012924cce21a34f4f2590747df854a3c32a0143b42a5b
2025-09-15 11:45:57.263 DEBUG client[0]: Submitting transaction aa56b523b5ac42ccb87012924cce21a34f4f2590747df854a3c32a0143b42a5b
2025-09-15 11:45:57.346 TRACE : trigger interaction 0xc0006ff680 960/1200
[TRACE] Decoding transaction bytes of length: 229
[TRACE] Transaction type: 6
[TRACE] Successfully decoded transaction with hash: afd1746dc183d30024096f07c08ae26066117035cef095f061ceb04853e7853d
2025-09-15 11:45:57.346 TRACE client[0]: Processing transaction with hash: afd1746dc183d30024096f07c08ae26066117035cef095f061ceb04853e7853d
2025-09-15 11:45:57.346 DEBUG client[0]: Submitting transaction afd1746dc183d30024096f07c08ae26066117035cef095f061ceb04853e7853d
2025-09-15 11:45:57.429 TRACE : trigger interaction 0xc0006ff770 961/1200
[TRACE] Decoding transaction bytes of length: 229
[TRACE] Transaction type: 6
[TRACE] Successfully decoded transaction with hash: a33aea030d58df77652b764421a6da51664953d991335d18ab5a109873c65f55
2025-09-15 11:45:57.429 TRACE client[0]: Processing transaction with hash: a33aea030d58df77652b764421a6da51664953d991335d18ab5a109873c65f55
2025-09-15 11:45:57.429 DEBUG client[0]: Submitting transaction a33aea030d58df77652b764421a6da51664953d991335d18ab5a109873c65f55
2025-09-15 11:45:57.512 TRACE : trigger interaction 0xc0006ff860 962/1200
[TRACE] Decoding transaction bytes of length: 229
[TRACE] Transaction type: 6
[TRACE] Successfully decoded transaction with hash: 96415bd87bb1604d38f62700daf8b0ed067358db3dd0e7a32283db8d778d9b09
2025-09-15 11:45:57.512 TRACE client[0]: Processing transaction with hash: 96415bd87bb1604d38f62700daf8b0ed067358db3dd0e7a32283db8d778d9b09
2025-09-15 11:45:57.512 DEBUG client[0]: Submitting transaction 96415bd87bb1604d38f62700daf8b0ed067358db3dd0e7a32283db8d778d9b09
2025-09-15 11:45:57.596 TRACE : trigger interaction 0xc0006ff950 963/1200
[TRACE] Decoding transaction bytes of length: 229
[TRACE] Transaction type: 6
[TRACE] Successfully decoded transaction with hash: 59d029259938708e1bf556c380d463d4e322a5047a0c9d9355676a014e87e09c
2025-09-15 11:45:57.596 TRACE client[0]: Processing transaction with hash: 59d029259938708e1bf556c380d463d4e322a5047a0c9d9355676a014e87e09c
2025-09-15 11:45:57.596 DEBUG client[0]: Submitting transaction 59d029259938708e1bf556c380d463d4e322a5047a0c9d9355676a014e87e09c
2025-09-15 11:45:57.679 TRACE : trigger interaction 0xc0006ffa40 964/1200
[TRACE] Decoding transaction bytes of length: 229
[TRACE] Transaction type: 6
[TRACE] Successfully decoded transaction with hash: 724f5dc448db630590ee38929a34d9f990c543256826b8aa9e23892c03339356
2025-09-15 11:45:57.679 TRACE client[0]: Processing transaction with hash: 724f5dc448db630590ee38929a34d9f990c543256826b8aa9e23892c03339356
2025-09-15 11:45:57.679 DEBUG client[0]: Submitting transaction 724f5dc448db630590ee38929a34d9f990c543256826b8aa9e23892c03339356
2025-09-15 11:45:57.762 TRACE : trigger interaction 0xc0006ffb30 965/1200
[TRACE] Decoding transaction bytes of length: 229
[TRACE] Transaction type: 6
[TRACE] Successfully decoded transaction with hash: 0c7b2371e6c0e0ea911a980775b7cac794ae19687feb79a97320c665acd18baf
2025-09-15 11:45:57.762 TRACE client[0]: Processing transaction with hash: 0c7b2371e6c0e0ea911a980775b7cac794ae19687feb79a97320c665acd18baf
2025-09-15 11:45:57.762 DEBUG client[0]: Submitting transaction 0c7b2371e6c0e0ea911a980775b7cac794ae19687feb79a97320c665acd18baf
2025-09-15 11:45:57.846 TRACE : trigger interaction 0xc0006ffc20 966/1200
[TRACE] Decoding transaction bytes of length: 229
[TRACE] Transaction type: 6
[TRACE] Successfully decoded transaction with hash: 6cceefdca45729accb2c3a12902da9508ea5c614ca9821c2ac288dc232fd6446
2025-09-15 11:45:57.846 TRACE client[0]: Processing transaction with hash: 6cceefdca45729accb2c3a12902da9508ea5c614ca9821c2ac288dc232fd6446
2025-09-15 11:45:57.846 DEBUG client[0]: Submitting transaction 6cceefdca45729accb2c3a12902da9508ea5c614ca9821c2ac288dc232fd6446
2025-09-15 11:45:57.929 TRACE : trigger interaction 0xc0006ffd10 967/1200
[TRACE] Decoding transaction bytes of length: 229
[TRACE] Transaction type: 6
[TRACE] Successfully decoded transaction with hash: 329a3db41df2d753934eff57863f88599d0193971b02c345f6a2647bfcdfed17
2025-09-15 11:45:57.929 TRACE client[0]: Processing transaction with hash: 329a3db41df2d753934eff57863f88599d0193971b02c345f6a2647bfcdfed17
2025-09-15 11:45:57.929 DEBUG client[0]: Submitting transaction 329a3db41df2d753934eff57863f88599d0193971b02c345f6a2647bfcdfed17
2025-09-15 11:45:58.012 TRACE : trigger interaction 0xc0006ffe00 968/1200
[TRACE] Decoding transaction bytes of length: 229
[TRACE] Transaction type: 6
[TRACE] Successfully decoded transaction with hash: e24b5c868f55efd650ab5bf9abb76f18afe85019ec1464d2a29f44bb638ae536
2025-09-15 11:45:58.012 TRACE client[0]: Processing transaction with hash: e24b5c868f55efd650ab5bf9abb76f18afe85019ec1464d2a29f44bb638ae536
2025-09-15 11:45:58.012 DEBUG client[0]: Submitting transaction e24b5c868f55efd650ab5bf9abb76f18afe85019ec1464d2a29f44bb638ae536
2025-09-15 11:45:58.096 TRACE : trigger interaction 0xc0006ffef0 969/1200
[TRACE] Decoding transaction bytes of length: 229
[TRACE] Transaction type: 6
[TRACE] Successfully decoded transaction with hash: dc96389b41e108da81bb379a65fbcef19dc8f53f39ce3c15cf09b089f4d8d54f
2025-09-15 11:45:58.097 TRACE client[0]: Processing transaction with hash: dc96389b41e108da81bb379a65fbcef19dc8f53f39ce3c15cf09b089f4d8d54f
2025-09-15 11:45:58.097 DEBUG client[0]: Submitting transaction dc96389b41e108da81bb379a65fbcef19dc8f53f39ce3c15cf09b089f4d8d54f
2025-09-15 11:45:58.179 TRACE : trigger interaction 0xc000366000 970/1200
[TRACE] Decoding transaction bytes of length: 229
[TRACE] Transaction type: 6
[TRACE] Successfully decoded transaction with hash: 7aaa55e281abaee420014cf63186661c0f007a099c583db1f1ba06798c68227e
2025-09-15 11:45:58.179 TRACE client[0]: Processing transaction with hash: 7aaa55e281abaee420014cf63186661c0f007a099c583db1f1ba06798c68227e
2025-09-15 11:45:58.179 DEBUG client[0]: Submitting transaction 7aaa55e281abaee420014cf63186661c0f007a099c583db1f1ba06798c68227e
2025-09-15 11:45:58.263 TRACE : trigger interaction 0xc0002145a0 971/1200
[TRACE] Decoding transaction bytes of length: 229
[TRACE] Transaction type: 6
[TRACE] Successfully decoded transaction with hash: 5fc4942dab265490bd9b292cbd8733ed431f911f179eca41a58bfbf75481d452
2025-09-15 11:45:58.263 TRACE client[0]: Processing transaction with hash: 5fc4942dab265490bd9b292cbd8733ed431f911f179eca41a58bfbf75481d452
2025-09-15 11:45:58.263 DEBUG client[0]: Submitting transaction 5fc4942dab265490bd9b292cbd8733ed431f911f179eca41a58bfbf75481d452
2025-09-15 11:45:58.346 TRACE : trigger interaction 0xc000214690 972/1200
[TRACE] Decoding transaction bytes of length: 229
[TRACE] Transaction type: 6
[TRACE] Successfully decoded transaction with hash: bbb9f405b3cd38370d655fea6ff3f41e58a83714d8b4df7a13bf5c02dc6c5f89
2025-09-15 11:45:58.346 TRACE client[0]: Processing transaction with hash: bbb9f405b3cd38370d655fea6ff3f41e58a83714d8b4df7a13bf5c02dc6c5f89
2025-09-15 11:45:58.346 DEBUG client[0]: Submitting transaction bbb9f405b3cd38370d655fea6ff3f41e58a83714d8b4df7a13bf5c02dc6c5f89
2025-09-15 11:45:58.429 TRACE : trigger interaction 0xc000214780 973/1200
[TRACE] Decoding transaction bytes of length: 229
[TRACE] Transaction type: 6
[TRACE] Successfully decoded transaction with hash: 740d227025a8efddf210787823fb67c51107b78c784bfa0a83a8cc4e9d7b0b01
2025-09-15 11:45:58.430 TRACE client[0]: Processing transaction with hash: 740d227025a8efddf210787823fb67c51107b78c784bfa0a83a8cc4e9d7b0b01
2025-09-15 11:45:58.430 DEBUG client[0]: Submitting transaction 740d227025a8efddf210787823fb67c51107b78c784bfa0a83a8cc4e9d7b0b01
2025-09-15 11:45:58.512 TRACE : trigger interaction 0xc000214870 974/1200
[TRACE] Decoding transaction bytes of length: 229
[TRACE] Transaction type: 6
[TRACE] Successfully decoded transaction with hash: 545d285eb509faf4408f7b5784e9061a103f8cda2805ee72834efc927db58f2e
2025-09-15 11:45:58.512 TRACE client[0]: Processing transaction with hash: 545d285eb509faf4408f7b5784e9061a103f8cda2805ee72834efc927db58f2e
2025-09-15 11:45:58.512 DEBUG client[0]: Submitting transaction 545d285eb509faf4408f7b5784e9061a103f8cda2805ee72834efc927db58f2e
2025-09-15 11:45:58.595 TRACE : trigger interaction 0xc000214960 975/1200
[TRACE] Decoding transaction bytes of length: 229
[TRACE] Transaction type: 6
[TRACE] Successfully decoded transaction with hash: af6246e94d9522dde63fe32b195d7e7aa7e71d96479ced79e3f384593159d186
2025-09-15 11:45:58.595 TRACE client[0]: Processing transaction with hash: af6246e94d9522dde63fe32b195d7e7aa7e71d96479ced79e3f384593159d186
2025-09-15 11:45:58.595 DEBUG client[0]: Submitting transaction af6246e94d9522dde63fe32b195d7e7aa7e71d96479ced79e3f384593159d186
2025-09-15 11:45:58.679 TRACE : trigger interaction 0xc000214a50 976/1200
[TRACE] Decoding transaction bytes of length: 229
[TRACE] Transaction type: 6
[TRACE] Successfully decoded transaction with hash: 620608274209e4db5478d6f1e58528fba98a4419fa05dbebc56115945eed6e60
2025-09-15 11:45:58.679 TRACE client[0]: Processing transaction with hash: 620608274209e4db5478d6f1e58528fba98a4419fa05dbebc56115945eed6e60
2025-09-15 11:45:58.679 DEBUG client[0]: Submitting transaction 620608274209e4db5478d6f1e58528fba98a4419fa05dbebc56115945eed6e60
2025-09-15 11:45:58.762 TRACE : trigger interaction 0xc000214b40 977/1200
[TRACE] Decoding transaction bytes of length: 229
[TRACE] Transaction type: 6
[TRACE] Successfully decoded transaction with hash: df4035e5af2a1a86d4103050c27e6dae28d6e406befeccce463dd81862c194d6
2025-09-15 11:45:58.763 TRACE client[0]: Processing transaction with hash: df4035e5af2a1a86d4103050c27e6dae28d6e406befeccce463dd81862c194d6
2025-09-15 11:45:58.763 DEBUG client[0]: Submitting transaction df4035e5af2a1a86d4103050c27e6dae28d6e406befeccce463dd81862c194d6
2025-09-15 11:45:58.845 TRACE : trigger interaction 0xc000214c30 978/1200
[TRACE] Decoding transaction bytes of length: 229
[TRACE] Transaction type: 6
[TRACE] Successfully decoded transaction with hash: fa41ae8a309057e99067902e75ac8b9ba4245b95d75dfca6c11f6d73f7fab1d2
2025-09-15 11:45:58.846 TRACE client[0]: Processing transaction with hash: fa41ae8a309057e99067902e75ac8b9ba4245b95d75dfca6c11f6d73f7fab1d2
2025-09-15 11:45:58.846 DEBUG client[0]: Submitting transaction fa41ae8a309057e99067902e75ac8b9ba4245b95d75dfca6c11f6d73f7fab1d2
2025-09-15 11:45:58.929 TRACE : trigger interaction 0xc000214d20 979/1200
[TRACE] Decoding transaction bytes of length: 229
[TRACE] Transaction type: 6
[TRACE] Successfully decoded transaction with hash: 460dcecb01ba7e061d10ecadeb011d9b4fbc000d3e44d419eb36eab5a6e511c7
2025-09-15 11:45:58.929 TRACE client[0]: Processing transaction with hash: 460dcecb01ba7e061d10ecadeb011d9b4fbc000d3e44d419eb36eab5a6e511c7
2025-09-15 11:45:58.929 DEBUG client[0]: Submitting transaction 460dcecb01ba7e061d10ecadeb011d9b4fbc000d3e44d419eb36eab5a6e511c7
2025-09-15 11:45:59.012 TRACE : trigger interaction 0xc000214e10 980/1200
[TRACE] Decoding transaction bytes of length: 229
[TRACE] Transaction type: 6
[TRACE] Successfully decoded transaction with hash: 8586a3e22e9d80f3c3b5e9651a3614f41f409a9eed9f8ec3cf3866f6fc92ebf1
2025-09-15 11:45:59.012 TRACE client[0]: Processing transaction with hash: 8586a3e22e9d80f3c3b5e9651a3614f41f409a9eed9f8ec3cf3866f6fc92ebf1
2025-09-15 11:45:59.012 DEBUG client[0]: Submitting transaction 8586a3e22e9d80f3c3b5e9651a3614f41f409a9eed9f8ec3cf3866f6fc92ebf1
2025-09-15 11:45:59.095 TRACE : trigger interaction 0xc000214f00 981/1200
[TRACE] Decoding transaction bytes of length: 229
[TRACE] Transaction type: 6
[TRACE] Successfully decoded transaction with hash: dff75befbcc26d291bf0bffd5cca7b696a7c82d00d05af62c9d7a66336fd561f
2025-09-15 11:45:59.096 TRACE client[0]: Processing transaction with hash: dff75befbcc26d291bf0bffd5cca7b696a7c82d00d05af62c9d7a66336fd561f
2025-09-15 11:45:59.096 DEBUG client[0]: Submitting transaction dff75befbcc26d291bf0bffd5cca7b696a7c82d00d05af62c9d7a66336fd561f
2025-09-15 11:45:59.179 TRACE : trigger interaction 0xc000214ff0 982/1200
[TRACE] Decoding transaction bytes of length: 229
[TRACE] Transaction type: 6
[TRACE] Successfully decoded transaction with hash: 25c8b7c403d187be8a0d646b0d3caf767b4d4684cbb7ea8ae92484f9f081c840
2025-09-15 11:45:59.179 TRACE client[0]: Processing transaction with hash: 25c8b7c403d187be8a0d646b0d3caf767b4d4684cbb7ea8ae92484f9f081c840
2025-09-15 11:45:59.179 DEBUG client[0]: Submitting transaction 25c8b7c403d187be8a0d646b0d3caf767b4d4684cbb7ea8ae92484f9f081c840
2025-09-15 11:45:59.262 TRACE : trigger interaction 0xc0002150e0 983/1200
[TRACE] Decoding transaction bytes of length: 229
[TRACE] Transaction type: 6
[TRACE] Successfully decoded transaction with hash: 25b747e52a2358ef826d9be76e6bd9e9108a7f684d6164190162bf1d09c1379c
2025-09-15 11:45:59.262 TRACE client[0]: Processing transaction with hash: 25b747e52a2358ef826d9be76e6bd9e9108a7f684d6164190162bf1d09c1379c
2025-09-15 11:45:59.262 DEBUG client[0]: Submitting transaction 25b747e52a2358ef826d9be76e6bd9e9108a7f684d6164190162bf1d09c1379c
2025-09-15 11:45:59.345 TRACE : trigger interaction 0xc0002151d0 984/1200
[TRACE] Decoding transaction bytes of length: 229
[TRACE] Transaction type: 6
[TRACE] Successfully decoded transaction with hash: a2530af47f1975d1492da806a1d59d80105f4b5016785a997f0e75827eb9dd2c
2025-09-15 11:45:59.346 TRACE client[0]: Processing transaction with hash: a2530af47f1975d1492da806a1d59d80105f4b5016785a997f0e75827eb9dd2c
2025-09-15 11:45:59.346 DEBUG client[0]: Submitting transaction a2530af47f1975d1492da806a1d59d80105f4b5016785a997f0e75827eb9dd2c
2025-09-15 11:45:59.429 TRACE : trigger interaction 0xc0002152c0 985/1200
[TRACE] Decoding transaction bytes of length: 229
[TRACE] Transaction type: 6
[TRACE] Successfully decoded transaction with hash: e83917528bfd47a59a8c09fdeb4a86f7f1bb1ce79905f42d61d0b39090fc7d05
2025-09-15 11:45:59.430 TRACE client[0]: Processing transaction with hash: e83917528bfd47a59a8c09fdeb4a86f7f1bb1ce79905f42d61d0b39090fc7d05
2025-09-15 11:45:59.430 DEBUG client[0]: Submitting transaction e83917528bfd47a59a8c09fdeb4a86f7f1bb1ce79905f42d61d0b39090fc7d05
2025-09-15 11:45:59.512 TRACE : trigger interaction 0xc0002153b0 986/1200
[TRACE] Decoding transaction bytes of length: 229
[TRACE] Transaction type: 6
[TRACE] Successfully decoded transaction with hash: 1423fd422cfe9922fa735b8af3eb652603286600ba3f9d694d46bdfde6b5f3f1
2025-09-15 11:45:59.513 TRACE client[0]: Processing transaction with hash: 1423fd422cfe9922fa735b8af3eb652603286600ba3f9d694d46bdfde6b5f3f1
2025-09-15 11:45:59.513 DEBUG client[0]: Submitting transaction 1423fd422cfe9922fa735b8af3eb652603286600ba3f9d694d46bdfde6b5f3f1
2025-09-15 11:45:59.595 TRACE : trigger interaction 0xc0002154a0 987/1200
[TRACE] Decoding transaction bytes of length: 229
[TRACE] Transaction type: 6
[TRACE] Successfully decoded transaction with hash: 6ccec49463b1c762017ed41ee7d93ed0b95d64ad0dacaae7666b2dbb732fb632
2025-09-15 11:45:59.596 TRACE client[0]: Processing transaction with hash: 6ccec49463b1c762017ed41ee7d93ed0b95d64ad0dacaae7666b2dbb732fb632
2025-09-15 11:45:59.596 DEBUG client[0]: Submitting transaction 6ccec49463b1c762017ed41ee7d93ed0b95d64ad0dacaae7666b2dbb732fb632
2025-09-15 11:45:59.679 TRACE : trigger interaction 0xc0003660f0 988/1200
[TRACE] Decoding transaction bytes of length: 229
[TRACE] Transaction type: 6
[TRACE] Successfully decoded transaction with hash: 3314e5530ae4d3a7b4d8c200cbbd3638317ff34b4c190464936a3a32882a690b
2025-09-15 11:45:59.680 TRACE client[0]: Processing transaction with hash: 3314e5530ae4d3a7b4d8c200cbbd3638317ff34b4c190464936a3a32882a690b
2025-09-15 11:45:59.680 DEBUG client[0]: Submitting transaction 3314e5530ae4d3a7b4d8c200cbbd3638317ff34b4c190464936a3a32882a690b
2025-09-15 11:45:59.762 TRACE : trigger interaction 0xc0003661e0 989/1200
[TRACE] Decoding transaction bytes of length: 229
[TRACE] Transaction type: 6
[TRACE] Successfully decoded transaction with hash: 9f4da3f8dc3bbe29ae5016858713b83299841d9510f0ac243a0c914e055cee8d
2025-09-15 11:45:59.762 TRACE client[0]: Processing transaction with hash: 9f4da3f8dc3bbe29ae5016858713b83299841d9510f0ac243a0c914e055cee8d
2025-09-15 11:45:59.762 DEBUG client[0]: Submitting transaction 9f4da3f8dc3bbe29ae5016858713b83299841d9510f0ac243a0c914e055cee8d
2025-09-15 11:45:59.845 TRACE : trigger interaction 0xc0003662d0 990/1200
[TRACE] Decoding transaction bytes of length: 229
[TRACE] Transaction type: 6
[TRACE] Successfully decoded transaction with hash: 1afb13de30d31289f11b6988be6d4a44ba066dffe7b06c12dd6a9b3d50014ce8
2025-09-15 11:45:59.846 TRACE client[0]: Processing transaction with hash: 1afb13de30d31289f11b6988be6d4a44ba066dffe7b06c12dd6a9b3d50014ce8
2025-09-15 11:45:59.846 DEBUG client[0]: Submitting transaction 1afb13de30d31289f11b6988be6d4a44ba066dffe7b06c12dd6a9b3d50014ce8
2025-09-15 11:45:59.929 TRACE : trigger interaction 0xc0003663c0 991/1200
[TRACE] Decoding transaction bytes of length: 229
[TRACE] Transaction type: 6
[TRACE] Successfully decoded transaction with hash: a7ec0fd263ca426b0ea69daf8170d67b6548f58c944d3b03e2217787151cc18f
2025-09-15 11:45:59.930 TRACE client[0]: Processing transaction with hash: a7ec0fd263ca426b0ea69daf8170d67b6548f58c944d3b03e2217787151cc18f
2025-09-15 11:45:59.930 DEBUG client[0]: Submitting transaction a7ec0fd263ca426b0ea69daf8170d67b6548f58c944d3b03e2217787151cc18f
2025-09-15 11:46:00.012 TRACE : trigger interaction 0xc0003664b0 992/1200
[TRACE] Decoding transaction bytes of length: 229
[TRACE] Transaction type: 6
[TRACE] Successfully decoded transaction with hash: ca75ee95230ce9a80faf4ac93ff9fa9b23605a52f8f14179e4f462ece58745a5
2025-09-15 11:46:00.013 TRACE client[0]: Processing transaction with hash: ca75ee95230ce9a80faf4ac93ff9fa9b23605a52f8f14179e4f462ece58745a5
2025-09-15 11:46:00.013 DEBUG client[0]: Submitting transaction ca75ee95230ce9a80faf4ac93ff9fa9b23605a52f8f14179e4f462ece58745a5
2025-09-15 11:46:00.095 TRACE : trigger interaction 0xc0003665a0 993/1200
[TRACE] Decoding transaction bytes of length: 229
[TRACE] Transaction type: 6
[TRACE] Successfully decoded transaction with hash: e8e2a8aedc97de7597ac4e41edf9f9fb3d06692f70026f2c2feb9053045dd966
2025-09-15 11:46:00.095 TRACE client[0]: Processing transaction with hash: e8e2a8aedc97de7597ac4e41edf9f9fb3d06692f70026f2c2feb9053045dd966
2025-09-15 11:46:00.095 DEBUG client[0]: Submitting transaction e8e2a8aedc97de7597ac4e41edf9f9fb3d06692f70026f2c2feb9053045dd966
2025-09-15 11:46:00.179 TRACE : trigger interaction 0xc000366690 994/1200
[TRACE] Decoding transaction bytes of length: 229
[TRACE] Transaction type: 6
[TRACE] Successfully decoded transaction with hash: 6868c9032db6ecbfae9effb72396bbc8ee8eda2fba9c315a695be91cfa73a504
2025-09-15 11:46:00.179 TRACE client[0]: Processing transaction with hash: 6868c9032db6ecbfae9effb72396bbc8ee8eda2fba9c315a695be91cfa73a504
2025-09-15 11:46:00.179 DEBUG client[0]: Submitting transaction 6868c9032db6ecbfae9effb72396bbc8ee8eda2fba9c315a695be91cfa73a504
2025-09-15 11:46:00.262 TRACE : trigger interaction 0xc000366780 995/1200
[TRACE] Decoding transaction bytes of length: 229
[TRACE] Transaction type: 6
[TRACE] Successfully decoded transaction with hash: 23344b48508f84fdc82dfe3053746ff88dd66ca10ab301ef2b89653f35f38d8b
2025-09-15 11:46:00.263 TRACE client[0]: Processing transaction with hash: 23344b48508f84fdc82dfe3053746ff88dd66ca10ab301ef2b89653f35f38d8b
2025-09-15 11:46:00.263 DEBUG client[0]: Submitting transaction 23344b48508f84fdc82dfe3053746ff88dd66ca10ab301ef2b89653f35f38d8b
2025-09-15 11:46:00.345 TRACE : trigger interaction 0xc000366870 996/1200
[TRACE] Decoding transaction bytes of length: 229
[TRACE] Transaction type: 6
[TRACE] Successfully decoded transaction with hash: 90473bec75ee2703c068c37feec31546ecebb014de91e9776e6eedda1f0b9fd1
2025-09-15 11:46:00.346 TRACE client[0]: Processing transaction with hash: 90473bec75ee2703c068c37feec31546ecebb014de91e9776e6eedda1f0b9fd1
2025-09-15 11:46:00.346 DEBUG client[0]: Submitting transaction 90473bec75ee2703c068c37feec31546ecebb014de91e9776e6eedda1f0b9fd1
2025-09-15 11:46:00.428 TRACE : trigger interaction 0xc000366960 997/1200
[TRACE] Decoding transaction bytes of length: 229
[TRACE] Transaction type: 6
[TRACE] Successfully decoded transaction with hash: 5dd4c77ff85070dfbd922b35744a0f0814d636157e4a88abbaace4b37ff1334a
2025-09-15 11:46:00.429 TRACE client[0]: Processing transaction with hash: 5dd4c77ff85070dfbd922b35744a0f0814d636157e4a88abbaace4b37ff1334a
2025-09-15 11:46:00.429 DEBUG client[0]: Submitting transaction 5dd4c77ff85070dfbd922b35744a0f0814d636157e4a88abbaace4b37ff1334a
2025-09-15 11:46:00.512 TRACE : trigger interaction 0xc000366a50 998/1200
[TRACE] Decoding transaction bytes of length: 229
[TRACE] Transaction type: 6
[TRACE] Successfully decoded transaction with hash: 4265d4576e80f97de7bc648c69e437bd388371fc75f787be64d12b2757b9ea58
2025-09-15 11:46:00.512 TRACE client[0]: Processing transaction with hash: 4265d4576e80f97de7bc648c69e437bd388371fc75f787be64d12b2757b9ea58
2025-09-15 11:46:00.512 DEBUG client[0]: Submitting transaction 4265d4576e80f97de7bc648c69e437bd388371fc75f787be64d12b2757b9ea58
2025-09-15 11:46:00.596 TRACE : trigger interaction 0xc000366b40 999/1200
[TRACE] Decoding transaction bytes of length: 229
[TRACE] Transaction type: 6
[TRACE] Successfully decoded transaction with hash: ba69ce5f5b3f80e6b0d9a8c01ebc98344f595473107cde4d81d56d908d78531e
2025-09-15 11:46:00.596 TRACE client[0]: Processing transaction with hash: ba69ce5f5b3f80e6b0d9a8c01ebc98344f595473107cde4d81d56d908d78531e
2025-09-15 11:46:00.596 DEBUG client[0]: Submitting transaction ba69ce5f5b3f80e6b0d9a8c01ebc98344f595473107cde4d81d56d908d78531e
2025-09-15 11:46:00.679 TRACE : trigger interaction 0xc000366c30 1000/1200
[TRACE] Decoding transaction bytes of length: 229
[TRACE] Transaction type: 6
[TRACE] Successfully decoded transaction with hash: 9f09923bf5468b661e47447c948b622f4c4ac524078ce9d1729c7842670edc4f
2025-09-15 11:46:00.679 TRACE client[0]: Processing transaction with hash: 9f09923bf5468b661e47447c948b622f4c4ac524078ce9d1729c7842670edc4f
2025-09-15 11:46:00.679 DEBUG client[0]: Submitting transaction 9f09923bf5468b661e47447c948b622f4c4ac524078ce9d1729c7842670edc4f
2025-09-15 11:46:00.762 TRACE : trigger interaction 0xc000366d20 1001/1200
[TRACE] Decoding transaction bytes of length: 229
[TRACE] Transaction type: 6
[TRACE] Successfully decoded transaction with hash: 50fb5ba64613acd023599b7445bfb73a9e4da918c5c498c5a34aabfbbc77d55b
2025-09-15 11:46:00.762 TRACE client[0]: Processing transaction with hash: 50fb5ba64613acd023599b7445bfb73a9e4da918c5c498c5a34aabfbbc77d55b
2025-09-15 11:46:00.762 DEBUG client[0]: Submitting transaction 50fb5ba64613acd023599b7445bfb73a9e4da918c5c498c5a34aabfbbc77d55b
2025-09-15 11:46:00.846 TRACE : trigger interaction 0xc000366e10 1002/1200
[TRACE] Decoding transaction bytes of length: 229
[TRACE] Transaction type: 6
[TRACE] Successfully decoded transaction with hash: 6e644b0ceba93207894de5854746de710d6e90728e464bc78a836d20d1ebb380
2025-09-15 11:46:00.846 TRACE client[0]: Processing transaction with hash: 6e644b0ceba93207894de5854746de710d6e90728e464bc78a836d20d1ebb380
2025-09-15 11:46:00.846 DEBUG client[0]: Submitting transaction 6e644b0ceba93207894de5854746de710d6e90728e464bc78a836d20d1ebb380
2025-09-15 11:46:00.929 TRACE : trigger interaction 0xc000366f00 1003/1200
[TRACE] Decoding transaction bytes of length: 229
[TRACE] Transaction type: 6
[TRACE] Successfully decoded transaction with hash: e32e924190678e9d64c6ce2fb5054ca8111c8fc7eb10f6f4c6ac685240d5a6a7
2025-09-15 11:46:00.929 TRACE client[0]: Processing transaction with hash: e32e924190678e9d64c6ce2fb5054ca8111c8fc7eb10f6f4c6ac685240d5a6a7
2025-09-15 11:46:00.929 DEBUG client[0]: Submitting transaction e32e924190678e9d64c6ce2fb5054ca8111c8fc7eb10f6f4c6ac685240d5a6a7
2025-09-15 11:46:01.012 TRACE : trigger interaction 0xc000215590 1004/1200
[TRACE] Decoding transaction bytes of length: 229
[TRACE] Transaction type: 6
[TRACE] Successfully decoded transaction with hash: cbdd2535f0c06afac51e2353d01881ce1a0dcaf020d09cd0010d29dd77f25b70
2025-09-15 11:46:01.012 TRACE client[0]: Processing transaction with hash: cbdd2535f0c06afac51e2353d01881ce1a0dcaf020d09cd0010d29dd77f25b70
2025-09-15 11:46:01.012 DEBUG client[0]: Submitting transaction cbdd2535f0c06afac51e2353d01881ce1a0dcaf020d09cd0010d29dd77f25b70
2025-09-15 11:46:01.096 TRACE : trigger interaction 0xc000215680 1005/1200
[TRACE] Decoding transaction bytes of length: 229
[TRACE] Transaction type: 6
[TRACE] Successfully decoded transaction with hash: d7fe19791275198105d19b987103378fc98d6d09dc420a51698905645dc9e743
2025-09-15 11:46:01.096 TRACE client[0]: Processing transaction with hash: d7fe19791275198105d19b987103378fc98d6d09dc420a51698905645dc9e743
2025-09-15 11:46:01.096 DEBUG client[0]: Submitting transaction d7fe19791275198105d19b987103378fc98d6d09dc420a51698905645dc9e743
2025-09-15 11:46:01.179 TRACE : trigger interaction 0xc000215770 1006/1200
[TRACE] Decoding transaction bytes of length: 229
[TRACE] Transaction type: 6
[TRACE] Successfully decoded transaction with hash: e2a752933a526015bbfe2f0cc8990d4d86822fc5723c1cb36a5b03026ad88d17
2025-09-15 11:46:01.180 TRACE client[0]: Processing transaction with hash: e2a752933a526015bbfe2f0cc8990d4d86822fc5723c1cb36a5b03026ad88d17
2025-09-15 11:46:01.180 DEBUG client[0]: Submitting transaction e2a752933a526015bbfe2f0cc8990d4d86822fc5723c1cb36a5b03026ad88d17
2025-09-15 11:46:01.262 TRACE : trigger interaction 0xc000215860 1007/1200
[TRACE] Decoding transaction bytes of length: 229
[TRACE] Transaction type: 6
[TRACE] Successfully decoded transaction with hash: 81ced9e8bdbef6e303606c4a507459c538446d8eefcf0c535a8035ecd310bd34
2025-09-15 11:46:01.262 TRACE client[0]: Processing transaction with hash: 81ced9e8bdbef6e303606c4a507459c538446d8eefcf0c535a8035ecd310bd34
2025-09-15 11:46:01.262 DEBUG client[0]: Submitting transaction 81ced9e8bdbef6e303606c4a507459c538446d8eefcf0c535a8035ecd310bd34
2025-09-15 11:46:01.345 TRACE : trigger interaction 0xc000215950 1008/1200
[TRACE] Decoding transaction bytes of length: 229
[TRACE] Transaction type: 6
[TRACE] Successfully decoded transaction with hash: 128229baae47606927adbf7ce4b496e1a6dc47db6a49f2b6800f421207a8ab8b
2025-09-15 11:46:01.346 TRACE client[0]: Processing transaction with hash: 128229baae47606927adbf7ce4b496e1a6dc47db6a49f2b6800f421207a8ab8b
2025-09-15 11:46:01.346 DEBUG client[0]: Submitting transaction 128229baae47606927adbf7ce4b496e1a6dc47db6a49f2b6800f421207a8ab8b
2025-09-15 11:46:01.429 TRACE : trigger interaction 0xc000215a40 1009/1200
[TRACE] Decoding transaction bytes of length: 229
[TRACE] Transaction type: 6
[TRACE] Successfully decoded transaction with hash: a2352060ec5cbea96c03b9197407103bdcf7ba14da54b25df3980a7d12b46f50
2025-09-15 11:46:01.429 TRACE client[0]: Processing transaction with hash: a2352060ec5cbea96c03b9197407103bdcf7ba14da54b25df3980a7d12b46f50
2025-09-15 11:46:01.429 DEBUG client[0]: Submitting transaction a2352060ec5cbea96c03b9197407103bdcf7ba14da54b25df3980a7d12b46f50
2025-09-15 11:46:01.512 TRACE : trigger interaction 0xc000215b30 1010/1200
[TRACE] Decoding transaction bytes of length: 229
[TRACE] Transaction type: 6
[TRACE] Successfully decoded transaction with hash: 29924ba63435f6c03b25c3bdf594d9826585dc4564277cdae475047d36ac279a
2025-09-15 11:46:01.513 TRACE client[0]: Processing transaction with hash: 29924ba63435f6c03b25c3bdf594d9826585dc4564277cdae475047d36ac279a
2025-09-15 11:46:01.513 DEBUG client[0]: Submitting transaction 29924ba63435f6c03b25c3bdf594d9826585dc4564277cdae475047d36ac279a
2025-09-15 11:46:01.595 TRACE : trigger interaction 0xc000215c20 1011/1200
[TRACE] Decoding transaction bytes of length: 229
[TRACE] Transaction type: 6
[TRACE] Successfully decoded transaction with hash: 9a4e8a2f86ea8defc5b407505de2ca6eaa69ab0dc57bab48be2b27a93d31edb6
2025-09-15 11:46:01.596 TRACE client[0]: Processing transaction with hash: 9a4e8a2f86ea8defc5b407505de2ca6eaa69ab0dc57bab48be2b27a93d31edb6
2025-09-15 11:46:01.596 DEBUG client[0]: Submitting transaction 9a4e8a2f86ea8defc5b407505de2ca6eaa69ab0dc57bab48be2b27a93d31edb6
2025-09-15 11:46:01.679 TRACE : trigger interaction 0xc000215d10 1012/1200
[TRACE] Decoding transaction bytes of length: 229
[TRACE] Transaction type: 6
[TRACE] Successfully decoded transaction with hash: 528bcebd8e081246a67a55f21b803730ea9d1a891e4f2640e4d5c5937ee24ebd
2025-09-15 11:46:01.679 TRACE client[0]: Processing transaction with hash: 528bcebd8e081246a67a55f21b803730ea9d1a891e4f2640e4d5c5937ee24ebd
2025-09-15 11:46:01.679 DEBUG client[0]: Submitting transaction 528bcebd8e081246a67a55f21b803730ea9d1a891e4f2640e4d5c5937ee24ebd
2025-09-15 11:46:01.762 TRACE : trigger interaction 0xc000215e00 1013/1200
[TRACE] Decoding transaction bytes of length: 229
[TRACE] Transaction type: 6
[TRACE] Successfully decoded transaction with hash: 0a424fe2af04cc429fe85c0e268c16047b82bf3f90f182bafd6c502d23bdaab8
2025-09-15 11:46:01.762 TRACE client[0]: Processing transaction with hash: 0a424fe2af04cc429fe85c0e268c16047b82bf3f90f182bafd6c502d23bdaab8
2025-09-15 11:46:01.762 DEBUG client[0]: Submitting transaction 0a424fe2af04cc429fe85c0e268c16047b82bf3f90f182bafd6c502d23bdaab8
2025-09-15 11:46:01.846 TRACE : trigger interaction 0xc000215ef0 1014/1200
[TRACE] Decoding transaction bytes of length: 229
[TRACE] Transaction type: 6
[TRACE] Successfully decoded transaction with hash: 15e3911f9866b18258daaf0d55e94e0316d0afe41ba8add8b6ec477e2d257311
2025-09-15 11:46:01.846 TRACE client[0]: Processing transaction with hash: 15e3911f9866b18258daaf0d55e94e0316d0afe41ba8add8b6ec477e2d257311
2025-09-15 11:46:01.846 DEBUG client[0]: Submitting transaction 15e3911f9866b18258daaf0d55e94e0316d0afe41ba8add8b6ec477e2d257311
2025-09-15 11:46:01.929 TRACE : trigger interaction 0xc000250000 1015/1200
[TRACE] Decoding transaction bytes of length: 229
[TRACE] Transaction type: 6
[TRACE] Successfully decoded transaction with hash: 4d685643a7a5cfd1c588006775a86441712e4ff678ace53de1e38689b9233439
2025-09-15 11:46:01.929 TRACE client[0]: Processing transaction with hash: 4d685643a7a5cfd1c588006775a86441712e4ff678ace53de1e38689b9233439
2025-09-15 11:46:01.929 DEBUG client[0]: Submitting transaction 4d685643a7a5cfd1c588006775a86441712e4ff678ace53de1e38689b9233439
2025-09-15 11:46:02.012 TRACE : trigger interaction 0xc0002500f0 1016/1200
[TRACE] Decoding transaction bytes of length: 229
[TRACE] Transaction type: 6
[TRACE] Successfully decoded transaction with hash: 41f3e209bc47333d729d8731e098c0aaab330569345581f65320a8dc4a5667ad
2025-09-15 11:46:02.012 TRACE client[0]: Processing transaction with hash: 41f3e209bc47333d729d8731e098c0aaab330569345581f65320a8dc4a5667ad
2025-09-15 11:46:02.012 DEBUG client[0]: Submitting transaction 41f3e209bc47333d729d8731e098c0aaab330569345581f65320a8dc4a5667ad
2025-09-15 11:46:02.096 TRACE : trigger interaction 0xc0002501e0 1017/1200
[TRACE] Decoding transaction bytes of length: 229
[TRACE] Transaction type: 6
[TRACE] Successfully decoded transaction with hash: 9bbb000c0b609a2b85429d8e332dd00ccf36c0ed7da97a7a1955c6bbb271ae29
2025-09-15 11:46:02.096 TRACE client[0]: Processing transaction with hash: 9bbb000c0b609a2b85429d8e332dd00ccf36c0ed7da97a7a1955c6bbb271ae29
2025-09-15 11:46:02.096 DEBUG client[0]: Submitting transaction 9bbb000c0b609a2b85429d8e332dd00ccf36c0ed7da97a7a1955c6bbb271ae29
2025-09-15 11:46:02.179 TRACE : trigger interaction 0xc0002502d0 1018/1200
[TRACE] Decoding transaction bytes of length: 229
[TRACE] Transaction type: 6
[TRACE] Successfully decoded transaction with hash: 6010b90f02436d568a1e25c97dab97253fae925055d93bb7395cdce8f18a65a2
2025-09-15 11:46:02.179 TRACE client[0]: Processing transaction with hash: 6010b90f02436d568a1e25c97dab97253fae925055d93bb7395cdce8f18a65a2
2025-09-15 11:46:02.179 DEBUG client[0]: Submitting transaction 6010b90f02436d568a1e25c97dab97253fae925055d93bb7395cdce8f18a65a2
2025-09-15 11:46:02.262 TRACE : trigger interaction 0xc0002503c0 1019/1200
[TRACE] Decoding transaction bytes of length: 229
[TRACE] Transaction type: 6
[TRACE] Successfully decoded transaction with hash: 953dbfefe5c6716fddf0e2efa6e66abf18a1f67b8b93a3cdadd25f3c03e080b1
2025-09-15 11:46:02.263 TRACE client[0]: Processing transaction with hash: 953dbfefe5c6716fddf0e2efa6e66abf18a1f67b8b93a3cdadd25f3c03e080b1
2025-09-15 11:46:02.263 DEBUG client[0]: Submitting transaction 953dbfefe5c6716fddf0e2efa6e66abf18a1f67b8b93a3cdadd25f3c03e080b1
2025-09-15 11:46:02.346 TRACE : trigger interaction 0xc0002504b0 1020/1200
[TRACE] Decoding transaction bytes of length: 229
[TRACE] Transaction type: 6
[TRACE] Successfully decoded transaction with hash: 2323ae913fb3515429e0e38f38c65866c7dd57920b4dcb5f3e3a52abb87fc5ec
2025-09-15 11:46:02.346 TRACE client[0]: Processing transaction with hash: 2323ae913fb3515429e0e38f38c65866c7dd57920b4dcb5f3e3a52abb87fc5ec
2025-09-15 11:46:02.346 DEBUG client[0]: Submitting transaction 2323ae913fb3515429e0e38f38c65866c7dd57920b4dcb5f3e3a52abb87fc5ec
2025-09-15 11:46:02.428 TRACE : trigger interaction 0xc000366ff0 1021/1200
[TRACE] Decoding transaction bytes of length: 229
[TRACE] Transaction type: 6
[TRACE] Successfully decoded transaction with hash: e0d834d0341af8f3938817f626d17712b1532f4017944a98c2b3c8169632557e
2025-09-15 11:46:02.429 TRACE client[0]: Processing transaction with hash: e0d834d0341af8f3938817f626d17712b1532f4017944a98c2b3c8169632557e
2025-09-15 11:46:02.429 DEBUG client[0]: Submitting transaction e0d834d0341af8f3938817f626d17712b1532f4017944a98c2b3c8169632557e
2025-09-15 11:46:02.512 TRACE : trigger interaction 0xc0003670e0 1022/1200
[TRACE] Decoding transaction bytes of length: 229
[TRACE] Transaction type: 6
[TRACE] Successfully decoded transaction with hash: 7e4bcb01a6aa6f206df442a935acd9a3de6f244eac605843f7724a757b61baa2
2025-09-15 11:46:02.512 TRACE client[0]: Processing transaction with hash: 7e4bcb01a6aa6f206df442a935acd9a3de6f244eac605843f7724a757b61baa2
2025-09-15 11:46:02.512 DEBUG client[0]: Submitting transaction 7e4bcb01a6aa6f206df442a935acd9a3de6f244eac605843f7724a757b61baa2
2025-09-15 11:46:02.595 TRACE : trigger interaction 0xc0003671d0 1023/1200
[TRACE] Decoding transaction bytes of length: 229
[TRACE] Transaction type: 6
[TRACE] Successfully decoded transaction with hash: 76fcb9d4ca80a2a623de305dcea680ef3157d8f124d33f9f8fbb27ee7781cb15
2025-09-15 11:46:02.595 TRACE client[0]: Processing transaction with hash: 76fcb9d4ca80a2a623de305dcea680ef3157d8f124d33f9f8fbb27ee7781cb15
2025-09-15 11:46:02.595 DEBUG client[0]: Submitting transaction 76fcb9d4ca80a2a623de305dcea680ef3157d8f124d33f9f8fbb27ee7781cb15
2025-09-15 11:46:02.679 TRACE : trigger interaction 0xc0003672c0 1024/1200
[TRACE] Decoding transaction bytes of length: 229
[TRACE] Transaction type: 6
[TRACE] Successfully decoded transaction with hash: fb90c11f0f041b8aad8d6379bebf39a9adeea45048a968118652a353b314da8c
2025-09-15 11:46:02.680 TRACE client[0]: Processing transaction with hash: fb90c11f0f041b8aad8d6379bebf39a9adeea45048a968118652a353b314da8c
2025-09-15 11:46:02.680 DEBUG client[0]: Submitting transaction fb90c11f0f041b8aad8d6379bebf39a9adeea45048a968118652a353b314da8c
2025-09-15 11:46:02.762 TRACE : trigger interaction 0xc0003673b0 1025/1200
[TRACE] Decoding transaction bytes of length: 229
[TRACE] Transaction type: 6
[TRACE] Successfully decoded transaction with hash: ac114ec181579c6950a9093e4025c46d355a9c2ba998f91713ca27e7246a947c
2025-09-15 11:46:02.763 TRACE client[0]: Processing transaction with hash: ac114ec181579c6950a9093e4025c46d355a9c2ba998f91713ca27e7246a947c
2025-09-15 11:46:02.763 DEBUG client[0]: Submitting transaction ac114ec181579c6950a9093e4025c46d355a9c2ba998f91713ca27e7246a947c
2025-09-15 11:46:02.845 TRACE : trigger interaction 0xc0003674a0 1026/1200
[TRACE] Decoding transaction bytes of length: 229
[TRACE] Transaction type: 6
[TRACE] Successfully decoded transaction with hash: 2559c13d2c70f2e69e9802298ce298565d08d3e48009cd53a2be1dcb3a1bcd7e
2025-09-15 11:46:02.846 TRACE client[0]: Processing transaction with hash: 2559c13d2c70f2e69e9802298ce298565d08d3e48009cd53a2be1dcb3a1bcd7e
2025-09-15 11:46:02.846 DEBUG client[0]: Submitting transaction 2559c13d2c70f2e69e9802298ce298565d08d3e48009cd53a2be1dcb3a1bcd7e
2025-09-15 11:46:02.929 TRACE : trigger interaction 0xc000367590 1027/1200
[TRACE] Decoding transaction bytes of length: 229
[TRACE] Transaction type: 6
[TRACE] Successfully decoded transaction with hash: 9911e654a083396e57be0f66789592da80de68168f809fb34ead8bd9b20dcd0d
2025-09-15 11:46:02.930 TRACE client[0]: Processing transaction with hash: 9911e654a083396e57be0f66789592da80de68168f809fb34ead8bd9b20dcd0d
2025-09-15 11:46:02.930 DEBUG client[0]: Submitting transaction 9911e654a083396e57be0f66789592da80de68168f809fb34ead8bd9b20dcd0d
2025-09-15 11:46:03.012 TRACE : trigger interaction 0xc000367680 1028/1200
[TRACE] Decoding transaction bytes of length: 229
[TRACE] Transaction type: 6
[TRACE] Successfully decoded transaction with hash: 5fcf5bf02426cb63c43ec1a93c0bb9caf3a25aa65d3167df57a2ea61427539fa
2025-09-15 11:46:03.013 TRACE client[0]: Processing transaction with hash: 5fcf5bf02426cb63c43ec1a93c0bb9caf3a25aa65d3167df57a2ea61427539fa
2025-09-15 11:46:03.013 DEBUG client[0]: Submitting transaction 5fcf5bf02426cb63c43ec1a93c0bb9caf3a25aa65d3167df57a2ea61427539fa
2025-09-15 11:46:03.095 TRACE : trigger interaction 0xc000367770 1029/1200
[TRACE] Decoding transaction bytes of length: 229
[TRACE] Transaction type: 6
[TRACE] Successfully decoded transaction with hash: 295673e4f56117551ee95dea5f2f9b806f6b75a7c7277f424defebbcd7c77b0d
2025-09-15 11:46:03.096 TRACE client[0]: Processing transaction with hash: 295673e4f56117551ee95dea5f2f9b806f6b75a7c7277f424defebbcd7c77b0d
2025-09-15 11:46:03.096 DEBUG client[0]: Submitting transaction 295673e4f56117551ee95dea5f2f9b806f6b75a7c7277f424defebbcd7c77b0d
2025-09-15 11:46:03.179 TRACE : trigger interaction 0xc000367860 1030/1200
[TRACE] Decoding transaction bytes of length: 229
[TRACE] Transaction type: 6
[TRACE] Successfully decoded transaction with hash: c1905155881e383d1cb2a7ac0d7e3be826d7767d1a04ebf6002636bc36706503
2025-09-15 11:46:03.180 TRACE client[0]: Processing transaction with hash: c1905155881e383d1cb2a7ac0d7e3be826d7767d1a04ebf6002636bc36706503
2025-09-15 11:46:03.180 DEBUG client[0]: Submitting transaction c1905155881e383d1cb2a7ac0d7e3be826d7767d1a04ebf6002636bc36706503
2025-09-15 11:46:03.262 TRACE : trigger interaction 0xc000367950 1031/1200
[TRACE] Decoding transaction bytes of length: 229
[TRACE] Transaction type: 6
[TRACE] Successfully decoded transaction with hash: e0cd0084b530e71f710f2a3860a942bef0482465b4162654a0282287ce2aaed3
2025-09-15 11:46:03.263 TRACE client[0]: Processing transaction with hash: e0cd0084b530e71f710f2a3860a942bef0482465b4162654a0282287ce2aaed3
2025-09-15 11:46:03.263 DEBUG client[0]: Submitting transaction e0cd0084b530e71f710f2a3860a942bef0482465b4162654a0282287ce2aaed3
2025-09-15 11:46:03.345 TRACE : trigger interaction 0xc000367a40 1032/1200
[TRACE] Decoding transaction bytes of length: 229
[TRACE] Transaction type: 6
[TRACE] Successfully decoded transaction with hash: 35c813a1d9ca5fee44c6ecb1430e7e9b12bc88033409413a18a0cc607acac354
2025-09-15 11:46:03.346 TRACE client[0]: Processing transaction with hash: 35c813a1d9ca5fee44c6ecb1430e7e9b12bc88033409413a18a0cc607acac354
2025-09-15 11:46:03.346 DEBUG client[0]: Submitting transaction 35c813a1d9ca5fee44c6ecb1430e7e9b12bc88033409413a18a0cc607acac354
2025-09-15 11:46:03.429 TRACE : trigger interaction 0xc000367b30 1033/1200
[TRACE] Decoding transaction bytes of length: 229
[TRACE] Transaction type: 6
[TRACE] Successfully decoded transaction with hash: 71e7460a4c60c9b6af212a0a9dfb401268350687d5aef1fdcdbd12d5a27767a8
2025-09-15 11:46:03.430 TRACE client[0]: Processing transaction with hash: 71e7460a4c60c9b6af212a0a9dfb401268350687d5aef1fdcdbd12d5a27767a8
2025-09-15 11:46:03.430 DEBUG client[0]: Submitting transaction 71e7460a4c60c9b6af212a0a9dfb401268350687d5aef1fdcdbd12d5a27767a8
2025-09-15 11:46:03.512 TRACE : trigger interaction 0xc000367c20 1034/1200
[TRACE] Decoding transaction bytes of length: 229
[TRACE] Transaction type: 6
[TRACE] Successfully decoded transaction with hash: 2169ed92316c26f123b8e246768976a18705c33f234a988aa72f29e456b416e0
2025-09-15 11:46:03.512 TRACE client[0]: Processing transaction with hash: 2169ed92316c26f123b8e246768976a18705c33f234a988aa72f29e456b416e0
2025-09-15 11:46:03.512 DEBUG client[0]: Submitting transaction 2169ed92316c26f123b8e246768976a18705c33f234a988aa72f29e456b416e0
2025-09-15 11:46:03.595 TRACE : trigger interaction 0xc000367d10 1035/1200
[TRACE] Decoding transaction bytes of length: 229
[TRACE] Transaction type: 6
[TRACE] Successfully decoded transaction with hash: 9eb93730c45d48e55194b66d9ead3d34fc2cd7ba2fb8e4399d3bc67fb4b56521
2025-09-15 11:46:03.596 TRACE client[0]: Processing transaction with hash: 9eb93730c45d48e55194b66d9ead3d34fc2cd7ba2fb8e4399d3bc67fb4b56521
2025-09-15 11:46:03.596 DEBUG client[0]: Submitting transaction 9eb93730c45d48e55194b66d9ead3d34fc2cd7ba2fb8e4399d3bc67fb4b56521
2025-09-15 11:46:03.679 TRACE : trigger interaction 0xc000367e00 1036/1200
[TRACE] Decoding transaction bytes of length: 229
[TRACE] Transaction type: 6
[TRACE] Successfully decoded transaction with hash: 77973b7def40f89353582db04497374a7fab1a0b210f737a5ac2d11d922dbde7
2025-09-15 11:46:03.679 TRACE client[0]: Processing transaction with hash: 77973b7def40f89353582db04497374a7fab1a0b210f737a5ac2d11d922dbde7
2025-09-15 11:46:03.679 DEBUG client[0]: Submitting transaction 77973b7def40f89353582db04497374a7fab1a0b210f737a5ac2d11d922dbde7
2025-09-15 11:46:03.762 TRACE : trigger interaction 0xc000367ef0 1037/1200
[TRACE] Decoding transaction bytes of length: 229
[TRACE] Transaction type: 6
[TRACE] Successfully decoded transaction with hash: e924cd2256948212a387a9485988d21e06a110d0859f047871df1574fd06c130
2025-09-15 11:46:03.762 TRACE client[0]: Processing transaction with hash: e924cd2256948212a387a9485988d21e06a110d0859f047871df1574fd06c130
2025-09-15 11:46:03.762 DEBUG client[0]: Submitting transaction e924cd2256948212a387a9485988d21e06a110d0859f047871df1574fd06c130
2025-09-15 11:46:03.846 TRACE : trigger interaction 0xc000033ef0 1038/1200
[TRACE] Decoding transaction bytes of length: 229
[TRACE] Transaction type: 6
[TRACE] Successfully decoded transaction with hash: 02daf9e077e27075a818377679eb3f5cac29bc985b4da646f92a9c967a777082
2025-09-15 11:46:03.846 TRACE client[0]: Processing transaction with hash: 02daf9e077e27075a818377679eb3f5cac29bc985b4da646f92a9c967a777082
2025-09-15 11:46:03.846 DEBUG client[0]: Submitting transaction 02daf9e077e27075a818377679eb3f5cac29bc985b4da646f92a9c967a777082
2025-09-15 11:46:03.929 TRACE : trigger interaction 0xc0003ae000 1039/1200
[TRACE] Decoding transaction bytes of length: 229
[TRACE] Transaction type: 6
[TRACE] Successfully decoded transaction with hash: 08d8b1e4574dcc06b4499a1d749824895163ddd4d2c2310bc676c94cb364c2b5
2025-09-15 11:46:03.929 TRACE client[0]: Processing transaction with hash: 08d8b1e4574dcc06b4499a1d749824895163ddd4d2c2310bc676c94cb364c2b5
2025-09-15 11:46:03.929 DEBUG client[0]: Submitting transaction 08d8b1e4574dcc06b4499a1d749824895163ddd4d2c2310bc676c94cb364c2b5
2025-09-15 11:46:04.012 TRACE : trigger interaction 0xc0003ae0f0 1040/1200
[TRACE] Decoding transaction bytes of length: 229
[TRACE] Transaction type: 6
[TRACE] Successfully decoded transaction with hash: 8c496272bd0bf4bf8dfe6c918a62fce15cddb98acdf39b3fc8bd71d9e58f56d5
2025-09-15 11:46:04.012 TRACE client[0]: Processing transaction with hash: 8c496272bd0bf4bf8dfe6c918a62fce15cddb98acdf39b3fc8bd71d9e58f56d5
2025-09-15 11:46:04.013 DEBUG client[0]: Submitting transaction 8c496272bd0bf4bf8dfe6c918a62fce15cddb98acdf39b3fc8bd71d9e58f56d5
2025-09-15 11:46:04.095 TRACE : trigger interaction 0xc0003ae1e0 1041/1200
[TRACE] Decoding transaction bytes of length: 229
[TRACE] Transaction type: 6
[TRACE] Successfully decoded transaction with hash: 7719c6a6d260c90ff801c80f2fb99469d466fdd10c9a82bdccbbbfa4009a2f12
2025-09-15 11:46:04.096 TRACE client[0]: Processing transaction with hash: 7719c6a6d260c90ff801c80f2fb99469d466fdd10c9a82bdccbbbfa4009a2f12
2025-09-15 11:46:04.096 DEBUG client[0]: Submitting transaction 7719c6a6d260c90ff801c80f2fb99469d466fdd10c9a82bdccbbbfa4009a2f12
2025-09-15 11:46:04.179 TRACE : trigger interaction 0xc0003ae2d0 1042/1200
[TRACE] Decoding transaction bytes of length: 229
[TRACE] Transaction type: 6
[TRACE] Successfully decoded transaction with hash: 3fd1e9518ff6c5f0cc204b54be38701fe7c7e1210daa853d26fa6919b2a0543c
2025-09-15 11:46:04.180 TRACE client[0]: Processing transaction with hash: 3fd1e9518ff6c5f0cc204b54be38701fe7c7e1210daa853d26fa6919b2a0543c
2025-09-15 11:46:04.180 DEBUG client[0]: Submitting transaction 3fd1e9518ff6c5f0cc204b54be38701fe7c7e1210daa853d26fa6919b2a0543c
2025-09-15 11:46:04.262 TRACE : trigger interaction 0xc0003ae3c0 1043/1200
[TRACE] Decoding transaction bytes of length: 229
[TRACE] Transaction type: 6
[TRACE] Successfully decoded transaction with hash: 4e0ac4397ad7892438ffe1cb6a64dccac98b1fd32701d8129104c0af4e2365dc
2025-09-15 11:46:04.263 TRACE client[0]: Processing transaction with hash: 4e0ac4397ad7892438ffe1cb6a64dccac98b1fd32701d8129104c0af4e2365dc
2025-09-15 11:46:04.263 DEBUG client[0]: Submitting transaction 4e0ac4397ad7892438ffe1cb6a64dccac98b1fd32701d8129104c0af4e2365dc
2025-09-15 11:46:04.345 TRACE : trigger interaction 0xc0003ae4b0 1044/1200
[TRACE] Decoding transaction bytes of length: 229
[TRACE] Transaction type: 6
[TRACE] Successfully decoded transaction with hash: 78437b6fbed51f4ca9f110fd00d5ec25aff19e5610f2b31914a855a9e2959946
2025-09-15 11:46:04.346 TRACE client[0]: Processing transaction with hash: 78437b6fbed51f4ca9f110fd00d5ec25aff19e5610f2b31914a855a9e2959946
2025-09-15 11:46:04.346 DEBUG client[0]: Submitting transaction 78437b6fbed51f4ca9f110fd00d5ec25aff19e5610f2b31914a855a9e2959946
2025-09-15 11:46:04.429 TRACE : trigger interaction 0xc0003ae5a0 1045/1200
[TRACE] Decoding transaction bytes of length: 229
[TRACE] Transaction type: 6
[TRACE] Successfully decoded transaction with hash: 8f96a580cfdcedb42ec8c21449387372af7f17d0506f4792ee74abd322647524
2025-09-15 11:46:04.430 TRACE client[0]: Processing transaction with hash: 8f96a580cfdcedb42ec8c21449387372af7f17d0506f4792ee74abd322647524
2025-09-15 11:46:04.430 DEBUG client[0]: Submitting transaction 8f96a580cfdcedb42ec8c21449387372af7f17d0506f4792ee74abd322647524
2025-09-15 11:46:04.512 TRACE : trigger interaction 0xc0003ae690 1046/1200
[TRACE] Decoding transaction bytes of length: 229
[TRACE] Transaction type: 6
[TRACE] Successfully decoded transaction with hash: c96d08a032dc1a01d9476aeba6b65ccc69e143029cb8bb1f940c78dcbf9d064f
2025-09-15 11:46:04.513 TRACE client[0]: Processing transaction with hash: c96d08a032dc1a01d9476aeba6b65ccc69e143029cb8bb1f940c78dcbf9d064f
2025-09-15 11:46:04.513 DEBUG client[0]: Submitting transaction c96d08a032dc1a01d9476aeba6b65ccc69e143029cb8bb1f940c78dcbf9d064f
2025-09-15 11:46:04.595 TRACE : trigger interaction 0xc0003ae780 1047/1200
[TRACE] Decoding transaction bytes of length: 229
[TRACE] Transaction type: 6
[TRACE] Successfully decoded transaction with hash: 05983cc305bd7b2a6f8cf0e4925031069ac31204ac4ac907c7a0540883799429
2025-09-15 11:46:04.596 TRACE client[0]: Processing transaction with hash: 05983cc305bd7b2a6f8cf0e4925031069ac31204ac4ac907c7a0540883799429
2025-09-15 11:46:04.596 DEBUG client[0]: Submitting transaction 05983cc305bd7b2a6f8cf0e4925031069ac31204ac4ac907c7a0540883799429
2025-09-15 11:46:04.679 TRACE : trigger interaction 0xc0003ae870 1048/1200
[TRACE] Decoding transaction bytes of length: 229
[TRACE] Transaction type: 6
[TRACE] Successfully decoded transaction with hash: 0635ff0ef6661f1fb44daafc0b6d56817b133296863d6ce946d0e79e2a89c4c8
2025-09-15 11:46:04.679 TRACE client[0]: Processing transaction with hash: 0635ff0ef6661f1fb44daafc0b6d56817b133296863d6ce946d0e79e2a89c4c8
2025-09-15 11:46:04.679 DEBUG client[0]: Submitting transaction 0635ff0ef6661f1fb44daafc0b6d56817b133296863d6ce946d0e79e2a89c4c8
2025-09-15 11:46:04.762 TRACE : trigger interaction 0xc0003ae960 1049/1200
[TRACE] Decoding transaction bytes of length: 229
[TRACE] Transaction type: 6
[TRACE] Successfully decoded transaction with hash: 23c13beeddd88c3727ac854855629c3de9b33c6f175d9835d2ef208d7381ed11
2025-09-15 11:46:04.762 TRACE client[0]: Processing transaction with hash: 23c13beeddd88c3727ac854855629c3de9b33c6f175d9835d2ef208d7381ed11
2025-09-15 11:46:04.762 DEBUG client[0]: Submitting transaction 23c13beeddd88c3727ac854855629c3de9b33c6f175d9835d2ef208d7381ed11
2025-09-15 11:46:04.845 TRACE : trigger interaction 0xc0003aea50 1050/1200
[TRACE] Decoding transaction bytes of length: 229
[TRACE] Transaction type: 6
[TRACE] Successfully decoded transaction with hash: d43092b9d98ef28a1752ddc21d750517d803ea293d073c5e15d82d45e09d4842
2025-09-15 11:46:04.845 TRACE client[0]: Processing transaction with hash: d43092b9d98ef28a1752ddc21d750517d803ea293d073c5e15d82d45e09d4842
2025-09-15 11:46:04.845 DEBUG client[0]: Submitting transaction d43092b9d98ef28a1752ddc21d750517d803ea293d073c5e15d82d45e09d4842
2025-09-15 11:46:04.929 TRACE : trigger interaction 0xc0003aeb40 1051/1200
[TRACE] Decoding transaction bytes of length: 229
[TRACE] Transaction type: 6
[TRACE] Successfully decoded transaction with hash: d186a0efd15546221c96a842e0a02c17e48331cb5053f4331a34bb4007b5eca2
2025-09-15 11:46:04.929 TRACE client[0]: Processing transaction with hash: d186a0efd15546221c96a842e0a02c17e48331cb5053f4331a34bb4007b5eca2
2025-09-15 11:46:04.929 DEBUG client[0]: Submitting transaction d186a0efd15546221c96a842e0a02c17e48331cb5053f4331a34bb4007b5eca2
2025-09-15 11:46:05.012 TRACE : trigger interaction 0xc0003aec30 1052/1200
[TRACE] Decoding transaction bytes of length: 229
[TRACE] Transaction type: 6
[TRACE] Successfully decoded transaction with hash: a510079bbf99d1026faf51a71e4f7812d91be894d08db44243be57e7dea04552
2025-09-15 11:46:05.012 TRACE client[0]: Processing transaction with hash: a510079bbf99d1026faf51a71e4f7812d91be894d08db44243be57e7dea04552
2025-09-15 11:46:05.012 DEBUG client[0]: Submitting transaction a510079bbf99d1026faf51a71e4f7812d91be894d08db44243be57e7dea04552
2025-09-15 11:46:05.096 TRACE : trigger interaction 0xc0003aed20 1053/1200
[TRACE] Decoding transaction bytes of length: 229
[TRACE] Transaction type: 6
[TRACE] Successfully decoded transaction with hash: dc3c4fcefbfcd8bec86a47ee64a38db77d1e7359e362221cd360105ff258d2f2
2025-09-15 11:46:05.096 TRACE client[0]: Processing transaction with hash: dc3c4fcefbfcd8bec86a47ee64a38db77d1e7359e362221cd360105ff258d2f2
2025-09-15 11:46:05.096 DEBUG client[0]: Submitting transaction dc3c4fcefbfcd8bec86a47ee64a38db77d1e7359e362221cd360105ff258d2f2
2025-09-15 11:46:05.127 TRACE client[0]: Found transaction in block: 2c8db7e13db5b733877b1bea8261ab358fc48caaab4f0f8a4ce03b0e42b68353
2025-09-15 11:46:05.127 TRACE client[0]: Found transaction in block: 6e2ce7ba39b20dd8ad06815d8e356103eb75b96662a57b6eb57dcdca0feb53a2
2025-09-15 11:46:05.127 TRACE client[0]: Found transaction in block: f554d1b48fff425347dbbb51e6849055ba6771e408006f50b5571f3cca640a95
2025-09-15 11:46:05.127 TRACE client[0]: Found transaction in block: 5d159beb00378d63a7dc5bc9128d0910b2b082331312aba08bf11bc7ade5b84b
2025-09-15 11:46:05.127 TRACE client[0]: Found transaction in block: f5d158e6d0e74eb779c76a8933fe726261f00fb7e8d052ff98a4edb8834237ff
2025-09-15 11:46:05.127 TRACE client[0]: Found transaction in block: 7d211cc6adf8e5df833f82bb4159fb92afc6bd85a53237f55514f5ddc1e70943
2025-09-15 11:46:05.127 TRACE client[0]: Found transaction in block: a8f939b5d3251dbce25fa6d2cc981a1377db504442e801c7d09b629c70836518
2025-09-15 11:46:05.127 TRACE client[0]: Found transaction in block: 9b319567b534bc10fc40e7498824935214ee70847509319a7b310922129b28e2
2025-09-15 11:46:05.127 TRACE client[0]: Found transaction in block: 785bdedd79fa49364e74dddf9e36b472fd8a72a47abd79953df9418fa6e4657d
2025-09-15 11:46:05.127 TRACE client[0]: Found transaction in block: e40677abf9db52a100d436a51fb777a4481a9eb5e2cfe8fbf0a7bb7cba3f9c6c
2025-09-15 11:46:05.127 TRACE client[0]: Found transaction in block: 9c2e549a1b8a9376521a70d1a801a8e224176d0a24765fcd37b5b96a639e2ce6
2025-09-15 11:46:05.127 TRACE client[0]: Found transaction in block: a5a279e92a6a7530a3004b30556347bf4d16e4b8b7e5e765ea3fae80b65d59e6
2025-09-15 11:46:05.127 TRACE client[0]: Found transaction in block: 7d288410414652181a15cfcbb9006afebbf7110a70647868c2826ab0ee795bf8
2025-09-15 11:46:05.127 TRACE client[0]: Found transaction in block: b81d02bc7ed609444db51f97379b33ec8428ebbe40bcd997eb6fc946e337a9e7
2025-09-15 11:46:05.127 TRACE client[0]: Found transaction in block: ba5ae87aa057a42318de3f95a6a8f76efa237ff4c2d76c376d70f9681fc2ac83
2025-09-15 11:46:05.127 TRACE client[0]: Found transaction in block: 81054b4f81d4063f51a1072933de3bb6ad89d1264b758bd77e871d8061913405
2025-09-15 11:46:05.127 TRACE client[0]: Found transaction in block: d74d0628c73e31a85b34f3bb460468f8fecc2d44e0d2b8b5b7b49a3fa4fb1d35
2025-09-15 11:46:05.127 TRACE client[0]: Found transaction in block: 6d0f5156d277eb86db2aa7d8714d624d42af1add999f662a84b385107a76c2d3
2025-09-15 11:46:05.127 TRACE client[0]: Found transaction in block: 0c00fb48cc0d2036b3e71da2425050b3f219a2942a87218189a4c8912c9f3afb
2025-09-15 11:46:05.127 TRACE client[0]: Found transaction in block: 61fc8f75fbb99c2b3619718bef943f6a94e2f3e5ac0e69640045dcff897da35d
2025-09-15 11:46:05.127 TRACE client[0]: Found transaction in block: 7684c9fa948ce482c70ec7ffa916516ba62d9ec5d8dc582e3b88d9bda31690e8
2025-09-15 11:46:05.127 TRACE client[0]: Found transaction in block: ce5e60ab49cecacd338fce2ef02f08ce901be9d75788f4647b98863866f0838f
2025-09-15 11:46:05.127 TRACE client[0]: Found transaction in block: 295424b7dacc451f593ad3224dfa71775973ac4c6c6fc3dedecfece3a1d92755
2025-09-15 11:46:05.127 TRACE client[0]: Found transaction in block: 384f408c5f5fb87448d7b82841ecce619a47b3405bac078bf93a94bcfdc1f878
2025-09-15 11:46:05.127 TRACE client[0]: Found transaction in block: afa17e24d8e4f030a4390b5941f945b7e4b7c919604b75733fb2c90029def043
2025-09-15 11:46:05.127 TRACE client[0]: Found transaction in block: 8886a4dd5ce22bee31cbcffd3b0b1ae422799105745945307684626cb573dae7
2025-09-15 11:46:05.127 TRACE client[0]: Found transaction in block: 85c575d5aff1f5e6e582af7c37c2994beedf37e0ea7027b259915dee2a589261
2025-09-15 11:46:05.127 TRACE client[0]: Found transaction in block: 02eab5013aa53c4050996d6cecbe65f356757d82b120d261a5bf3009b6b89929
2025-09-15 11:46:05.127 TRACE client[0]: Found transaction in block: de69a58fd328a5b195da7795b8447daa9877ed4c438fbd8ab38292ac3d9ccd8f
2025-09-15 11:46:05.127 TRACE client[0]: Found transaction in block: e5d8ac0ed4bb240aa4785fa3bca7525317fc4a5a832a873bc486da8cc8e9793c
2025-09-15 11:46:05.127 TRACE client[0]: Found transaction in block: e829e60d7a307f6f658cea902697111a675209408e69eb524ab7d4d3582d6b70
2025-09-15 11:46:05.127 TRACE client[0]: Found transaction in block: 5fd250bd321e4eff388e793e2374f7af97c5ade2961eb6c3cb77d79ea54e73fd
2025-09-15 11:46:05.127 TRACE client[0]: Found transaction in block: 020033ddae67af239d1a5cf4e061f255c0a4d81ff844d210de06b8270c9dadb3
2025-09-15 11:46:05.127 TRACE client[0]: Found transaction in block: 06b74d9fa9488e50634d898a7cab71b1120999cb3d96b6e21e064a76e5cd8473
2025-09-15 11:46:05.127 TRACE client[0]: Found transaction in block: bd6c1a4164ace31a37761e1d703d533af08186fbbb5d527e7691e74d7491430b
2025-09-15 11:46:05.127 TRACE client[0]: Found transaction in block: d8801df39ecf5527d0751c748529e0ec8327368011e5ac9e601aa23c6af5cca9
2025-09-15 11:46:05.127 TRACE client[0]: Found transaction in block: 107c8bdf4dad66b053ffec810057433a5561877ebb06bbe347a0713db39f03b7
2025-09-15 11:46:05.127 TRACE client[0]: Found transaction in block: 346b5229e67d79bc04a051ed8cb22065be284bf892aa319c0ea5b9fcf8211a31
2025-09-15 11:46:05.127 TRACE client[0]: Found transaction in block: e42d134f12055cdbaf82dc242cf70e7b7f93dde9bafe13970aebfa78c7086a6c
2025-09-15 11:46:05.127 TRACE client[0]: Found transaction in block: bc580758404eebf99ac15e7f00ae69d1a159e7febdafea2e783e30a848a4cdf9
2025-09-15 11:46:05.127 TRACE client[0]: Found transaction in block: 8e3f25f2ff6fe2f7ce6e1a64fa07371ec114f0033fce5f7268a1fc9f30b35180
2025-09-15 11:46:05.127 TRACE client[0]: Found transaction in block: 6d43617a3aeb3bd9ef4e93855db8b24a69cc7852e1ac204474016a67da040322
2025-09-15 11:46:05.127 TRACE client[0]: Found transaction in block: 60ce5ae664a47bca331fd9dece8eb8be540fe930b7d0ad5777bd157db0afede4
2025-09-15 11:46:05.127 TRACE client[0]: Found transaction in block: 1b9aebcc881180007c95b452319bdcf99cce3853eaae2b7102a0ada07b253b8c
2025-09-15 11:46:05.127 TRACE client[0]: Found transaction in block: 14e26f38a13d434ededb5b05adf703620bb2c5055b102bc31515515703da6726
2025-09-15 11:46:05.127 TRACE client[0]: Found transaction in block: 04664152e06e36536e537ec3ef1f5819a41c06d173e9480a6d5d0e768ea734ec
2025-09-15 11:46:05.127 TRACE client[0]: Found transaction in block: 56cba33a9007e9d35bc5aa24731417d2a4bcd6c8c94e9e34888a99a2911c0310
2025-09-15 11:46:05.127 TRACE client[0]: Found transaction in block: 4ecf37393ecf17c87813df31d790610c912b0a875b6ddefd85e7b258a2942afe
2025-09-15 11:46:05.127 TRACE client[0]: Found transaction in block: acd78d240191aad11e51f99223d3af4e2944aa9bbce29f988ee53932ba68742d
2025-09-15 11:46:05.127 TRACE client[0]: Found transaction in block: a3add274bf5a249eadb5d67ba32d0889ddb8c53b73bfb1def6ff5834c7612183
2025-09-15 11:46:05.127 TRACE client[0]: Found transaction in block: 8e83978fb143e6b6623182daa0aa588c9b5eccaa2f078e3b79b8df4bc7b30973
2025-09-15 11:46:05.127 TRACE client[0]: Found transaction in block: ff64b5a29b4a60617361e7fca040863b833bcf9dd81e74e062fb3d4b88a10f59
2025-09-15 11:46:05.127 TRACE client[0]: Found transaction in block: 3ea7694b95df64c1cabf109cad26e572fabe38458ceb36ac258d7b2a096c59df
2025-09-15 11:46:05.127 TRACE client[0]: Found transaction in block: 790324922fbe0118f8f1879500823ba1d695603d535db38a68fd940a2d793f46
2025-09-15 11:46:05.127 TRACE client[0]: Found transaction in block: 6fae85d79571836af1825b3681b65c64a9e499af200589597fd18400f05592ea
2025-09-15 11:46:05.127 TRACE client[0]: Found transaction in block: 8dcc5f012a4cce84b28024b2a11b97b175479232b838394ff28db900d869efec
2025-09-15 11:46:05.127 TRACE client[0]: Found transaction in block: ee2224edcc2126c6e98baf7e8185048f1cf8990d329258ccc5801116c323e713
2025-09-15 11:46:05.127 TRACE client[0]: Found transaction in block: 5b6088d3890ad806023e4bfdcd327f13814ae468a3fc06af036dde1dd61c370b
2025-09-15 11:46:05.127 TRACE client[0]: Found transaction in block: 8601a02b75b83d16092acc7f24b68374bbfdfb2ce972d0930bf87ac8a2ba0ec2
2025-09-15 11:46:05.127 TRACE client[0]: Found transaction in block: d1afdcc389e1bb4bdad345d17a1b128b19a520b8f933d277243c23c1b44f0b88
2025-09-15 11:46:05.127 TRACE client[0]: Found transaction in block: 8b77da6508915024a4561ebfc69a113f7250821f4ad61b56f499ef1e75ee44bd
2025-09-15 11:46:05.127 TRACE client[0]: Found transaction in block: d0b2fee4409b052d2a0305a99846ddc61b2b9ca833a36813c1cfbec328d15c82
2025-09-15 11:46:05.127 TRACE client[0]: Found transaction in block: f66ce097500fa94b1e9aa90b1e8a4fa5d72dcc175af7239a0393668fd7099346
2025-09-15 11:46:05.127 TRACE client[0]: Found transaction in block: 7ed05420120feefa4b02476a23ef29d53c9949da70fd8617544612bc117f51c3
2025-09-15 11:46:05.127 TRACE client[0]: Found transaction in block: 1f76a7ac49347f3fd5f273b790bd92a103774162656463d0cff1398f4771257e
2025-09-15 11:46:05.127 TRACE client[0]: Found transaction in block: 0665ce240929aaa378d4746c7c53775e97bbfb344d45354ba493fa78f97e760d
2025-09-15 11:46:05.127 TRACE client[0]: Found transaction in block: a5fa4a6cc12f3445d26b4f55345c678555d37ab3f804924798bacb9a9e5fe73e
2025-09-15 11:46:05.127 TRACE client[0]: Found transaction in block: fb36e244ba591d96caaf4c69f74c1bf547e92f8b75e547b4421af68c2ae69b10
2025-09-15 11:46:05.127 TRACE client[0]: Found transaction in block: 5c79cedc26c2569956068e80f3d891f7976da90a6914f52433be4c56e328002d
2025-09-15 11:46:05.127 TRACE client[0]: Found transaction in block: d686c5afbe0a2efd21e116ceab53e560ba572787abf035637f94e48d4fac2871
2025-09-15 11:46:05.127 TRACE client[0]: Found transaction in block: d337deaff8c209b5d1e37c5e7b1cbeabe4e36ee0afc6e40fc22f9b62d25015f6
2025-09-15 11:46:05.127 TRACE client[0]: Found transaction in block: 1fa6e68ec4c84481d93d360dc14125fa0416919a4999e2fd458c37e92b1c3f75
2025-09-15 11:46:05.127 TRACE client[0]: Found transaction in block: 8e3f490016ceed6a97f661c9ac4b2306742a69d27ad4289d38435894fee29813
2025-09-15 11:46:05.127 TRACE client[0]: Found transaction in block: 981f09d01e3536e38ad37d831668269e1cf77c689426f361d49d18dd3c5d55fa
2025-09-15 11:46:05.127 TRACE client[0]: Found transaction in block: b56c9f612dbfbac1450c4f84110bd6ab3741d6ebc435ae373a48f36e5143a66a
2025-09-15 11:46:05.127 TRACE client[0]: Found transaction in block: bf6a48a828e26b01ab3577ea8d6e7aefa394a9e9c53a9fd9e58ee495a46d0af2
2025-09-15 11:46:05.127 TRACE client[0]: Found transaction in block: 78f1da4318f2057f683c706cc4eea96bfce89af3ba7e68a27fbd613e0116b3f5
2025-09-15 11:46:05.127 TRACE client[0]: Found transaction in block: e87899504eea28a4590fc4405aa01b2d523c36325c0517eb7190495559885733
2025-09-15 11:46:05.127 TRACE client[0]: Found transaction in block: bf2f5075758b485431af86387082f20738e8e0bfc924a6e9c980a0e4f6892b43
2025-09-15 11:46:05.127 TRACE client[0]: Found transaction in block: b86a6c8606214ef94025f6babe8b56415ce5b8586e0256e88b041249ff960d0a
2025-09-15 11:46:05.127 TRACE client[0]: Found transaction in block: 981b92d032093ef0d51af9ebbcfece7d46ee35883e60857d9e1317295582fc35
2025-09-15 11:46:05.127 TRACE client[0]: Found transaction in block: f5c9e197f42f2292245d5d4197ac018c9cdf9f4ce6dc506e4575b2f6a9b1f0bc
2025-09-15 11:46:05.127 TRACE client[0]: Found transaction in block: 42bd5c785138c0f3d0982e4234ba788fbd86643e127922a54bf579237c17fd8a
2025-09-15 11:46:05.127 TRACE client[0]: Found transaction in block: 884fa8248e56c9c88914ea25ae23936cce32a211fb199078427c067d71fe2ace
2025-09-15 11:46:05.127 TRACE client[0]: Found transaction in block: cd543a2c4b5265fc7e4b709893e2c637da2d6bde96f449ec00878770e6195ea3
2025-09-15 11:46:05.127 TRACE client[0]: Found transaction in block: 2db7d24f78c1a7db8db903054a44819b67f9ffe39b739b9ed7b4ae825047840a
2025-09-15 11:46:05.127 TRACE client[0]: Found transaction in block: 12860de4b50b7e15ef069d51f911e1cc0d0c7a5337d8f5e797c430bba409ce26
2025-09-15 11:46:05.127 TRACE client[0]: Found transaction in block: ea66de1cef726ee261a0a3201933d4b76a27e1952242ed91748230b55b374fd6
2025-09-15 11:46:05.127 TRACE client[0]: Found transaction in block: 9a73a9bd86fbb8da74bc04e3e91ceb1acad08e202c46d375c5168d81d1ec4ec1
2025-09-15 11:46:05.127 TRACE client[0]: Found transaction in block: 23fa2d92da16e78b759fef52cd4c1aed0fa18d4557e8a53f0d13be33ad4f9473
2025-09-15 11:46:05.127 TRACE client[0]: Found transaction in block: 8716ecb77575e6764ac4c111ce27eeeb4d326a5b7ceedbf362bfb47e222f055a
2025-09-15 11:46:05.127 TRACE client[0]: Found transaction in block: 42c8887ebc990a926c60b79a307519d998f177c76f5c850c6864c66bb7a335e0
2025-09-15 11:46:05.127 TRACE client[0]: Found transaction in block: 6200416a2c85c653a6882158600919317f9a9b0c97c134ca82eceb633552b2f3
2025-09-15 11:46:05.127 TRACE client[0]: Found transaction in block: 2bb0a63586103cfad0e4a5580404a382db13cea130bc1ab448aaa5186a403af1
2025-09-15 11:46:05.127 TRACE client[0]: Found transaction in block: 7efcc5d992814d59b949db8de37d2257840ef6acffb5ac69185a8760165c94ef
2025-09-15 11:46:05.127 TRACE client[0]: Found transaction in block: 73bae3c621a25bf01d77ba8aaecfe8ab67914e112706086724c86b95e479ad61
2025-09-15 11:46:05.127 TRACE client[0]: Found transaction in block: 5e4dee3a06850bdf50ed512ec4a6c60d36913721b3ccc2ccbf736c637d50b4c0
2025-09-15 11:46:05.127 TRACE client[0]: Found transaction in block: f2b494a10b19b92b1c54b5dba2c9b24a514b58efd0f44b2ba933c46932a07dc4
2025-09-15 11:46:05.127 TRACE client[0]: Found transaction in block: d6d911d8d7c73e6c76fdca6116c5ede088bf82ca5981f8b57f146fb8603af78e
2025-09-15 11:46:05.128 TRACE client[0]: Found transaction in block: 47f949d59dd46ebaafa2e223b47826fca83306df4ed35886ce6692929c52f7a4
2025-09-15 11:46:05.128 TRACE client[0]: Found transaction in block: 7aba56f9723d15af317223a2f0adb4219547ea837d1d01603e03d7b98c4c5062
2025-09-15 11:46:05.128 TRACE client[0]: Found transaction in block: 73113ae5fd6be15c70b495bfab2585788a32abc66615b36e366a9369a3f75ab1
2025-09-15 11:46:05.128 TRACE client[0]: Found transaction in block: 837d687d44cb3c7cde55ab99b378aaf448542ee3215bcb0df1b2a47524b5fc67
2025-09-15 11:46:05.128 TRACE client[0]: Found transaction in block: 374f0dba159cae06b322e203b2e3dcd02991e7f6e70258018c171079d244fd9e
2025-09-15 11:46:05.128 TRACE client[0]: Found transaction in block: 6da1713665e53904e066050dadb38ebfdac496ba52c277737fd8828727bab094
2025-09-15 11:46:05.128 TRACE client[0]: Found transaction in block: 8218efc0552be06fe9d783d0e7efb1d258cd16b1ccaf7b1cfd611ad2fe299223
2025-09-15 11:46:05.128 TRACE client[0]: Found transaction in block: 061ac8da4056eac0f9b5a9a5df79c98b6cd6003f235df2c9abd291d4d30fa1bc
2025-09-15 11:46:05.128 TRACE client[0]: Found transaction in block: 308002770e49d5a1ac6d9f335d51754e64c03ad6a86a2d4db23bb42d932e6fcd
2025-09-15 11:46:05.128 TRACE client[0]: Found transaction in block: 0ccc25d6ac31d154a87cdbc038e3798ae23a14b2b5207bb3f30d1e2803e7ad52
2025-09-15 11:46:05.128 TRACE client[0]: Found transaction in block: e698c3bc130bc40ce4381d6fff8df54ec3fbee46516e95d98a56721167c732bb
2025-09-15 11:46:05.128 TRACE client[0]: Found transaction in block: fe29cc115f1cadffde23ce03928ecd37c4765639b1d266e4833e3f62cb832861
2025-09-15 11:46:05.128 TRACE client[0]: Found transaction in block: 23927ebe4db2d1fa50c76dbc628518e7a138fae80e63443546412d656d35da8a
2025-09-15 11:46:05.128 TRACE client[0]: Found transaction in block: c5386494e2f953b1143d4e8ed64fdb903d9e26d9d1db34d75f4550c32e1ff9a5
2025-09-15 11:46:05.128 TRACE client[0]: Found transaction in block: 435e4003e5b7d8663e1b71db201906ea25da60906c0214fe6f172538257d68cf
2025-09-15 11:46:05.128 TRACE client[0]: Found transaction in block: 15d2031471fb76988987f6a4b4c7cf5def1d866eb19d259c2ecadcacdcdcffd6
2025-09-15 11:46:05.128 TRACE client[0]: Found transaction in block: 3107e1535b45967aeb0f4abbab16fcb2b4f0008037d19a67730b02ae62bbeaec
2025-09-15 11:46:05.128 TRACE client[0]: Found transaction in block: 211747d4b6c5df68cdb3245c2b66f322cb3c4baa69c9708966ea30ae0cc10aa5
2025-09-15 11:46:05.128 TRACE client[0]: Found transaction in block: a7f168a1ff7eebfd5c5dc1c96ed21a26e46fbce215699856d8c33c0e78ca5d53
2025-09-15 11:46:05.128 TRACE client[0]: Found transaction in block: 8fa269eef1589395e92f9d7cb7f88b775defe5776059ac25adfea0d1fcf7869e
2025-09-15 11:46:05.128 TRACE client[0]: Found transaction in block: 40585e820e30c4cb6dfab66fbb2cb8aad15f2c47ca421d781962495930ac469e
2025-09-15 11:46:05.128 TRACE client[0]: Found transaction in block: 9e29f16f18a8e72655bab22a8d767fb641d61ec6a0fb24f683d565a8163a370f
2025-09-15 11:46:05.128 TRACE client[0]: Found transaction in block: 19bbe009355b4ba58faffbb5b64742861c48f4d9cd44dc8bb5fa1284b2c2a298
2025-09-15 11:46:05.128 TRACE client[0]: Found transaction in block: 620cf596f57d4d9362f7e5054a460e58f016e07be620782501bb31858fae51bb
2025-09-15 11:46:05.128 TRACE client[0]: Found transaction in block: a2ff19d9dac6ebcd056cf283ef54c8ce2172a2ed82eff57235fa04f8d575783c
2025-09-15 11:46:05.128 TRACE client[0]: Found transaction in block: d0c5e46b7fbf9b1bec43ee725c2bbf0e6cb8b3a2353b85ebc38c9f0c57894e49
2025-09-15 11:46:05.128 TRACE client[0]: Found transaction in block: 5973ee90605f4716e1094b21cf8926bfad3c31c18506c24d14fb0ab120733e25
2025-09-15 11:46:05.128 TRACE client[0]: Found transaction in block: 34eebc37ee089a9cc95436ed79b3b495d49938583a2cb5c6d24893b6b0956caa
2025-09-15 11:46:05.128 TRACE client[0]: Found transaction in block: 569885c36fc02a3fe8bd406e9be17a073a081bbde4175d96875fb85f3e3d7543
2025-09-15 11:46:05.128 TRACE client[0]: Found transaction in block: 3ce26ac61deacafeddcd03f96459cdf754b8248f34e5f0cf778a9038f09e7fdb
2025-09-15 11:46:05.128 TRACE client[0]: Found transaction in block: 45a7b441c8ae140f096ee775a89a7bc655ce9860aad310a26a595a3a3f09b90e
2025-09-15 11:46:05.128 TRACE client[0]: Found transaction in block: 00db34e814a0772ce18a6551dedb0db11b2b66a0366591dd4fc8a7e418a831dd
2025-09-15 11:46:05.128 TRACE client[0]: Found transaction in block: 987affa84ee3369121f2473843b18da1c7a9a9977d8213d590159c39ec03f307
2025-09-15 11:46:05.128 TRACE client[0]: Found transaction in block: 4d3b69eee11b5fe8209f9ffcc28fa831e01d6c3fe634e9b9dc5c683686936cb4
2025-09-15 11:46:05.128 TRACE client[0]: Found transaction in block: 63e3852e88986f66388d72d6a9c05ffca7274a9d5e8899f523c6cbc0f7a0b23b
2025-09-15 11:46:05.128 TRACE client[0]: Found transaction in block: aa56b523b5ac42ccb87012924cce21a34f4f2590747df854a3c32a0143b42a5b
2025-09-15 11:46:05.128 TRACE client[0]: Found transaction in block: afd1746dc183d30024096f07c08ae26066117035cef095f061ceb04853e7853d
2025-09-15 11:46:05.128 TRACE client[0]: Found transaction in block: a33aea030d58df77652b764421a6da51664953d991335d18ab5a109873c65f55
2025-09-15 11:46:05.128 TRACE client[0]: Found transaction in block: 96415bd87bb1604d38f62700daf8b0ed067358db3dd0e7a32283db8d778d9b09
2025-09-15 11:46:05.128 TRACE client[0]: Found transaction in block: 59d029259938708e1bf556c380d463d4e322a5047a0c9d9355676a014e87e09c
2025-09-15 11:46:05.128 TRACE client[0]: Found transaction in block: 724f5dc448db630590ee38929a34d9f990c543256826b8aa9e23892c03339356
2025-09-15 11:46:05.128 TRACE client[0]: Found transaction in block: 0c7b2371e6c0e0ea911a980775b7cac794ae19687feb79a97320c665acd18baf
2025-09-15 11:46:05.128 TRACE client[0]: Found transaction in block: 6cceefdca45729accb2c3a12902da9508ea5c614ca9821c2ac288dc232fd6446
2025-09-15 11:46:05.128 TRACE client[0]: Found transaction in block: 329a3db41df2d753934eff57863f88599d0193971b02c345f6a2647bfcdfed17
2025-09-15 11:46:05.128 TRACE client[0]: Found transaction in block: e24b5c868f55efd650ab5bf9abb76f18afe85019ec1464d2a29f44bb638ae536
2025-09-15 11:46:05.128 TRACE client[0]: Found transaction in block: dc96389b41e108da81bb379a65fbcef19dc8f53f39ce3c15cf09b089f4d8d54f
2025-09-15 11:46:05.128 TRACE client[0]: Found transaction in block: 7aaa55e281abaee420014cf63186661c0f007a099c583db1f1ba06798c68227e
2025-09-15 11:46:05.128 TRACE client[0]: Found transaction in block: 5fc4942dab265490bd9b292cbd8733ed431f911f179eca41a58bfbf75481d452
2025-09-15 11:46:05.128 TRACE client[0]: Found transaction in block: bbb9f405b3cd38370d655fea6ff3f41e58a83714d8b4df7a13bf5c02dc6c5f89
2025-09-15 11:46:05.128 TRACE client[0]: Found transaction in block: 740d227025a8efddf210787823fb67c51107b78c784bfa0a83a8cc4e9d7b0b01
2025-09-15 11:46:05.128 TRACE client[0]: Found transaction in block: 545d285eb509faf4408f7b5784e9061a103f8cda2805ee72834efc927db58f2e
2025-09-15 11:46:05.128 TRACE client[0]: Found transaction in block: af6246e94d9522dde63fe32b195d7e7aa7e71d96479ced79e3f384593159d186
2025-09-15 11:46:05.128 TRACE client[0]: Found transaction in block: 620608274209e4db5478d6f1e58528fba98a4419fa05dbebc56115945eed6e60
2025-09-15 11:46:05.128 TRACE client[0]: Found transaction in block: df4035e5af2a1a86d4103050c27e6dae28d6e406befeccce463dd81862c194d6
2025-09-15 11:46:05.128 TRACE client[0]: Found transaction in block: fa41ae8a309057e99067902e75ac8b9ba4245b95d75dfca6c11f6d73f7fab1d2
2025-09-15 11:46:05.128 TRACE client[0]: Found transaction in block: 460dcecb01ba7e061d10ecadeb011d9b4fbc000d3e44d419eb36eab5a6e511c7
2025-09-15 11:46:05.128 TRACE client[0]: Found transaction in block: 8586a3e22e9d80f3c3b5e9651a3614f41f409a9eed9f8ec3cf3866f6fc92ebf1
2025-09-15 11:46:05.128 TRACE client[0]: Found transaction in block: dff75befbcc26d291bf0bffd5cca7b696a7c82d00d05af62c9d7a66336fd561f
2025-09-15 11:46:05.128 TRACE client[0]: Found transaction in block: 25c8b7c403d187be8a0d646b0d3caf767b4d4684cbb7ea8ae92484f9f081c840
2025-09-15 11:46:05.128 TRACE client[0]: Found transaction in block: 25b747e52a2358ef826d9be76e6bd9e9108a7f684d6164190162bf1d09c1379c
2025-09-15 11:46:05.128 TRACE client[0]: Found transaction in block: a2530af47f1975d1492da806a1d59d80105f4b5016785a997f0e75827eb9dd2c
2025-09-15 11:46:05.128 TRACE client[0]: Found transaction in block: e83917528bfd47a59a8c09fdeb4a86f7f1bb1ce79905f42d61d0b39090fc7d05
2025-09-15 11:46:05.128 TRACE client[0]: Found transaction in block: 1423fd422cfe9922fa735b8af3eb652603286600ba3f9d694d46bdfde6b5f3f1
2025-09-15 11:46:05.128 TRACE client[0]: Found transaction in block: 6ccec49463b1c762017ed41ee7d93ed0b95d64ad0dacaae7666b2dbb732fb632
2025-09-15 11:46:05.128 TRACE client[0]: Found transaction in block: 3314e5530ae4d3a7b4d8c200cbbd3638317ff34b4c190464936a3a32882a690b
2025-09-15 11:46:05.128 TRACE client[0]: Found transaction in block: 9f4da3f8dc3bbe29ae5016858713b83299841d9510f0ac243a0c914e055cee8d
2025-09-15 11:46:05.128 TRACE client[0]: Found transaction in block: 1afb13de30d31289f11b6988be6d4a44ba066dffe7b06c12dd6a9b3d50014ce8
2025-09-15 11:46:05.128 TRACE client[0]: Found transaction in block: a7ec0fd263ca426b0ea69daf8170d67b6548f58c944d3b03e2217787151cc18f
2025-09-15 11:46:05.128 TRACE client[0]: Found transaction in block: ca75ee95230ce9a80faf4ac93ff9fa9b23605a52f8f14179e4f462ece58745a5
2025-09-15 11:46:05.128 TRACE client[0]: Found transaction in block: e8e2a8aedc97de7597ac4e41edf9f9fb3d06692f70026f2c2feb9053045dd966
2025-09-15 11:46:05.128 TRACE client[0]: Found transaction in block: 6868c9032db6ecbfae9effb72396bbc8ee8eda2fba9c315a695be91cfa73a504
2025-09-15 11:46:05.128 TRACE client[0]: Found transaction in block: 23344b48508f84fdc82dfe3053746ff88dd66ca10ab301ef2b89653f35f38d8b
2025-09-15 11:46:05.128 TRACE client[0]: Found transaction in block: 90473bec75ee2703c068c37feec31546ecebb014de91e9776e6eedda1f0b9fd1
2025-09-15 11:46:05.128 TRACE client[0]: Found transaction in block: 5dd4c77ff85070dfbd922b35744a0f0814d636157e4a88abbaace4b37ff1334a
2025-09-15 11:46:05.128 TRACE client[0]: Found transaction in block: 4265d4576e80f97de7bc648c69e437bd388371fc75f787be64d12b2757b9ea58
2025-09-15 11:46:05.128 TRACE client[0]: Found transaction in block: ba69ce5f5b3f80e6b0d9a8c01ebc98344f595473107cde4d81d56d908d78531e
2025-09-15 11:46:05.128 TRACE client[0]: Found transaction in block: 9f09923bf5468b661e47447c948b622f4c4ac524078ce9d1729c7842670edc4f
2025-09-15 11:46:05.128 TRACE client[0]: Found transaction in block: 50fb5ba64613acd023599b7445bfb73a9e4da918c5c498c5a34aabfbbc77d55b
2025-09-15 11:46:05.128 TRACE client[0]: Found transaction in block: 6e644b0ceba93207894de5854746de710d6e90728e464bc78a836d20d1ebb380
2025-09-15 11:46:05.128 TRACE client[0]: Found transaction in block: e32e924190678e9d64c6ce2fb5054ca8111c8fc7eb10f6f4c6ac685240d5a6a7
2025-09-15 11:46:05.128 TRACE client[0]: Found transaction in block: cbdd2535f0c06afac51e2353d01881ce1a0dcaf020d09cd0010d29dd77f25b70
2025-09-15 11:46:05.128 TRACE client[0]: Found transaction in block: d7fe19791275198105d19b987103378fc98d6d09dc420a51698905645dc9e743
2025-09-15 11:46:05.128 TRACE client[0]: Found transaction in block: e2a752933a526015bbfe2f0cc8990d4d86822fc5723c1cb36a5b03026ad88d17
2025-09-15 11:46:05.128 TRACE client[0]: Found transaction in block: 81ced9e8bdbef6e303606c4a507459c538446d8eefcf0c535a8035ecd310bd34
2025-09-15 11:46:05.128 TRACE client[0]: Found transaction in block: 128229baae47606927adbf7ce4b496e1a6dc47db6a49f2b6800f421207a8ab8b
2025-09-15 11:46:05.128 TRACE client[0]: Found transaction in block: a2352060ec5cbea96c03b9197407103bdcf7ba14da54b25df3980a7d12b46f50
2025-09-15 11:46:05.128 TRACE client[0]: Found transaction in block: 29924ba63435f6c03b25c3bdf594d9826585dc4564277cdae475047d36ac279a
2025-09-15 11:46:05.128 TRACE client[0]: Found transaction in block: 9a4e8a2f86ea8defc5b407505de2ca6eaa69ab0dc57bab48be2b27a93d31edb6
2025-09-15 11:46:05.128 TRACE client[0]: Found transaction in block: 528bcebd8e081246a67a55f21b803730ea9d1a891e4f2640e4d5c5937ee24ebd
2025-09-15 11:46:05.128 TRACE client[0]: Found transaction in block: 0a424fe2af04cc429fe85c0e268c16047b82bf3f90f182bafd6c502d23bdaab8
2025-09-15 11:46:05.128 TRACE client[0]: Found transaction in block: 15e3911f9866b18258daaf0d55e94e0316d0afe41ba8add8b6ec477e2d257311
2025-09-15 11:46:05.128 TRACE client[0]: Found transaction in block: 4d685643a7a5cfd1c588006775a86441712e4ff678ace53de1e38689b9233439
2025-09-15 11:46:05.128 TRACE client[0]: Found transaction in block: 41f3e209bc47333d729d8731e098c0aaab330569345581f65320a8dc4a5667ad
2025-09-15 11:46:05.128 TRACE client[0]: Found transaction in block: 9bbb000c0b609a2b85429d8e332dd00ccf36c0ed7da97a7a1955c6bbb271ae29
2025-09-15 11:46:05.128 TRACE client[0]: Found transaction in block: 6010b90f02436d568a1e25c97dab97253fae925055d93bb7395cdce8f18a65a2
2025-09-15 11:46:05.128 TRACE client[0]: Found transaction in block: 953dbfefe5c6716fddf0e2efa6e66abf18a1f67b8b93a3cdadd25f3c03e080b1
2025-09-15 11:46:05.128 TRACE client[0]: Found transaction in block: 2323ae913fb3515429e0e38f38c65866c7dd57920b4dcb5f3e3a52abb87fc5ec
2025-09-15 11:46:05.128 TRACE client[0]: Found transaction in block: e0d834d0341af8f3938817f626d17712b1532f4017944a98c2b3c8169632557e
2025-09-15 11:46:05.128 TRACE client[0]: Found transaction in block: 7e4bcb01a6aa6f206df442a935acd9a3de6f244eac605843f7724a757b61baa2
2025-09-15 11:46:05.128 TRACE client[0]: Found transaction in block: 76fcb9d4ca80a2a623de305dcea680ef3157d8f124d33f9f8fbb27ee7781cb15
2025-09-15 11:46:05.128 TRACE client[0]: Found transaction in block: fb90c11f0f041b8aad8d6379bebf39a9adeea45048a968118652a353b314da8c
2025-09-15 11:46:05.128 TRACE client[0]: Found transaction in block: ac114ec181579c6950a9093e4025c46d355a9c2ba998f91713ca27e7246a947c
2025-09-15 11:46:05.128 TRACE client[0]: Found transaction in block: 2559c13d2c70f2e69e9802298ce298565d08d3e48009cd53a2be1dcb3a1bcd7e
2025-09-15 11:46:05.128 TRACE client[0]: Found transaction in block: 9911e654a083396e57be0f66789592da80de68168f809fb34ead8bd9b20dcd0d
2025-09-15 11:46:05.128 TRACE client[0]: Found transaction in block: 5fcf5bf02426cb63c43ec1a93c0bb9caf3a25aa65d3167df57a2ea61427539fa
2025-09-15 11:46:05.128 TRACE client[0]: Found transaction in block: 295673e4f56117551ee95dea5f2f9b806f6b75a7c7277f424defebbcd7c77b0d
2025-09-15 11:46:05.128 TRACE client[0]: Found transaction in block: c1905155881e383d1cb2a7ac0d7e3be826d7767d1a04ebf6002636bc36706503
2025-09-15 11:46:05.128 TRACE client[0]: Found transaction in block: e0cd0084b530e71f710f2a3860a942bef0482465b4162654a0282287ce2aaed3
2025-09-15 11:46:05.128 TRACE client[0]: Found transaction in block: 35c813a1d9ca5fee44c6ecb1430e7e9b12bc88033409413a18a0cc607acac354
2025-09-15 11:46:05.128 TRACE client[0]: Found transaction in block: 71e7460a4c60c9b6af212a0a9dfb401268350687d5aef1fdcdbd12d5a27767a8
2025-09-15 11:46:05.128 TRACE client[0]: Found transaction in block: 2169ed92316c26f123b8e246768976a18705c33f234a988aa72f29e456b416e0
2025-09-15 11:46:05.128 TRACE client[0]: Found transaction in block: 9eb93730c45d48e55194b66d9ead3d34fc2cd7ba2fb8e4399d3bc67fb4b56521
2025-09-15 11:46:05.128 TRACE client[0]: Found transaction in block: 77973b7def40f89353582db04497374a7fab1a0b210f737a5ac2d11d922dbde7
2025-09-15 11:46:05.128 TRACE client[0]: Found transaction in block: e924cd2256948212a387a9485988d21e06a110d0859f047871df1574fd06c130
2025-09-15 11:46:05.128 TRACE client[0]: Found transaction in block: 02daf9e077e27075a818377679eb3f5cac29bc985b4da646f92a9c967a777082
2025-09-15 11:46:05.128 TRACE client[0]: Found transaction in block: 08d8b1e4574dcc06b4499a1d749824895163ddd4d2c2310bc676c94cb364c2b5
2025-09-15 11:46:05.128 TRACE client[0]: Found transaction in block: 8c496272bd0bf4bf8dfe6c918a62fce15cddb98acdf39b3fc8bd71d9e58f56d5
2025-09-15 11:46:05.128 TRACE client[0]: Found transaction in block: 7719c6a6d260c90ff801c80f2fb99469d466fdd10c9a82bdccbbbfa4009a2f12
2025-09-15 11:46:05.128 TRACE client[0]: Found transaction in block: 3fd1e9518ff6c5f0cc204b54be38701fe7c7e1210daa853d26fa6919b2a0543c
2025-09-15 11:46:05.128 TRACE client[0]: Found transaction in block: 4e0ac4397ad7892438ffe1cb6a64dccac98b1fd32701d8129104c0af4e2365dc
2025-09-15 11:46:05.128 TRACE client[0]: Found transaction in block: 78437b6fbed51f4ca9f110fd00d5ec25aff19e5610f2b31914a855a9e2959946
2025-09-15 11:46:05.128 TRACE client[0]: Found transaction in block: 8f96a580cfdcedb42ec8c21449387372af7f17d0506f4792ee74abd322647524
2025-09-15 11:46:05.128 TRACE client[0]: Found transaction in block: c96d08a032dc1a01d9476aeba6b65ccc69e143029cb8bb1f940c78dcbf9d064f
2025-09-15 11:46:05.128 TRACE client[0]: Found transaction in block: 05983cc305bd7b2a6f8cf0e4925031069ac31204ac4ac907c7a0540883799429
2025-09-15 11:46:05.128 TRACE client[0]: Found transaction in block: 0635ff0ef6661f1fb44daafc0b6d56817b133296863d6ce946d0e79e2a89c4c8
2025-09-15 11:46:05.128 TRACE client[0]: Found transaction in block: 23c13beeddd88c3727ac854855629c3de9b33c6f175d9835d2ef208d7381ed11
2025-09-15 11:46:05.128 TRACE client[0]: Found transaction in block: d43092b9d98ef28a1752ddc21d750517d803ea293d073c5e15d82d45e09d4842
2025-09-15 11:46:05.128 TRACE client[0]: Found transaction in block: d186a0efd15546221c96a842e0a02c17e48331cb5053f4331a34bb4007b5eca2
2025-09-15 11:46:05.128 TRACE client[0]: Found transaction in block: a510079bbf99d1026faf51a71e4f7812d91be894d08db44243be57e7dea04552
2025-09-15 11:46:05.179 TRACE : trigger interaction 0xc0003aee10 1054/1200
[TRACE] Decoding transaction bytes of length: 229
[TRACE] Transaction type: 6
[TRACE] Successfully decoded transaction with hash: 1b9e1b06a4d1a6920ad3af4b633828fdaf466039539570ce9a3aced149c0b203
2025-09-15 11:46:05.179 TRACE client[0]: Processing transaction with hash: 1b9e1b06a4d1a6920ad3af4b633828fdaf466039539570ce9a3aced149c0b203
2025-09-15 11:46:05.179 DEBUG client[0]: Submitting transaction 1b9e1b06a4d1a6920ad3af4b633828fdaf466039539570ce9a3aced149c0b203
2025-09-15 11:46:05.262 TRACE : trigger interaction 0xc0002505a0 1055/1200
[TRACE] Decoding transaction bytes of length: 229
[TRACE] Transaction type: 6
[TRACE] Successfully decoded transaction with hash: b4da583b87c4a29117c5489083ae10d29e3ca9f82b7e6e04c27efdf3c31beaac
2025-09-15 11:46:05.262 TRACE client[0]: Processing transaction with hash: b4da583b87c4a29117c5489083ae10d29e3ca9f82b7e6e04c27efdf3c31beaac
2025-09-15 11:46:05.262 DEBUG client[0]: Submitting transaction b4da583b87c4a29117c5489083ae10d29e3ca9f82b7e6e04c27efdf3c31beaac
2025-09-15 11:46:05.345 TRACE : trigger interaction 0xc000250690 1056/1200
[TRACE] Decoding transaction bytes of length: 229
[TRACE] Transaction type: 6
[TRACE] Successfully decoded transaction with hash: f0d23706cbe67d678ccc364ae7614095302251ebf267b9a2a3e56b96abbdabdd
2025-09-15 11:46:05.346 TRACE client[0]: Processing transaction with hash: f0d23706cbe67d678ccc364ae7614095302251ebf267b9a2a3e56b96abbdabdd
2025-09-15 11:46:05.346 DEBUG client[0]: Submitting transaction f0d23706cbe67d678ccc364ae7614095302251ebf267b9a2a3e56b96abbdabdd
2025-09-15 11:46:05.429 TRACE : trigger interaction 0xc000250780 1057/1200
[TRACE] Decoding transaction bytes of length: 229
[TRACE] Transaction type: 6
[TRACE] Successfully decoded transaction with hash: 569e0026bc0e4e705c42892ca478ba4a7c4eab60c34e29e49550af95ea1a21b6
2025-09-15 11:46:05.430 TRACE client[0]: Processing transaction with hash: 569e0026bc0e4e705c42892ca478ba4a7c4eab60c34e29e49550af95ea1a21b6
2025-09-15 11:46:05.430 DEBUG client[0]: Submitting transaction 569e0026bc0e4e705c42892ca478ba4a7c4eab60c34e29e49550af95ea1a21b6
2025-09-15 11:46:05.512 TRACE : trigger interaction 0xc000250870 1058/1200
[TRACE] Decoding transaction bytes of length: 229
[TRACE] Transaction type: 6
[TRACE] Successfully decoded transaction with hash: c3cee693ad2465cfd80f75cfd5646742b2a149931b96e00938d84ddeaa705a6e
2025-09-15 11:46:05.512 TRACE client[0]: Processing transaction with hash: c3cee693ad2465cfd80f75cfd5646742b2a149931b96e00938d84ddeaa705a6e
2025-09-15 11:46:05.512 DEBUG client[0]: Submitting transaction c3cee693ad2465cfd80f75cfd5646742b2a149931b96e00938d84ddeaa705a6e
2025-09-15 11:46:05.595 TRACE : trigger interaction 0xc000250960 1059/1200
[TRACE] Decoding transaction bytes of length: 229
[TRACE] Transaction type: 6
[TRACE] Successfully decoded transaction with hash: bd1acfc84a714cd1d67d078dde5313cff94c8e4685e44823024d4608aa9a2dbb
2025-09-15 11:46:05.596 TRACE client[0]: Processing transaction with hash: bd1acfc84a714cd1d67d078dde5313cff94c8e4685e44823024d4608aa9a2dbb
2025-09-15 11:46:05.596 DEBUG client[0]: Submitting transaction bd1acfc84a714cd1d67d078dde5313cff94c8e4685e44823024d4608aa9a2dbb
2025-09-15 11:46:05.679 TRACE : trigger interaction 0xc000250a50 1060/1200
[TRACE] Decoding transaction bytes of length: 229
[TRACE] Transaction type: 6
[TRACE] Successfully decoded transaction with hash: a1c34bdb53244e00dc2a89855bc872b636af5718ff048da304d3e2b4534c4aa4
2025-09-15 11:46:05.680 TRACE client[0]: Processing transaction with hash: a1c34bdb53244e00dc2a89855bc872b636af5718ff048da304d3e2b4534c4aa4
2025-09-15 11:46:05.680 DEBUG client[0]: Submitting transaction a1c34bdb53244e00dc2a89855bc872b636af5718ff048da304d3e2b4534c4aa4
2025-09-15 11:46:05.762 TRACE : trigger interaction 0xc000250b40 1061/1200
[TRACE] Decoding transaction bytes of length: 229
[TRACE] Transaction type: 6
[TRACE] Successfully decoded transaction with hash: c1de3e9f59dda3a9af8e297f478b96846dae4f2fc941f3c091c01eef895f31cc
2025-09-15 11:46:05.763 TRACE client[0]: Processing transaction with hash: c1de3e9f59dda3a9af8e297f478b96846dae4f2fc941f3c091c01eef895f31cc
2025-09-15 11:46:05.763 DEBUG client[0]: Submitting transaction c1de3e9f59dda3a9af8e297f478b96846dae4f2fc941f3c091c01eef895f31cc
2025-09-15 11:46:05.845 TRACE : trigger interaction 0xc000250c30 1062/1200
[TRACE] Decoding transaction bytes of length: 229
[TRACE] Transaction type: 6
[TRACE] Successfully decoded transaction with hash: 4124f21dbd9588fac7137d3075af0b06ecee3c16b5617517f5aaffd3b3d22f22
2025-09-15 11:46:05.846 TRACE client[0]: Processing transaction with hash: 4124f21dbd9588fac7137d3075af0b06ecee3c16b5617517f5aaffd3b3d22f22
2025-09-15 11:46:05.846 DEBUG client[0]: Submitting transaction 4124f21dbd9588fac7137d3075af0b06ecee3c16b5617517f5aaffd3b3d22f22
2025-09-15 11:46:05.929 TRACE : trigger interaction 0xc000250d20 1063/1200
[TRACE] Decoding transaction bytes of length: 229
[TRACE] Transaction type: 6
[TRACE] Successfully decoded transaction with hash: 3d524b62b3536a536c149060a763ba0a96c4acf0c13357be6b50db349b173619
2025-09-15 11:46:05.929 TRACE client[0]: Processing transaction with hash: 3d524b62b3536a536c149060a763ba0a96c4acf0c13357be6b50db349b173619
2025-09-15 11:46:05.929 DEBUG client[0]: Submitting transaction 3d524b62b3536a536c149060a763ba0a96c4acf0c13357be6b50db349b173619
2025-09-15 11:46:06.012 TRACE : trigger interaction 0xc000250e10 1064/1200
[TRACE] Decoding transaction bytes of length: 229
[TRACE] Transaction type: 6
[TRACE] Successfully decoded transaction with hash: 433bed8ac4747c2139572f1f535fdc53def8b36ee1db942fcf75783a5e753239
2025-09-15 11:46:06.012 TRACE client[0]: Processing transaction with hash: 433bed8ac4747c2139572f1f535fdc53def8b36ee1db942fcf75783a5e753239
2025-09-15 11:46:06.012 DEBUG client[0]: Submitting transaction 433bed8ac4747c2139572f1f535fdc53def8b36ee1db942fcf75783a5e753239
2025-09-15 11:46:06.096 TRACE : trigger interaction 0xc000250f00 1065/1200
[TRACE] Decoding transaction bytes of length: 229
[TRACE] Transaction type: 6
[TRACE] Successfully decoded transaction with hash: a7fed1489558dd8a200a0cec9770829036314ac6fced6f319775e92b40d001f3
2025-09-15 11:46:06.096 TRACE client[0]: Processing transaction with hash: a7fed1489558dd8a200a0cec9770829036314ac6fced6f319775e92b40d001f3
2025-09-15 11:46:06.096 DEBUG client[0]: Submitting transaction a7fed1489558dd8a200a0cec9770829036314ac6fced6f319775e92b40d001f3
2025-09-15 11:46:06.179 TRACE : trigger interaction 0xc000250ff0 1066/1200
[TRACE] Decoding transaction bytes of length: 229
[TRACE] Transaction type: 6
[TRACE] Successfully decoded transaction with hash: 8372236c99089497e49b309cdf2a7cc978d43d0afdc018b2d3163603da0b8e3d
2025-09-15 11:46:06.179 TRACE client[0]: Processing transaction with hash: 8372236c99089497e49b309cdf2a7cc978d43d0afdc018b2d3163603da0b8e3d
2025-09-15 11:46:06.179 DEBUG client[0]: Submitting transaction 8372236c99089497e49b309cdf2a7cc978d43d0afdc018b2d3163603da0b8e3d
2025-09-15 11:46:06.262 TRACE : trigger interaction 0xc0002510e0 1067/1200
[TRACE] Decoding transaction bytes of length: 229
[TRACE] Transaction type: 6
[TRACE] Successfully decoded transaction with hash: 4df42f93dfe751e2f97d53491001e34a9ab0e15df5d64d7e165eb07b61d0ed46
2025-09-15 11:46:06.262 TRACE client[0]: Processing transaction with hash: 4df42f93dfe751e2f97d53491001e34a9ab0e15df5d64d7e165eb07b61d0ed46
2025-09-15 11:46:06.262 DEBUG client[0]: Submitting transaction 4df42f93dfe751e2f97d53491001e34a9ab0e15df5d64d7e165eb07b61d0ed46
2025-09-15 11:46:06.346 TRACE : trigger interaction 0xc0002511d0 1068/1200
[TRACE] Decoding transaction bytes of length: 229
[TRACE] Transaction type: 6
[TRACE] Successfully decoded transaction with hash: dbad0cd49da7f3e64d954a785bc75f6ff93f74f2e8158191534f62553443abbb
2025-09-15 11:46:06.347 TRACE client[0]: Processing transaction with hash: dbad0cd49da7f3e64d954a785bc75f6ff93f74f2e8158191534f62553443abbb
2025-09-15 11:46:06.347 DEBUG client[0]: Submitting transaction dbad0cd49da7f3e64d954a785bc75f6ff93f74f2e8158191534f62553443abbb
2025-09-15 11:46:06.429 TRACE : trigger interaction 0xc0002512c0 1069/1200
[TRACE] Decoding transaction bytes of length: 229
[TRACE] Transaction type: 6
[TRACE] Successfully decoded transaction with hash: f2f125c5145a4a0f9818b50ca30641ff9c6fcace13391953168fc2e50c317134
2025-09-15 11:46:06.430 TRACE client[0]: Processing transaction with hash: f2f125c5145a4a0f9818b50ca30641ff9c6fcace13391953168fc2e50c317134
2025-09-15 11:46:06.430 DEBUG client[0]: Submitting transaction f2f125c5145a4a0f9818b50ca30641ff9c6fcace13391953168fc2e50c317134
2025-09-15 11:46:06.512 TRACE : trigger interaction 0xc0002513b0 1070/1200
[TRACE] Decoding transaction bytes of length: 229
[TRACE] Transaction type: 6
[TRACE] Successfully decoded transaction with hash: 6bfa89f4e25998c0e8de7e4b00ac9f0bbf2b43d846da6a9b6bde9dbfd93593bd
2025-09-15 11:46:06.512 TRACE client[0]: Processing transaction with hash: 6bfa89f4e25998c0e8de7e4b00ac9f0bbf2b43d846da6a9b6bde9dbfd93593bd
2025-09-15 11:46:06.512 DEBUG client[0]: Submitting transaction 6bfa89f4e25998c0e8de7e4b00ac9f0bbf2b43d846da6a9b6bde9dbfd93593bd
2025-09-15 11:46:06.595 TRACE : trigger interaction 0xc00050e000 1071/1200
[TRACE] Decoding transaction bytes of length: 229
[TRACE] Transaction type: 6
[TRACE] Successfully decoded transaction with hash: b322c55dea698ed13f45f5679dcf07dd388ffa87c1a7ccb325c2920bbe0e7de6
2025-09-15 11:46:06.595 TRACE client[0]: Processing transaction with hash: b322c55dea698ed13f45f5679dcf07dd388ffa87c1a7ccb325c2920bbe0e7de6
2025-09-15 11:46:06.595 DEBUG client[0]: Submitting transaction b322c55dea698ed13f45f5679dcf07dd388ffa87c1a7ccb325c2920bbe0e7de6
2025-09-15 11:46:06.679 TRACE : trigger interaction 0xc00050e0f0 1072/1200
[TRACE] Decoding transaction bytes of length: 229
[TRACE] Transaction type: 6
[TRACE] Successfully decoded transaction with hash: 93fd8f60c5dd5c625ff49b1ce77ee337441ba2efa23c9bb33f39539b036d5cf3
2025-09-15 11:46:06.680 TRACE client[0]: Processing transaction with hash: 93fd8f60c5dd5c625ff49b1ce77ee337441ba2efa23c9bb33f39539b036d5cf3
2025-09-15 11:46:06.680 DEBUG client[0]: Submitting transaction 93fd8f60c5dd5c625ff49b1ce77ee337441ba2efa23c9bb33f39539b036d5cf3
2025-09-15 11:46:06.762 TRACE : trigger interaction 0xc00050e1e0 1073/1200
[TRACE] Decoding transaction bytes of length: 229
[TRACE] Transaction type: 6
[TRACE] Successfully decoded transaction with hash: d8a3fe551a3fcb327fbc46520753a8f69e1b4750d54252b0d52933f05975bcf5
2025-09-15 11:46:06.763 TRACE client[0]: Processing transaction with hash: d8a3fe551a3fcb327fbc46520753a8f69e1b4750d54252b0d52933f05975bcf5
2025-09-15 11:46:06.763 DEBUG client[0]: Submitting transaction d8a3fe551a3fcb327fbc46520753a8f69e1b4750d54252b0d52933f05975bcf5
2025-09-15 11:46:06.845 TRACE : trigger interaction 0xc00050e2d0 1074/1200
[TRACE] Decoding transaction bytes of length: 229
[TRACE] Transaction type: 6
[TRACE] Successfully decoded transaction with hash: 97ef1d8c9e66f0e8e1a2fbe01859740937996935dd56117d0ab22617a41adb9e
2025-09-15 11:46:06.846 TRACE client[0]: Processing transaction with hash: 97ef1d8c9e66f0e8e1a2fbe01859740937996935dd56117d0ab22617a41adb9e
2025-09-15 11:46:06.846 DEBUG client[0]: Submitting transaction 97ef1d8c9e66f0e8e1a2fbe01859740937996935dd56117d0ab22617a41adb9e
2025-09-15 11:46:06.929 TRACE : trigger interaction 0xc00050e3c0 1075/1200
[TRACE] Decoding transaction bytes of length: 229
[TRACE] Transaction type: 6
[TRACE] Successfully decoded transaction with hash: ed846d6a3d96cc87dfdab2499b4c48e62395cdc36a3a24aab03f7d39b4aadab7
2025-09-15 11:46:06.930 TRACE client[0]: Processing transaction with hash: ed846d6a3d96cc87dfdab2499b4c48e62395cdc36a3a24aab03f7d39b4aadab7
2025-09-15 11:46:06.930 DEBUG client[0]: Submitting transaction ed846d6a3d96cc87dfdab2499b4c48e62395cdc36a3a24aab03f7d39b4aadab7
2025-09-15 11:46:07.012 TRACE : trigger interaction 0xc00050e4b0 1076/1200
[TRACE] Decoding transaction bytes of length: 229
[TRACE] Transaction type: 6
[TRACE] Successfully decoded transaction with hash: 60e610e3dbeb4023f2d57fe8d16559378fc1cc3f1fb460445807f4e9869cfb02
2025-09-15 11:46:07.013 TRACE client[0]: Processing transaction with hash: 60e610e3dbeb4023f2d57fe8d16559378fc1cc3f1fb460445807f4e9869cfb02
2025-09-15 11:46:07.013 DEBUG client[0]: Submitting transaction 60e610e3dbeb4023f2d57fe8d16559378fc1cc3f1fb460445807f4e9869cfb02
2025-09-15 11:46:07.095 TRACE : trigger interaction 0xc00050e5a0 1077/1200
[TRACE] Decoding transaction bytes of length: 229
[TRACE] Transaction type: 6
[TRACE] Successfully decoded transaction with hash: 4f63655e2d799baaefaaabd00ad927e7ef1fb3d920f66681b334bc596d2ed336
2025-09-15 11:46:07.095 TRACE client[0]: Processing transaction with hash: 4f63655e2d799baaefaaabd00ad927e7ef1fb3d920f66681b334bc596d2ed336
2025-09-15 11:46:07.095 DEBUG client[0]: Submitting transaction 4f63655e2d799baaefaaabd00ad927e7ef1fb3d920f66681b334bc596d2ed336
2025-09-15 11:46:07.179 TRACE : trigger interaction 0xc00050e690 1078/1200
[TRACE] Decoding transaction bytes of length: 229
[TRACE] Transaction type: 6
[TRACE] Successfully decoded transaction with hash: 1cd21b6e6a143b76e8052b6a7ebb63bc9825b78c679fe89f832844bdedcac877
2025-09-15 11:46:07.179 TRACE client[0]: Processing transaction with hash: 1cd21b6e6a143b76e8052b6a7ebb63bc9825b78c679fe89f832844bdedcac877
2025-09-15 11:46:07.179 DEBUG client[0]: Submitting transaction 1cd21b6e6a143b76e8052b6a7ebb63bc9825b78c679fe89f832844bdedcac877
2025-09-15 11:46:07.262 TRACE : trigger interaction 0xc00050e780 1079/1200
[TRACE] Decoding transaction bytes of length: 229
[TRACE] Transaction type: 6
[TRACE] Successfully decoded transaction with hash: f9349c8294ed6177891a5734ef34d5af7f89884a3df57279aeec23f84facab83
2025-09-15 11:46:07.262 TRACE client[0]: Processing transaction with hash: f9349c8294ed6177891a5734ef34d5af7f89884a3df57279aeec23f84facab83
2025-09-15 11:46:07.262 DEBUG client[0]: Submitting transaction f9349c8294ed6177891a5734ef34d5af7f89884a3df57279aeec23f84facab83
2025-09-15 11:46:07.345 TRACE : trigger interaction 0xc00050e870 1080/1200
[TRACE] Decoding transaction bytes of length: 229
[TRACE] Transaction type: 6
[TRACE] Successfully decoded transaction with hash: 75bdc7117eb703965278d70438d57bad36966366a30f693458eadb19104afed4
2025-09-15 11:46:07.346 TRACE client[0]: Processing transaction with hash: 75bdc7117eb703965278d70438d57bad36966366a30f693458eadb19104afed4
2025-09-15 11:46:07.346 DEBUG client[0]: Submitting transaction 75bdc7117eb703965278d70438d57bad36966366a30f693458eadb19104afed4
2025-09-15 11:46:07.429 TRACE : trigger interaction 0xc00050e960 1081/1200
[TRACE] Decoding transaction bytes of length: 229
[TRACE] Transaction type: 6
[TRACE] Successfully decoded transaction with hash: 8cfb9f504fda411780079cd6a17e8785f69c3521bc56f0ef41c665b67492f72f
2025-09-15 11:46:07.430 TRACE client[0]: Processing transaction with hash: 8cfb9f504fda411780079cd6a17e8785f69c3521bc56f0ef41c665b67492f72f
2025-09-15 11:46:07.430 DEBUG client[0]: Submitting transaction 8cfb9f504fda411780079cd6a17e8785f69c3521bc56f0ef41c665b67492f72f
2025-09-15 11:46:07.512 TRACE : trigger interaction 0xc00050ea50 1082/1200
[TRACE] Decoding transaction bytes of length: 229
[TRACE] Transaction type: 6
[TRACE] Successfully decoded transaction with hash: 521fea130f45487e387e4504956b3be034307aef5e794eb676044e0b679f0e29
2025-09-15 11:46:07.512 TRACE client[0]: Processing transaction with hash: 521fea130f45487e387e4504956b3be034307aef5e794eb676044e0b679f0e29
2025-09-15 11:46:07.512 DEBUG client[0]: Submitting transaction 521fea130f45487e387e4504956b3be034307aef5e794eb676044e0b679f0e29
2025-09-15 11:46:07.595 TRACE : trigger interaction 0xc00050eb40 1083/1200
[TRACE] Decoding transaction bytes of length: 229
[TRACE] Transaction type: 6
[TRACE] Successfully decoded transaction with hash: da130157ea38b3f88481a14bd1eea45c882b99f6b49b302608b2d2557072f079
2025-09-15 11:46:07.596 TRACE client[0]: Processing transaction with hash: da130157ea38b3f88481a14bd1eea45c882b99f6b49b302608b2d2557072f079
2025-09-15 11:46:07.596 DEBUG client[0]: Submitting transaction da130157ea38b3f88481a14bd1eea45c882b99f6b49b302608b2d2557072f079
2025-09-15 11:46:07.679 TRACE : trigger interaction 0xc00050ec30 1084/1200
[TRACE] Decoding transaction bytes of length: 229
[TRACE] Transaction type: 6
[TRACE] Successfully decoded transaction with hash: a7bd723acfe6eb0fad462569fe99a03a0c763209b6b3e545850f2fbfa086f1ff
2025-09-15 11:46:07.680 TRACE client[0]: Processing transaction with hash: a7bd723acfe6eb0fad462569fe99a03a0c763209b6b3e545850f2fbfa086f1ff
2025-09-15 11:46:07.680 DEBUG client[0]: Submitting transaction a7bd723acfe6eb0fad462569fe99a03a0c763209b6b3e545850f2fbfa086f1ff
2025-09-15 11:46:07.762 TRACE : trigger interaction 0xc00050ed20 1085/1200
[TRACE] Decoding transaction bytes of length: 229
[TRACE] Transaction type: 6
[TRACE] Successfully decoded transaction with hash: 257fa183477ae593c741c8c0b0b8ec6d39a254b0741b56726d6ed1883d6608cf
2025-09-15 11:46:07.763 TRACE client[0]: Processing transaction with hash: 257fa183477ae593c741c8c0b0b8ec6d39a254b0741b56726d6ed1883d6608cf
2025-09-15 11:46:07.763 DEBUG client[0]: Submitting transaction 257fa183477ae593c741c8c0b0b8ec6d39a254b0741b56726d6ed1883d6608cf
2025-09-15 11:46:07.845 TRACE : trigger interaction 0xc00050ee10 1086/1200
[TRACE] Decoding transaction bytes of length: 229
[TRACE] Transaction type: 6
[TRACE] Successfully decoded transaction with hash: 075cb1188f7f4b526d4da10d8f9d5bbaa143e271ff788aad8d13f81315be428d
2025-09-15 11:46:07.846 TRACE client[0]: Processing transaction with hash: 075cb1188f7f4b526d4da10d8f9d5bbaa143e271ff788aad8d13f81315be428d
2025-09-15 11:46:07.846 DEBUG client[0]: Submitting transaction 075cb1188f7f4b526d4da10d8f9d5bbaa143e271ff788aad8d13f81315be428d
2025-09-15 11:46:07.929 TRACE : trigger interaction 0xc00050ef00 1087/1200
[TRACE] Decoding transaction bytes of length: 229
[TRACE] Transaction type: 6
[TRACE] Successfully decoded transaction with hash: 4bf1cf7a8b5d786335bdb6f7987666343515736cff968dd8e578dd49cbd085f1
2025-09-15 11:46:07.930 TRACE client[0]: Processing transaction with hash: 4bf1cf7a8b5d786335bdb6f7987666343515736cff968dd8e578dd49cbd085f1
2025-09-15 11:46:07.930 DEBUG client[0]: Submitting transaction 4bf1cf7a8b5d786335bdb6f7987666343515736cff968dd8e578dd49cbd085f1
2025-09-15 11:46:08.013 TRACE : trigger interaction 0xc0003aef00 1088/1200
[TRACE] Decoding transaction bytes of length: 229
[TRACE] Transaction type: 6
[TRACE] Successfully decoded transaction with hash: 322cffb50d278c0ecf1ca9a079dbfe0b4a6f2872628faeba0e071b6b5b5d17c9
2025-09-15 11:46:08.013 TRACE client[0]: Processing transaction with hash: 322cffb50d278c0ecf1ca9a079dbfe0b4a6f2872628faeba0e071b6b5b5d17c9
2025-09-15 11:46:08.013 DEBUG client[0]: Submitting transaction 322cffb50d278c0ecf1ca9a079dbfe0b4a6f2872628faeba0e071b6b5b5d17c9
2025-09-15 11:46:08.095 TRACE : trigger interaction 0xc0003aeff0 1089/1200
[TRACE] Decoding transaction bytes of length: 229
[TRACE] Transaction type: 6
[TRACE] Successfully decoded transaction with hash: 63c377d59e4200f0cc45c7344d8c7ece369e3f6211986cc98d3a6642cc12911f
2025-09-15 11:46:08.096 TRACE client[0]: Processing transaction with hash: 63c377d59e4200f0cc45c7344d8c7ece369e3f6211986cc98d3a6642cc12911f
2025-09-15 11:46:08.096 DEBUG client[0]: Submitting transaction 63c377d59e4200f0cc45c7344d8c7ece369e3f6211986cc98d3a6642cc12911f
2025-09-15 11:46:08.179 TRACE : trigger interaction 0xc0003af0e0 1090/1200
[TRACE] Decoding transaction bytes of length: 229
[TRACE] Transaction type: 6
[TRACE] Successfully decoded transaction with hash: 70c9bad337251ab0321a4415cf2224f014e631d19e0f162bbd05a3d92d4faec9
2025-09-15 11:46:08.180 TRACE client[0]: Processing transaction with hash: 70c9bad337251ab0321a4415cf2224f014e631d19e0f162bbd05a3d92d4faec9
2025-09-15 11:46:08.180 DEBUG client[0]: Submitting transaction 70c9bad337251ab0321a4415cf2224f014e631d19e0f162bbd05a3d92d4faec9
2025-09-15 11:46:08.262 TRACE : trigger interaction 0xc0003af1d0 1091/1200
[TRACE] Decoding transaction bytes of length: 229
[TRACE] Transaction type: 6
[TRACE] Successfully decoded transaction with hash: bd5016cff7001a79603dfd733a27395037719ea2319c2586a6b42240e2458894
2025-09-15 11:46:08.263 TRACE client[0]: Processing transaction with hash: bd5016cff7001a79603dfd733a27395037719ea2319c2586a6b42240e2458894
2025-09-15 11:46:08.263 DEBUG client[0]: Submitting transaction bd5016cff7001a79603dfd733a27395037719ea2319c2586a6b42240e2458894
2025-09-15 11:46:08.345 TRACE : trigger interaction 0xc0003af2c0 1092/1200
[TRACE] Decoding transaction bytes of length: 229
[TRACE] Transaction type: 6
[TRACE] Successfully decoded transaction with hash: 5a8fbb181942e2c508ed9af2887099f6b35d4f5195a667ba0a76ca3e422d0f4a
2025-09-15 11:46:08.346 TRACE client[0]: Processing transaction with hash: 5a8fbb181942e2c508ed9af2887099f6b35d4f5195a667ba0a76ca3e422d0f4a
2025-09-15 11:46:08.346 DEBUG client[0]: Submitting transaction 5a8fbb181942e2c508ed9af2887099f6b35d4f5195a667ba0a76ca3e422d0f4a
2025-09-15 11:46:08.429 TRACE : trigger interaction 0xc0003af3b0 1093/1200
[TRACE] Decoding transaction bytes of length: 229
[TRACE] Transaction type: 6
[TRACE] Successfully decoded transaction with hash: cb743d4981440e7c30ac4145ab5d0afdf2d83172178524df5e1646a7a9c932d4
2025-09-15 11:46:08.430 TRACE client[0]: Processing transaction with hash: cb743d4981440e7c30ac4145ab5d0afdf2d83172178524df5e1646a7a9c932d4
2025-09-15 11:46:08.430 DEBUG client[0]: Submitting transaction cb743d4981440e7c30ac4145ab5d0afdf2d83172178524df5e1646a7a9c932d4
2025-09-15 11:46:08.512 TRACE : trigger interaction 0xc0003af4a0 1094/1200
[TRACE] Decoding transaction bytes of length: 229
[TRACE] Transaction type: 6
[TRACE] Successfully decoded transaction with hash: bf1113eae044bd341f23a56a371d6fc72d1f2e1c42227abe04adba1855c9d4a7
2025-09-15 11:46:08.512 TRACE client[0]: Processing transaction with hash: bf1113eae044bd341f23a56a371d6fc72d1f2e1c42227abe04adba1855c9d4a7
2025-09-15 11:46:08.512 DEBUG client[0]: Submitting transaction bf1113eae044bd341f23a56a371d6fc72d1f2e1c42227abe04adba1855c9d4a7
2025-09-15 11:46:08.595 TRACE : trigger interaction 0xc0003af590 1095/1200
[TRACE] Decoding transaction bytes of length: 229
[TRACE] Transaction type: 6
[TRACE] Successfully decoded transaction with hash: a25b1545dbf6ce7ad00f78196107e67608b3736ce66852342285f1fd5884a2e3
2025-09-15 11:46:08.596 TRACE client[0]: Processing transaction with hash: a25b1545dbf6ce7ad00f78196107e67608b3736ce66852342285f1fd5884a2e3
2025-09-15 11:46:08.596 DEBUG client[0]: Submitting transaction a25b1545dbf6ce7ad00f78196107e67608b3736ce66852342285f1fd5884a2e3
2025-09-15 11:46:08.679 TRACE : trigger interaction 0xc0003af680 1096/1200
[TRACE] Decoding transaction bytes of length: 229
[TRACE] Transaction type: 6
[TRACE] Successfully decoded transaction with hash: 36c15e58699d9dca0b78b916565129a5e6ec6ff58428edb9b0e2a736f8da22ca
2025-09-15 11:46:08.680 TRACE client[0]: Processing transaction with hash: 36c15e58699d9dca0b78b916565129a5e6ec6ff58428edb9b0e2a736f8da22ca
2025-09-15 11:46:08.680 DEBUG client[0]: Submitting transaction 36c15e58699d9dca0b78b916565129a5e6ec6ff58428edb9b0e2a736f8da22ca
2025-09-15 11:46:08.762 TRACE : trigger interaction 0xc0003af770 1097/1200
[TRACE] Decoding transaction bytes of length: 229
[TRACE] Transaction type: 6
[TRACE] Successfully decoded transaction with hash: a7e11792528463f3a4b25e2e1cf5e5a52f9d521d8d8961fa27e6be6aea1e4366
2025-09-15 11:46:08.762 TRACE client[0]: Processing transaction with hash: a7e11792528463f3a4b25e2e1cf5e5a52f9d521d8d8961fa27e6be6aea1e4366
2025-09-15 11:46:08.762 DEBUG client[0]: Submitting transaction a7e11792528463f3a4b25e2e1cf5e5a52f9d521d8d8961fa27e6be6aea1e4366
2025-09-15 11:46:08.845 TRACE : trigger interaction 0xc0003af860 1098/1200
[TRACE] Decoding transaction bytes of length: 229
[TRACE] Transaction type: 6
[TRACE] Successfully decoded transaction with hash: 8b489535e85f324226655a01b7a33c00dcf26da14f406350ce0390f7a3eeb5bc
2025-09-15 11:46:08.846 TRACE client[0]: Processing transaction with hash: 8b489535e85f324226655a01b7a33c00dcf26da14f406350ce0390f7a3eeb5bc
2025-09-15 11:46:08.846 DEBUG client[0]: Submitting transaction 8b489535e85f324226655a01b7a33c00dcf26da14f406350ce0390f7a3eeb5bc
2025-09-15 11:46:08.930 TRACE : trigger interaction 0xc0003af950 1099/1200
[TRACE] Decoding transaction bytes of length: 229
[TRACE] Transaction type: 6
[TRACE] Successfully decoded transaction with hash: 04100cc6e436e52c80c4803fbff3bf3ef8d13756efd5a58994d1dfc65ba80369
2025-09-15 11:46:08.930 TRACE client[0]: Processing transaction with hash: 04100cc6e436e52c80c4803fbff3bf3ef8d13756efd5a58994d1dfc65ba80369
2025-09-15 11:46:08.930 DEBUG client[0]: Submitting transaction 04100cc6e436e52c80c4803fbff3bf3ef8d13756efd5a58994d1dfc65ba80369
2025-09-15 11:46:09.013 TRACE : trigger interaction 0xc0003afa40 1100/1200
[TRACE] Decoding transaction bytes of length: 229
[TRACE] Transaction type: 6
[TRACE] Successfully decoded transaction with hash: 36a421c048acec1129be9a1199ad8bcf678b5e42869f1019051f682d6b7065b0
2025-09-15 11:46:09.013 TRACE client[0]: Processing transaction with hash: 36a421c048acec1129be9a1199ad8bcf678b5e42869f1019051f682d6b7065b0
2025-09-15 11:46:09.013 DEBUG client[0]: Submitting transaction 36a421c048acec1129be9a1199ad8bcf678b5e42869f1019051f682d6b7065b0
2025-09-15 11:46:09.095 TRACE : trigger interaction 0xc0003afb30 1101/1200
[TRACE] Decoding transaction bytes of length: 229
[TRACE] Transaction type: 6
[TRACE] Successfully decoded transaction with hash: df755f1da1e3b7f74da1b83e889bb76299199ad6580f250441a4c07462d7418a
2025-09-15 11:46:09.096 TRACE client[0]: Processing transaction with hash: df755f1da1e3b7f74da1b83e889bb76299199ad6580f250441a4c07462d7418a
2025-09-15 11:46:09.096 DEBUG client[0]: Submitting transaction df755f1da1e3b7f74da1b83e889bb76299199ad6580f250441a4c07462d7418a
2025-09-15 11:46:09.178 TRACE : trigger interaction 0xc0003afc20 1102/1200
[TRACE] Decoding transaction bytes of length: 229
[TRACE] Transaction type: 6
[TRACE] Successfully decoded transaction with hash: ffd5f1b22ffd3ad9b1252bbe3e702795d706af364fa16e6e19b6216967d5d04b
2025-09-15 11:46:09.179 TRACE client[0]: Processing transaction with hash: ffd5f1b22ffd3ad9b1252bbe3e702795d706af364fa16e6e19b6216967d5d04b
2025-09-15 11:46:09.179 DEBUG client[0]: Submitting transaction ffd5f1b22ffd3ad9b1252bbe3e702795d706af364fa16e6e19b6216967d5d04b
2025-09-15 11:46:09.262 TRACE : trigger interaction 0xc0003afd10 1103/1200
[TRACE] Decoding transaction bytes of length: 229
[TRACE] Transaction type: 6
[TRACE] Successfully decoded transaction with hash: 7b48863a18ee8807012216a31a55bf1b05ee231662037fb24b37114ab5a69063
2025-09-15 11:46:09.263 TRACE client[0]: Processing transaction with hash: 7b48863a18ee8807012216a31a55bf1b05ee231662037fb24b37114ab5a69063
2025-09-15 11:46:09.263 DEBUG client[0]: Submitting transaction 7b48863a18ee8807012216a31a55bf1b05ee231662037fb24b37114ab5a69063
2025-09-15 11:46:09.345 TRACE : trigger interaction 0xc0003afe00 1104/1200
[TRACE] Decoding transaction bytes of length: 229
[TRACE] Transaction type: 6
[TRACE] Successfully decoded transaction with hash: 94c46c5b20b2578737d4302b5e7eb4b570f9faba8629211c2ac525c8fc0bf06e
2025-09-15 11:46:09.346 TRACE client[0]: Processing transaction with hash: 94c46c5b20b2578737d4302b5e7eb4b570f9faba8629211c2ac525c8fc0bf06e
2025-09-15 11:46:09.346 DEBUG client[0]: Submitting transaction 94c46c5b20b2578737d4302b5e7eb4b570f9faba8629211c2ac525c8fc0bf06e
2025-09-15 11:46:09.429 TRACE : trigger interaction 0xc00050eff0 1105/1200
[TRACE] Decoding transaction bytes of length: 229
[TRACE] Transaction type: 6
[TRACE] Successfully decoded transaction with hash: f04dd65396524c4966a405fcc1549e452b02f039eb91eeff93332bb2b5bcf5da
2025-09-15 11:46:09.430 TRACE client[0]: Processing transaction with hash: f04dd65396524c4966a405fcc1549e452b02f039eb91eeff93332bb2b5bcf5da
2025-09-15 11:46:09.430 DEBUG client[0]: Submitting transaction f04dd65396524c4966a405fcc1549e452b02f039eb91eeff93332bb2b5bcf5da
2025-09-15 11:46:09.512 TRACE : trigger interaction 0xc00050f0e0 1106/1200
[TRACE] Decoding transaction bytes of length: 229
[TRACE] Transaction type: 6
[TRACE] Successfully decoded transaction with hash: 7b9f8d7a553b23778b2fc602ddc92a8e28f5c051f27b24260d3012f5f2a84b4a
2025-09-15 11:46:09.513 TRACE client[0]: Processing transaction with hash: 7b9f8d7a553b23778b2fc602ddc92a8e28f5c051f27b24260d3012f5f2a84b4a
2025-09-15 11:46:09.513 DEBUG client[0]: Submitting transaction 7b9f8d7a553b23778b2fc602ddc92a8e28f5c051f27b24260d3012f5f2a84b4a
2025-09-15 11:46:09.595 TRACE : trigger interaction 0xc00050f1d0 1107/1200
[TRACE] Decoding transaction bytes of length: 229
[TRACE] Transaction type: 6
[TRACE] Successfully decoded transaction with hash: b561ce8e3ea40fa9c411f213eae0b5027529a4d88c1fb4027f65bd04b8298b29
2025-09-15 11:46:09.595 TRACE client[0]: Processing transaction with hash: b561ce8e3ea40fa9c411f213eae0b5027529a4d88c1fb4027f65bd04b8298b29
2025-09-15 11:46:09.595 DEBUG client[0]: Submitting transaction b561ce8e3ea40fa9c411f213eae0b5027529a4d88c1fb4027f65bd04b8298b29
2025-09-15 11:46:09.679 TRACE : trigger interaction 0xc00050f2c0 1108/1200
[TRACE] Decoding transaction bytes of length: 229
[TRACE] Transaction type: 6
[TRACE] Successfully decoded transaction with hash: 6c4c7704bf3fd0d133dce9e1574fe7b0d7caab29e44c99d2dcd2785f86272327
2025-09-15 11:46:09.680 TRACE client[0]: Processing transaction with hash: 6c4c7704bf3fd0d133dce9e1574fe7b0d7caab29e44c99d2dcd2785f86272327
2025-09-15 11:46:09.680 DEBUG client[0]: Submitting transaction 6c4c7704bf3fd0d133dce9e1574fe7b0d7caab29e44c99d2dcd2785f86272327
2025-09-15 11:46:09.763 TRACE : trigger interaction 0xc00050f3b0 1109/1200
[TRACE] Decoding transaction bytes of length: 229
[TRACE] Transaction type: 6
[TRACE] Successfully decoded transaction with hash: 80d5aabeae03356e60662f0751e6dec7d1dd5f03b4fe9741d79b78860ffed0b3
2025-09-15 11:46:09.763 TRACE client[0]: Processing transaction with hash: 80d5aabeae03356e60662f0751e6dec7d1dd5f03b4fe9741d79b78860ffed0b3
2025-09-15 11:46:09.763 DEBUG client[0]: Submitting transaction 80d5aabeae03356e60662f0751e6dec7d1dd5f03b4fe9741d79b78860ffed0b3
2025-09-15 11:46:09.845 TRACE : trigger interaction 0xc00050f4a0 1110/1200
[TRACE] Decoding transaction bytes of length: 229
[TRACE] Transaction type: 6
[TRACE] Successfully decoded transaction with hash: 43d9656739c946fa7b147fcf185d0b74708ce2dbf5f73a3ac1a4adc9c6b45d95
2025-09-15 11:46:09.846 TRACE client[0]: Processing transaction with hash: 43d9656739c946fa7b147fcf185d0b74708ce2dbf5f73a3ac1a4adc9c6b45d95
2025-09-15 11:46:09.846 DEBUG client[0]: Submitting transaction 43d9656739c946fa7b147fcf185d0b74708ce2dbf5f73a3ac1a4adc9c6b45d95
2025-09-15 11:46:09.929 TRACE : trigger interaction 0xc00050f590 1111/1200
[TRACE] Decoding transaction bytes of length: 229
[TRACE] Transaction type: 6
[TRACE] Successfully decoded transaction with hash: 0c69ef0ccc5f9843de8a6720babd472b90fa9da355f8b7acf3d234e130425727
2025-09-15 11:46:09.930 TRACE client[0]: Processing transaction with hash: 0c69ef0ccc5f9843de8a6720babd472b90fa9da355f8b7acf3d234e130425727
2025-09-15 11:46:09.930 DEBUG client[0]: Submitting transaction 0c69ef0ccc5f9843de8a6720babd472b90fa9da355f8b7acf3d234e130425727
2025-09-15 11:46:10.012 TRACE : trigger interaction 0xc00050f680 1112/1200
[TRACE] Decoding transaction bytes of length: 229
[TRACE] Transaction type: 6
[TRACE] Successfully decoded transaction with hash: 924f6733a15ca52a9c5f2fa4e2c711779172fc872ebb44282af5693c22d78a1f
2025-09-15 11:46:10.013 TRACE client[0]: Processing transaction with hash: 924f6733a15ca52a9c5f2fa4e2c711779172fc872ebb44282af5693c22d78a1f
2025-09-15 11:46:10.013 DEBUG client[0]: Submitting transaction 924f6733a15ca52a9c5f2fa4e2c711779172fc872ebb44282af5693c22d78a1f
2025-09-15 11:46:10.095 TRACE : trigger interaction 0xc00050f770 1113/1200
[TRACE] Decoding transaction bytes of length: 229
[TRACE] Transaction type: 6
[TRACE] Successfully decoded transaction with hash: 1753b03fc41a57548c5a11a8e80e5555aa834965cd2800110ff3231f0e4c304e
2025-09-15 11:46:10.095 TRACE client[0]: Processing transaction with hash: 1753b03fc41a57548c5a11a8e80e5555aa834965cd2800110ff3231f0e4c304e
2025-09-15 11:46:10.095 DEBUG client[0]: Submitting transaction 1753b03fc41a57548c5a11a8e80e5555aa834965cd2800110ff3231f0e4c304e
2025-09-15 11:46:10.179 TRACE : trigger interaction 0xc00050f860 1114/1200
[TRACE] Decoding transaction bytes of length: 229
[TRACE] Transaction type: 6
[TRACE] Successfully decoded transaction with hash: 5a48027cef502730ac31a727269de6dbf129cfdbe51127c54b8baad2345b973e
2025-09-15 11:46:10.180 TRACE client[0]: Processing transaction with hash: 5a48027cef502730ac31a727269de6dbf129cfdbe51127c54b8baad2345b973e
2025-09-15 11:46:10.180 DEBUG client[0]: Submitting transaction 5a48027cef502730ac31a727269de6dbf129cfdbe51127c54b8baad2345b973e
2025-09-15 11:46:10.262 TRACE : trigger interaction 0xc00050f950 1115/1200
[TRACE] Decoding transaction bytes of length: 229
[TRACE] Transaction type: 6
[TRACE] Successfully decoded transaction with hash: c31c0117b6cd22f4cbda7a0acdebe959776d0b7ff8fd46930b94eed65fce6dd9
2025-09-15 11:46:10.263 TRACE client[0]: Processing transaction with hash: c31c0117b6cd22f4cbda7a0acdebe959776d0b7ff8fd46930b94eed65fce6dd9
2025-09-15 11:46:10.263 DEBUG client[0]: Submitting transaction c31c0117b6cd22f4cbda7a0acdebe959776d0b7ff8fd46930b94eed65fce6dd9
2025-09-15 11:46:10.345 TRACE : trigger interaction 0xc00050fa40 1116/1200
[TRACE] Decoding transaction bytes of length: 229
[TRACE] Transaction type: 6
[TRACE] Successfully decoded transaction with hash: cdf4afdad0efb5f38aaa2b3f186f0d7207fd3c2c675fbdc4a0eee3f4137a19a2
2025-09-15 11:46:10.346 TRACE client[0]: Processing transaction with hash: cdf4afdad0efb5f38aaa2b3f186f0d7207fd3c2c675fbdc4a0eee3f4137a19a2
2025-09-15 11:46:10.346 DEBUG client[0]: Submitting transaction cdf4afdad0efb5f38aaa2b3f186f0d7207fd3c2c675fbdc4a0eee3f4137a19a2
2025-09-15 11:46:10.429 TRACE : trigger interaction 0xc00050fb30 1117/1200
[TRACE] Decoding transaction bytes of length: 229
[TRACE] Transaction type: 6
[TRACE] Successfully decoded transaction with hash: e9d223340c8650fa32cc044df433f508c77ded337c3df6f773ceb88dfebe1a88
2025-09-15 11:46:10.430 TRACE client[0]: Processing transaction with hash: e9d223340c8650fa32cc044df433f508c77ded337c3df6f773ceb88dfebe1a88
2025-09-15 11:46:10.430 DEBUG client[0]: Submitting transaction e9d223340c8650fa32cc044df433f508c77ded337c3df6f773ceb88dfebe1a88
2025-09-15 11:46:10.512 TRACE : trigger interaction 0xc00050fc20 1118/1200
[TRACE] Decoding transaction bytes of length: 229
[TRACE] Transaction type: 6
[TRACE] Successfully decoded transaction with hash: 5be39909e7dfe0d334ac70b94c0cd0b064a4acd2aad40fca8f717e6eab91872f
2025-09-15 11:46:10.512 TRACE client[0]: Processing transaction with hash: 5be39909e7dfe0d334ac70b94c0cd0b064a4acd2aad40fca8f717e6eab91872f
2025-09-15 11:46:10.512 DEBUG client[0]: Submitting transaction 5be39909e7dfe0d334ac70b94c0cd0b064a4acd2aad40fca8f717e6eab91872f
2025-09-15 11:46:10.595 TRACE : trigger interaction 0xc00050fd10 1119/1200
[TRACE] Decoding transaction bytes of length: 229
[TRACE] Transaction type: 6
[TRACE] Successfully decoded transaction with hash: 6bd05d34fcf9d39ac991e118db183b9a3b4a40652d5a63260a2fd9579d5e2ded
2025-09-15 11:46:10.596 TRACE client[0]: Processing transaction with hash: 6bd05d34fcf9d39ac991e118db183b9a3b4a40652d5a63260a2fd9579d5e2ded
2025-09-15 11:46:10.596 DEBUG client[0]: Submitting transaction 6bd05d34fcf9d39ac991e118db183b9a3b4a40652d5a63260a2fd9579d5e2ded
2025-09-15 11:46:10.680 TRACE : trigger interaction 0xc00050fe00 1120/1200
[TRACE] Decoding transaction bytes of length: 229
[TRACE] Transaction type: 6
[TRACE] Successfully decoded transaction with hash: cd6cd069e8f861c6351e9607f69b8d5d5b8c4459bb130619fce30dad84335227
2025-09-15 11:46:10.680 TRACE client[0]: Processing transaction with hash: cd6cd069e8f861c6351e9607f69b8d5d5b8c4459bb130619fce30dad84335227
2025-09-15 11:46:10.680 DEBUG client[0]: Submitting transaction cd6cd069e8f861c6351e9607f69b8d5d5b8c4459bb130619fce30dad84335227
2025-09-15 11:46:10.763 TRACE : trigger interaction 0xc0003afef0 1121/1200
[TRACE] Decoding transaction bytes of length: 229
[TRACE] Transaction type: 6
[TRACE] Successfully decoded transaction with hash: 976e93f4402ba917e311f0fc7a73ef5dcbe59edf9969afb6eace96f4d2588084
2025-09-15 11:46:10.763 TRACE client[0]: Processing transaction with hash: 976e93f4402ba917e311f0fc7a73ef5dcbe59edf9969afb6eace96f4d2588084
2025-09-15 11:46:10.763 DEBUG client[0]: Submitting transaction 976e93f4402ba917e311f0fc7a73ef5dcbe59edf9969afb6eace96f4d2588084
2025-09-15 11:46:10.845 TRACE : trigger interaction 0xc0003ee000 1122/1200
[TRACE] Decoding transaction bytes of length: 229
[TRACE] Transaction type: 6
[TRACE] Successfully decoded transaction with hash: 2bfff68a64cf4a67250004e438978f7aa2ad7f394aeb5fd233e67a9abe5440f3
2025-09-15 11:46:10.845 TRACE client[0]: Processing transaction with hash: 2bfff68a64cf4a67250004e438978f7aa2ad7f394aeb5fd233e67a9abe5440f3
2025-09-15 11:46:10.845 DEBUG client[0]: Submitting transaction 2bfff68a64cf4a67250004e438978f7aa2ad7f394aeb5fd233e67a9abe5440f3
2025-09-15 11:46:10.929 TRACE : trigger interaction 0xc0003ee0f0 1123/1200
[TRACE] Decoding transaction bytes of length: 229
[TRACE] Transaction type: 6
[TRACE] Successfully decoded transaction with hash: 5ff354bb93f60d0843f827f4df894c6af01b60b92b3faf7a777073b9a5a6c54b
2025-09-15 11:46:10.930 TRACE client[0]: Processing transaction with hash: 5ff354bb93f60d0843f827f4df894c6af01b60b92b3faf7a777073b9a5a6c54b
2025-09-15 11:46:10.930 DEBUG client[0]: Submitting transaction 5ff354bb93f60d0843f827f4df894c6af01b60b92b3faf7a777073b9a5a6c54b
2025-09-15 11:46:11.013 TRACE : trigger interaction 0xc0003ee1e0 1124/1200
[TRACE] Decoding transaction bytes of length: 229
[TRACE] Transaction type: 6
[TRACE] Successfully decoded transaction with hash: 4b84376a3133a86e2c2d30f6db92d69766ebd1f0d132134c75c9fdc192191d5e
2025-09-15 11:46:11.013 TRACE client[0]: Processing transaction with hash: 4b84376a3133a86e2c2d30f6db92d69766ebd1f0d132134c75c9fdc192191d5e
2025-09-15 11:46:11.013 DEBUG client[0]: Submitting transaction 4b84376a3133a86e2c2d30f6db92d69766ebd1f0d132134c75c9fdc192191d5e
2025-09-15 11:46:11.096 TRACE : trigger interaction 0xc0003ee2d0 1125/1200
[TRACE] Decoding transaction bytes of length: 229
[TRACE] Transaction type: 6
[TRACE] Successfully decoded transaction with hash: 3ba1a3e56f248a665552c6b28c2d9c631d36ee3e91aa873b034fe5b14ddb0f1e
2025-09-15 11:46:11.096 TRACE client[0]: Processing transaction with hash: 3ba1a3e56f248a665552c6b28c2d9c631d36ee3e91aa873b034fe5b14ddb0f1e
2025-09-15 11:46:11.096 DEBUG client[0]: Submitting transaction 3ba1a3e56f248a665552c6b28c2d9c631d36ee3e91aa873b034fe5b14ddb0f1e
2025-09-15 11:46:11.179 TRACE : trigger interaction 0xc0003ee3c0 1126/1200
[TRACE] Decoding transaction bytes of length: 229
[TRACE] Transaction type: 6
[TRACE] Successfully decoded transaction with hash: 6a294e437b7cef5068361af48d267a496babbbd0b34465eb9dc822d0f95aece3
2025-09-15 11:46:11.179 TRACE client[0]: Processing transaction with hash: 6a294e437b7cef5068361af48d267a496babbbd0b34465eb9dc822d0f95aece3
2025-09-15 11:46:11.179 DEBUG client[0]: Submitting transaction 6a294e437b7cef5068361af48d267a496babbbd0b34465eb9dc822d0f95aece3
2025-09-15 11:46:11.263 TRACE : trigger interaction 0xc0003ee4b0 1127/1200
[TRACE] Decoding transaction bytes of length: 229
[TRACE] Transaction type: 6
[TRACE] Successfully decoded transaction with hash: 4c3eb561934d82f0ba84d74655a4f71c74ceb73149efdd5d89b7b236e1f04f02
2025-09-15 11:46:11.263 TRACE client[0]: Processing transaction with hash: 4c3eb561934d82f0ba84d74655a4f71c74ceb73149efdd5d89b7b236e1f04f02
2025-09-15 11:46:11.263 DEBUG client[0]: Submitting transaction 4c3eb561934d82f0ba84d74655a4f71c74ceb73149efdd5d89b7b236e1f04f02
2025-09-15 11:46:11.346 TRACE : trigger interaction 0xc0003ee5a0 1128/1200
[TRACE] Decoding transaction bytes of length: 229
[TRACE] Transaction type: 6
[TRACE] Successfully decoded transaction with hash: ca3866dee41c04430ee69d6a3d29d0ba0b432fb7f15be797d344ad3d0f47e2ae
2025-09-15 11:46:11.346 TRACE client[0]: Processing transaction with hash: ca3866dee41c04430ee69d6a3d29d0ba0b432fb7f15be797d344ad3d0f47e2ae
2025-09-15 11:46:11.346 DEBUG client[0]: Submitting transaction ca3866dee41c04430ee69d6a3d29d0ba0b432fb7f15be797d344ad3d0f47e2ae
2025-09-15 11:46:11.429 TRACE : trigger interaction 0xc0003ee690 1129/1200
[TRACE] Decoding transaction bytes of length: 229
[TRACE] Transaction type: 6
[TRACE] Successfully decoded transaction with hash: 59a5d6f2779f15f7dd15bc15a2252ecff2b8e0c6ffdbbd130bc1b7f038e0969b
2025-09-15 11:46:11.429 TRACE client[0]: Processing transaction with hash: 59a5d6f2779f15f7dd15bc15a2252ecff2b8e0c6ffdbbd130bc1b7f038e0969b
2025-09-15 11:46:11.429 DEBUG client[0]: Submitting transaction 59a5d6f2779f15f7dd15bc15a2252ecff2b8e0c6ffdbbd130bc1b7f038e0969b
2025-09-15 11:46:11.512 TRACE : trigger interaction 0xc0003ee780 1130/1200
[TRACE] Decoding transaction bytes of length: 229
[TRACE] Transaction type: 6
[TRACE] Successfully decoded transaction with hash: bf845bbfa43dee946f89b67aa48d52ed71724e3f30b66b731b188e6682a9d285
2025-09-15 11:46:11.512 TRACE client[0]: Processing transaction with hash: bf845bbfa43dee946f89b67aa48d52ed71724e3f30b66b731b188e6682a9d285
2025-09-15 11:46:11.512 DEBUG client[0]: Submitting transaction bf845bbfa43dee946f89b67aa48d52ed71724e3f30b66b731b188e6682a9d285
2025-09-15 11:46:11.596 TRACE : trigger interaction 0xc0003ee870 1131/1200
[TRACE] Decoding transaction bytes of length: 229
[TRACE] Transaction type: 6
[TRACE] Successfully decoded transaction with hash: a367004f831f394f2109f30c8865ebed21af5e3f31f33a1943be5dcfa2079efd
2025-09-15 11:46:11.596 TRACE client[0]: Processing transaction with hash: a367004f831f394f2109f30c8865ebed21af5e3f31f33a1943be5dcfa2079efd
2025-09-15 11:46:11.596 DEBUG client[0]: Submitting transaction a367004f831f394f2109f30c8865ebed21af5e3f31f33a1943be5dcfa2079efd
2025-09-15 11:46:11.679 TRACE : trigger interaction 0xc0003ee960 1132/1200
[TRACE] Decoding transaction bytes of length: 229
[TRACE] Transaction type: 6
[TRACE] Successfully decoded transaction with hash: d11d2c06b9c427e310f341870596202f82dd8bd4be5d7355e5bb5068b318f1fe
2025-09-15 11:46:11.679 TRACE client[0]: Processing transaction with hash: d11d2c06b9c427e310f341870596202f82dd8bd4be5d7355e5bb5068b318f1fe
2025-09-15 11:46:11.679 DEBUG client[0]: Submitting transaction d11d2c06b9c427e310f341870596202f82dd8bd4be5d7355e5bb5068b318f1fe
2025-09-15 11:46:11.762 TRACE : trigger interaction 0xc0003eea50 1133/1200
[TRACE] Decoding transaction bytes of length: 229
[TRACE] Transaction type: 6
[TRACE] Successfully decoded transaction with hash: fc926e4b690d9eff3947d9c84ae69dfbd2f9d422f666ed3890f04bc1383d836e
2025-09-15 11:46:11.763 TRACE client[0]: Processing transaction with hash: fc926e4b690d9eff3947d9c84ae69dfbd2f9d422f666ed3890f04bc1383d836e
2025-09-15 11:46:11.763 DEBUG client[0]: Submitting transaction fc926e4b690d9eff3947d9c84ae69dfbd2f9d422f666ed3890f04bc1383d836e
2025-09-15 11:46:11.845 TRACE : trigger interaction 0xc0003eeb40 1134/1200
[TRACE] Decoding transaction bytes of length: 229
[TRACE] Transaction type: 6
[TRACE] Successfully decoded transaction with hash: 252669dcd5ea0ae4c13f74bf4acd1b0d3d3424049750f6b6ef82c44735f6b3f9
2025-09-15 11:46:11.846 TRACE client[0]: Processing transaction with hash: 252669dcd5ea0ae4c13f74bf4acd1b0d3d3424049750f6b6ef82c44735f6b3f9
2025-09-15 11:46:11.846 DEBUG client[0]: Submitting transaction 252669dcd5ea0ae4c13f74bf4acd1b0d3d3424049750f6b6ef82c44735f6b3f9
2025-09-15 11:46:11.929 TRACE : trigger interaction 0xc0003eec30 1135/1200
[TRACE] Decoding transaction bytes of length: 229
[TRACE] Transaction type: 6
[TRACE] Successfully decoded transaction with hash: 66f48142655afa32aaf22329c8a82be2dd4b95f2b0da7975ec7a907dca72a0d6
2025-09-15 11:46:11.929 TRACE client[0]: Processing transaction with hash: 66f48142655afa32aaf22329c8a82be2dd4b95f2b0da7975ec7a907dca72a0d6
2025-09-15 11:46:11.929 DEBUG client[0]: Submitting transaction 66f48142655afa32aaf22329c8a82be2dd4b95f2b0da7975ec7a907dca72a0d6
2025-09-15 11:46:12.012 TRACE : trigger interaction 0xc0003eed20 1136/1200
[TRACE] Decoding transaction bytes of length: 229
[TRACE] Transaction type: 6
[TRACE] Successfully decoded transaction with hash: 7a9267888b75ad98182462abe627b888e9769c27e0ab8380afa7a4adeaea4d4d
2025-09-15 11:46:12.013 TRACE client[0]: Processing transaction with hash: 7a9267888b75ad98182462abe627b888e9769c27e0ab8380afa7a4adeaea4d4d
2025-09-15 11:46:12.013 DEBUG client[0]: Submitting transaction 7a9267888b75ad98182462abe627b888e9769c27e0ab8380afa7a4adeaea4d4d
2025-09-15 11:46:12.096 TRACE : trigger interaction 0xc0003eee10 1137/1200
[TRACE] Decoding transaction bytes of length: 229
[TRACE] Transaction type: 6
[TRACE] Successfully decoded transaction with hash: 8537503fdf4c1c6a10e9a8eb35ee376244252726886afc32a2b7ba63e6cd9752
2025-09-15 11:46:12.096 TRACE client[0]: Processing transaction with hash: 8537503fdf4c1c6a10e9a8eb35ee376244252726886afc32a2b7ba63e6cd9752
2025-09-15 11:46:12.096 DEBUG client[0]: Submitting transaction 8537503fdf4c1c6a10e9a8eb35ee376244252726886afc32a2b7ba63e6cd9752
2025-09-15 11:46:12.179 TRACE : trigger interaction 0xc0003eef00 1138/1200
[TRACE] Decoding transaction bytes of length: 229
[TRACE] Transaction type: 6
[TRACE] Successfully decoded transaction with hash: e89559d69b59a864441a3213faa7642392922e1972ce70bd73845537d974be1a
2025-09-15 11:46:12.179 TRACE client[0]: Processing transaction with hash: e89559d69b59a864441a3213faa7642392922e1972ce70bd73845537d974be1a
2025-09-15 11:46:12.179 DEBUG client[0]: Submitting transaction e89559d69b59a864441a3213faa7642392922e1972ce70bd73845537d974be1a
2025-09-15 11:46:12.263 TRACE : trigger interaction 0xc0003eeff0 1139/1200
[TRACE] Decoding transaction bytes of length: 229
[TRACE] Transaction type: 6
[TRACE] Successfully decoded transaction with hash: 1af45585320c7cae6d6dd9cf0a76d09707ea439a9ae0b5735e5ebf52c6867ce7
2025-09-15 11:46:12.263 TRACE client[0]: Processing transaction with hash: 1af45585320c7cae6d6dd9cf0a76d09707ea439a9ae0b5735e5ebf52c6867ce7
2025-09-15 11:46:12.263 DEBUG client[0]: Submitting transaction 1af45585320c7cae6d6dd9cf0a76d09707ea439a9ae0b5735e5ebf52c6867ce7
2025-09-15 11:46:12.346 TRACE : trigger interaction 0xc0003ef0e0 1140/1200
[TRACE] Decoding transaction bytes of length: 229
[TRACE] Transaction type: 6
[TRACE] Successfully decoded transaction with hash: a78ec3a3e47c3b2b51caec52cc4ee524649edc1bede5cf9a7a0cd81aa6ead779
2025-09-15 11:46:12.346 TRACE client[0]: Processing transaction with hash: a78ec3a3e47c3b2b51caec52cc4ee524649edc1bede5cf9a7a0cd81aa6ead779
2025-09-15 11:46:12.346 DEBUG client[0]: Submitting transaction a78ec3a3e47c3b2b51caec52cc4ee524649edc1bede5cf9a7a0cd81aa6ead779
2025-09-15 11:46:12.429 TRACE : trigger interaction 0xc0003ef1d0 1141/1200
[TRACE] Decoding transaction bytes of length: 229
[TRACE] Transaction type: 6
[TRACE] Successfully decoded transaction with hash: 0c5ebed65b3b3f83cfea9f53da68a7f914f49d3d038bec8b5f5c7ae4ef1e6366
2025-09-15 11:46:12.430 TRACE client[0]: Processing transaction with hash: 0c5ebed65b3b3f83cfea9f53da68a7f914f49d3d038bec8b5f5c7ae4ef1e6366
2025-09-15 11:46:12.430 DEBUG client[0]: Submitting transaction 0c5ebed65b3b3f83cfea9f53da68a7f914f49d3d038bec8b5f5c7ae4ef1e6366
2025-09-15 11:46:12.512 TRACE : trigger interaction 0xc0003ef2c0 1142/1200
[TRACE] Decoding transaction bytes of length: 229
[TRACE] Transaction type: 6
[TRACE] Successfully decoded transaction with hash: 68e7c185f41a665f411fc58c955731f5050377984e452c6036081c5698a64a25
2025-09-15 11:46:12.513 TRACE client[0]: Processing transaction with hash: 68e7c185f41a665f411fc58c955731f5050377984e452c6036081c5698a64a25
2025-09-15 11:46:12.513 DEBUG client[0]: Submitting transaction 68e7c185f41a665f411fc58c955731f5050377984e452c6036081c5698a64a25
2025-09-15 11:46:12.595 TRACE : trigger interaction 0xc0003ef3b0 1143/1200
[TRACE] Decoding transaction bytes of length: 229
[TRACE] Transaction type: 6
[TRACE] Successfully decoded transaction with hash: cf7f7e4e6093734d29de727a503b9c1212f729f010a0866a2bbd1a7657fea2f5
2025-09-15 11:46:12.596 TRACE client[0]: Processing transaction with hash: cf7f7e4e6093734d29de727a503b9c1212f729f010a0866a2bbd1a7657fea2f5
2025-09-15 11:46:12.596 DEBUG client[0]: Submitting transaction cf7f7e4e6093734d29de727a503b9c1212f729f010a0866a2bbd1a7657fea2f5
2025-09-15 11:46:12.679 TRACE : trigger interaction 0xc0003ef4a0 1144/1200
[TRACE] Decoding transaction bytes of length: 229
[TRACE] Transaction type: 6
[TRACE] Successfully decoded transaction with hash: 88ee2989fbb9cc8128a4698c999e590346b7d89821169fcbf3c602680ee584cb
2025-09-15 11:46:12.680 TRACE client[0]: Processing transaction with hash: 88ee2989fbb9cc8128a4698c999e590346b7d89821169fcbf3c602680ee584cb
2025-09-15 11:46:12.680 DEBUG client[0]: Submitting transaction 88ee2989fbb9cc8128a4698c999e590346b7d89821169fcbf3c602680ee584cb
2025-09-15 11:46:12.762 TRACE : trigger interaction 0xc0003ef590 1145/1200
[TRACE] Decoding transaction bytes of length: 229
[TRACE] Transaction type: 6
[TRACE] Successfully decoded transaction with hash: 28587ad261f8f73890be6a314129ffd8de3844e6c1a5a1ea59a9fd136e8ec862
2025-09-15 11:46:12.763 TRACE client[0]: Processing transaction with hash: 28587ad261f8f73890be6a314129ffd8de3844e6c1a5a1ea59a9fd136e8ec862
2025-09-15 11:46:12.763 DEBUG client[0]: Submitting transaction 28587ad261f8f73890be6a314129ffd8de3844e6c1a5a1ea59a9fd136e8ec862
2025-09-15 11:46:12.845 TRACE : trigger interaction 0xc0003ef680 1146/1200
[TRACE] Decoding transaction bytes of length: 229
[TRACE] Transaction type: 6
[TRACE] Successfully decoded transaction with hash: 483f09b3e369ea9f0af114d632193c2ac6e478227f085cf9f9ea6ae56d75297c
2025-09-15 11:46:12.846 TRACE client[0]: Processing transaction with hash: 483f09b3e369ea9f0af114d632193c2ac6e478227f085cf9f9ea6ae56d75297c
2025-09-15 11:46:12.846 DEBUG client[0]: Submitting transaction 483f09b3e369ea9f0af114d632193c2ac6e478227f085cf9f9ea6ae56d75297c
2025-09-15 11:46:12.929 TRACE : trigger interaction 0xc0003ef770 1147/1200
[TRACE] Decoding transaction bytes of length: 229
[TRACE] Transaction type: 6
[TRACE] Successfully decoded transaction with hash: 1b365cab5fff54f652468611862ee7722ef8bcc72d3134d027f29aa9b1f6945f
2025-09-15 11:46:12.929 TRACE client[0]: Processing transaction with hash: 1b365cab5fff54f652468611862ee7722ef8bcc72d3134d027f29aa9b1f6945f
2025-09-15 11:46:12.929 DEBUG client[0]: Submitting transaction 1b365cab5fff54f652468611862ee7722ef8bcc72d3134d027f29aa9b1f6945f
2025-09-15 11:46:13.012 TRACE : trigger interaction 0xc0003ef860 1148/1200
[TRACE] Decoding transaction bytes of length: 229
[TRACE] Transaction type: 6
[TRACE] Successfully decoded transaction with hash: 4128cce5f5603e458309f80101fb4e6e139e8a5b6968c9dc4764c3449533f623
2025-09-15 11:46:13.013 TRACE client[0]: Processing transaction with hash: 4128cce5f5603e458309f80101fb4e6e139e8a5b6968c9dc4764c3449533f623
2025-09-15 11:46:13.013 DEBUG client[0]: Submitting transaction 4128cce5f5603e458309f80101fb4e6e139e8a5b6968c9dc4764c3449533f623
2025-09-15 11:46:13.096 TRACE : trigger interaction 0xc0003ef950 1149/1200
[TRACE] Decoding transaction bytes of length: 229
[TRACE] Transaction type: 6
[TRACE] Successfully decoded transaction with hash: 70f7ff0cc0af574a7ebe7d2db46ca209ac1ae77a15b45597d2da3e382904b862
2025-09-15 11:46:13.096 TRACE client[0]: Processing transaction with hash: 70f7ff0cc0af574a7ebe7d2db46ca209ac1ae77a15b45597d2da3e382904b862
2025-09-15 11:46:13.096 DEBUG client[0]: Submitting transaction 70f7ff0cc0af574a7ebe7d2db46ca209ac1ae77a15b45597d2da3e382904b862
2025-09-15 11:46:13.179 TRACE : trigger interaction 0xc0003efa40 1150/1200
[TRACE] Decoding transaction bytes of length: 229
[TRACE] Transaction type: 6
[TRACE] Successfully decoded transaction with hash: 0c49f888d0406ef809ab2fbaa1fd302c8232e5c904c049ecbbbe62bd058fd4d8
2025-09-15 11:46:13.179 TRACE client[0]: Processing transaction with hash: 0c49f888d0406ef809ab2fbaa1fd302c8232e5c904c049ecbbbe62bd058fd4d8
2025-09-15 11:46:13.179 DEBUG client[0]: Submitting transaction 0c49f888d0406ef809ab2fbaa1fd302c8232e5c904c049ecbbbe62bd058fd4d8
2025-09-15 11:46:13.262 TRACE : trigger interaction 0xc0003efb30 1151/1200
[TRACE] Decoding transaction bytes of length: 229
[TRACE] Transaction type: 6
[TRACE] Successfully decoded transaction with hash: 33faecab2e10a51044ece138276fa1c4675bd90cc8d332b7f210b20e779fb5c8
2025-09-15 11:46:13.263 TRACE client[0]: Processing transaction with hash: 33faecab2e10a51044ece138276fa1c4675bd90cc8d332b7f210b20e779fb5c8
2025-09-15 11:46:13.263 DEBUG client[0]: Submitting transaction 33faecab2e10a51044ece138276fa1c4675bd90cc8d332b7f210b20e779fb5c8
2025-09-15 11:46:13.345 TRACE : trigger interaction 0xc0003efc20 1152/1200
[TRACE] Decoding transaction bytes of length: 229
[TRACE] Transaction type: 6
[TRACE] Successfully decoded transaction with hash: 691a7f7bb9e12e2efcdc2d53113141c78e997a5efaea17ac14066fd144de4ed2
2025-09-15 11:46:13.346 TRACE client[0]: Processing transaction with hash: 691a7f7bb9e12e2efcdc2d53113141c78e997a5efaea17ac14066fd144de4ed2
2025-09-15 11:46:13.346 DEBUG client[0]: Submitting transaction 691a7f7bb9e12e2efcdc2d53113141c78e997a5efaea17ac14066fd144de4ed2
2025-09-15 11:46:13.430 TRACE : trigger interaction 0xc0003efd10 1153/1200
[TRACE] Decoding transaction bytes of length: 229
[TRACE] Transaction type: 6
[TRACE] Successfully decoded transaction with hash: 7ba6a9ce32e567c9e5d6ac32634c989c85de3fea82d5fc08cec5b52cd10282a6
2025-09-15 11:46:13.430 TRACE client[0]: Processing transaction with hash: 7ba6a9ce32e567c9e5d6ac32634c989c85de3fea82d5fc08cec5b52cd10282a6
2025-09-15 11:46:13.430 DEBUG client[0]: Submitting transaction 7ba6a9ce32e567c9e5d6ac32634c989c85de3fea82d5fc08cec5b52cd10282a6
2025-09-15 11:46:13.512 TRACE : trigger interaction 0xc0003efe00 1154/1200
[TRACE] Decoding transaction bytes of length: 229
[TRACE] Transaction type: 6
[TRACE] Successfully decoded transaction with hash: ff7cc4087c86ded8c9753c17900a30370db9568ace0eb21926dafa3dd615d1f9
2025-09-15 11:46:13.513 TRACE client[0]: Processing transaction with hash: ff7cc4087c86ded8c9753c17900a30370db9568ace0eb21926dafa3dd615d1f9
2025-09-15 11:46:13.513 DEBUG client[0]: Submitting transaction ff7cc4087c86ded8c9753c17900a30370db9568ace0eb21926dafa3dd615d1f9
2025-09-15 11:46:13.595 TRACE : trigger interaction 0xc00050fef0 1155/1200
[TRACE] Decoding transaction bytes of length: 229
[TRACE] Transaction type: 6
[TRACE] Successfully decoded transaction with hash: 0f1b9b24a9795b1bfd235b02e310d727ef9a4794e8cae0c29958caa7d2a2cbb5
2025-09-15 11:46:13.596 TRACE client[0]: Processing transaction with hash: 0f1b9b24a9795b1bfd235b02e310d727ef9a4794e8cae0c29958caa7d2a2cbb5
2025-09-15 11:46:13.596 DEBUG client[0]: Submitting transaction 0f1b9b24a9795b1bfd235b02e310d727ef9a4794e8cae0c29958caa7d2a2cbb5
2025-09-15 11:46:13.679 TRACE : trigger interaction 0xc000544000 1156/1200
[TRACE] Decoding transaction bytes of length: 229
[TRACE] Transaction type: 6
[TRACE] Successfully decoded transaction with hash: 65e670f2fa6aa40e2e6be2c90bac6a53334afd524fba7aa07a3c201332b64969
2025-09-15 11:46:13.680 TRACE client[0]: Processing transaction with hash: 65e670f2fa6aa40e2e6be2c90bac6a53334afd524fba7aa07a3c201332b64969
2025-09-15 11:46:13.680 DEBUG client[0]: Submitting transaction 65e670f2fa6aa40e2e6be2c90bac6a53334afd524fba7aa07a3c201332b64969
2025-09-15 11:46:13.762 TRACE : trigger interaction 0xc0005440f0 1157/1200
[TRACE] Decoding transaction bytes of length: 229
[TRACE] Transaction type: 6
[TRACE] Successfully decoded transaction with hash: 7fde5202a0ab37e9ad59123b5b95e14ce4fe37fc9904ecc4df4d94af4b074253
2025-09-15 11:46:13.763 TRACE client[0]: Processing transaction with hash: 7fde5202a0ab37e9ad59123b5b95e14ce4fe37fc9904ecc4df4d94af4b074253
2025-09-15 11:46:13.763 DEBUG client[0]: Submitting transaction 7fde5202a0ab37e9ad59123b5b95e14ce4fe37fc9904ecc4df4d94af4b074253
2025-09-15 11:46:13.846 TRACE : trigger interaction 0xc0005441e0 1158/1200
[TRACE] Decoding transaction bytes of length: 229
[TRACE] Transaction type: 6
[TRACE] Successfully decoded transaction with hash: e36691f8bddb4f22e53e8fea3d8d2e74753e938a2998741be4b6480044bf4fdf
2025-09-15 11:46:13.846 TRACE client[0]: Processing transaction with hash: e36691f8bddb4f22e53e8fea3d8d2e74753e938a2998741be4b6480044bf4fdf
2025-09-15 11:46:13.846 DEBUG client[0]: Submitting transaction e36691f8bddb4f22e53e8fea3d8d2e74753e938a2998741be4b6480044bf4fdf
2025-09-15 11:46:13.929 TRACE : trigger interaction 0xc0005442d0 1159/1200
[TRACE] Decoding transaction bytes of length: 229
[TRACE] Transaction type: 6
[TRACE] Successfully decoded transaction with hash: 659d2f714d9e7ab38d52d1f1b80fe78c0b393787fc6c7df4778edc09932e30a3
2025-09-15 11:46:13.929 TRACE client[0]: Processing transaction with hash: 659d2f714d9e7ab38d52d1f1b80fe78c0b393787fc6c7df4778edc09932e30a3
2025-09-15 11:46:13.929 DEBUG client[0]: Submitting transaction 659d2f714d9e7ab38d52d1f1b80fe78c0b393787fc6c7df4778edc09932e30a3
2025-09-15 11:46:14.013 TRACE : trigger interaction 0xc0005443c0 1160/1200
[TRACE] Decoding transaction bytes of length: 229
[TRACE] Transaction type: 6
[TRACE] Successfully decoded transaction with hash: bc9975f85d9d3f27498c666d5efacfd539a5401f0db6f07c6fe69102ba2c44fe
2025-09-15 11:46:14.013 TRACE client[0]: Processing transaction with hash: bc9975f85d9d3f27498c666d5efacfd539a5401f0db6f07c6fe69102ba2c44fe
2025-09-15 11:46:14.013 DEBUG client[0]: Submitting transaction bc9975f85d9d3f27498c666d5efacfd539a5401f0db6f07c6fe69102ba2c44fe
2025-09-15 11:46:14.096 TRACE : trigger interaction 0xc0005444b0 1161/1200
[TRACE] Decoding transaction bytes of length: 229
[TRACE] Transaction type: 6
[TRACE] Successfully decoded transaction with hash: 565d62a2618fddbaea586e89e91216edccc5ac2754fc7ba830c8944eef89dc38
2025-09-15 11:46:14.096 TRACE client[0]: Processing transaction with hash: 565d62a2618fddbaea586e89e91216edccc5ac2754fc7ba830c8944eef89dc38
2025-09-15 11:46:14.096 DEBUG client[0]: Submitting transaction 565d62a2618fddbaea586e89e91216edccc5ac2754fc7ba830c8944eef89dc38
2025-09-15 11:46:14.179 TRACE : trigger interaction 0xc0005445a0 1162/1200
[TRACE] Decoding transaction bytes of length: 229
[TRACE] Transaction type: 6
[TRACE] Successfully decoded transaction with hash: 2e4d99ff08da7dc86b6b702138d7f45e2a12561f7d6b74555443c694b8762cb6
2025-09-15 11:46:14.180 TRACE client[0]: Processing transaction with hash: 2e4d99ff08da7dc86b6b702138d7f45e2a12561f7d6b74555443c694b8762cb6
2025-09-15 11:46:14.180 DEBUG client[0]: Submitting transaction 2e4d99ff08da7dc86b6b702138d7f45e2a12561f7d6b74555443c694b8762cb6
2025-09-15 11:46:14.262 TRACE : trigger interaction 0xc000544690 1163/1200
[TRACE] Decoding transaction bytes of length: 229
[TRACE] Transaction type: 6
[TRACE] Successfully decoded transaction with hash: 4eb33b57835cb88d63d1b81fa495003edfc39b0ddb0875e929ce5995797ec270
2025-09-15 11:46:14.263 TRACE client[0]: Processing transaction with hash: 4eb33b57835cb88d63d1b81fa495003edfc39b0ddb0875e929ce5995797ec270
2025-09-15 11:46:14.263 DEBUG client[0]: Submitting transaction 4eb33b57835cb88d63d1b81fa495003edfc39b0ddb0875e929ce5995797ec270
2025-09-15 11:46:14.345 TRACE : trigger interaction 0xc000544780 1164/1200
[TRACE] Decoding transaction bytes of length: 229
[TRACE] Transaction type: 6
[TRACE] Successfully decoded transaction with hash: 1d137349253d640082c27d3790992cb315f5e9261febf936ce6e321b37fa99c5
2025-09-15 11:46:14.346 TRACE client[0]: Processing transaction with hash: 1d137349253d640082c27d3790992cb315f5e9261febf936ce6e321b37fa99c5
2025-09-15 11:46:14.346 DEBUG client[0]: Submitting transaction 1d137349253d640082c27d3790992cb315f5e9261febf936ce6e321b37fa99c5
2025-09-15 11:46:14.429 TRACE : trigger interaction 0xc000544870 1165/1200
[TRACE] Decoding transaction bytes of length: 229
[TRACE] Transaction type: 6
[TRACE] Successfully decoded transaction with hash: d492fa2f73423d887c47f6579ed0482ab624246699220ca8251ae565438e6c5b
2025-09-15 11:46:14.430 TRACE client[0]: Processing transaction with hash: d492fa2f73423d887c47f6579ed0482ab624246699220ca8251ae565438e6c5b
2025-09-15 11:46:14.430 DEBUG client[0]: Submitting transaction d492fa2f73423d887c47f6579ed0482ab624246699220ca8251ae565438e6c5b
2025-09-15 11:46:14.512 TRACE : trigger interaction 0xc000544960 1166/1200
[TRACE] Decoding transaction bytes of length: 229
[TRACE] Transaction type: 6
[TRACE] Successfully decoded transaction with hash: 66683acf1d5f4077145c9c95bf3b894723f52ad3eee7592f0d94a1d41e7d4960
2025-09-15 11:46:14.513 TRACE client[0]: Processing transaction with hash: 66683acf1d5f4077145c9c95bf3b894723f52ad3eee7592f0d94a1d41e7d4960
2025-09-15 11:46:14.513 DEBUG client[0]: Submitting transaction 66683acf1d5f4077145c9c95bf3b894723f52ad3eee7592f0d94a1d41e7d4960
2025-09-15 11:46:14.596 TRACE : trigger interaction 0xc000544a50 1167/1200
[TRACE] Decoding transaction bytes of length: 229
[TRACE] Transaction type: 6
[TRACE] Successfully decoded transaction with hash: b8a7f0a86a3c7fb1da871f95a679e8ca18f8e9ec8028bd94732ee9615a21c084
2025-09-15 11:46:14.596 TRACE client[0]: Processing transaction with hash: b8a7f0a86a3c7fb1da871f95a679e8ca18f8e9ec8028bd94732ee9615a21c084
2025-09-15 11:46:14.596 DEBUG client[0]: Submitting transaction b8a7f0a86a3c7fb1da871f95a679e8ca18f8e9ec8028bd94732ee9615a21c084
2025-09-15 11:46:14.679 TRACE : trigger interaction 0xc000544b40 1168/1200
[TRACE] Decoding transaction bytes of length: 229
[TRACE] Transaction type: 6
[TRACE] Successfully decoded transaction with hash: 9a0f88325e62ee361131af7b2e49ef35af29bb09dc87b34f3d39ca6846aac75a
2025-09-15 11:46:14.679 TRACE client[0]: Processing transaction with hash: 9a0f88325e62ee361131af7b2e49ef35af29bb09dc87b34f3d39ca6846aac75a
2025-09-15 11:46:14.679 DEBUG client[0]: Submitting transaction 9a0f88325e62ee361131af7b2e49ef35af29bb09dc87b34f3d39ca6846aac75a
2025-09-15 11:46:14.763 TRACE : trigger interaction 0xc000544c30 1169/1200
[TRACE] Decoding transaction bytes of length: 229
[TRACE] Transaction type: 6
[TRACE] Successfully decoded transaction with hash: ab1de9ba2a22de2db2bd8999bb7d56f00bc0a389b0e038c0a6407f5a8a4650e7
2025-09-15 11:46:14.763 TRACE client[0]: Processing transaction with hash: ab1de9ba2a22de2db2bd8999bb7d56f00bc0a389b0e038c0a6407f5a8a4650e7
2025-09-15 11:46:14.763 DEBUG client[0]: Submitting transaction ab1de9ba2a22de2db2bd8999bb7d56f00bc0a389b0e038c0a6407f5a8a4650e7
2025-09-15 11:46:14.846 TRACE : trigger interaction 0xc000544d20 1170/1200
[TRACE] Decoding transaction bytes of length: 229
[TRACE] Transaction type: 6
[TRACE] Successfully decoded transaction with hash: ca20d5b5f962def6a9608d49c6881afa6905e2123bb26e6efe4f61c66b2d3cca
2025-09-15 11:46:14.846 TRACE client[0]: Processing transaction with hash: ca20d5b5f962def6a9608d49c6881afa6905e2123bb26e6efe4f61c66b2d3cca
2025-09-15 11:46:14.846 DEBUG client[0]: Submitting transaction ca20d5b5f962def6a9608d49c6881afa6905e2123bb26e6efe4f61c66b2d3cca
2025-09-15 11:46:14.929 TRACE : trigger interaction 0xc000544e10 1171/1200
[TRACE] Decoding transaction bytes of length: 229
[TRACE] Transaction type: 6
[TRACE] Successfully decoded transaction with hash: c7f406067738968173ba03d68356e5f2fe791c24caeff26d95d4ed57880f092d
2025-09-15 11:46:14.929 TRACE client[0]: Processing transaction with hash: c7f406067738968173ba03d68356e5f2fe791c24caeff26d95d4ed57880f092d
2025-09-15 11:46:14.929 DEBUG client[0]: Submitting transaction c7f406067738968173ba03d68356e5f2fe791c24caeff26d95d4ed57880f092d
2025-09-15 11:46:15.013 TRACE : trigger interaction 0xc0003efef0 1172/1200
[TRACE] Decoding transaction bytes of length: 229
[TRACE] Transaction type: 6
[TRACE] Successfully decoded transaction with hash: 1bf4324e0befb3b90a9124d5e086d7805853bef1e9f613933e27a0234829b065
2025-09-15 11:46:15.013 TRACE client[0]: Processing transaction with hash: 1bf4324e0befb3b90a9124d5e086d7805853bef1e9f613933e27a0234829b065
2025-09-15 11:46:15.013 DEBUG client[0]: Submitting transaction 1bf4324e0befb3b90a9124d5e086d7805853bef1e9f613933e27a0234829b065
2025-09-15 11:46:15.096 TRACE : trigger interaction 0xc000628000 1173/1200
[TRACE] Decoding transaction bytes of length: 229
[TRACE] Transaction type: 6
[TRACE] Successfully decoded transaction with hash: 47a732590bce7254565e3e1a7347edc2bd98f356b584e96d608c69110eede08f
2025-09-15 11:46:15.096 TRACE client[0]: Processing transaction with hash: 47a732590bce7254565e3e1a7347edc2bd98f356b584e96d608c69110eede08f
2025-09-15 11:46:15.096 DEBUG client[0]: Submitting transaction 47a732590bce7254565e3e1a7347edc2bd98f356b584e96d608c69110eede08f
2025-09-15 11:46:15.179 TRACE : trigger interaction 0xc0006280f0 1174/1200
[TRACE] Decoding transaction bytes of length: 229
[TRACE] Transaction type: 6
[TRACE] Successfully decoded transaction with hash: 924fe5b76d48f8fd522dfd7e0c9af550cf46317455a6bfcc00f779aceea62c59
2025-09-15 11:46:15.179 TRACE client[0]: Processing transaction with hash: 924fe5b76d48f8fd522dfd7e0c9af550cf46317455a6bfcc00f779aceea62c59
2025-09-15 11:46:15.179 DEBUG client[0]: Submitting transaction 924fe5b76d48f8fd522dfd7e0c9af550cf46317455a6bfcc00f779aceea62c59
2025-09-15 11:46:15.263 TRACE : trigger interaction 0xc0006281e0 1175/1200
[TRACE] Decoding transaction bytes of length: 229
[TRACE] Transaction type: 6
[TRACE] Successfully decoded transaction with hash: 22f261ca2c7bb4e0956075ac080dabe15120eb59590e8b99a5652a6f2c9237d4
2025-09-15 11:46:15.263 TRACE client[0]: Processing transaction with hash: 22f261ca2c7bb4e0956075ac080dabe15120eb59590e8b99a5652a6f2c9237d4
2025-09-15 11:46:15.263 DEBUG client[0]: Submitting transaction 22f261ca2c7bb4e0956075ac080dabe15120eb59590e8b99a5652a6f2c9237d4
2025-09-15 11:46:15.346 TRACE : trigger interaction 0xc0006282d0 1176/1200
[TRACE] Decoding transaction bytes of length: 229
[TRACE] Transaction type: 6
[TRACE] Successfully decoded transaction with hash: 9da2eac8f2732d17e2af5bb800391418ff3a7e39059364d22becf3d01a21e301
2025-09-15 11:46:15.346 TRACE client[0]: Processing transaction with hash: 9da2eac8f2732d17e2af5bb800391418ff3a7e39059364d22becf3d01a21e301
2025-09-15 11:46:15.346 DEBUG client[0]: Submitting transaction 9da2eac8f2732d17e2af5bb800391418ff3a7e39059364d22becf3d01a21e301
2025-09-15 11:46:15.429 TRACE : trigger interaction 0xc0006283c0 1177/1200
[TRACE] Decoding transaction bytes of length: 229
[TRACE] Transaction type: 6
[TRACE] Successfully decoded transaction with hash: a24418a42c3d5a5fccb7c225bd207c44d70eb06898798dd945067cd40aa83b7e
2025-09-15 11:46:15.430 TRACE client[0]: Processing transaction with hash: a24418a42c3d5a5fccb7c225bd207c44d70eb06898798dd945067cd40aa83b7e
2025-09-15 11:46:15.430 DEBUG client[0]: Submitting transaction a24418a42c3d5a5fccb7c225bd207c44d70eb06898798dd945067cd40aa83b7e
2025-09-15 11:46:15.513 TRACE : trigger interaction 0xc0006284b0 1178/1200
[TRACE] Decoding transaction bytes of length: 229
[TRACE] Transaction type: 6
[TRACE] Successfully decoded transaction with hash: 1aef55f0f72852683909b3cfc56ae558e626851102e697f97989e0bac09dea14
2025-09-15 11:46:15.513 TRACE client[0]: Processing transaction with hash: 1aef55f0f72852683909b3cfc56ae558e626851102e697f97989e0bac09dea14
2025-09-15 11:46:15.513 DEBUG client[0]: Submitting transaction 1aef55f0f72852683909b3cfc56ae558e626851102e697f97989e0bac09dea14
2025-09-15 11:46:15.595 TRACE : trigger interaction 0xc0006285a0 1179/1200
[TRACE] Decoding transaction bytes of length: 229
[TRACE] Transaction type: 6
[TRACE] Successfully decoded transaction with hash: f15b493f4e32892cc9f812c3851f12ad5f6bbf940741b9bfa4f3bbdc665c8cf5
2025-09-15 11:46:15.596 TRACE client[0]: Processing transaction with hash: f15b493f4e32892cc9f812c3851f12ad5f6bbf940741b9bfa4f3bbdc665c8cf5
2025-09-15 11:46:15.596 DEBUG client[0]: Submitting transaction f15b493f4e32892cc9f812c3851f12ad5f6bbf940741b9bfa4f3bbdc665c8cf5
2025-09-15 11:46:15.679 TRACE : trigger interaction 0xc000628690 1180/1200
[TRACE] Decoding transaction bytes of length: 229
[TRACE] Transaction type: 6
[TRACE] Successfully decoded transaction with hash: dda89001c781b1d282f03c42febc875872c1dbc7d0a6ec84b911324a3bc57fce
2025-09-15 11:46:15.680 TRACE client[0]: Processing transaction with hash: dda89001c781b1d282f03c42febc875872c1dbc7d0a6ec84b911324a3bc57fce
2025-09-15 11:46:15.680 DEBUG client[0]: Submitting transaction dda89001c781b1d282f03c42febc875872c1dbc7d0a6ec84b911324a3bc57fce
2025-09-15 11:46:15.762 TRACE : trigger interaction 0xc000628780 1181/1200
[TRACE] Decoding transaction bytes of length: 229
[TRACE] Transaction type: 6
[TRACE] Successfully decoded transaction with hash: 62588d2b04fcdd5184208bc4f3eeddc2fbbabaee497b566c41850d70ea000c08
2025-09-15 11:46:15.763 TRACE client[0]: Processing transaction with hash: 62588d2b04fcdd5184208bc4f3eeddc2fbbabaee497b566c41850d70ea000c08
2025-09-15 11:46:15.763 DEBUG client[0]: Submitting transaction 62588d2b04fcdd5184208bc4f3eeddc2fbbabaee497b566c41850d70ea000c08
2025-09-15 11:46:15.845 TRACE : trigger interaction 0xc000628870 1182/1200
[TRACE] Decoding transaction bytes of length: 229
[TRACE] Transaction type: 6
[TRACE] Successfully decoded transaction with hash: 8482738231a4686bc568e55d0e46c6c26a2def22057d6598bf71752baa37f831
2025-09-15 11:46:15.846 TRACE client[0]: Processing transaction with hash: 8482738231a4686bc568e55d0e46c6c26a2def22057d6598bf71752baa37f831
2025-09-15 11:46:15.846 DEBUG client[0]: Submitting transaction 8482738231a4686bc568e55d0e46c6c26a2def22057d6598bf71752baa37f831
2025-09-15 11:46:15.929 TRACE : trigger interaction 0xc000628960 1183/1200
[TRACE] Decoding transaction bytes of length: 229
[TRACE] Transaction type: 6
[TRACE] Successfully decoded transaction with hash: a91e52a3a2160a4cfe4824676394b579c6231f58d371ff2d07d3e7ba76cfde2b
2025-09-15 11:46:15.930 TRACE client[0]: Processing transaction with hash: a91e52a3a2160a4cfe4824676394b579c6231f58d371ff2d07d3e7ba76cfde2b
2025-09-15 11:46:15.930 DEBUG client[0]: Submitting transaction a91e52a3a2160a4cfe4824676394b579c6231f58d371ff2d07d3e7ba76cfde2b
2025-09-15 11:46:16.012 TRACE : trigger interaction 0xc000628a50 1184/1200
[TRACE] Decoding transaction bytes of length: 229
[TRACE] Transaction type: 6
[TRACE] Successfully decoded transaction with hash: 5758e2d25cb58a46606a84b16671b4b7390a408412eddbc05ed55973e2136876
2025-09-15 11:46:16.013 TRACE client[0]: Processing transaction with hash: 5758e2d25cb58a46606a84b16671b4b7390a408412eddbc05ed55973e2136876
2025-09-15 11:46:16.013 DEBUG client[0]: Submitting transaction 5758e2d25cb58a46606a84b16671b4b7390a408412eddbc05ed55973e2136876
2025-09-15 11:46:16.095 TRACE : trigger interaction 0xc000628b40 1185/1200
[TRACE] Decoding transaction bytes of length: 229
[TRACE] Transaction type: 6
[TRACE] Successfully decoded transaction with hash: 66f6b8cf868050432394d4ff32f6a3d2cea36e7046a77c196ba622465af40654
2025-09-15 11:46:16.095 TRACE client[0]: Processing transaction with hash: 66f6b8cf868050432394d4ff32f6a3d2cea36e7046a77c196ba622465af40654
2025-09-15 11:46:16.096 DEBUG client[0]: Submitting transaction 66f6b8cf868050432394d4ff32f6a3d2cea36e7046a77c196ba622465af40654
2025-09-15 11:46:16.179 TRACE : trigger interaction 0xc000628c30 1186/1200
[TRACE] Decoding transaction bytes of length: 229
[TRACE] Transaction type: 6
[TRACE] Successfully decoded transaction with hash: fee5b1838b3a2bb998b028a995b82f78a36db63082a388359344c2092119f721
2025-09-15 11:46:16.179 TRACE client[0]: Processing transaction with hash: fee5b1838b3a2bb998b028a995b82f78a36db63082a388359344c2092119f721
2025-09-15 11:46:16.179 DEBUG client[0]: Submitting transaction fee5b1838b3a2bb998b028a995b82f78a36db63082a388359344c2092119f721
2025-09-15 11:46:16.262 TRACE : trigger interaction 0xc000628d20 1187/1200
[TRACE] Decoding transaction bytes of length: 229
[TRACE] Transaction type: 6
[TRACE] Successfully decoded transaction with hash: a31e2d0cab8a7d23924bf194ad6b39ed38abbc6ac45b1aada850cda316f8c0c2
2025-09-15 11:46:16.263 TRACE client[0]: Processing transaction with hash: a31e2d0cab8a7d23924bf194ad6b39ed38abbc6ac45b1aada850cda316f8c0c2
2025-09-15 11:46:16.263 DEBUG client[0]: Submitting transaction a31e2d0cab8a7d23924bf194ad6b39ed38abbc6ac45b1aada850cda316f8c0c2
2025-09-15 11:46:16.346 TRACE : trigger interaction 0xc0002514a0 1188/1200
[TRACE] Decoding transaction bytes of length: 229
[TRACE] Transaction type: 6
[TRACE] Successfully decoded transaction with hash: a5a3a32b75f7ce6c93724f0494dee1a5848eb40cb3d899f9e96df54c60f9b564
2025-09-15 11:46:16.346 TRACE client[0]: Processing transaction with hash: a5a3a32b75f7ce6c93724f0494dee1a5848eb40cb3d899f9e96df54c60f9b564
2025-09-15 11:46:16.346 DEBUG client[0]: Submitting transaction a5a3a32b75f7ce6c93724f0494dee1a5848eb40cb3d899f9e96df54c60f9b564
2025-09-15 11:46:16.428 TRACE : trigger interaction 0xc000251590 1189/1200
[TRACE] Decoding transaction bytes of length: 229
[TRACE] Transaction type: 6
[TRACE] Successfully decoded transaction with hash: 4417986d10d8b510520af5b113c51fffe8570d25b28004fefcd097bc79cd9e38
2025-09-15 11:46:16.429 TRACE client[0]: Processing transaction with hash: 4417986d10d8b510520af5b113c51fffe8570d25b28004fefcd097bc79cd9e38
2025-09-15 11:46:16.429 DEBUG client[0]: Submitting transaction 4417986d10d8b510520af5b113c51fffe8570d25b28004fefcd097bc79cd9e38
2025-09-15 11:46:16.512 TRACE : trigger interaction 0xc000251680 1190/1200
[TRACE] Decoding transaction bytes of length: 229
[TRACE] Transaction type: 6
[TRACE] Successfully decoded transaction with hash: e31a28991f33742fe5aa30e47d3bd25f189fe42aba11407f275a31a44778f9ae
2025-09-15 11:46:16.513 TRACE client[0]: Processing transaction with hash: e31a28991f33742fe5aa30e47d3bd25f189fe42aba11407f275a31a44778f9ae
2025-09-15 11:46:16.513 DEBUG client[0]: Submitting transaction e31a28991f33742fe5aa30e47d3bd25f189fe42aba11407f275a31a44778f9ae
2025-09-15 11:46:16.595 TRACE : trigger interaction 0xc000251770 1191/1200
[TRACE] Decoding transaction bytes of length: 229
[TRACE] Transaction type: 6
[TRACE] Successfully decoded transaction with hash: 80d33c65ad674e90a152ce686f6248553790aa22db77ea7f8abab2b5f64b2efd
2025-09-15 11:46:16.596 TRACE client[0]: Processing transaction with hash: 80d33c65ad674e90a152ce686f6248553790aa22db77ea7f8abab2b5f64b2efd
2025-09-15 11:46:16.596 DEBUG client[0]: Submitting transaction 80d33c65ad674e90a152ce686f6248553790aa22db77ea7f8abab2b5f64b2efd
2025-09-15 11:46:16.679 TRACE : trigger interaction 0xc000251860 1192/1200
[TRACE] Decoding transaction bytes of length: 229
[TRACE] Transaction type: 6
[TRACE] Successfully decoded transaction with hash: 17c1bd09ee16aca7babcc2e50b3cb5dd12e8899fccaf43a7be5d25486780922a
2025-09-15 11:46:16.679 TRACE client[0]: Processing transaction with hash: 17c1bd09ee16aca7babcc2e50b3cb5dd12e8899fccaf43a7be5d25486780922a
2025-09-15 11:46:16.679 DEBUG client[0]: Submitting transaction 17c1bd09ee16aca7babcc2e50b3cb5dd12e8899fccaf43a7be5d25486780922a
2025-09-15 11:46:16.763 TRACE : trigger interaction 0xc000251950 1193/1200
[TRACE] Decoding transaction bytes of length: 229
[TRACE] Transaction type: 6
[TRACE] Successfully decoded transaction with hash: ebae2d6ce6088e319f5efa8f8164d65b4dfe38d3fc6237a1147961480a2a4d9d
2025-09-15 11:46:16.763 TRACE client[0]: Processing transaction with hash: ebae2d6ce6088e319f5efa8f8164d65b4dfe38d3fc6237a1147961480a2a4d9d
2025-09-15 11:46:16.763 DEBUG client[0]: Submitting transaction ebae2d6ce6088e319f5efa8f8164d65b4dfe38d3fc6237a1147961480a2a4d9d
2025-09-15 11:46:16.846 TRACE : trigger interaction 0xc000251a40 1194/1200
[TRACE] Decoding transaction bytes of length: 229
[TRACE] Transaction type: 6
[TRACE] Successfully decoded transaction with hash: 6c3c2b1d9741477ac731e7fe6f6475020b8e9d9bb26e5343898a7ff382c34e57
2025-09-15 11:46:16.846 TRACE client[0]: Processing transaction with hash: 6c3c2b1d9741477ac731e7fe6f6475020b8e9d9bb26e5343898a7ff382c34e57
2025-09-15 11:46:16.846 DEBUG client[0]: Submitting transaction 6c3c2b1d9741477ac731e7fe6f6475020b8e9d9bb26e5343898a7ff382c34e57
2025-09-15 11:46:16.929 TRACE : trigger interaction 0xc000251b30 1195/1200
[TRACE] Decoding transaction bytes of length: 229
[TRACE] Transaction type: 6
[TRACE] Successfully decoded transaction with hash: ed30dd9ac8e6af43767852b5965c808595abd6c9fe78d5daa6f11044fc8f0854
2025-09-15 11:46:16.929 TRACE client[0]: Processing transaction with hash: ed30dd9ac8e6af43767852b5965c808595abd6c9fe78d5daa6f11044fc8f0854
2025-09-15 11:46:16.929 DEBUG client[0]: Submitting transaction ed30dd9ac8e6af43767852b5965c808595abd6c9fe78d5daa6f11044fc8f0854
2025-09-15 11:46:17.013 TRACE : trigger interaction 0xc000251c20 1196/1200
[TRACE] Decoding transaction bytes of length: 229
[TRACE] Transaction type: 6
[TRACE] Successfully decoded transaction with hash: b9cc2ba89681e6155027a21b097f89cf311ede8b77ad503deabd2fb177871d99
2025-09-15 11:46:17.013 TRACE client[0]: Processing transaction with hash: b9cc2ba89681e6155027a21b097f89cf311ede8b77ad503deabd2fb177871d99
2025-09-15 11:46:17.013 DEBUG client[0]: Submitting transaction b9cc2ba89681e6155027a21b097f89cf311ede8b77ad503deabd2fb177871d99
2025-09-15 11:46:17.096 TRACE : trigger interaction 0xc000251d10 1197/1200
[TRACE] Decoding transaction bytes of length: 229
[TRACE] Transaction type: 6
[TRACE] Successfully decoded transaction with hash: 8810829e405433df523517d9235a10030b70266329063ee2c1a1ca475ba222b1
2025-09-15 11:46:17.097 TRACE client[0]: Processing transaction with hash: 8810829e405433df523517d9235a10030b70266329063ee2c1a1ca475ba222b1
2025-09-15 11:46:17.097 DEBUG client[0]: Submitting transaction 8810829e405433df523517d9235a10030b70266329063ee2c1a1ca475ba222b1
2025-09-15 11:46:17.179 TRACE : trigger interaction 0xc000251e00 1198/1200
[TRACE] Decoding transaction bytes of length: 229
[TRACE] Transaction type: 6
[TRACE] Successfully decoded transaction with hash: 73ddd687259a339573937fb19541098a284443b8a8af77e1a5893f7cd357b241
2025-09-15 11:46:17.179 TRACE client[0]: Processing transaction with hash: 73ddd687259a339573937fb19541098a284443b8a8af77e1a5893f7cd357b241
2025-09-15 11:46:17.179 DEBUG client[0]: Submitting transaction 73ddd687259a339573937fb19541098a284443b8a8af77e1a5893f7cd357b241
2025-09-15 11:46:17.263 TRACE : trigger interaction 0xc000251ef0 1199/1200
[TRACE] Decoding transaction bytes of length: 229
[TRACE] Transaction type: 6
[TRACE] Successfully decoded transaction with hash: 35f35bf7cb80ae4af77e4967f2d8fcb652ba69d7d00bf381661a9e053338f665
2025-09-15 11:46:17.263 TRACE client[0]: Processing transaction with hash: 35f35bf7cb80ae4af77e4967f2d8fcb652ba69d7d00bf381661a9e053338f665
2025-09-15 11:46:17.263 DEBUG client[0]: Submitting transaction 35f35bf7cb80ae4af77e4967f2d8fcb652ba69d7d00bf381661a9e053338f665
2025-09-15 11:46:17.346 TRACE : trigger interaction 0xc0004a0000 1200/1200
2025-09-15 11:46:17.346 INFO  : sleep for 1m40s seconds
[TRACE] Decoding transaction bytes of length: 229
[TRACE] Transaction type: 6
[TRACE] Successfully decoded transaction with hash: 06829f96880437efc492569cf5eee144e9dff183374a5baabb220797fc1d00f8
2025-09-15 11:46:17.346 TRACE client[0]: Processing transaction with hash: 06829f96880437efc492569cf5eee144e9dff183374a5baabb220797fc1d00f8
2025-09-15 11:46:17.346 DEBUG client[0]: Submitting transaction 06829f96880437efc492569cf5eee144e9dff183374a5baabb220797fc1d00f8
2025-09-15 11:46:46.102 TRACE client[0]: Found transaction in block: dc3c4fcefbfcd8bec86a47ee64a38db77d1e7359e362221cd360105ff258d2f2
2025-09-15 11:46:46.102 TRACE client[0]: Found transaction in block: 1b9e1b06a4d1a6920ad3af4b633828fdaf466039539570ce9a3aced149c0b203
2025-09-15 11:46:46.102 TRACE client[0]: Found transaction in block: b4da583b87c4a29117c5489083ae10d29e3ca9f82b7e6e04c27efdf3c31beaac
2025-09-15 11:46:46.102 TRACE client[0]: Found transaction in block: f0d23706cbe67d678ccc364ae7614095302251ebf267b9a2a3e56b96abbdabdd
2025-09-15 11:46:46.102 TRACE client[0]: Found transaction in block: 569e0026bc0e4e705c42892ca478ba4a7c4eab60c34e29e49550af95ea1a21b6
2025-09-15 11:46:46.102 TRACE client[0]: Found transaction in block: c3cee693ad2465cfd80f75cfd5646742b2a149931b96e00938d84ddeaa705a6e
2025-09-15 11:46:46.102 TRACE client[0]: Found transaction in block: bd1acfc84a714cd1d67d078dde5313cff94c8e4685e44823024d4608aa9a2dbb
2025-09-15 11:46:46.102 TRACE client[0]: Found transaction in block: a1c34bdb53244e00dc2a89855bc872b636af5718ff048da304d3e2b4534c4aa4
2025-09-15 11:46:46.102 TRACE client[0]: Found transaction in block: c1de3e9f59dda3a9af8e297f478b96846dae4f2fc941f3c091c01eef895f31cc
2025-09-15 11:46:46.102 TRACE client[0]: Found transaction in block: 4124f21dbd9588fac7137d3075af0b06ecee3c16b5617517f5aaffd3b3d22f22
2025-09-15 11:46:46.102 TRACE client[0]: Found transaction in block: 3d524b62b3536a536c149060a763ba0a96c4acf0c13357be6b50db349b173619
2025-09-15 11:46:46.102 TRACE client[0]: Found transaction in block: 433bed8ac4747c2139572f1f535fdc53def8b36ee1db942fcf75783a5e753239
2025-09-15 11:46:46.102 TRACE client[0]: Found transaction in block: a7fed1489558dd8a200a0cec9770829036314ac6fced6f319775e92b40d001f3
2025-09-15 11:46:46.102 TRACE client[0]: Found transaction in block: 8372236c99089497e49b309cdf2a7cc978d43d0afdc018b2d3163603da0b8e3d
2025-09-15 11:46:46.102 TRACE client[0]: Found transaction in block: 4df42f93dfe751e2f97d53491001e34a9ab0e15df5d64d7e165eb07b61d0ed46
2025-09-15 11:46:46.102 TRACE client[0]: Found transaction in block: dbad0cd49da7f3e64d954a785bc75f6ff93f74f2e8158191534f62553443abbb
2025-09-15 11:46:46.102 TRACE client[0]: Found transaction in block: f2f125c5145a4a0f9818b50ca30641ff9c6fcace13391953168fc2e50c317134
2025-09-15 11:46:46.102 TRACE client[0]: Found transaction in block: 6bfa89f4e25998c0e8de7e4b00ac9f0bbf2b43d846da6a9b6bde9dbfd93593bd
2025-09-15 11:46:46.102 TRACE client[0]: Found transaction in block: b322c55dea698ed13f45f5679dcf07dd388ffa87c1a7ccb325c2920bbe0e7de6
2025-09-15 11:46:46.102 TRACE client[0]: Found transaction in block: 93fd8f60c5dd5c625ff49b1ce77ee337441ba2efa23c9bb33f39539b036d5cf3
2025-09-15 11:46:46.102 TRACE client[0]: Found transaction in block: d8a3fe551a3fcb327fbc46520753a8f69e1b4750d54252b0d52933f05975bcf5
2025-09-15 11:46:46.102 TRACE client[0]: Found transaction in block: 97ef1d8c9e66f0e8e1a2fbe01859740937996935dd56117d0ab22617a41adb9e
2025-09-15 11:46:46.102 TRACE client[0]: Found transaction in block: ed846d6a3d96cc87dfdab2499b4c48e62395cdc36a3a24aab03f7d39b4aadab7
2025-09-15 11:46:46.102 TRACE client[0]: Found transaction in block: 60e610e3dbeb4023f2d57fe8d16559378fc1cc3f1fb460445807f4e9869cfb02
2025-09-15 11:46:46.102 TRACE client[0]: Found transaction in block: 4f63655e2d799baaefaaabd00ad927e7ef1fb3d920f66681b334bc596d2ed336
2025-09-15 11:46:46.102 TRACE client[0]: Found transaction in block: 1cd21b6e6a143b76e8052b6a7ebb63bc9825b78c679fe89f832844bdedcac877
2025-09-15 11:46:46.102 TRACE client[0]: Found transaction in block: f9349c8294ed6177891a5734ef34d5af7f89884a3df57279aeec23f84facab83
2025-09-15 11:46:46.102 TRACE client[0]: Found transaction in block: 75bdc7117eb703965278d70438d57bad36966366a30f693458eadb19104afed4
2025-09-15 11:46:46.102 TRACE client[0]: Found transaction in block: 8cfb9f504fda411780079cd6a17e8785f69c3521bc56f0ef41c665b67492f72f
2025-09-15 11:46:46.102 TRACE client[0]: Found transaction in block: 521fea130f45487e387e4504956b3be034307aef5e794eb676044e0b679f0e29
2025-09-15 11:46:46.102 TRACE client[0]: Found transaction in block: da130157ea38b3f88481a14bd1eea45c882b99f6b49b302608b2d2557072f079
2025-09-15 11:46:46.102 TRACE client[0]: Found transaction in block: a7bd723acfe6eb0fad462569fe99a03a0c763209b6b3e545850f2fbfa086f1ff
2025-09-15 11:46:46.102 TRACE client[0]: Found transaction in block: 257fa183477ae593c741c8c0b0b8ec6d39a254b0741b56726d6ed1883d6608cf
2025-09-15 11:46:46.102 TRACE client[0]: Found transaction in block: 075cb1188f7f4b526d4da10d8f9d5bbaa143e271ff788aad8d13f81315be428d
2025-09-15 11:46:46.102 TRACE client[0]: Found transaction in block: 4bf1cf7a8b5d786335bdb6f7987666343515736cff968dd8e578dd49cbd085f1
2025-09-15 11:46:46.102 TRACE client[0]: Found transaction in block: 322cffb50d278c0ecf1ca9a079dbfe0b4a6f2872628faeba0e071b6b5b5d17c9
2025-09-15 11:46:46.102 TRACE client[0]: Found transaction in block: 63c377d59e4200f0cc45c7344d8c7ece369e3f6211986cc98d3a6642cc12911f
2025-09-15 11:46:46.102 TRACE client[0]: Found transaction in block: 70c9bad337251ab0321a4415cf2224f014e631d19e0f162bbd05a3d92d4faec9
2025-09-15 11:46:46.102 TRACE client[0]: Found transaction in block: bd5016cff7001a79603dfd733a27395037719ea2319c2586a6b42240e2458894
2025-09-15 11:46:46.102 TRACE client[0]: Found transaction in block: 5a8fbb181942e2c508ed9af2887099f6b35d4f5195a667ba0a76ca3e422d0f4a
2025-09-15 11:46:46.102 TRACE client[0]: Found transaction in block: cb743d4981440e7c30ac4145ab5d0afdf2d83172178524df5e1646a7a9c932d4
2025-09-15 11:46:46.102 TRACE client[0]: Found transaction in block: bf1113eae044bd341f23a56a371d6fc72d1f2e1c42227abe04adba1855c9d4a7
2025-09-15 11:46:46.102 TRACE client[0]: Found transaction in block: a25b1545dbf6ce7ad00f78196107e67608b3736ce66852342285f1fd5884a2e3
2025-09-15 11:46:46.102 TRACE client[0]: Found transaction in block: 36c15e58699d9dca0b78b916565129a5e6ec6ff58428edb9b0e2a736f8da22ca
2025-09-15 11:46:46.102 TRACE client[0]: Found transaction in block: a7e11792528463f3a4b25e2e1cf5e5a52f9d521d8d8961fa27e6be6aea1e4366
2025-09-15 11:46:46.102 TRACE client[0]: Found transaction in block: 8b489535e85f324226655a01b7a33c00dcf26da14f406350ce0390f7a3eeb5bc
2025-09-15 11:46:46.102 TRACE client[0]: Found transaction in block: 04100cc6e436e52c80c4803fbff3bf3ef8d13756efd5a58994d1dfc65ba80369
2025-09-15 11:46:46.102 TRACE client[0]: Found transaction in block: 36a421c048acec1129be9a1199ad8bcf678b5e42869f1019051f682d6b7065b0
2025-09-15 11:46:46.102 TRACE client[0]: Found transaction in block: df755f1da1e3b7f74da1b83e889bb76299199ad6580f250441a4c07462d7418a
2025-09-15 11:46:46.102 TRACE client[0]: Found transaction in block: ffd5f1b22ffd3ad9b1252bbe3e702795d706af364fa16e6e19b6216967d5d04b
2025-09-15 11:46:46.102 TRACE client[0]: Found transaction in block: 7b48863a18ee8807012216a31a55bf1b05ee231662037fb24b37114ab5a69063
2025-09-15 11:46:46.102 TRACE client[0]: Found transaction in block: 94c46c5b20b2578737d4302b5e7eb4b570f9faba8629211c2ac525c8fc0bf06e
2025-09-15 11:46:46.102 TRACE client[0]: Found transaction in block: f04dd65396524c4966a405fcc1549e452b02f039eb91eeff93332bb2b5bcf5da
2025-09-15 11:46:46.102 TRACE client[0]: Found transaction in block: 7b9f8d7a553b23778b2fc602ddc92a8e28f5c051f27b24260d3012f5f2a84b4a
2025-09-15 11:46:46.102 TRACE client[0]: Found transaction in block: b561ce8e3ea40fa9c411f213eae0b5027529a4d88c1fb4027f65bd04b8298b29
2025-09-15 11:46:46.102 TRACE client[0]: Found transaction in block: 6c4c7704bf3fd0d133dce9e1574fe7b0d7caab29e44c99d2dcd2785f86272327
2025-09-15 11:46:46.102 TRACE client[0]: Found transaction in block: 80d5aabeae03356e60662f0751e6dec7d1dd5f03b4fe9741d79b78860ffed0b3
2025-09-15 11:46:46.102 TRACE client[0]: Found transaction in block: 43d9656739c946fa7b147fcf185d0b74708ce2dbf5f73a3ac1a4adc9c6b45d95
2025-09-15 11:46:46.102 TRACE client[0]: Found transaction in block: 0c69ef0ccc5f9843de8a6720babd472b90fa9da355f8b7acf3d234e130425727
2025-09-15 11:46:46.102 TRACE client[0]: Found transaction in block: 924f6733a15ca52a9c5f2fa4e2c711779172fc872ebb44282af5693c22d78a1f
2025-09-15 11:46:46.102 TRACE client[0]: Found transaction in block: 1753b03fc41a57548c5a11a8e80e5555aa834965cd2800110ff3231f0e4c304e
2025-09-15 11:46:46.102 TRACE client[0]: Found transaction in block: 5a48027cef502730ac31a727269de6dbf129cfdbe51127c54b8baad2345b973e
2025-09-15 11:46:46.102 TRACE client[0]: Found transaction in block: c31c0117b6cd22f4cbda7a0acdebe959776d0b7ff8fd46930b94eed65fce6dd9
2025-09-15 11:46:46.102 TRACE client[0]: Found transaction in block: cdf4afdad0efb5f38aaa2b3f186f0d7207fd3c2c675fbdc4a0eee3f4137a19a2
2025-09-15 11:46:46.102 TRACE client[0]: Found transaction in block: e9d223340c8650fa32cc044df433f508c77ded337c3df6f773ceb88dfebe1a88
2025-09-15 11:46:46.102 TRACE client[0]: Found transaction in block: 5be39909e7dfe0d334ac70b94c0cd0b064a4acd2aad40fca8f717e6eab91872f
2025-09-15 11:46:46.102 TRACE client[0]: Found transaction in block: 6bd05d34fcf9d39ac991e118db183b9a3b4a40652d5a63260a2fd9579d5e2ded
2025-09-15 11:46:46.102 TRACE client[0]: Found transaction in block: cd6cd069e8f861c6351e9607f69b8d5d5b8c4459bb130619fce30dad84335227
2025-09-15 11:46:46.102 TRACE client[0]: Found transaction in block: 976e93f4402ba917e311f0fc7a73ef5dcbe59edf9969afb6eace96f4d2588084
2025-09-15 11:46:46.102 TRACE client[0]: Found transaction in block: 2bfff68a64cf4a67250004e438978f7aa2ad7f394aeb5fd233e67a9abe5440f3
2025-09-15 11:46:46.102 TRACE client[0]: Found transaction in block: 5ff354bb93f60d0843f827f4df894c6af01b60b92b3faf7a777073b9a5a6c54b
2025-09-15 11:46:46.102 TRACE client[0]: Found transaction in block: 4b84376a3133a86e2c2d30f6db92d69766ebd1f0d132134c75c9fdc192191d5e
2025-09-15 11:46:46.102 TRACE client[0]: Found transaction in block: 3ba1a3e56f248a665552c6b28c2d9c631d36ee3e91aa873b034fe5b14ddb0f1e
2025-09-15 11:46:46.102 TRACE client[0]: Found transaction in block: 6a294e437b7cef5068361af48d267a496babbbd0b34465eb9dc822d0f95aece3
2025-09-15 11:46:46.102 TRACE client[0]: Found transaction in block: 4c3eb561934d82f0ba84d74655a4f71c74ceb73149efdd5d89b7b236e1f04f02
2025-09-15 11:46:46.102 TRACE client[0]: Found transaction in block: ca3866dee41c04430ee69d6a3d29d0ba0b432fb7f15be797d344ad3d0f47e2ae
2025-09-15 11:46:46.102 TRACE client[0]: Found transaction in block: 59a5d6f2779f15f7dd15bc15a2252ecff2b8e0c6ffdbbd130bc1b7f038e0969b
2025-09-15 11:46:46.102 TRACE client[0]: Found transaction in block: bf845bbfa43dee946f89b67aa48d52ed71724e3f30b66b731b188e6682a9d285
2025-09-15 11:46:46.102 TRACE client[0]: Found transaction in block: a367004f831f394f2109f30c8865ebed21af5e3f31f33a1943be5dcfa2079efd
2025-09-15 11:46:46.102 TRACE client[0]: Found transaction in block: d11d2c06b9c427e310f341870596202f82dd8bd4be5d7355e5bb5068b318f1fe
2025-09-15 11:46:46.102 TRACE client[0]: Found transaction in block: fc926e4b690d9eff3947d9c84ae69dfbd2f9d422f666ed3890f04bc1383d836e
2025-09-15 11:46:46.102 TRACE client[0]: Found transaction in block: 252669dcd5ea0ae4c13f74bf4acd1b0d3d3424049750f6b6ef82c44735f6b3f9
2025-09-15 11:46:46.102 TRACE client[0]: Found transaction in block: 66f48142655afa32aaf22329c8a82be2dd4b95f2b0da7975ec7a907dca72a0d6
2025-09-15 11:46:46.102 TRACE client[0]: Found transaction in block: 7a9267888b75ad98182462abe627b888e9769c27e0ab8380afa7a4adeaea4d4d
2025-09-15 11:46:46.102 TRACE client[0]: Found transaction in block: 8537503fdf4c1c6a10e9a8eb35ee376244252726886afc32a2b7ba63e6cd9752
2025-09-15 11:46:46.102 TRACE client[0]: Found transaction in block: e89559d69b59a864441a3213faa7642392922e1972ce70bd73845537d974be1a
2025-09-15 11:46:46.102 TRACE client[0]: Found transaction in block: 1af45585320c7cae6d6dd9cf0a76d09707ea439a9ae0b5735e5ebf52c6867ce7
2025-09-15 11:46:46.102 TRACE client[0]: Found transaction in block: a78ec3a3e47c3b2b51caec52cc4ee524649edc1bede5cf9a7a0cd81aa6ead779
2025-09-15 11:46:46.102 TRACE client[0]: Found transaction in block: 0c5ebed65b3b3f83cfea9f53da68a7f914f49d3d038bec8b5f5c7ae4ef1e6366
2025-09-15 11:46:46.102 TRACE client[0]: Found transaction in block: 68e7c185f41a665f411fc58c955731f5050377984e452c6036081c5698a64a25
2025-09-15 11:46:46.102 TRACE client[0]: Found transaction in block: cf7f7e4e6093734d29de727a503b9c1212f729f010a0866a2bbd1a7657fea2f5
2025-09-15 11:46:46.102 TRACE client[0]: Found transaction in block: 88ee2989fbb9cc8128a4698c999e590346b7d89821169fcbf3c602680ee584cb
2025-09-15 11:46:46.102 TRACE client[0]: Found transaction in block: 28587ad261f8f73890be6a314129ffd8de3844e6c1a5a1ea59a9fd136e8ec862
2025-09-15 11:46:46.102 TRACE client[0]: Found transaction in block: 483f09b3e369ea9f0af114d632193c2ac6e478227f085cf9f9ea6ae56d75297c
2025-09-15 11:46:46.102 TRACE client[0]: Found transaction in block: 1b365cab5fff54f652468611862ee7722ef8bcc72d3134d027f29aa9b1f6945f
2025-09-15 11:46:46.102 TRACE client[0]: Found transaction in block: 4128cce5f5603e458309f80101fb4e6e139e8a5b6968c9dc4764c3449533f623
2025-09-15 11:46:46.102 TRACE client[0]: Found transaction in block: 70f7ff0cc0af574a7ebe7d2db46ca209ac1ae77a15b45597d2da3e382904b862
2025-09-15 11:46:46.102 TRACE client[0]: Found transaction in block: 0c49f888d0406ef809ab2fbaa1fd302c8232e5c904c049ecbbbe62bd058fd4d8
2025-09-15 11:46:46.102 TRACE client[0]: Found transaction in block: 33faecab2e10a51044ece138276fa1c4675bd90cc8d332b7f210b20e779fb5c8
2025-09-15 11:46:46.102 TRACE client[0]: Found transaction in block: 691a7f7bb9e12e2efcdc2d53113141c78e997a5efaea17ac14066fd144de4ed2
2025-09-15 11:46:46.103 TRACE client[0]: Found transaction in block: 7ba6a9ce32e567c9e5d6ac32634c989c85de3fea82d5fc08cec5b52cd10282a6
2025-09-15 11:46:46.103 TRACE client[0]: Found transaction in block: ff7cc4087c86ded8c9753c17900a30370db9568ace0eb21926dafa3dd615d1f9
2025-09-15 11:46:46.103 TRACE client[0]: Found transaction in block: 0f1b9b24a9795b1bfd235b02e310d727ef9a4794e8cae0c29958caa7d2a2cbb5
2025-09-15 11:46:46.103 TRACE client[0]: Found transaction in block: 65e670f2fa6aa40e2e6be2c90bac6a53334afd524fba7aa07a3c201332b64969
2025-09-15 11:46:46.103 TRACE client[0]: Found transaction in block: 7fde5202a0ab37e9ad59123b5b95e14ce4fe37fc9904ecc4df4d94af4b074253
2025-09-15 11:46:46.103 TRACE client[0]: Found transaction in block: e36691f8bddb4f22e53e8fea3d8d2e74753e938a2998741be4b6480044bf4fdf
2025-09-15 11:46:46.103 TRACE client[0]: Found transaction in block: 659d2f714d9e7ab38d52d1f1b80fe78c0b393787fc6c7df4778edc09932e30a3
2025-09-15 11:46:46.103 TRACE client[0]: Found transaction in block: bc9975f85d9d3f27498c666d5efacfd539a5401f0db6f07c6fe69102ba2c44fe
2025-09-15 11:46:46.103 TRACE client[0]: Found transaction in block: 565d62a2618fddbaea586e89e91216edccc5ac2754fc7ba830c8944eef89dc38
2025-09-15 11:46:46.103 TRACE client[0]: Found transaction in block: 2e4d99ff08da7dc86b6b702138d7f45e2a12561f7d6b74555443c694b8762cb6
2025-09-15 11:46:46.103 TRACE client[0]: Found transaction in block: 4eb33b57835cb88d63d1b81fa495003edfc39b0ddb0875e929ce5995797ec270
2025-09-15 11:46:46.103 TRACE client[0]: Found transaction in block: 1d137349253d640082c27d3790992cb315f5e9261febf936ce6e321b37fa99c5
2025-09-15 11:46:46.103 TRACE client[0]: Found transaction in block: d492fa2f73423d887c47f6579ed0482ab624246699220ca8251ae565438e6c5b
2025-09-15 11:46:46.103 TRACE client[0]: Found transaction in block: 66683acf1d5f4077145c9c95bf3b894723f52ad3eee7592f0d94a1d41e7d4960
2025-09-15 11:46:46.103 TRACE client[0]: Found transaction in block: b8a7f0a86a3c7fb1da871f95a679e8ca18f8e9ec8028bd94732ee9615a21c084
2025-09-15 11:46:46.103 TRACE client[0]: Found transaction in block: 9a0f88325e62ee361131af7b2e49ef35af29bb09dc87b34f3d39ca6846aac75a
2025-09-15 11:46:46.103 TRACE client[0]: Found transaction in block: ab1de9ba2a22de2db2bd8999bb7d56f00bc0a389b0e038c0a6407f5a8a4650e7
2025-09-15 11:46:46.103 TRACE client[0]: Found transaction in block: ca20d5b5f962def6a9608d49c6881afa6905e2123bb26e6efe4f61c66b2d3cca
2025-09-15 11:46:46.103 TRACE client[0]: Found transaction in block: c7f406067738968173ba03d68356e5f2fe791c24caeff26d95d4ed57880f092d
2025-09-15 11:46:46.103 TRACE client[0]: Found transaction in block: 1bf4324e0befb3b90a9124d5e086d7805853bef1e9f613933e27a0234829b065
2025-09-15 11:46:46.103 TRACE client[0]: Found transaction in block: 47a732590bce7254565e3e1a7347edc2bd98f356b584e96d608c69110eede08f
2025-09-15 11:46:46.103 TRACE client[0]: Found transaction in block: 924fe5b76d48f8fd522dfd7e0c9af550cf46317455a6bfcc00f779aceea62c59
2025-09-15 11:46:46.103 TRACE client[0]: Found transaction in block: 22f261ca2c7bb4e0956075ac080dabe15120eb59590e8b99a5652a6f2c9237d4
2025-09-15 11:46:46.103 TRACE client[0]: Found transaction in block: 9da2eac8f2732d17e2af5bb800391418ff3a7e39059364d22becf3d01a21e301
2025-09-15 11:46:46.103 TRACE client[0]: Found transaction in block: a24418a42c3d5a5fccb7c225bd207c44d70eb06898798dd945067cd40aa83b7e
2025-09-15 11:46:46.103 TRACE client[0]: Found transaction in block: 1aef55f0f72852683909b3cfc56ae558e626851102e697f97989e0bac09dea14
2025-09-15 11:46:46.103 TRACE client[0]: Found transaction in block: f15b493f4e32892cc9f812c3851f12ad5f6bbf940741b9bfa4f3bbdc665c8cf5
2025-09-15 11:46:46.103 TRACE client[0]: Found transaction in block: dda89001c781b1d282f03c42febc875872c1dbc7d0a6ec84b911324a3bc57fce
2025-09-15 11:46:46.103 TRACE client[0]: Found transaction in block: 62588d2b04fcdd5184208bc4f3eeddc2fbbabaee497b566c41850d70ea000c08
2025-09-15 11:46:46.103 TRACE client[0]: Found transaction in block: 8482738231a4686bc568e55d0e46c6c26a2def22057d6598bf71752baa37f831
2025-09-15 11:46:46.103 TRACE client[0]: Found transaction in block: a91e52a3a2160a4cfe4824676394b579c6231f58d371ff2d07d3e7ba76cfde2b
2025-09-15 11:46:46.103 TRACE client[0]: Found transaction in block: 5758e2d25cb58a46606a84b16671b4b7390a408412eddbc05ed55973e2136876
2025-09-15 11:46:46.103 TRACE client[0]: Found transaction in block: 66f6b8cf868050432394d4ff32f6a3d2cea36e7046a77c196ba622465af40654
2025-09-15 11:46:46.103 TRACE client[0]: Found transaction in block: fee5b1838b3a2bb998b028a995b82f78a36db63082a388359344c2092119f721
2025-09-15 11:46:46.103 TRACE client[0]: Found transaction in block: a31e2d0cab8a7d23924bf194ad6b39ed38abbc6ac45b1aada850cda316f8c0c2
2025-09-15 11:46:46.103 TRACE client[0]: Found transaction in block: a5a3a32b75f7ce6c93724f0494dee1a5848eb40cb3d899f9e96df54c60f9b564
2025-09-15 11:46:46.103 TRACE client[0]: Found transaction in block: 4417986d10d8b510520af5b113c51fffe8570d25b28004fefcd097bc79cd9e38
2025-09-15 11:46:46.103 TRACE client[0]: Found transaction in block: e31a28991f33742fe5aa30e47d3bd25f189fe42aba11407f275a31a44778f9ae
2025-09-15 11:46:46.103 TRACE client[0]: Found transaction in block: 80d33c65ad674e90a152ce686f6248553790aa22db77ea7f8abab2b5f64b2efd
2025-09-15 11:46:46.103 TRACE client[0]: Found transaction in block: 17c1bd09ee16aca7babcc2e50b3cb5dd12e8899fccaf43a7be5d25486780922a
2025-09-15 11:46:46.103 TRACE client[0]: Found transaction in block: ebae2d6ce6088e319f5efa8f8164d65b4dfe38d3fc6237a1147961480a2a4d9d
2025-09-15 11:46:46.103 TRACE client[0]: Found transaction in block: 6c3c2b1d9741477ac731e7fe6f6475020b8e9d9bb26e5343898a7ff382c34e57
2025-09-15 11:46:46.103 TRACE client[0]: Found transaction in block: ed30dd9ac8e6af43767852b5965c808595abd6c9fe78d5daa6f11044fc8f0854
2025-09-15 11:46:46.103 TRACE client[0]: Found transaction in block: b9cc2ba89681e6155027a21b097f89cf311ede8b77ad503deabd2fb177871d99
2025-09-15 11:46:46.103 TRACE client[0]: Found transaction in block: 8810829e405433df523517d9235a10030b70266329063ee2c1a1ca475ba222b1
2025-09-15 11:46:46.103 TRACE client[0]: Found transaction in block: 73ddd687259a339573937fb19541098a284443b8a8af77e1a5893f7cd357b241
2025-09-15 11:46:46.103 TRACE client[0]: Found transaction in block: 35f35bf7cb80ae4af77e4967f2d8fcb652ba69d7d00bf381661a9e053338f665
2025-09-15 11:46:46.103 TRACE client[0]: Found transaction in block: 06829f96880437efc492569cf5eee144e9dff183374a5baabb220797fc1d00f8
2025-09-15 11:47:57.346 INFO  : stop benchmark
2025-09-15 11:47:57.346 DEBUG : send 1200 results to primary
2025-09-15 11:47:57.346 TRACE : push result 1/1200
2025-09-15 11:47:57.346 TRACE : push result 2/1200
2025-09-15 11:47:57.346 TRACE : push result 3/1200
2025-09-15 11:47:57.346 TRACE : push result 4/1200
2025-09-15 11:47:57.346 TRACE : push result 5/1200
2025-09-15 11:47:57.346 TRACE : push result 6/1200
2025-09-15 11:47:57.346 TRACE : push result 7/1200
2025-09-15 11:47:57.346 TRACE : push result 8/1200
2025-09-15 11:47:57.346 TRACE : push result 9/1200
2025-09-15 11:47:57.346 TRACE : push result 10/1200
2025-09-15 11:47:57.346 TRACE : push result 11/1200
2025-09-15 11:47:57.346 TRACE : push result 12/1200
2025-09-15 11:47:57.346 TRACE : push result 13/1200
2025-09-15 11:47:57.346 TRACE : push result 14/1200
2025-09-15 11:47:57.346 TRACE : push result 15/1200
2025-09-15 11:47:57.346 TRACE : push result 16/1200
2025-09-15 11:47:57.346 TRACE : push result 17/1200
2025-09-15 11:47:57.346 TRACE : push result 18/1200
2025-09-15 11:47:57.346 TRACE : push result 19/1200
2025-09-15 11:47:57.346 TRACE : push result 20/1200
2025-09-15 11:47:57.346 TRACE : push result 21/1200
2025-09-15 11:47:57.346 TRACE : push result 22/1200
2025-09-15 11:47:57.346 TRACE : push result 23/1200
2025-09-15 11:47:57.346 TRACE : push result 24/1200
2025-09-15 11:47:57.346 TRACE : push result 25/1200
2025-09-15 11:47:57.346 TRACE : push result 26/1200
2025-09-15 11:47:57.346 TRACE : push result 27/1200
2025-09-15 11:47:57.346 TRACE : push result 28/1200
2025-09-15 11:47:57.346 TRACE : push result 29/1200
2025-09-15 11:47:57.346 TRACE : push result 30/1200
2025-09-15 11:47:57.346 TRACE : push result 31/1200
2025-09-15 11:47:57.346 TRACE : push result 32/1200
2025-09-15 11:47:57.346 TRACE : push result 33/1200
2025-09-15 11:47:57.346 TRACE : push result 34/1200
2025-09-15 11:47:57.346 TRACE : push result 35/1200
2025-09-15 11:47:57.346 TRACE : push result 36/1200
2025-09-15 11:47:57.346 TRACE : push result 37/1200
2025-09-15 11:47:57.346 TRACE : push result 38/1200
2025-09-15 11:47:57.346 TRACE : push result 39/1200
2025-09-15 11:47:57.346 TRACE : push result 40/1200
2025-09-15 11:47:57.346 TRACE : push result 41/1200
2025-09-15 11:47:57.346 TRACE : push result 42/1200
2025-09-15 11:47:57.346 TRACE : push result 43/1200
2025-09-15 11:47:57.346 TRACE : push result 44/1200
2025-09-15 11:47:57.346 TRACE : push result 45/1200
2025-09-15 11:47:57.346 TRACE : push result 46/1200
2025-09-15 11:47:57.346 TRACE : push result 47/1200
2025-09-15 11:47:57.346 TRACE : push result 48/1200
2025-09-15 11:47:57.346 TRACE : push result 49/1200
2025-09-15 11:47:57.346 TRACE : push result 50/1200
2025-09-15 11:47:57.346 TRACE : push result 51/1200
2025-09-15 11:47:57.346 TRACE : push result 52/1200
2025-09-15 11:47:57.346 TRACE : push result 53/1200
2025-09-15 11:47:57.346 TRACE : push result 54/1200
2025-09-15 11:47:57.346 TRACE : push result 55/1200
2025-09-15 11:47:57.346 TRACE : push result 56/1200
2025-09-15 11:47:57.346 TRACE : push result 57/1200
2025-09-15 11:47:57.346 TRACE : push result 58/1200
2025-09-15 11:47:57.346 TRACE : push result 59/1200
2025-09-15 11:47:57.346 TRACE : push result 60/1200
2025-09-15 11:47:57.346 TRACE : push result 61/1200
2025-09-15 11:47:57.346 TRACE : push result 62/1200
2025-09-15 11:47:57.346 TRACE : push result 63/1200
2025-09-15 11:47:57.346 TRACE : push result 64/1200
2025-09-15 11:47:57.346 TRACE : push result 65/1200
2025-09-15 11:47:57.346 TRACE : push result 66/1200
2025-09-15 11:47:57.346 TRACE : push result 67/1200
2025-09-15 11:47:57.346 TRACE : push result 68/1200
2025-09-15 11:47:57.346 TRACE : push result 69/1200
2025-09-15 11:47:57.346 TRACE : push result 70/1200
2025-09-15 11:47:57.347 TRACE : push result 71/1200
2025-09-15 11:47:57.347 TRACE : push result 72/1200
2025-09-15 11:47:57.347 TRACE : push result 73/1200
2025-09-15 11:47:57.347 TRACE : push result 74/1200
2025-09-15 11:47:57.347 TRACE : push result 75/1200
2025-09-15 11:47:57.347 TRACE : push result 76/1200
2025-09-15 11:47:57.347 TRACE : push result 77/1200
2025-09-15 11:47:57.347 TRACE : push result 78/1200
2025-09-15 11:47:57.347 TRACE : push result 79/1200
2025-09-15 11:47:57.347 TRACE : push result 80/1200
2025-09-15 11:47:57.347 TRACE : push result 81/1200
2025-09-15 11:47:57.347 TRACE : push result 82/1200
2025-09-15 11:47:57.347 TRACE : push result 83/1200
2025-09-15 11:47:57.347 TRACE : push result 84/1200
2025-09-15 11:47:57.347 TRACE : push result 85/1200
2025-09-15 11:47:57.347 TRACE : push result 86/1200
2025-09-15 11:47:57.347 TRACE : push result 87/1200
2025-09-15 11:47:57.347 TRACE : push result 88/1200
2025-09-15 11:47:57.347 TRACE : push result 89/1200
2025-09-15 11:47:57.347 TRACE : push result 90/1200
2025-09-15 11:47:57.347 TRACE : push result 91/1200
2025-09-15 11:47:57.347 TRACE : push result 92/1200
2025-09-15 11:47:57.347 TRACE : push result 93/1200
2025-09-15 11:47:57.347 TRACE : push result 94/1200
2025-09-15 11:47:57.347 TRACE : push result 95/1200
2025-09-15 11:47:57.347 TRACE : push result 96/1200
2025-09-15 11:47:57.347 TRACE : push result 97/1200
2025-09-15 11:47:57.347 TRACE : push result 98/1200
2025-09-15 11:47:57.347 TRACE : push result 99/1200
2025-09-15 11:47:57.347 TRACE : push result 100/1200
2025-09-15 11:47:57.347 TRACE : push result 101/1200
2025-09-15 11:47:57.347 TRACE : push result 102/1200
2025-09-15 11:47:57.347 TRACE : push result 103/1200
2025-09-15 11:47:57.347 TRACE : push result 104/1200
2025-09-15 11:47:57.347 TRACE : push result 105/1200
2025-09-15 11:47:57.347 TRACE : push result 106/1200
2025-09-15 11:47:57.347 TRACE : push result 107/1200
2025-09-15 11:47:57.347 TRACE : push result 108/1200
2025-09-15 11:47:57.347 TRACE : push result 109/1200
2025-09-15 11:47:57.347 TRACE : push result 110/1200
2025-09-15 11:47:57.347 TRACE : push result 111/1200
2025-09-15 11:47:57.347 TRACE : push result 112/1200
2025-09-15 11:47:57.347 TRACE : push result 113/1200
2025-09-15 11:47:57.347 TRACE : push result 114/1200
2025-09-15 11:47:57.347 TRACE : push result 115/1200
2025-09-15 11:47:57.347 TRACE : push result 116/1200
2025-09-15 11:47:57.347 TRACE : push result 117/1200
2025-09-15 11:47:57.347 TRACE : push result 118/1200
2025-09-15 11:47:57.347 TRACE : push result 119/1200
2025-09-15 11:47:57.347 TRACE : push result 120/1200
2025-09-15 11:47:57.347 TRACE : push result 121/1200
2025-09-15 11:47:57.347 TRACE : push result 122/1200
2025-09-15 11:47:57.347 TRACE : push result 123/1200
2025-09-15 11:47:57.347 TRACE : push result 124/1200
2025-09-15 11:47:57.347 TRACE : push result 125/1200
2025-09-15 11:47:57.347 TRACE : push result 126/1200
2025-09-15 11:47:57.347 TRACE : push result 127/1200
2025-09-15 11:47:57.347 TRACE : push result 128/1200
2025-09-15 11:47:57.347 TRACE : push result 129/1200
2025-09-15 11:47:57.347 TRACE : push result 130/1200
2025-09-15 11:47:57.347 TRACE : push result 131/1200
2025-09-15 11:47:57.347 TRACE : push result 132/1200
2025-09-15 11:47:57.347 TRACE : push result 133/1200
2025-09-15 11:47:57.347 TRACE : push result 134/1200
2025-09-15 11:47:57.347 TRACE : push result 135/1200
2025-09-15 11:47:57.347 TRACE : push result 136/1200
2025-09-15 11:47:57.347 TRACE : push result 137/1200
2025-09-15 11:47:57.347 TRACE : push result 138/1200
2025-09-15 11:47:57.347 TRACE : push result 139/1200
2025-09-15 11:47:57.347 TRACE : push result 140/1200
2025-09-15 11:47:57.347 TRACE : push result 141/1200
2025-09-15 11:47:57.347 TRACE : push result 142/1200
2025-09-15 11:47:57.347 TRACE : push result 143/1200
2025-09-15 11:47:57.347 TRACE : push result 144/1200
2025-09-15 11:47:57.347 TRACE : push result 145/1200
2025-09-15 11:47:57.347 TRACE : push result 146/1200
2025-09-15 11:47:57.347 TRACE : push result 147/1200
2025-09-15 11:47:57.347 TRACE : push result 148/1200
2025-09-15 11:47:57.347 TRACE : push result 149/1200
2025-09-15 11:47:57.347 TRACE : push result 150/1200
2025-09-15 11:47:57.347 TRACE : push result 151/1200
2025-09-15 11:47:57.347 TRACE : push result 152/1200
2025-09-15 11:47:57.347 TRACE : push result 153/1200
2025-09-15 11:47:57.347 TRACE : push result 154/1200
2025-09-15 11:47:57.347 TRACE : push result 155/1200
2025-09-15 11:47:57.347 TRACE : push result 156/1200
2025-09-15 11:47:57.347 TRACE : push result 157/1200
2025-09-15 11:47:57.347 TRACE : push result 158/1200
2025-09-15 11:47:57.347 TRACE : push result 159/1200
2025-09-15 11:47:57.347 TRACE : push result 160/1200
2025-09-15 11:47:57.347 TRACE : push result 161/1200
2025-09-15 11:47:57.347 TRACE : push result 162/1200
2025-09-15 11:47:57.347 TRACE : push result 163/1200
2025-09-15 11:47:57.347 TRACE : push result 164/1200
2025-09-15 11:47:57.347 TRACE : push result 165/1200
2025-09-15 11:47:57.347 TRACE : push result 166/1200
2025-09-15 11:47:57.347 TRACE : push result 167/1200
2025-09-15 11:47:57.347 TRACE : push result 168/1200
2025-09-15 11:47:57.347 TRACE : push result 169/1200
2025-09-15 11:47:57.347 TRACE : push result 170/1200
2025-09-15 11:47:57.347 TRACE : push result 171/1200
2025-09-15 11:47:57.347 TRACE : push result 172/1200
2025-09-15 11:47:57.347 TRACE : push result 173/1200
2025-09-15 11:47:57.347 TRACE : push result 174/1200
2025-09-15 11:47:57.347 TRACE : push result 175/1200
2025-09-15 11:47:57.347 TRACE : push result 176/1200
2025-09-15 11:47:57.347 TRACE : push result 177/1200
2025-09-15 11:47:57.347 TRACE : push result 178/1200
2025-09-15 11:47:57.347 TRACE : push result 179/1200
2025-09-15 11:47:57.347 TRACE : push result 180/1200
2025-09-15 11:47:57.347 TRACE : push result 181/1200
2025-09-15 11:47:57.347 TRACE : push result 182/1200
2025-09-15 11:47:57.347 TRACE : push result 183/1200
2025-09-15 11:47:57.347 TRACE : push result 184/1200
2025-09-15 11:47:57.347 TRACE : push result 185/1200
2025-09-15 11:47:57.347 TRACE : push result 186/1200
2025-09-15 11:47:57.347 TRACE : push result 187/1200
2025-09-15 11:47:57.347 TRACE : push result 188/1200
2025-09-15 11:47:57.347 TRACE : push result 189/1200
2025-09-15 11:47:57.347 TRACE : push result 190/1200
2025-09-15 11:47:57.347 TRACE : push result 191/1200
2025-09-15 11:47:57.347 TRACE : push result 192/1200
2025-09-15 11:47:57.347 TRACE : push result 193/1200
2025-09-15 11:47:57.347 TRACE : push result 194/1200
2025-09-15 11:47:57.347 TRACE : push result 195/1200
2025-09-15 11:47:57.347 TRACE : push result 196/1200
2025-09-15 11:47:57.347 TRACE : push result 197/1200
2025-09-15 11:47:57.347 TRACE : push result 198/1200
2025-09-15 11:47:57.347 TRACE : push result 199/1200
2025-09-15 11:47:57.347 TRACE : push result 200/1200
2025-09-15 11:47:57.347 TRACE : push result 201/1200
2025-09-15 11:47:57.347 TRACE : push result 202/1200
2025-09-15 11:47:57.347 TRACE : push result 203/1200
2025-09-15 11:47:57.347 TRACE : push result 204/1200
2025-09-15 11:47:57.347 TRACE : push result 205/1200
2025-09-15 11:47:57.347 TRACE : push result 206/1200
2025-09-15 11:47:57.347 TRACE : push result 207/1200
2025-09-15 11:47:57.347 TRACE : push result 208/1200
2025-09-15 11:47:57.347 TRACE : push result 209/1200
2025-09-15 11:47:57.347 TRACE : push result 210/1200
2025-09-15 11:47:57.347 TRACE : push result 211/1200
2025-09-15 11:47:57.347 TRACE : push result 212/1200
2025-09-15 11:47:57.347 TRACE : push result 213/1200
2025-09-15 11:47:57.347 TRACE : push result 214/1200
2025-09-15 11:47:57.347 TRACE : push result 215/1200
2025-09-15 11:47:57.347 TRACE : push result 216/1200
2025-09-15 11:47:57.347 TRACE : push result 217/1200
2025-09-15 11:47:57.347 TRACE : push result 218/1200
2025-09-15 11:47:57.347 TRACE : push result 219/1200
2025-09-15 11:47:57.347 TRACE : push result 220/1200
2025-09-15 11:47:57.347 TRACE : push result 221/1200
2025-09-15 11:47:57.347 TRACE : push result 222/1200
2025-09-15 11:47:57.347 TRACE : push result 223/1200
2025-09-15 11:47:57.347 TRACE : push result 224/1200
2025-09-15 11:47:57.347 TRACE : push result 225/1200
2025-09-15 11:47:57.347 TRACE : push result 226/1200
2025-09-15 11:47:57.347 TRACE : push result 227/1200
2025-09-15 11:47:57.347 TRACE : push result 228/1200
2025-09-15 11:47:57.347 TRACE : push result 229/1200
2025-09-15 11:47:57.347 TRACE : push result 230/1200
2025-09-15 11:47:57.347 TRACE : push result 231/1200
2025-09-15 11:47:57.347 TRACE : push result 232/1200
2025-09-15 11:47:57.347 TRACE : push result 233/1200
2025-09-15 11:47:57.347 TRACE : push result 234/1200
2025-09-15 11:47:57.347 TRACE : push result 235/1200
2025-09-15 11:47:57.347 TRACE : push result 236/1200
2025-09-15 11:47:57.347 TRACE : push result 237/1200
2025-09-15 11:47:57.347 TRACE : push result 238/1200
2025-09-15 11:47:57.347 TRACE : push result 239/1200
2025-09-15 11:47:57.347 TRACE : push result 240/1200
2025-09-15 11:47:57.347 TRACE : push result 241/1200
2025-09-15 11:47:57.347 TRACE : push result 242/1200
2025-09-15 11:47:57.347 TRACE : push result 243/1200
2025-09-15 11:47:57.347 TRACE : push result 244/1200
2025-09-15 11:47:57.347 TRACE : push result 245/1200
2025-09-15 11:47:57.347 TRACE : push result 246/1200
2025-09-15 11:47:57.347 TRACE : push result 247/1200
2025-09-15 11:47:57.347 TRACE : push result 248/1200
2025-09-15 11:47:57.347 TRACE : push result 249/1200
2025-09-15 11:47:57.347 TRACE : push result 250/1200
2025-09-15 11:47:57.347 TRACE : push result 251/1200
2025-09-15 11:47:57.347 TRACE : push result 252/1200
2025-09-15 11:47:57.347 TRACE : push result 253/1200
2025-09-15 11:47:57.347 TRACE : push result 254/1200
2025-09-15 11:47:57.347 TRACE : push result 255/1200
2025-09-15 11:47:57.347 TRACE : push result 256/1200
2025-09-15 11:47:57.347 TRACE : push result 257/1200
2025-09-15 11:47:57.347 TRACE : push result 258/1200
2025-09-15 11:47:57.347 TRACE : push result 259/1200
2025-09-15 11:47:57.347 TRACE : push result 260/1200
2025-09-15 11:47:57.347 TRACE : push result 261/1200
2025-09-15 11:47:57.347 TRACE : push result 262/1200
2025-09-15 11:47:57.347 TRACE : push result 263/1200
2025-09-15 11:47:57.347 TRACE : push result 264/1200
2025-09-15 11:47:57.347 TRACE : push result 265/1200
2025-09-15 11:47:57.347 TRACE : push result 266/1200
2025-09-15 11:47:57.347 TRACE : push result 267/1200
2025-09-15 11:47:57.347 TRACE : push result 268/1200
2025-09-15 11:47:57.347 TRACE : push result 269/1200
2025-09-15 11:47:57.347 TRACE : push result 270/1200
2025-09-15 11:47:57.347 TRACE : push result 271/1200
2025-09-15 11:47:57.347 TRACE : push result 272/1200
2025-09-15 11:47:57.347 TRACE : push result 273/1200
2025-09-15 11:47:57.347 TRACE : push result 274/1200
2025-09-15 11:47:57.347 TRACE : push result 275/1200
2025-09-15 11:47:57.347 TRACE : push result 276/1200
2025-09-15 11:47:57.347 TRACE : push result 277/1200
2025-09-15 11:47:57.347 TRACE : push result 278/1200
2025-09-15 11:47:57.347 TRACE : push result 279/1200
2025-09-15 11:47:57.347 TRACE : push result 280/1200
2025-09-15 11:47:57.347 TRACE : push result 281/1200
2025-09-15 11:47:57.347 TRACE : push result 282/1200
2025-09-15 11:47:57.347 TRACE : push result 283/1200
2025-09-15 11:47:57.347 TRACE : push result 284/1200
2025-09-15 11:47:57.347 TRACE : push result 285/1200
2025-09-15 11:47:57.347 TRACE : push result 286/1200
2025-09-15 11:47:57.347 TRACE : push result 287/1200
2025-09-15 11:47:57.347 TRACE : push result 288/1200
2025-09-15 11:47:57.347 TRACE : push result 289/1200
2025-09-15 11:47:57.347 TRACE : push result 290/1200
2025-09-15 11:47:57.347 TRACE : push result 291/1200
2025-09-15 11:47:57.347 TRACE : push result 292/1200
2025-09-15 11:47:57.347 TRACE : push result 293/1200
2025-09-15 11:47:57.347 TRACE : push result 294/1200
2025-09-15 11:47:57.347 TRACE : push result 295/1200
2025-09-15 11:47:57.347 TRACE : push result 296/1200
2025-09-15 11:47:57.347 TRACE : push result 297/1200
2025-09-15 11:47:57.347 TRACE : push result 298/1200
2025-09-15 11:47:57.347 TRACE : push result 299/1200
2025-09-15 11:47:57.347 TRACE : push result 300/1200
2025-09-15 11:47:57.347 TRACE : push result 301/1200
2025-09-15 11:47:57.347 TRACE : push result 302/1200
2025-09-15 11:47:57.347 TRACE : push result 303/1200
2025-09-15 11:47:57.347 TRACE : push result 304/1200
2025-09-15 11:47:57.347 TRACE : push result 305/1200
2025-09-15 11:47:57.347 TRACE : push result 306/1200
2025-09-15 11:47:57.347 TRACE : push result 307/1200
2025-09-15 11:47:57.347 TRACE : push result 308/1200
2025-09-15 11:47:57.347 TRACE : push result 309/1200
2025-09-15 11:47:57.347 TRACE : push result 310/1200
2025-09-15 11:47:57.347 TRACE : push result 311/1200
2025-09-15 11:47:57.347 TRACE : push result 312/1200
2025-09-15 11:47:57.347 TRACE : push result 313/1200
2025-09-15 11:47:57.347 TRACE : push result 314/1200
2025-09-15 11:47:57.347 TRACE : push result 315/1200
2025-09-15 11:47:57.347 TRACE : push result 316/1200
2025-09-15 11:47:57.347 TRACE : push result 317/1200
2025-09-15 11:47:57.347 TRACE : push result 318/1200
2025-09-15 11:47:57.347 TRACE : push result 319/1200
2025-09-15 11:47:57.347 TRACE : push result 320/1200
2025-09-15 11:47:57.347 TRACE : push result 321/1200
2025-09-15 11:47:57.347 TRACE : push result 322/1200
2025-09-15 11:47:57.347 TRACE : push result 323/1200
2025-09-15 11:47:57.347 TRACE : push result 324/1200
2025-09-15 11:47:57.347 TRACE : push result 325/1200
2025-09-15 11:47:57.347 TRACE : push result 326/1200
2025-09-15 11:47:57.347 TRACE : push result 327/1200
2025-09-15 11:47:57.347 TRACE : push result 328/1200
2025-09-15 11:47:57.347 TRACE : push result 329/1200
2025-09-15 11:47:57.347 TRACE : push result 330/1200
2025-09-15 11:47:57.347 TRACE : push result 331/1200
2025-09-15 11:47:57.347 TRACE : push result 332/1200
2025-09-15 11:47:57.347 TRACE : push result 333/1200
2025-09-15 11:47:57.347 TRACE : push result 334/1200
2025-09-15 11:47:57.347 TRACE : push result 335/1200
2025-09-15 11:47:57.347 TRACE : push result 336/1200
2025-09-15 11:47:57.347 TRACE : push result 337/1200
2025-09-15 11:47:57.347 TRACE : push result 338/1200
2025-09-15 11:47:57.347 TRACE : push result 339/1200
2025-09-15 11:47:57.347 TRACE : push result 340/1200
2025-09-15 11:47:57.347 TRACE : push result 341/1200
2025-09-15 11:47:57.347 TRACE : push result 342/1200
2025-09-15 11:47:57.347 TRACE : push result 343/1200
2025-09-15 11:47:57.347 TRACE : push result 344/1200
2025-09-15 11:47:57.347 TRACE : push result 345/1200
2025-09-15 11:47:57.347 TRACE : push result 346/1200
2025-09-15 11:47:57.347 TRACE : push result 347/1200
2025-09-15 11:47:57.347 TRACE : push result 348/1200
2025-09-15 11:47:57.347 TRACE : push result 349/1200
2025-09-15 11:47:57.347 TRACE : push result 350/1200
2025-09-15 11:47:57.347 TRACE : push result 351/1200
2025-09-15 11:47:57.347 TRACE : push result 352/1200
2025-09-15 11:47:57.347 TRACE : push result 353/1200
2025-09-15 11:47:57.347 TRACE : push result 354/1200
2025-09-15 11:47:57.347 TRACE : push result 355/1200
2025-09-15 11:47:57.347 TRACE : push result 356/1200
2025-09-15 11:47:57.347 TRACE : push result 357/1200
2025-09-15 11:47:57.347 TRACE : push result 358/1200
2025-09-15 11:47:57.347 TRACE : push result 359/1200
2025-09-15 11:47:57.347 TRACE : push result 360/1200
2025-09-15 11:47:57.347 TRACE : push result 361/1200
2025-09-15 11:47:57.347 TRACE : push result 362/1200
2025-09-15 11:47:57.347 TRACE : push result 363/1200
2025-09-15 11:47:57.347 TRACE : push result 364/1200
2025-09-15 11:47:57.347 TRACE : push result 365/1200
2025-09-15 11:47:57.347 TRACE : push result 366/1200
2025-09-15 11:47:57.347 TRACE : push result 367/1200
2025-09-15 11:47:57.347 TRACE : push result 368/1200
2025-09-15 11:47:57.347 TRACE : push result 369/1200
2025-09-15 11:47:57.347 TRACE : push result 370/1200
2025-09-15 11:47:57.347 TRACE : push result 371/1200
2025-09-15 11:47:57.347 TRACE : push result 372/1200
2025-09-15 11:47:57.347 TRACE : push result 373/1200
2025-09-15 11:47:57.347 TRACE : push result 374/1200
2025-09-15 11:47:57.347 TRACE : push result 375/1200
2025-09-15 11:47:57.347 TRACE : push result 376/1200
2025-09-15 11:47:57.347 TRACE : push result 377/1200
2025-09-15 11:47:57.347 TRACE : push result 378/1200
2025-09-15 11:47:57.347 TRACE : push result 379/1200
2025-09-15 11:47:57.347 TRACE : push result 380/1200
2025-09-15 11:47:57.347 TRACE : push result 381/1200
2025-09-15 11:47:57.347 TRACE : push result 382/1200
2025-09-15 11:47:57.347 TRACE : push result 383/1200
2025-09-15 11:47:57.347 TRACE : push result 384/1200
2025-09-15 11:47:57.347 TRACE : push result 385/1200
2025-09-15 11:47:57.347 TRACE : push result 386/1200
2025-09-15 11:47:57.347 TRACE : push result 387/1200
2025-09-15 11:47:57.347 TRACE : push result 388/1200
2025-09-15 11:47:57.347 TRACE : push result 389/1200
2025-09-15 11:47:57.347 TRACE : push result 390/1200
2025-09-15 11:47:57.347 TRACE : push result 391/1200
2025-09-15 11:47:57.347 TRACE : push result 392/1200
2025-09-15 11:47:57.347 TRACE : push result 393/1200
2025-09-15 11:47:57.347 TRACE : push result 394/1200
2025-09-15 11:47:57.347 TRACE : push result 395/1200
2025-09-15 11:47:57.347 TRACE : push result 396/1200
2025-09-15 11:47:57.347 TRACE : push result 397/1200
2025-09-15 11:47:57.347 TRACE : push result 398/1200
2025-09-15 11:47:57.347 TRACE : push result 399/1200
2025-09-15 11:47:57.347 TRACE : push result 400/1200
2025-09-15 11:47:57.347 TRACE : push result 401/1200
2025-09-15 11:47:57.347 TRACE : push result 402/1200
2025-09-15 11:47:57.347 TRACE : push result 403/1200
2025-09-15 11:47:57.347 TRACE : push result 404/1200
2025-09-15 11:47:57.347 TRACE : push result 405/1200
2025-09-15 11:47:57.347 TRACE : push result 406/1200
2025-09-15 11:47:57.347 TRACE : push result 407/1200
2025-09-15 11:47:57.347 TRACE : push result 408/1200
2025-09-15 11:47:57.347 TRACE : push result 409/1200
2025-09-15 11:47:57.347 TRACE : push result 410/1200
2025-09-15 11:47:57.347 TRACE : push result 411/1200
2025-09-15 11:47:57.347 TRACE : push result 412/1200
2025-09-15 11:47:57.347 TRACE : push result 413/1200
2025-09-15 11:47:57.347 TRACE : push result 414/1200
2025-09-15 11:47:57.347 TRACE : push result 415/1200
2025-09-15 11:47:57.347 TRACE : push result 416/1200
2025-09-15 11:47:57.347 TRACE : push result 417/1200
2025-09-15 11:47:57.347 TRACE : push result 418/1200
2025-09-15 11:47:57.347 TRACE : push result 419/1200
2025-09-15 11:47:57.347 TRACE : push result 420/1200
2025-09-15 11:47:57.347 TRACE : push result 421/1200
2025-09-15 11:47:57.347 TRACE : push result 422/1200
2025-09-15 11:47:57.347 TRACE : push result 423/1200
2025-09-15 11:47:57.347 TRACE : push result 424/1200
2025-09-15 11:47:57.347 TRACE : push result 425/1200
2025-09-15 11:47:57.347 TRACE : push result 426/1200
2025-09-15 11:47:57.347 TRACE : push result 427/1200
2025-09-15 11:47:57.347 TRACE : push result 428/1200
2025-09-15 11:47:57.347 TRACE : push result 429/1200
2025-09-15 11:47:57.347 TRACE : push result 430/1200
2025-09-15 11:47:57.347 TRACE : push result 431/1200
2025-09-15 11:47:57.347 TRACE : push result 432/1200
2025-09-15 11:47:57.347 TRACE : push result 433/1200
2025-09-15 11:47:57.347 TRACE : push result 434/1200
2025-09-15 11:47:57.347 TRACE : push result 435/1200
2025-09-15 11:47:57.347 TRACE : push result 436/1200
2025-09-15 11:47:57.347 TRACE : push result 437/1200
2025-09-15 11:47:57.347 TRACE : push result 438/1200
2025-09-15 11:47:57.347 TRACE : push result 439/1200
2025-09-15 11:47:57.347 TRACE : push result 440/1200
2025-09-15 11:47:57.347 TRACE : push result 441/1200
2025-09-15 11:47:57.347 TRACE : push result 442/1200
2025-09-15 11:47:57.347 TRACE : push result 443/1200
2025-09-15 11:47:57.347 TRACE : push result 444/1200
2025-09-15 11:47:57.347 TRACE : push result 445/1200
2025-09-15 11:47:57.347 TRACE : push result 446/1200
2025-09-15 11:47:57.347 TRACE : push result 447/1200
2025-09-15 11:47:57.347 TRACE : push result 448/1200
2025-09-15 11:47:57.347 TRACE : push result 449/1200
2025-09-15 11:47:57.347 TRACE : push result 450/1200
2025-09-15 11:47:57.347 TRACE : push result 451/1200
2025-09-15 11:47:57.347 TRACE : push result 452/1200
2025-09-15 11:47:57.347 TRACE : push result 453/1200
2025-09-15 11:47:57.347 TRACE : push result 454/1200
2025-09-15 11:47:57.347 TRACE : push result 455/1200
2025-09-15 11:47:57.347 TRACE : push result 456/1200
2025-09-15 11:47:57.347 TRACE : push result 457/1200
2025-09-15 11:47:57.347 TRACE : push result 458/1200
2025-09-15 11:47:57.347 TRACE : push result 459/1200
2025-09-15 11:47:57.347 TRACE : push result 460/1200
2025-09-15 11:47:57.347 TRACE : push result 461/1200
2025-09-15 11:47:57.347 TRACE : push result 462/1200
2025-09-15 11:47:57.347 TRACE : push result 463/1200
2025-09-15 11:47:57.347 TRACE : push result 464/1200
2025-09-15 11:47:57.347 TRACE : push result 465/1200
2025-09-15 11:47:57.347 TRACE : push result 466/1200
2025-09-15 11:47:57.347 TRACE : push result 467/1200
2025-09-15 11:47:57.347 TRACE : push result 468/1200
2025-09-15 11:47:57.347 TRACE : push result 469/1200
2025-09-15 11:47:57.347 TRACE : push result 470/1200
2025-09-15 11:47:57.347 TRACE : push result 471/1200
2025-09-15 11:47:57.348 TRACE : push result 472/1200
2025-09-15 11:47:57.348 TRACE : push result 473/1200
2025-09-15 11:47:57.348 TRACE : push result 474/1200
2025-09-15 11:47:57.348 TRACE : push result 475/1200
2025-09-15 11:47:57.348 TRACE : push result 476/1200
2025-09-15 11:47:57.348 TRACE : push result 477/1200
2025-09-15 11:47:57.348 TRACE : push result 478/1200
2025-09-15 11:47:57.348 TRACE : push result 479/1200
2025-09-15 11:47:57.348 TRACE : push result 480/1200
2025-09-15 11:47:57.348 TRACE : push result 481/1200
2025-09-15 11:47:57.348 TRACE : push result 482/1200
2025-09-15 11:47:57.348 TRACE : push result 483/1200
2025-09-15 11:47:57.348 TRACE : push result 484/1200
2025-09-15 11:47:57.348 TRACE : push result 485/1200
2025-09-15 11:47:57.348 TRACE : push result 486/1200
2025-09-15 11:47:57.348 TRACE : push result 487/1200
2025-09-15 11:47:57.348 TRACE : push result 488/1200
2025-09-15 11:47:57.348 TRACE : push result 489/1200
2025-09-15 11:47:57.348 TRACE : push result 490/1200
2025-09-15 11:47:57.348 TRACE : push result 491/1200
2025-09-15 11:47:57.348 TRACE : push result 492/1200
2025-09-15 11:47:57.348 TRACE : push result 493/1200
2025-09-15 11:47:57.348 TRACE : push result 494/1200
2025-09-15 11:47:57.348 TRACE : push result 495/1200
2025-09-15 11:47:57.348 TRACE : push result 496/1200
2025-09-15 11:47:57.348 TRACE : push result 497/1200
2025-09-15 11:47:57.348 TRACE : push result 498/1200
2025-09-15 11:47:57.348 TRACE : push result 499/1200
2025-09-15 11:47:57.348 TRACE : push result 500/1200
2025-09-15 11:47:57.348 TRACE : push result 501/1200
2025-09-15 11:47:57.348 TRACE : push result 502/1200
2025-09-15 11:47:57.348 TRACE : push result 503/1200
2025-09-15 11:47:57.348 TRACE : push result 504/1200
2025-09-15 11:47:57.348 TRACE : push result 505/1200
2025-09-15 11:47:57.348 TRACE : push result 506/1200
2025-09-15 11:47:57.348 TRACE : push result 507/1200
2025-09-15 11:47:57.348 TRACE : push result 508/1200
2025-09-15 11:47:57.348 TRACE : push result 509/1200
2025-09-15 11:47:57.348 TRACE : push result 510/1200
2025-09-15 11:47:57.348 TRACE : push result 511/1200
2025-09-15 11:47:57.348 TRACE : push result 512/1200
2025-09-15 11:47:57.348 TRACE : push result 513/1200
2025-09-15 11:47:57.348 TRACE : push result 514/1200
2025-09-15 11:47:57.348 TRACE : push result 515/1200
2025-09-15 11:47:57.348 TRACE : push result 516/1200
2025-09-15 11:47:57.348 TRACE : push result 517/1200
2025-09-15 11:47:57.348 TRACE : push result 518/1200
2025-09-15 11:47:57.348 TRACE : push result 519/1200
2025-09-15 11:47:57.348 TRACE : push result 520/1200
2025-09-15 11:47:57.348 TRACE : push result 521/1200
2025-09-15 11:47:57.348 TRACE : push result 522/1200
2025-09-15 11:47:57.348 TRACE : push result 523/1200
2025-09-15 11:47:57.348 TRACE : push result 524/1200
2025-09-15 11:47:57.348 TRACE : push result 525/1200
2025-09-15 11:47:57.348 TRACE : push result 526/1200
2025-09-15 11:47:57.348 TRACE : push result 527/1200
2025-09-15 11:47:57.348 TRACE : push result 528/1200
2025-09-15 11:47:57.348 TRACE : push result 529/1200
2025-09-15 11:47:57.348 TRACE : push result 530/1200
2025-09-15 11:47:57.348 TRACE : push result 531/1200
2025-09-15 11:47:57.348 TRACE : push result 532/1200
2025-09-15 11:47:57.348 TRACE : push result 533/1200
2025-09-15 11:47:57.348 TRACE : push result 534/1200
2025-09-15 11:47:57.348 TRACE : push result 535/1200
2025-09-15 11:47:57.348 TRACE : push result 536/1200
2025-09-15 11:47:57.348 TRACE : push result 537/1200
2025-09-15 11:47:57.348 TRACE : push result 538/1200
2025-09-15 11:47:57.348 TRACE : push result 539/1200
2025-09-15 11:47:57.348 TRACE : push result 540/1200
2025-09-15 11:47:57.348 TRACE : push result 541/1200
2025-09-15 11:47:57.348 TRACE : push result 542/1200
2025-09-15 11:47:57.348 TRACE : push result 543/1200
2025-09-15 11:47:57.348 TRACE : push result 544/1200
2025-09-15 11:47:57.348 TRACE : push result 545/1200
2025-09-15 11:47:57.348 TRACE : push result 546/1200
2025-09-15 11:47:57.348 TRACE : push result 547/1200
2025-09-15 11:47:57.348 TRACE : push result 548/1200
2025-09-15 11:47:57.348 TRACE : push result 549/1200
2025-09-15 11:47:57.348 TRACE : push result 550/1200
2025-09-15 11:47:57.348 TRACE : push result 551/1200
2025-09-15 11:47:57.348 TRACE : push result 552/1200
2025-09-15 11:47:57.348 TRACE : push result 553/1200
2025-09-15 11:47:57.348 TRACE : push result 554/1200
2025-09-15 11:47:57.348 TRACE : push result 555/1200
2025-09-15 11:47:57.348 TRACE : push result 556/1200
2025-09-15 11:47:57.348 TRACE : push result 557/1200
2025-09-15 11:47:57.348 TRACE : push result 558/1200
2025-09-15 11:47:57.348 TRACE : push result 559/1200
2025-09-15 11:47:57.348 TRACE : push result 560/1200
2025-09-15 11:47:57.348 TRACE : push result 561/1200
2025-09-15 11:47:57.348 TRACE : push result 562/1200
2025-09-15 11:47:57.348 TRACE : push result 563/1200
2025-09-15 11:47:57.348 TRACE : push result 564/1200
2025-09-15 11:47:57.348 TRACE : push result 565/1200
2025-09-15 11:47:57.348 TRACE : push result 566/1200
2025-09-15 11:47:57.348 TRACE : push result 567/1200
2025-09-15 11:47:57.348 TRACE : push result 568/1200
2025-09-15 11:47:57.348 TRACE : push result 569/1200
2025-09-15 11:47:57.348 TRACE : push result 570/1200
2025-09-15 11:47:57.348 TRACE : push result 571/1200
2025-09-15 11:47:57.348 TRACE : push result 572/1200
2025-09-15 11:47:57.348 TRACE : push result 573/1200
2025-09-15 11:47:57.348 TRACE : push result 574/1200
2025-09-15 11:47:57.348 TRACE : push result 575/1200
2025-09-15 11:47:57.348 TRACE : push result 576/1200
2025-09-15 11:47:57.348 TRACE : push result 577/1200
2025-09-15 11:47:57.348 TRACE : push result 578/1200
2025-09-15 11:47:57.348 TRACE : push result 579/1200
2025-09-15 11:47:57.348 TRACE : push result 580/1200
2025-09-15 11:47:57.348 TRACE : push result 581/1200
2025-09-15 11:47:57.348 TRACE : push result 582/1200
2025-09-15 11:47:57.348 TRACE : push result 583/1200
2025-09-15 11:47:57.348 TRACE : push result 584/1200
2025-09-15 11:47:57.348 TRACE : push result 585/1200
2025-09-15 11:47:57.348 TRACE : push result 586/1200
2025-09-15 11:47:57.348 TRACE : push result 587/1200
2025-09-15 11:47:57.348 TRACE : push result 588/1200
2025-09-15 11:47:57.348 TRACE : push result 589/1200
2025-09-15 11:47:57.348 TRACE : push result 590/1200
2025-09-15 11:47:57.348 TRACE : push result 591/1200
2025-09-15 11:47:57.348 TRACE : push result 592/1200
2025-09-15 11:47:57.348 TRACE : push result 593/1200
2025-09-15 11:47:57.348 TRACE : push result 594/1200
2025-09-15 11:47:57.348 TRACE : push result 595/1200
2025-09-15 11:47:57.348 TRACE : push result 596/1200
2025-09-15 11:47:57.348 TRACE : push result 597/1200
2025-09-15 11:47:57.348 TRACE : push result 598/1200
2025-09-15 11:47:57.348 TRACE : push result 599/1200
2025-09-15 11:47:57.348 TRACE : push result 600/1200
2025-09-15 11:47:57.348 TRACE : push result 601/1200
2025-09-15 11:47:57.348 TRACE : push result 602/1200
2025-09-15 11:47:57.348 TRACE : push result 603/1200
2025-09-15 11:47:57.348 TRACE : push result 604/1200
2025-09-15 11:47:57.348 TRACE : push result 605/1200
2025-09-15 11:47:57.348 TRACE : push result 606/1200
2025-09-15 11:47:57.348 TRACE : push result 607/1200
2025-09-15 11:47:57.348 TRACE : push result 608/1200
2025-09-15 11:47:57.348 TRACE : push result 609/1200
2025-09-15 11:47:57.348 TRACE : push result 610/1200
2025-09-15 11:47:57.348 TRACE : push result 611/1200
2025-09-15 11:47:57.348 TRACE : push result 612/1200
2025-09-15 11:47:57.348 TRACE : push result 613/1200
2025-09-15 11:47:57.348 TRACE : push result 614/1200
2025-09-15 11:47:57.348 TRACE : push result 615/1200
2025-09-15 11:47:57.348 TRACE : push result 616/1200
2025-09-15 11:47:57.348 TRACE : push result 617/1200
2025-09-15 11:47:57.348 TRACE : push result 618/1200
2025-09-15 11:47:57.348 TRACE : push result 619/1200
2025-09-15 11:47:57.348 TRACE : push result 620/1200
2025-09-15 11:47:57.348 TRACE : push result 621/1200
2025-09-15 11:47:57.348 TRACE : push result 622/1200
2025-09-15 11:47:57.348 TRACE : push result 623/1200
2025-09-15 11:47:57.348 TRACE : push result 624/1200
2025-09-15 11:47:57.348 TRACE : push result 625/1200
2025-09-15 11:47:57.348 TRACE : push result 626/1200
2025-09-15 11:47:57.348 TRACE : push result 627/1200
2025-09-15 11:47:57.348 TRACE : push result 628/1200
2025-09-15 11:47:57.348 TRACE : push result 629/1200
2025-09-15 11:47:57.348 TRACE : push result 630/1200
2025-09-15 11:47:57.348 TRACE : push result 631/1200
2025-09-15 11:47:57.348 TRACE : push result 632/1200
2025-09-15 11:47:57.348 TRACE : push result 633/1200
2025-09-15 11:47:57.348 TRACE : push result 634/1200
2025-09-15 11:47:57.348 TRACE : push result 635/1200
2025-09-15 11:47:57.348 TRACE : push result 636/1200
2025-09-15 11:47:57.348 TRACE : push result 637/1200
2025-09-15 11:47:57.348 TRACE : push result 638/1200
2025-09-15 11:47:57.348 TRACE : push result 639/1200
2025-09-15 11:47:57.348 TRACE : push result 640/1200
2025-09-15 11:47:57.348 TRACE : push result 641/1200
2025-09-15 11:47:57.348 TRACE : push result 642/1200
2025-09-15 11:47:57.348 TRACE : push result 643/1200
2025-09-15 11:47:57.348 TRACE : push result 644/1200
2025-09-15 11:47:57.348 TRACE : push result 645/1200
2025-09-15 11:47:57.348 TRACE : push result 646/1200
2025-09-15 11:47:57.348 TRACE : push result 647/1200
2025-09-15 11:47:57.348 TRACE : push result 648/1200
2025-09-15 11:47:57.348 TRACE : push result 649/1200
2025-09-15 11:47:57.348 TRACE : push result 650/1200
2025-09-15 11:47:57.348 TRACE : push result 651/1200
2025-09-15 11:47:57.348 TRACE : push result 652/1200
2025-09-15 11:47:57.348 TRACE : push result 653/1200
2025-09-15 11:47:57.348 TRACE : push result 654/1200
2025-09-15 11:47:57.348 TRACE : push result 655/1200
2025-09-15 11:47:57.348 TRACE : push result 656/1200
2025-09-15 11:47:57.348 TRACE : push result 657/1200
2025-09-15 11:47:57.348 TRACE : push result 658/1200
2025-09-15 11:47:57.348 TRACE : push result 659/1200
2025-09-15 11:47:57.348 TRACE : push result 660/1200
2025-09-15 11:47:57.348 TRACE : push result 661/1200
2025-09-15 11:47:57.348 TRACE : push result 662/1200
2025-09-15 11:47:57.348 TRACE : push result 663/1200
2025-09-15 11:47:57.348 TRACE : push result 664/1200
2025-09-15 11:47:57.348 TRACE : push result 665/1200
2025-09-15 11:47:57.348 TRACE : push result 666/1200
2025-09-15 11:47:57.348 TRACE : push result 667/1200
2025-09-15 11:47:57.348 TRACE : push result 668/1200
2025-09-15 11:47:57.348 TRACE : push result 669/1200
2025-09-15 11:47:57.348 TRACE : push result 670/1200
2025-09-15 11:47:57.348 TRACE : push result 671/1200
2025-09-15 11:47:57.348 TRACE : push result 672/1200
2025-09-15 11:47:57.348 TRACE : push result 673/1200
2025-09-15 11:47:57.348 TRACE : push result 674/1200
2025-09-15 11:47:57.348 TRACE : push result 675/1200
2025-09-15 11:47:57.348 TRACE : push result 676/1200
2025-09-15 11:47:57.348 TRACE : push result 677/1200
2025-09-15 11:47:57.348 TRACE : push result 678/1200
2025-09-15 11:47:57.348 TRACE : push result 679/1200
2025-09-15 11:47:57.348 TRACE : push result 680/1200
2025-09-15 11:47:57.348 TRACE : push result 681/1200
2025-09-15 11:47:57.348 TRACE : push result 682/1200
2025-09-15 11:47:57.348 TRACE : push result 683/1200
2025-09-15 11:47:57.348 TRACE : push result 684/1200
2025-09-15 11:47:57.348 TRACE : push result 685/1200
2025-09-15 11:47:57.348 TRACE : push result 686/1200
2025-09-15 11:47:57.348 TRACE : push result 687/1200
2025-09-15 11:47:57.348 TRACE : push result 688/1200
2025-09-15 11:47:57.348 TRACE : push result 689/1200
2025-09-15 11:47:57.348 TRACE : push result 690/1200
2025-09-15 11:47:57.348 TRACE : push result 691/1200
2025-09-15 11:47:57.348 TRACE : push result 692/1200
2025-09-15 11:47:57.348 TRACE : push result 693/1200
2025-09-15 11:47:57.348 TRACE : push result 694/1200
2025-09-15 11:47:57.348 TRACE : push result 695/1200
2025-09-15 11:47:57.348 TRACE : push result 696/1200
2025-09-15 11:47:57.348 TRACE : push result 697/1200
2025-09-15 11:47:57.348 TRACE : push result 698/1200
2025-09-15 11:47:57.348 TRACE : push result 699/1200
2025-09-15 11:47:57.348 TRACE : push result 700/1200
2025-09-15 11:47:57.348 TRACE : push result 701/1200
2025-09-15 11:47:57.348 TRACE : push result 702/1200
2025-09-15 11:47:57.348 TRACE : push result 703/1200
2025-09-15 11:47:57.348 TRACE : push result 704/1200
2025-09-15 11:47:57.348 TRACE : push result 705/1200
2025-09-15 11:47:57.348 TRACE : push result 706/1200
2025-09-15 11:47:57.348 TRACE : push result 707/1200
2025-09-15 11:47:57.348 TRACE : push result 708/1200
2025-09-15 11:47:57.348 TRACE : push result 709/1200
2025-09-15 11:47:57.348 TRACE : push result 710/1200
2025-09-15 11:47:57.348 TRACE : push result 711/1200
2025-09-15 11:47:57.348 TRACE : push result 712/1200
2025-09-15 11:47:57.348 TRACE : push result 713/1200
2025-09-15 11:47:57.348 TRACE : push result 714/1200
2025-09-15 11:47:57.348 TRACE : push result 715/1200
2025-09-15 11:47:57.348 TRACE : push result 716/1200
2025-09-15 11:47:57.348 TRACE : push result 717/1200
2025-09-15 11:47:57.348 TRACE : push result 718/1200
2025-09-15 11:47:57.348 TRACE : push result 719/1200
2025-09-15 11:47:57.348 TRACE : push result 720/1200
2025-09-15 11:47:57.348 TRACE : push result 721/1200
2025-09-15 11:47:57.348 TRACE : push result 722/1200
2025-09-15 11:47:57.348 TRACE : push result 723/1200
2025-09-15 11:47:57.348 TRACE : push result 724/1200
2025-09-15 11:47:57.348 TRACE : push result 725/1200
2025-09-15 11:47:57.348 TRACE : push result 726/1200
2025-09-15 11:47:57.348 TRACE : push result 727/1200
2025-09-15 11:47:57.348 TRACE : push result 728/1200
2025-09-15 11:47:57.348 TRACE : push result 729/1200
2025-09-15 11:47:57.348 TRACE : push result 730/1200
2025-09-15 11:47:57.348 TRACE : push result 731/1200
2025-09-15 11:47:57.348 TRACE : push result 732/1200
2025-09-15 11:47:57.348 TRACE : push result 733/1200
2025-09-15 11:47:57.348 TRACE : push result 734/1200
2025-09-15 11:47:57.348 TRACE : push result 735/1200
2025-09-15 11:47:57.348 TRACE : push result 736/1200
2025-09-15 11:47:57.348 TRACE : push result 737/1200
2025-09-15 11:47:57.348 TRACE : push result 738/1200
2025-09-15 11:47:57.348 TRACE : push result 739/1200
2025-09-15 11:47:57.348 TRACE : push result 740/1200
2025-09-15 11:47:57.348 TRACE : push result 741/1200
2025-09-15 11:47:57.348 TRACE : push result 742/1200
2025-09-15 11:47:57.348 TRACE : push result 743/1200
2025-09-15 11:47:57.348 TRACE : push result 744/1200
2025-09-15 11:47:57.348 TRACE : push result 745/1200
2025-09-15 11:47:57.348 TRACE : push result 746/1200
2025-09-15 11:47:57.348 TRACE : push result 747/1200
2025-09-15 11:47:57.348 TRACE : push result 748/1200
2025-09-15 11:47:57.348 TRACE : push result 749/1200
2025-09-15 11:47:57.348 TRACE : push result 750/1200
2025-09-15 11:47:57.348 TRACE : push result 751/1200
2025-09-15 11:47:57.348 TRACE : push result 752/1200
2025-09-15 11:47:57.348 TRACE : push result 753/1200
2025-09-15 11:47:57.348 TRACE : push result 754/1200
2025-09-15 11:47:57.348 TRACE : push result 755/1200
2025-09-15 11:47:57.348 TRACE : push result 756/1200
2025-09-15 11:47:57.348 TRACE : push result 757/1200
2025-09-15 11:47:57.348 TRACE : push result 758/1200
2025-09-15 11:47:57.348 TRACE : push result 759/1200
2025-09-15 11:47:57.348 TRACE : push result 760/1200
2025-09-15 11:47:57.348 TRACE : push result 761/1200
2025-09-15 11:47:57.348 TRACE : push result 762/1200
2025-09-15 11:47:57.348 TRACE : push result 763/1200
2025-09-15 11:47:57.348 TRACE : push result 764/1200
2025-09-15 11:47:57.348 TRACE : push result 765/1200
2025-09-15 11:47:57.348 TRACE : push result 766/1200
2025-09-15 11:47:57.348 TRACE : push result 767/1200
2025-09-15 11:47:57.348 TRACE : push result 768/1200
2025-09-15 11:47:57.348 TRACE : push result 769/1200
2025-09-15 11:47:57.348 TRACE : push result 770/1200
2025-09-15 11:47:57.348 TRACE : push result 771/1200
2025-09-15 11:47:57.348 TRACE : push result 772/1200
2025-09-15 11:47:57.348 TRACE : push result 773/1200
2025-09-15 11:47:57.348 TRACE : push result 774/1200
2025-09-15 11:47:57.348 TRACE : push result 775/1200
2025-09-15 11:47:57.348 TRACE : push result 776/1200
2025-09-15 11:47:57.348 TRACE : push result 777/1200
2025-09-15 11:47:57.348 TRACE : push result 778/1200
2025-09-15 11:47:57.348 TRACE : push result 779/1200
2025-09-15 11:47:57.348 TRACE : push result 780/1200
2025-09-15 11:47:57.348 TRACE : push result 781/1200
2025-09-15 11:47:57.348 TRACE : push result 782/1200
2025-09-15 11:47:57.348 TRACE : push result 783/1200
2025-09-15 11:47:57.348 TRACE : push result 784/1200
2025-09-15 11:47:57.348 TRACE : push result 785/1200
2025-09-15 11:47:57.348 TRACE : push result 786/1200
2025-09-15 11:47:57.348 TRACE : push result 787/1200
2025-09-15 11:47:57.348 TRACE : push result 788/1200
2025-09-15 11:47:57.348 TRACE : push result 789/1200
2025-09-15 11:47:57.348 TRACE : push result 790/1200
2025-09-15 11:47:57.348 TRACE : push result 791/1200
2025-09-15 11:47:57.348 TRACE : push result 792/1200
2025-09-15 11:47:57.348 TRACE : push result 793/1200
2025-09-15 11:47:57.348 TRACE : push result 794/1200
2025-09-15 11:47:57.348 TRACE : push result 795/1200
2025-09-15 11:47:57.348 TRACE : push result 796/1200
2025-09-15 11:47:57.348 TRACE : push result 797/1200
2025-09-15 11:47:57.348 TRACE : push result 798/1200
2025-09-15 11:47:57.348 TRACE : push result 799/1200
2025-09-15 11:47:57.348 TRACE : push result 800/1200
2025-09-15 11:47:57.348 TRACE : push result 801/1200
2025-09-15 11:47:57.348 TRACE : push result 802/1200
2025-09-15 11:47:57.348 TRACE : push result 803/1200
2025-09-15 11:47:57.348 TRACE : push result 804/1200
2025-09-15 11:47:57.348 TRACE : push result 805/1200
2025-09-15 11:47:57.348 TRACE : push result 806/1200
2025-09-15 11:47:57.348 TRACE : push result 807/1200
2025-09-15 11:47:57.348 TRACE : push result 808/1200
2025-09-15 11:47:57.348 TRACE : push result 809/1200
2025-09-15 11:47:57.348 TRACE : push result 810/1200
2025-09-15 11:47:57.348 TRACE : push result 811/1200
2025-09-15 11:47:57.348 TRACE : push result 812/1200
2025-09-15 11:47:57.348 TRACE : push result 813/1200
2025-09-15 11:47:57.348 TRACE : push result 814/1200
2025-09-15 11:47:57.348 TRACE : push result 815/1200
2025-09-15 11:47:57.348 TRACE : push result 816/1200
2025-09-15 11:47:57.348 TRACE : push result 817/1200
2025-09-15 11:47:57.348 TRACE : push result 818/1200
2025-09-15 11:47:57.348 TRACE : push result 819/1200
2025-09-15 11:47:57.348 TRACE : push result 820/1200
2025-09-15 11:47:57.348 TRACE : push result 821/1200
2025-09-15 11:47:57.348 TRACE : push result 822/1200
2025-09-15 11:47:57.348 TRACE : push result 823/1200
2025-09-15 11:47:57.348 TRACE : push result 824/1200
2025-09-15 11:47:57.348 TRACE : push result 825/1200
2025-09-15 11:47:57.348 TRACE : push result 826/1200
2025-09-15 11:47:57.348 TRACE : push result 827/1200
2025-09-15 11:47:57.348 TRACE : push result 828/1200
2025-09-15 11:47:57.348 TRACE : push result 829/1200
2025-09-15 11:47:57.348 TRACE : push result 830/1200
2025-09-15 11:47:57.348 TRACE : push result 831/1200
2025-09-15 11:47:57.348 TRACE : push result 832/1200
2025-09-15 11:47:57.348 TRACE : push result 833/1200
2025-09-15 11:47:57.348 TRACE : push result 834/1200
2025-09-15 11:47:57.348 TRACE : push result 835/1200
2025-09-15 11:47:57.348 TRACE : push result 836/1200
2025-09-15 11:47:57.348 TRACE : push result 837/1200
2025-09-15 11:47:57.348 TRACE : push result 838/1200
2025-09-15 11:47:57.348 TRACE : push result 839/1200
2025-09-15 11:47:57.348 TRACE : push result 840/1200
2025-09-15 11:47:57.348 TRACE : push result 841/1200
2025-09-15 11:47:57.348 TRACE : push result 842/1200
2025-09-15 11:47:57.348 TRACE : push result 843/1200
2025-09-15 11:47:57.348 TRACE : push result 844/1200
2025-09-15 11:47:57.348 TRACE : push result 845/1200
2025-09-15 11:47:57.348 TRACE : push result 846/1200
2025-09-15 11:47:57.348 TRACE : push result 847/1200
2025-09-15 11:47:57.348 TRACE : push result 848/1200
2025-09-15 11:47:57.348 TRACE : push result 849/1200
2025-09-15 11:47:57.348 TRACE : push result 850/1200
2025-09-15 11:47:57.348 TRACE : push result 851/1200
2025-09-15 11:47:57.348 TRACE : push result 852/1200
2025-09-15 11:47:57.348 TRACE : push result 853/1200
2025-09-15 11:47:57.348 TRACE : push result 854/1200
2025-09-15 11:47:57.348 TRACE : push result 855/1200
2025-09-15 11:47:57.348 TRACE : push result 856/1200
2025-09-15 11:47:57.348 TRACE : push result 857/1200
2025-09-15 11:47:57.348 TRACE : push result 858/1200
2025-09-15 11:47:57.348 TRACE : push result 859/1200
2025-09-15 11:47:57.348 TRACE : push result 860/1200
2025-09-15 11:47:57.348 TRACE : push result 861/1200
2025-09-15 11:47:57.348 TRACE : push result 862/1200
2025-09-15 11:47:57.348 TRACE : push result 863/1200
2025-09-15 11:47:57.348 TRACE : push result 864/1200
2025-09-15 11:47:57.348 TRACE : push result 865/1200
2025-09-15 11:47:57.348 TRACE : push result 866/1200
2025-09-15 11:47:57.348 TRACE : push result 867/1200
2025-09-15 11:47:57.348 TRACE : push result 868/1200
2025-09-15 11:47:57.348 TRACE : push result 869/1200
2025-09-15 11:47:57.348 TRACE : push result 870/1200
2025-09-15 11:47:57.348 TRACE : push result 871/1200
2025-09-15 11:47:57.348 TRACE : push result 872/1200
2025-09-15 11:47:57.348 TRACE : push result 873/1200
2025-09-15 11:47:57.348 TRACE : push result 874/1200
2025-09-15 11:47:57.348 TRACE : push result 875/1200
2025-09-15 11:47:57.348 TRACE : push result 876/1200
2025-09-15 11:47:57.348 TRACE : push result 877/1200
2025-09-15 11:47:57.348 TRACE : push result 878/1200
2025-09-15 11:47:57.348 TRACE : push result 879/1200
2025-09-15 11:47:57.348 TRACE : push result 880/1200
2025-09-15 11:47:57.348 TRACE : push result 881/1200
2025-09-15 11:47:57.349 TRACE : push result 882/1200
2025-09-15 11:47:57.349 TRACE : push result 883/1200
2025-09-15 11:47:57.349 TRACE : push result 884/1200
2025-09-15 11:47:57.349 TRACE : push result 885/1200
2025-09-15 11:47:57.349 TRACE : push result 886/1200
2025-09-15 11:47:57.349 TRACE : push result 887/1200
2025-09-15 11:47:57.349 TRACE : push result 888/1200
2025-09-15 11:47:57.349 TRACE : push result 889/1200
2025-09-15 11:47:57.349 TRACE : push result 890/1200
2025-09-15 11:47:57.349 TRACE : push result 891/1200
2025-09-15 11:47:57.349 TRACE : push result 892/1200
2025-09-15 11:47:57.349 TRACE : push result 893/1200
2025-09-15 11:47:57.349 TRACE : push result 894/1200
2025-09-15 11:47:57.349 TRACE : push result 895/1200
2025-09-15 11:47:57.349 TRACE : push result 896/1200
2025-09-15 11:47:57.349 TRACE : push result 897/1200
2025-09-15 11:47:57.349 TRACE : push result 898/1200
2025-09-15 11:47:57.349 TRACE : push result 899/1200
2025-09-15 11:47:57.349 TRACE : push result 900/1200
2025-09-15 11:47:57.349 TRACE : push result 901/1200
2025-09-15 11:47:57.349 TRACE : push result 902/1200
2025-09-15 11:47:57.349 TRACE : push result 903/1200
2025-09-15 11:47:57.349 TRACE : push result 904/1200
2025-09-15 11:47:57.349 TRACE : push result 905/1200
2025-09-15 11:47:57.349 TRACE : push result 906/1200
2025-09-15 11:47:57.349 TRACE : push result 907/1200
2025-09-15 11:47:57.349 TRACE : push result 908/1200
2025-09-15 11:47:57.349 TRACE : push result 909/1200
2025-09-15 11:47:57.349 TRACE : push result 910/1200
2025-09-15 11:47:57.349 TRACE : push result 911/1200
2025-09-15 11:47:57.349 TRACE : push result 912/1200
2025-09-15 11:47:57.349 TRACE : push result 913/1200
2025-09-15 11:47:57.349 TRACE : push result 914/1200
2025-09-15 11:47:57.349 TRACE : push result 915/1200
2025-09-15 11:47:57.349 TRACE : push result 916/1200
2025-09-15 11:47:57.349 TRACE : push result 917/1200
2025-09-15 11:47:57.349 TRACE : push result 918/1200
2025-09-15 11:47:57.349 TRACE : push result 919/1200
2025-09-15 11:47:57.349 TRACE : push result 920/1200
2025-09-15 11:47:57.349 TRACE : push result 921/1200
2025-09-15 11:47:57.349 TRACE : push result 922/1200
2025-09-15 11:47:57.349 TRACE : push result 923/1200
2025-09-15 11:47:57.349 TRACE : push result 924/1200
2025-09-15 11:47:57.349 TRACE : push result 925/1200
2025-09-15 11:47:57.349 TRACE : push result 926/1200
2025-09-15 11:47:57.349 TRACE : push result 927/1200
2025-09-15 11:47:57.349 TRACE : push result 928/1200
2025-09-15 11:47:57.349 TRACE : push result 929/1200
2025-09-15 11:47:57.349 TRACE : push result 930/1200
2025-09-15 11:47:57.349 TRACE : push result 931/1200
2025-09-15 11:47:57.349 TRACE : push result 932/1200
2025-09-15 11:47:57.349 TRACE : push result 933/1200
2025-09-15 11:47:57.349 TRACE : push result 934/1200
2025-09-15 11:47:57.349 TRACE : push result 935/1200
2025-09-15 11:47:57.349 TRACE : push result 936/1200
2025-09-15 11:47:57.349 TRACE : push result 937/1200
2025-09-15 11:47:57.349 TRACE : push result 938/1200
2025-09-15 11:47:57.349 TRACE : push result 939/1200
2025-09-15 11:47:57.349 TRACE : push result 940/1200
2025-09-15 11:47:57.349 TRACE : push result 941/1200
2025-09-15 11:47:57.349 TRACE : push result 942/1200
2025-09-15 11:47:57.349 TRACE : push result 943/1200
2025-09-15 11:47:57.349 TRACE : push result 944/1200
2025-09-15 11:47:57.349 TRACE : push result 945/1200
2025-09-15 11:47:57.349 TRACE : push result 946/1200
2025-09-15 11:47:57.349 TRACE : push result 947/1200
2025-09-15 11:47:57.349 TRACE : push result 948/1200
2025-09-15 11:47:57.349 TRACE : push result 949/1200
2025-09-15 11:47:57.349 TRACE : push result 950/1200
2025-09-15 11:47:57.349 TRACE : push result 951/1200
2025-09-15 11:47:57.349 TRACE : push result 952/1200
2025-09-15 11:47:57.349 TRACE : push result 953/1200
2025-09-15 11:47:57.349 TRACE : push result 954/1200
2025-09-15 11:47:57.349 TRACE : push result 955/1200
2025-09-15 11:47:57.349 TRACE : push result 956/1200
2025-09-15 11:47:57.349 TRACE : push result 957/1200
2025-09-15 11:47:57.349 TRACE : push result 958/1200
2025-09-15 11:47:57.349 TRACE : push result 959/1200
2025-09-15 11:47:57.349 TRACE : push result 960/1200
2025-09-15 11:47:57.349 TRACE : push result 961/1200
2025-09-15 11:47:57.349 TRACE : push result 962/1200
2025-09-15 11:47:57.349 TRACE : push result 963/1200
2025-09-15 11:47:57.349 TRACE : push result 964/1200
2025-09-15 11:47:57.349 TRACE : push result 965/1200
2025-09-15 11:47:57.349 TRACE : push result 966/1200
2025-09-15 11:47:57.349 TRACE : push result 967/1200
2025-09-15 11:47:57.349 TRACE : push result 968/1200
2025-09-15 11:47:57.349 TRACE : push result 969/1200
2025-09-15 11:47:57.349 TRACE : push result 970/1200
2025-09-15 11:47:57.349 TRACE : push result 971/1200
2025-09-15 11:47:57.349 TRACE : push result 972/1200
2025-09-15 11:47:57.349 TRACE : push result 973/1200
2025-09-15 11:47:57.349 TRACE : push result 974/1200
2025-09-15 11:47:57.349 TRACE : push result 975/1200
2025-09-15 11:47:57.349 TRACE : push result 976/1200
2025-09-15 11:47:57.349 TRACE : push result 977/1200
2025-09-15 11:47:57.349 TRACE : push result 978/1200
2025-09-15 11:47:57.349 TRACE : push result 979/1200
2025-09-15 11:47:57.349 TRACE : push result 980/1200
2025-09-15 11:47:57.349 TRACE : push result 981/1200
2025-09-15 11:47:57.349 TRACE : push result 982/1200
2025-09-15 11:47:57.349 TRACE : push result 983/1200
2025-09-15 11:47:57.349 TRACE : push result 984/1200
2025-09-15 11:47:57.349 TRACE : push result 985/1200
2025-09-15 11:47:57.349 TRACE : push result 986/1200
2025-09-15 11:47:57.349 TRACE : push result 987/1200
2025-09-15 11:47:57.349 TRACE : push result 988/1200
2025-09-15 11:47:57.349 TRACE : push result 989/1200
2025-09-15 11:47:57.349 TRACE : push result 990/1200
2025-09-15 11:47:57.349 TRACE : push result 991/1200
2025-09-15 11:47:57.349 TRACE : push result 992/1200
2025-09-15 11:47:57.349 TRACE : push result 993/1200
2025-09-15 11:47:57.349 TRACE : push result 994/1200
2025-09-15 11:47:57.349 TRACE : push result 995/1200
2025-09-15 11:47:57.349 TRACE : push result 996/1200
2025-09-15 11:47:57.349 TRACE : push result 997/1200
2025-09-15 11:47:57.349 TRACE : push result 998/1200
2025-09-15 11:47:57.349 TRACE : push result 999/1200
2025-09-15 11:47:57.349 TRACE : push result 1000/1200
2025-09-15 11:47:57.349 TRACE : push result 1001/1200
2025-09-15 11:47:57.349 TRACE : push result 1002/1200
2025-09-15 11:47:57.349 TRACE : push result 1003/1200
2025-09-15 11:47:57.349 TRACE : push result 1004/1200
2025-09-15 11:47:57.349 TRACE : push result 1005/1200
2025-09-15 11:47:57.349 TRACE : push result 1006/1200
2025-09-15 11:47:57.349 TRACE : push result 1007/1200
2025-09-15 11:47:57.349 TRACE : push result 1008/1200
2025-09-15 11:47:57.349 TRACE : push result 1009/1200
2025-09-15 11:47:57.349 TRACE : push result 1010/1200
2025-09-15 11:47:57.349 TRACE : push result 1011/1200
2025-09-15 11:47:57.349 TRACE : push result 1012/1200
2025-09-15 11:47:57.349 TRACE : push result 1013/1200
2025-09-15 11:47:57.349 TRACE : push result 1014/1200
2025-09-15 11:47:57.349 TRACE : push result 1015/1200
2025-09-15 11:47:57.349 TRACE : push result 1016/1200
2025-09-15 11:47:57.349 TRACE : push result 1017/1200
2025-09-15 11:47:57.349 TRACE : push result 1018/1200
2025-09-15 11:47:57.349 TRACE : push result 1019/1200
2025-09-15 11:47:57.349 TRACE : push result 1020/1200
2025-09-15 11:47:57.349 TRACE : push result 1021/1200
2025-09-15 11:47:57.349 TRACE : push result 1022/1200
2025-09-15 11:47:57.349 TRACE : push result 1023/1200
2025-09-15 11:47:57.349 TRACE : push result 1024/1200
2025-09-15 11:47:57.349 TRACE : push result 1025/1200
2025-09-15 11:47:57.349 TRACE : push result 1026/1200
2025-09-15 11:47:57.349 TRACE : push result 1027/1200
2025-09-15 11:47:57.349 TRACE : push result 1028/1200
2025-09-15 11:47:57.349 TRACE : push result 1029/1200
2025-09-15 11:47:57.349 TRACE : push result 1030/1200
2025-09-15 11:47:57.349 TRACE : push result 1031/1200
2025-09-15 11:47:57.349 TRACE : push result 1032/1200
2025-09-15 11:47:57.349 TRACE : push result 1033/1200
2025-09-15 11:47:57.349 TRACE : push result 1034/1200
2025-09-15 11:47:57.349 TRACE : push result 1035/1200
2025-09-15 11:47:57.349 TRACE : push result 1036/1200
2025-09-15 11:47:57.349 TRACE : push result 1037/1200
2025-09-15 11:47:57.349 TRACE : push result 1038/1200
2025-09-15 11:47:57.349 TRACE : push result 1039/1200
2025-09-15 11:47:57.349 TRACE : push result 1040/1200
2025-09-15 11:47:57.349 TRACE : push result 1041/1200
2025-09-15 11:47:57.349 TRACE : push result 1042/1200
2025-09-15 11:47:57.349 TRACE : push result 1043/1200
2025-09-15 11:47:57.349 TRACE : push result 1044/1200
2025-09-15 11:47:57.349 TRACE : push result 1045/1200
2025-09-15 11:47:57.349 TRACE : push result 1046/1200
2025-09-15 11:47:57.349 TRACE : push result 1047/1200
2025-09-15 11:47:57.349 TRACE : push result 1048/1200
2025-09-15 11:47:57.349 TRACE : push result 1049/1200
2025-09-15 11:47:57.349 TRACE : push result 1050/1200
2025-09-15 11:47:57.349 TRACE : push result 1051/1200
2025-09-15 11:47:57.349 TRACE : push result 1052/1200
2025-09-15 11:47:57.349 TRACE : push result 1053/1200
2025-09-15 11:47:57.349 TRACE : push result 1054/1200
2025-09-15 11:47:57.349 TRACE : push result 1055/1200
2025-09-15 11:47:57.349 TRACE : push result 1056/1200
2025-09-15 11:47:57.349 TRACE : push result 1057/1200
2025-09-15 11:47:57.349 TRACE : push result 1058/1200
2025-09-15 11:47:57.349 TRACE : push result 1059/1200
2025-09-15 11:47:57.349 TRACE : push result 1060/1200
2025-09-15 11:47:57.349 TRACE : push result 1061/1200
2025-09-15 11:47:57.349 TRACE : push result 1062/1200
2025-09-15 11:47:57.349 TRACE : push result 1063/1200
2025-09-15 11:47:57.349 TRACE : push result 1064/1200
2025-09-15 11:47:57.349 TRACE : push result 1065/1200
2025-09-15 11:47:57.349 TRACE : push result 1066/1200
2025-09-15 11:47:57.349 TRACE : push result 1067/1200
2025-09-15 11:47:57.349 TRACE : push result 1068/1200
2025-09-15 11:47:57.349 TRACE : push result 1069/1200
2025-09-15 11:47:57.349 TRACE : push result 1070/1200
2025-09-15 11:47:57.349 TRACE : push result 1071/1200
2025-09-15 11:47:57.349 TRACE : push result 1072/1200
2025-09-15 11:47:57.349 TRACE : push result 1073/1200
2025-09-15 11:47:57.349 TRACE : push result 1074/1200
2025-09-15 11:47:57.349 TRACE : push result 1075/1200
2025-09-15 11:47:57.349 TRACE : push result 1076/1200
2025-09-15 11:47:57.349 TRACE : push result 1077/1200
2025-09-15 11:47:57.349 TRACE : push result 1078/1200
2025-09-15 11:47:57.349 TRACE : push result 1079/1200
2025-09-15 11:47:57.349 TRACE : push result 1080/1200
2025-09-15 11:47:57.349 TRACE : push result 1081/1200
2025-09-15 11:47:57.349 TRACE : push result 1082/1200
2025-09-15 11:47:57.349 TRACE : push result 1083/1200
2025-09-15 11:47:57.349 TRACE : push result 1084/1200
2025-09-15 11:47:57.349 TRACE : push result 1085/1200
2025-09-15 11:47:57.349 TRACE : push result 1086/1200
2025-09-15 11:47:57.349 TRACE : push result 1087/1200
2025-09-15 11:47:57.349 TRACE : push result 1088/1200
2025-09-15 11:47:57.349 TRACE : push result 1089/1200
2025-09-15 11:47:57.349 TRACE : push result 1090/1200
2025-09-15 11:47:57.349 TRACE : push result 1091/1200
2025-09-15 11:47:57.349 TRACE : push result 1092/1200
2025-09-15 11:47:57.349 TRACE : push result 1093/1200
2025-09-15 11:47:57.349 TRACE : push result 1094/1200
2025-09-15 11:47:57.349 TRACE : push result 1095/1200
2025-09-15 11:47:57.349 TRACE : push result 1096/1200
2025-09-15 11:47:57.349 TRACE : push result 1097/1200
2025-09-15 11:47:57.349 TRACE : push result 1098/1200
2025-09-15 11:47:57.349 TRACE : push result 1099/1200
2025-09-15 11:47:57.349 TRACE : push result 1100/1200
2025-09-15 11:47:57.349 TRACE : push result 1101/1200
2025-09-15 11:47:57.349 TRACE : push result 1102/1200
2025-09-15 11:47:57.349 TRACE : push result 1103/1200
2025-09-15 11:47:57.349 TRACE : push result 1104/1200
2025-09-15 11:47:57.349 TRACE : push result 1105/1200
2025-09-15 11:47:57.349 TRACE : push result 1106/1200
2025-09-15 11:47:57.349 TRACE : push result 1107/1200
2025-09-15 11:47:57.349 TRACE : push result 1108/1200
2025-09-15 11:47:57.349 TRACE : push result 1109/1200
2025-09-15 11:47:57.349 TRACE : push result 1110/1200
2025-09-15 11:47:57.349 TRACE : push result 1111/1200
2025-09-15 11:47:57.349 TRACE : push result 1112/1200
2025-09-15 11:47:57.349 TRACE : push result 1113/1200
2025-09-15 11:47:57.349 TRACE : push result 1114/1200
2025-09-15 11:47:57.349 TRACE : push result 1115/1200
2025-09-15 11:47:57.349 TRACE : push result 1116/1200
2025-09-15 11:47:57.349 TRACE : push result 1117/1200
2025-09-15 11:47:57.349 TRACE : push result 1118/1200
2025-09-15 11:47:57.349 TRACE : push result 1119/1200
2025-09-15 11:47:57.349 TRACE : push result 1120/1200
2025-09-15 11:47:57.349 TRACE : push result 1121/1200
2025-09-15 11:47:57.349 TRACE : push result 1122/1200
2025-09-15 11:47:57.349 TRACE : push result 1123/1200
2025-09-15 11:47:57.349 TRACE : push result 1124/1200
2025-09-15 11:47:57.349 TRACE : push result 1125/1200
2025-09-15 11:47:57.349 TRACE : push result 1126/1200
2025-09-15 11:47:57.349 TRACE : push result 1127/1200
2025-09-15 11:47:57.349 TRACE : push result 1128/1200
2025-09-15 11:47:57.349 TRACE : push result 1129/1200
2025-09-15 11:47:57.349 TRACE : push result 1130/1200
2025-09-15 11:47:57.349 TRACE : push result 1131/1200
2025-09-15 11:47:57.349 TRACE : push result 1132/1200
2025-09-15 11:47:57.349 TRACE : push result 1133/1200
2025-09-15 11:47:57.349 TRACE : push result 1134/1200
2025-09-15 11:47:57.349 TRACE : push result 1135/1200
2025-09-15 11:47:57.349 TRACE : push result 1136/1200
2025-09-15 11:47:57.349 TRACE : push result 1137/1200
2025-09-15 11:47:57.349 TRACE : push result 1138/1200
2025-09-15 11:47:57.349 TRACE : push result 1139/1200
2025-09-15 11:47:57.349 TRACE : push result 1140/1200
2025-09-15 11:47:57.349 TRACE : push result 1141/1200
2025-09-15 11:47:57.349 TRACE : push result 1142/1200
2025-09-15 11:47:57.349 TRACE : push result 1143/1200
2025-09-15 11:47:57.349 TRACE : push result 1144/1200
2025-09-15 11:47:57.349 TRACE : push result 1145/1200
2025-09-15 11:47:57.349 TRACE : push result 1146/1200
2025-09-15 11:47:57.349 TRACE : push result 1147/1200
2025-09-15 11:47:57.349 TRACE : push result 1148/1200
2025-09-15 11:47:57.349 TRACE : push result 1149/1200
2025-09-15 11:47:57.349 TRACE : push result 1150/1200
2025-09-15 11:47:57.349 TRACE : push result 1151/1200
2025-09-15 11:47:57.349 TRACE : push result 1152/1200
2025-09-15 11:47:57.349 TRACE : push result 1153/1200
2025-09-15 11:47:57.349 TRACE : push result 1154/1200
2025-09-15 11:47:57.349 TRACE : push result 1155/1200
2025-09-15 11:47:57.349 TRACE : push result 1156/1200
2025-09-15 11:47:57.349 TRACE : push result 1157/1200
2025-09-15 11:47:57.349 TRACE : push result 1158/1200
2025-09-15 11:47:57.349 TRACE : push result 1159/1200
2025-09-15 11:47:57.349 TRACE : push result 1160/1200
2025-09-15 11:47:57.349 TRACE : push result 1161/1200
2025-09-15 11:47:57.349 TRACE : push result 1162/1200
2025-09-15 11:47:57.349 TRACE : push result 1163/1200
2025-09-15 11:47:57.349 TRACE : push result 1164/1200
2025-09-15 11:47:57.349 TRACE : push result 1165/1200
2025-09-15 11:47:57.349 TRACE : push result 1166/1200
2025-09-15 11:47:57.349 TRACE : push result 1167/1200
2025-09-15 11:47:57.349 TRACE : push result 1168/1200
2025-09-15 11:47:57.349 TRACE : push result 1169/1200
2025-09-15 11:47:57.349 TRACE : push result 1170/1200
2025-09-15 11:47:57.349 TRACE : push result 1171/1200
2025-09-15 11:47:57.349 TRACE : push result 1172/1200
2025-09-15 11:47:57.349 TRACE : push result 1173/1200
2025-09-15 11:47:57.349 TRACE : push result 1174/1200
2025-09-15 11:47:57.349 TRACE : push result 1175/1200
2025-09-15 11:47:57.349 TRACE : push result 1176/1200
2025-09-15 11:47:57.349 TRACE : push result 1177/1200
2025-09-15 11:47:57.349 TRACE : push result 1178/1200
2025-09-15 11:47:57.349 TRACE : push result 1179/1200
2025-09-15 11:47:57.349 TRACE : push result 1180/1200
2025-09-15 11:47:57.349 TRACE : push result 1181/1200
2025-09-15 11:47:57.349 TRACE : push result 1182/1200
2025-09-15 11:47:57.349 TRACE : push result 1183/1200
2025-09-15 11:47:57.349 TRACE : push result 1184/1200
2025-09-15 11:47:57.349 TRACE : push result 1185/1200
2025-09-15 11:47:57.349 TRACE : push result 1186/1200
2025-09-15 11:47:57.349 TRACE : push result 1187/1200
2025-09-15 11:47:57.349 TRACE : push result 1188/1200
2025-09-15 11:47:57.349 TRACE : push result 1189/1200
2025-09-15 11:47:57.349 TRACE : push result 1190/1200
2025-09-15 11:47:57.349 TRACE : push result 1191/1200
2025-09-15 11:47:57.349 TRACE : push result 1192/1200
2025-09-15 11:47:57.349 TRACE : push result 1193/1200
2025-09-15 11:47:57.349 TRACE : push result 1194/1200
2025-09-15 11:47:57.349 TRACE : push result 1195/1200
2025-09-15 11:47:57.349 TRACE : push result 1196/1200
2025-09-15 11:47:57.349 TRACE : push result 1197/1200
2025-09-15 11:47:57.349 TRACE : push result 1198/1200
2025-09-15 11:47:57.349 TRACE : push result 1199/1200
2025-09-15 11:47:57.349 TRACE : push result 1200/1200
2025-09-15 11:47:57.349 DEBUG : close connection to primary
