2025-09-16 04:55:13.079 DEBUG : connect to primary on tcp address: 127.0.0.1:5000
2025-09-16 04:55:13.079 DEBUG : connected to primary on tcp address: 127.0.0.1:5000
2025-09-16 04:55:13.079 DEBUG : use interface 'cardano'
2025-09-16 04:55:13.079 DEBUG : prepare runtime
2025-09-16 04:55:13.081 TRACE : create client 0
2025-09-16 04:55:13.081 TRACE client[0]: new client
2025-09-16 04:55:13.081 TRACE client[0]: using socket path: 10.20.1.3:3333
2025-09-16 04:55:13.083 TRACE : decode interaction for time 0.083 on client 0
2025-09-16 04:55:13.083 TRACE : decode interaction for time 0.167 on client 0
2025-09-16 04:55:13.083 TRACE : decode interaction for time 0.250 on client 0
2025-09-16 04:55:13.083 TRACE : decode interaction for time 0.333 on client 0
2025-09-16 04:55:13.083 TRACE : decode interaction for time 0.417 on client 0
2025-09-16 04:55:13.083 TRACE : decode interaction for time 0.500 on client 0
2025-09-16 04:55:13.083 TRACE : decode interaction for time 0.583 on client 0
2025-09-16 04:55:13.083 TRACE : decode interaction for time 0.667 on client 0
2025-09-16 04:55:13.083 TRACE : decode interaction for time 0.750 on client 0
2025-09-16 04:55:13.083 TRACE : decode interaction for time 0.833 on client 0
2025-09-16 04:55:13.083 TRACE : decode interaction for time 0.917 on client 0
2025-09-16 04:55:13.083 TRACE : decode interaction for time 1.000 on client 0
2025-09-16 04:55:13.083 TRACE : decode interaction for time 1.083 on client 0
2025-09-16 04:55:13.083 TRACE : decode interaction for time 1.167 on client 0
2025-09-16 04:55:13.083 TRACE : decode interaction for time 1.250 on client 0
2025-09-16 04:55:13.083 TRACE : decode interaction for time 1.333 on client 0
2025-09-16 04:55:13.083 TRACE : decode interaction for time 1.417 on client 0
2025-09-16 04:55:13.083 TRACE : decode interaction for time 1.500 on client 0
2025-09-16 04:55:13.083 TRACE : decode interaction for time 1.583 on client 0
2025-09-16 04:55:13.083 TRACE : decode interaction for time 1.667 on client 0
2025-09-16 04:55:13.083 TRACE : decode interaction for time 1.750 on client 0
2025-09-16 04:55:13.083 TRACE : decode interaction for time 1.833 on client 0
2025-09-16 04:55:13.083 TRACE : decode interaction for time 1.917 on client 0
2025-09-16 04:55:13.083 TRACE : decode interaction for time 2.000 on client 0
2025-09-16 04:55:13.083 TRACE : decode interaction for time 2.083 on client 0
2025-09-16 04:55:13.083 TRACE : decode interaction for time 2.167 on client 0
2025-09-16 04:55:13.083 TRACE : decode interaction for time 2.250 on client 0
2025-09-16 04:55:13.083 TRACE : decode interaction for time 2.333 on client 0
2025-09-16 04:55:13.083 TRACE : decode interaction for time 2.417 on client 0
2025-09-16 04:55:13.083 TRACE : decode interaction for time 2.500 on client 0
2025-09-16 04:55:13.083 TRACE : decode interaction for time 2.583 on client 0
2025-09-16 04:55:13.083 TRACE : decode interaction for time 2.667 on client 0
2025-09-16 04:55:13.083 TRACE : decode interaction for time 2.750 on client 0
2025-09-16 04:55:13.083 TRACE : decode interaction for time 2.833 on client 0
2025-09-16 04:55:13.083 TRACE : decode interaction for time 2.917 on client 0
2025-09-16 04:55:13.083 TRACE : decode interaction for time 3.000 on client 0
2025-09-16 04:55:13.083 TRACE : decode interaction for time 3.083 on client 0
2025-09-16 04:55:13.083 TRACE : decode interaction for time 3.167 on client 0
2025-09-16 04:55:13.083 TRACE : decode interaction for time 3.250 on client 0
2025-09-16 04:55:13.083 TRACE : decode interaction for time 3.333 on client 0
2025-09-16 04:55:13.083 TRACE : decode interaction for time 3.417 on client 0
2025-09-16 04:55:13.083 TRACE : decode interaction for time 3.500 on client 0
2025-09-16 04:55:13.083 TRACE : decode interaction for time 3.583 on client 0
2025-09-16 04:55:13.083 TRACE : decode interaction for time 3.667 on client 0
2025-09-16 04:55:13.083 TRACE : decode interaction for time 3.750 on client 0
2025-09-16 04:55:13.083 TRACE : decode interaction for time 3.833 on client 0
2025-09-16 04:55:13.084 TRACE : decode interaction for time 3.917 on client 0
2025-09-16 04:55:13.084 TRACE : decode interaction for time 4.000 on client 0
2025-09-16 04:55:13.084 TRACE : decode interaction for time 4.083 on client 0
2025-09-16 04:55:13.084 WARN  client[0]: Chain reorganisation detected - rolling back to slot 9326
2025-09-16 04:55:13.084 TRACE : decode interaction for time 4.167 on client 0
2025-09-16 04:55:13.084 TRACE : decode interaction for time 4.250 on client 0
2025-09-16 04:55:13.084 TRACE : decode interaction for time 4.333 on client 0
2025-09-16 04:55:13.084 TRACE : decode interaction for time 4.417 on client 0
2025-09-16 04:55:13.084 TRACE : decode interaction for time 4.500 on client 0
2025-09-16 04:55:13.084 TRACE : decode interaction for time 4.583 on client 0
2025-09-16 04:55:13.084 TRACE : decode interaction for time 4.667 on client 0
2025-09-16 04:55:13.084 TRACE : decode interaction for time 4.750 on client 0
2025-09-16 04:55:13.084 TRACE : decode interaction for time 4.833 on client 0
2025-09-16 04:55:13.084 TRACE : decode interaction for time 4.917 on client 0
2025-09-16 04:55:13.084 TRACE : decode interaction for time 5.000 on client 0
2025-09-16 04:55:13.085 TRACE : decode interaction for time 5.083 on client 0
2025-09-16 04:55:13.085 TRACE : decode interaction for time 5.167 on client 0
2025-09-16 04:55:13.085 TRACE : decode interaction for time 5.250 on client 0
2025-09-16 04:55:13.085 TRACE : decode interaction for time 5.333 on client 0
2025-09-16 04:55:13.085 TRACE : decode interaction for time 5.417 on client 0
2025-09-16 04:55:13.085 TRACE : decode interaction for time 5.500 on client 0
2025-09-16 04:55:13.085 TRACE : decode interaction for time 5.583 on client 0
2025-09-16 04:55:13.085 TRACE : decode interaction for time 5.667 on client 0
2025-09-16 04:55:13.085 TRACE : decode interaction for time 5.750 on client 0
2025-09-16 04:55:13.085 TRACE : decode interaction for time 5.833 on client 0
2025-09-16 04:55:13.085 TRACE : decode interaction for time 5.917 on client 0
2025-09-16 04:55:13.085 TRACE : decode interaction for time 6.000 on client 0
2025-09-16 04:55:13.085 TRACE : decode interaction for time 6.083 on client 0
2025-09-16 04:55:13.085 TRACE : decode interaction for time 6.167 on client 0
2025-09-16 04:55:13.085 TRACE : decode interaction for time 6.250 on client 0
2025-09-16 04:55:13.085 TRACE : decode interaction for time 6.333 on client 0
2025-09-16 04:55:13.085 TRACE : decode interaction for time 6.417 on client 0
2025-09-16 04:55:13.085 TRACE : decode interaction for time 6.500 on client 0
2025-09-16 04:55:13.085 TRACE : decode interaction for time 6.583 on client 0
2025-09-16 04:55:13.085 TRACE : decode interaction for time 6.667 on client 0
2025-09-16 04:55:13.085 TRACE : decode interaction for time 6.750 on client 0
2025-09-16 04:55:13.085 TRACE : decode interaction for time 6.833 on client 0
2025-09-16 04:55:13.085 TRACE : decode interaction for time 6.917 on client 0
2025-09-16 04:55:13.086 TRACE : decode interaction for time 7.000 on client 0
2025-09-16 04:55:13.086 TRACE : decode interaction for time 7.083 on client 0
2025-09-16 04:55:13.086 TRACE : decode interaction for time 7.167 on client 0
2025-09-16 04:55:13.086 TRACE : decode interaction for time 7.250 on client 0
2025-09-16 04:55:13.086 TRACE : decode interaction for time 7.333 on client 0
2025-09-16 04:55:13.086 TRACE : decode interaction for time 7.417 on client 0
2025-09-16 04:55:13.086 TRACE : decode interaction for time 7.500 on client 0
2025-09-16 04:55:13.086 TRACE : decode interaction for time 7.583 on client 0
2025-09-16 04:55:13.086 TRACE : decode interaction for time 7.667 on client 0
2025-09-16 04:55:13.086 TRACE : decode interaction for time 7.750 on client 0
2025-09-16 04:55:13.086 TRACE : decode interaction for time 7.833 on client 0
2025-09-16 04:55:13.086 TRACE : decode interaction for time 7.917 on client 0
2025-09-16 04:55:13.086 TRACE : decode interaction for time 8.000 on client 0
2025-09-16 04:55:13.086 TRACE : decode interaction for time 8.083 on client 0
2025-09-16 04:55:13.086 TRACE : decode interaction for time 8.167 on client 0
2025-09-16 04:55:13.086 TRACE : decode interaction for time 8.250 on client 0
2025-09-16 04:55:13.087 TRACE : decode interaction for time 8.333 on client 0
2025-09-16 04:55:13.087 TRACE : decode interaction for time 8.417 on client 0
2025-09-16 04:55:13.087 TRACE : decode interaction for time 8.500 on client 0
2025-09-16 04:55:13.087 TRACE : decode interaction for time 8.583 on client 0
2025-09-16 04:55:13.087 TRACE : decode interaction for time 8.667 on client 0
2025-09-16 04:55:13.087 TRACE : decode interaction for time 8.750 on client 0
2025-09-16 04:55:13.087 TRACE : decode interaction for time 8.833 on client 0
2025-09-16 04:55:13.087 TRACE : decode interaction for time 8.917 on client 0
2025-09-16 04:55:13.087 TRACE : decode interaction for time 9.000 on client 0
2025-09-16 04:55:13.087 TRACE : decode interaction for time 9.083 on client 0
2025-09-16 04:55:13.087 TRACE : decode interaction for time 9.167 on client 0
2025-09-16 04:55:13.087 TRACE : decode interaction for time 9.250 on client 0
2025-09-16 04:55:13.087 TRACE : decode interaction for time 9.333 on client 0
2025-09-16 04:55:13.087 TRACE : decode interaction for time 9.417 on client 0
2025-09-16 04:55:13.087 TRACE : decode interaction for time 9.500 on client 0
2025-09-16 04:55:13.087 TRACE : decode interaction for time 9.583 on client 0
2025-09-16 04:55:13.087 TRACE : decode interaction for time 9.667 on client 0
2025-09-16 04:55:13.087 TRACE : decode interaction for time 9.750 on client 0
2025-09-16 04:55:13.087 TRACE : decode interaction for time 9.833 on client 0
2025-09-16 04:55:13.087 TRACE : decode interaction for time 9.917 on client 0
2025-09-16 04:55:13.087 TRACE : decode interaction for time 10.000 on client 0
2025-09-16 04:55:13.087 TRACE : decode interaction for time 10.083 on client 0
2025-09-16 04:55:13.087 TRACE : decode interaction for time 10.167 on client 0
2025-09-16 04:55:13.087 TRACE : decode interaction for time 10.250 on client 0
2025-09-16 04:55:13.087 TRACE : decode interaction for time 10.333 on client 0
2025-09-16 04:55:13.087 TRACE : decode interaction for time 10.417 on client 0
2025-09-16 04:55:13.087 TRACE : decode interaction for time 10.500 on client 0
2025-09-16 04:55:13.087 TRACE : decode interaction for time 10.583 on client 0
2025-09-16 04:55:13.087 TRACE : decode interaction for time 10.667 on client 0
2025-09-16 04:55:13.087 TRACE : decode interaction for time 10.750 on client 0
2025-09-16 04:55:13.087 TRACE : decode interaction for time 10.833 on client 0
2025-09-16 04:55:13.087 TRACE : decode interaction for time 10.917 on client 0
2025-09-16 04:55:13.087 TRACE : decode interaction for time 11.000 on client 0
2025-09-16 04:55:13.087 TRACE : decode interaction for time 11.083 on client 0
2025-09-16 04:55:13.088 TRACE : decode interaction for time 11.167 on client 0
2025-09-16 04:55:13.088 TRACE : decode interaction for time 11.250 on client 0
2025-09-16 04:55:13.088 TRACE : decode interaction for time 11.333 on client 0
2025-09-16 04:55:13.088 TRACE : decode interaction for time 11.417 on client 0
2025-09-16 04:55:13.088 TRACE : decode interaction for time 11.500 on client 0
2025-09-16 04:55:13.088 TRACE : decode interaction for time 11.583 on client 0
2025-09-16 04:55:13.088 TRACE : decode interaction for time 11.667 on client 0
2025-09-16 04:55:13.088 TRACE : decode interaction for time 11.750 on client 0
2025-09-16 04:55:13.088 TRACE : decode interaction for time 11.833 on client 0
2025-09-16 04:55:13.088 TRACE : decode interaction for time 11.917 on client 0
2025-09-16 04:55:13.088 TRACE : decode interaction for time 12.000 on client 0
2025-09-16 04:55:13.088 TRACE : decode interaction for time 12.083 on client 0
2025-09-16 04:55:13.088 TRACE : decode interaction for time 12.167 on client 0
2025-09-16 04:55:13.088 TRACE : decode interaction for time 12.250 on client 0
2025-09-16 04:55:13.088 TRACE : decode interaction for time 12.333 on client 0
2025-09-16 04:55:13.088 TRACE : decode interaction for time 12.417 on client 0
2025-09-16 04:55:13.088 TRACE : decode interaction for time 12.500 on client 0
2025-09-16 04:55:13.089 TRACE : decode interaction for time 12.583 on client 0
2025-09-16 04:55:13.089 TRACE : decode interaction for time 12.667 on client 0
2025-09-16 04:55:13.089 TRACE : decode interaction for time 12.750 on client 0
2025-09-16 04:55:13.089 TRACE : decode interaction for time 12.833 on client 0
2025-09-16 04:55:13.089 TRACE : decode interaction for time 12.917 on client 0
2025-09-16 04:55:13.089 TRACE : decode interaction for time 13.000 on client 0
2025-09-16 04:55:13.089 TRACE : decode interaction for time 13.083 on client 0
2025-09-16 04:55:13.089 TRACE : decode interaction for time 13.167 on client 0
2025-09-16 04:55:13.089 TRACE : decode interaction for time 13.250 on client 0
2025-09-16 04:55:13.089 TRACE : decode interaction for time 13.333 on client 0
2025-09-16 04:55:13.089 TRACE : decode interaction for time 13.417 on client 0
2025-09-16 04:55:13.089 TRACE : decode interaction for time 13.500 on client 0
2025-09-16 04:55:13.089 TRACE : decode interaction for time 13.583 on client 0
2025-09-16 04:55:13.089 TRACE : decode interaction for time 13.667 on client 0
2025-09-16 04:55:13.089 TRACE : decode interaction for time 13.750 on client 0
2025-09-16 04:55:13.089 TRACE : decode interaction for time 13.833 on client 0
2025-09-16 04:55:13.090 TRACE : decode interaction for time 13.917 on client 0
2025-09-16 04:55:13.090 TRACE : decode interaction for time 14.000 on client 0
2025-09-16 04:55:13.090 TRACE : decode interaction for time 14.083 on client 0
2025-09-16 04:55:13.090 TRACE : decode interaction for time 14.167 on client 0
2025-09-16 04:55:13.090 TRACE : decode interaction for time 14.250 on client 0
2025-09-16 04:55:13.090 TRACE : decode interaction for time 14.333 on client 0
2025-09-16 04:55:13.090 TRACE : decode interaction for time 14.417 on client 0
2025-09-16 04:55:13.090 TRACE : decode interaction for time 14.500 on client 0
2025-09-16 04:55:13.090 TRACE : decode interaction for time 14.583 on client 0
2025-09-16 04:55:13.090 TRACE : decode interaction for time 14.667 on client 0
2025-09-16 04:55:13.090 TRACE : decode interaction for time 14.750 on client 0
2025-09-16 04:55:13.090 TRACE : decode interaction for time 14.833 on client 0
2025-09-16 04:55:13.090 TRACE : decode interaction for time 14.917 on client 0
2025-09-16 04:55:13.090 TRACE : decode interaction for time 15.000 on client 0
2025-09-16 04:55:13.090 TRACE : decode interaction for time 15.083 on client 0
2025-09-16 04:55:13.090 TRACE : decode interaction for time 15.167 on client 0
2025-09-16 04:55:13.090 TRACE : decode interaction for time 15.250 on client 0
2025-09-16 04:55:13.090 TRACE : decode interaction for time 15.333 on client 0
2025-09-16 04:55:13.090 TRACE : decode interaction for time 15.417 on client 0
2025-09-16 04:55:13.090 TRACE : decode interaction for time 15.500 on client 0
2025-09-16 04:55:13.090 TRACE : decode interaction for time 15.583 on client 0
2025-09-16 04:55:13.090 TRACE : decode interaction for time 15.667 on client 0
2025-09-16 04:55:13.090 TRACE : decode interaction for time 15.750 on client 0
2025-09-16 04:55:13.090 TRACE : decode interaction for time 15.833 on client 0
2025-09-16 04:55:13.090 TRACE : decode interaction for time 15.917 on client 0
2025-09-16 04:55:13.090 TRACE : decode interaction for time 16.000 on client 0
2025-09-16 04:55:13.090 TRACE : decode interaction for time 16.083 on client 0
2025-09-16 04:55:13.090 TRACE : decode interaction for time 16.167 on client 0
2025-09-16 04:55:13.090 TRACE : decode interaction for time 16.250 on client 0
2025-09-16 04:55:13.090 TRACE : decode interaction for time 16.333 on client 0
2025-09-16 04:55:13.090 TRACE : decode interaction for time 16.417 on client 0
2025-09-16 04:55:13.090 TRACE : decode interaction for time 16.500 on client 0
2025-09-16 04:55:13.090 TRACE : decode interaction for time 16.583 on client 0
2025-09-16 04:55:13.090 TRACE : decode interaction for time 16.667 on client 0
2025-09-16 04:55:13.091 TRACE : decode interaction for time 16.750 on client 0
2025-09-16 04:55:13.091 TRACE : decode interaction for time 16.833 on client 0
2025-09-16 04:55:13.091 TRACE : decode interaction for time 16.917 on client 0
2025-09-16 04:55:13.091 TRACE : decode interaction for time 17.000 on client 0
2025-09-16 04:55:13.091 TRACE : decode interaction for time 17.083 on client 0
2025-09-16 04:55:13.091 TRACE : decode interaction for time 17.167 on client 0
2025-09-16 04:55:13.091 TRACE : decode interaction for time 17.250 on client 0
2025-09-16 04:55:13.091 TRACE : decode interaction for time 17.333 on client 0
2025-09-16 04:55:13.091 TRACE : decode interaction for time 17.417 on client 0
2025-09-16 04:55:13.091 TRACE : decode interaction for time 17.500 on client 0
2025-09-16 04:55:13.091 TRACE : decode interaction for time 17.583 on client 0
2025-09-16 04:55:13.091 TRACE : decode interaction for time 17.667 on client 0
2025-09-16 04:55:13.091 TRACE : decode interaction for time 17.750 on client 0
2025-09-16 04:55:13.091 TRACE : decode interaction for time 17.833 on client 0
2025-09-16 04:55:13.091 TRACE : decode interaction for time 17.917 on client 0
2025-09-16 04:55:13.091 TRACE : decode interaction for time 18.000 on client 0
2025-09-16 04:55:13.092 TRACE : decode interaction for time 18.083 on client 0
2025-09-16 04:55:13.092 TRACE : decode interaction for time 18.167 on client 0
2025-09-16 04:55:13.092 TRACE : decode interaction for time 18.250 on client 0
2025-09-16 04:55:13.092 TRACE : decode interaction for time 18.333 on client 0
2025-09-16 04:55:13.092 TRACE : decode interaction for time 18.417 on client 0
2025-09-16 04:55:13.092 TRACE : decode interaction for time 18.500 on client 0
2025-09-16 04:55:13.092 TRACE : decode interaction for time 18.583 on client 0
2025-09-16 04:55:13.092 TRACE : decode interaction for time 18.667 on client 0
2025-09-16 04:55:13.092 TRACE : decode interaction for time 18.750 on client 0
2025-09-16 04:55:13.092 TRACE : decode interaction for time 18.833 on client 0
2025-09-16 04:55:13.092 TRACE : decode interaction for time 18.917 on client 0
2025-09-16 04:55:13.092 TRACE : decode interaction for time 19.000 on client 0
2025-09-16 04:55:13.092 TRACE : decode interaction for time 19.083 on client 0
2025-09-16 04:55:13.092 TRACE : decode interaction for time 19.167 on client 0
2025-09-16 04:55:13.092 TRACE : decode interaction for time 19.250 on client 0
2025-09-16 04:55:13.092 TRACE : decode interaction for time 19.333 on client 0
2025-09-16 04:55:13.092 TRACE : decode interaction for time 19.417 on client 0
2025-09-16 04:55:13.093 TRACE : decode interaction for time 19.500 on client 0
2025-09-16 04:55:13.093 TRACE : decode interaction for time 19.583 on client 0
2025-09-16 04:55:13.093 TRACE : decode interaction for time 19.667 on client 0
2025-09-16 04:55:13.093 TRACE : decode interaction for time 19.750 on client 0
2025-09-16 04:55:13.093 TRACE : decode interaction for time 19.833 on client 0
2025-09-16 04:55:13.093 TRACE : decode interaction for time 19.917 on client 0
2025-09-16 04:55:13.093 TRACE : decode interaction for time 20.000 on client 0
2025-09-16 04:55:13.093 TRACE : decode interaction for time 20.083 on client 0
2025-09-16 04:55:13.093 TRACE : decode interaction for time 20.167 on client 0
2025-09-16 04:55:13.093 TRACE : decode interaction for time 20.250 on client 0
2025-09-16 04:55:13.093 TRACE : decode interaction for time 20.333 on client 0
2025-09-16 04:55:13.093 TRACE : decode interaction for time 20.417 on client 0
2025-09-16 04:55:13.093 TRACE : decode interaction for time 20.500 on client 0
2025-09-16 04:55:13.093 TRACE : decode interaction for time 20.583 on client 0
2025-09-16 04:55:13.093 TRACE : decode interaction for time 20.667 on client 0
2025-09-16 04:55:13.093 TRACE : decode interaction for time 20.750 on client 0
2025-09-16 04:55:13.093 TRACE : decode interaction for time 20.833 on client 0
2025-09-16 04:55:13.094 TRACE : decode interaction for time 20.917 on client 0
2025-09-16 04:55:13.094 TRACE : decode interaction for time 21.000 on client 0
2025-09-16 04:55:13.094 TRACE : decode interaction for time 21.083 on client 0
2025-09-16 04:55:13.094 TRACE : decode interaction for time 21.167 on client 0
2025-09-16 04:55:13.094 TRACE : decode interaction for time 21.250 on client 0
2025-09-16 04:55:13.094 TRACE : decode interaction for time 21.333 on client 0
2025-09-16 04:55:13.094 TRACE : decode interaction for time 21.417 on client 0
2025-09-16 04:55:13.094 TRACE : decode interaction for time 21.500 on client 0
2025-09-16 04:55:13.094 TRACE : decode interaction for time 21.583 on client 0
2025-09-16 04:55:13.094 TRACE : decode interaction for time 21.667 on client 0
2025-09-16 04:55:13.094 TRACE : decode interaction for time 21.750 on client 0
2025-09-16 04:55:13.094 TRACE : decode interaction for time 21.833 on client 0
2025-09-16 04:55:13.094 TRACE : decode interaction for time 21.917 on client 0
2025-09-16 04:55:13.094 TRACE : decode interaction for time 22.000 on client 0
2025-09-16 04:55:13.094 TRACE : decode interaction for time 22.083 on client 0
2025-09-16 04:55:13.094 TRACE : decode interaction for time 22.167 on client 0
2025-09-16 04:55:13.094 TRACE : decode interaction for time 22.250 on client 0
2025-09-16 04:55:13.094 TRACE : decode interaction for time 22.333 on client 0
2025-09-16 04:55:13.094 TRACE : decode interaction for time 22.417 on client 0
2025-09-16 04:55:13.094 TRACE : decode interaction for time 22.500 on client 0
2025-09-16 04:55:13.094 TRACE : decode interaction for time 22.583 on client 0
2025-09-16 04:55:13.094 TRACE : decode interaction for time 22.667 on client 0
2025-09-16 04:55:13.094 TRACE : decode interaction for time 22.750 on client 0
2025-09-16 04:55:13.094 TRACE : decode interaction for time 22.833 on client 0
2025-09-16 04:55:13.094 TRACE : decode interaction for time 22.917 on client 0
2025-09-16 04:55:13.094 TRACE : decode interaction for time 23.000 on client 0
2025-09-16 04:55:13.094 TRACE : decode interaction for time 23.083 on client 0
2025-09-16 04:55:13.094 TRACE : decode interaction for time 23.167 on client 0
2025-09-16 04:55:13.094 TRACE : decode interaction for time 23.250 on client 0
2025-09-16 04:55:13.094 TRACE : decode interaction for time 23.333 on client 0
2025-09-16 04:55:13.094 TRACE : decode interaction for time 23.417 on client 0
2025-09-16 04:55:13.094 TRACE : decode interaction for time 23.500 on client 0
2025-09-16 04:55:13.094 TRACE : decode interaction for time 23.583 on client 0
2025-09-16 04:55:13.095 TRACE : decode interaction for time 23.667 on client 0
2025-09-16 04:55:13.095 TRACE : decode interaction for time 23.750 on client 0
2025-09-16 04:55:13.095 TRACE : decode interaction for time 23.833 on client 0
2025-09-16 04:55:13.095 TRACE : decode interaction for time 23.917 on client 0
2025-09-16 04:55:13.095 TRACE : decode interaction for time 24.000 on client 0
2025-09-16 04:55:13.095 TRACE : decode interaction for time 24.083 on client 0
2025-09-16 04:55:13.095 TRACE : decode interaction for time 24.167 on client 0
2025-09-16 04:55:13.095 TRACE : decode interaction for time 24.250 on client 0
2025-09-16 04:55:13.095 TRACE : decode interaction for time 24.333 on client 0
2025-09-16 04:55:13.095 TRACE : decode interaction for time 24.417 on client 0
2025-09-16 04:55:13.095 TRACE : decode interaction for time 24.500 on client 0
2025-09-16 04:55:13.095 TRACE : decode interaction for time 24.583 on client 0
2025-09-16 04:55:13.095 TRACE : decode interaction for time 24.667 on client 0
2025-09-16 04:55:13.095 TRACE : decode interaction for time 24.750 on client 0
2025-09-16 04:55:13.095 TRACE : decode interaction for time 24.833 on client 0
2025-09-16 04:55:13.095 TRACE : decode interaction for time 24.917 on client 0
2025-09-16 04:55:13.095 TRACE : decode interaction for time 25.000 on client 0
2025-09-16 04:55:13.095 TRACE : decode interaction for time 25.083 on client 0
2025-09-16 04:55:13.095 TRACE : decode interaction for time 25.167 on client 0
2025-09-16 04:55:13.095 TRACE : decode interaction for time 25.250 on client 0
2025-09-16 04:55:13.095 TRACE : decode interaction for time 25.333 on client 0
2025-09-16 04:55:13.095 TRACE : decode interaction for time 25.417 on client 0
2025-09-16 04:55:13.095 TRACE : decode interaction for time 25.500 on client 0
2025-09-16 04:55:13.095 TRACE : decode interaction for time 25.583 on client 0
2025-09-16 04:55:13.095 TRACE : decode interaction for time 25.667 on client 0
2025-09-16 04:55:13.095 TRACE : decode interaction for time 25.750 on client 0
2025-09-16 04:55:13.095 TRACE : decode interaction for time 25.833 on client 0
2025-09-16 04:55:13.095 TRACE : decode interaction for time 25.917 on client 0
2025-09-16 04:55:13.095 TRACE : decode interaction for time 26.000 on client 0
2025-09-16 04:55:13.095 TRACE : decode interaction for time 26.083 on client 0
2025-09-16 04:55:13.095 TRACE : decode interaction for time 26.167 on client 0
2025-09-16 04:55:13.095 TRACE : decode interaction for time 26.250 on client 0
2025-09-16 04:55:13.095 TRACE : decode interaction for time 26.333 on client 0
2025-09-16 04:55:13.095 TRACE : decode interaction for time 26.417 on client 0
2025-09-16 04:55:13.096 TRACE : decode interaction for time 26.500 on client 0
2025-09-16 04:55:13.096 TRACE : decode interaction for time 26.583 on client 0
2025-09-16 04:55:13.096 TRACE : decode interaction for time 26.667 on client 0
2025-09-16 04:55:13.096 TRACE : decode interaction for time 26.750 on client 0
2025-09-16 04:55:13.096 TRACE : decode interaction for time 26.833 on client 0
2025-09-16 04:55:13.096 TRACE : decode interaction for time 26.917 on client 0
2025-09-16 04:55:13.096 TRACE : decode interaction for time 27.000 on client 0
2025-09-16 04:55:13.096 TRACE : decode interaction for time 27.083 on client 0
2025-09-16 04:55:13.096 TRACE : decode interaction for time 27.167 on client 0
2025-09-16 04:55:13.096 TRACE : decode interaction for time 27.250 on client 0
2025-09-16 04:55:13.096 TRACE : decode interaction for time 27.333 on client 0
2025-09-16 04:55:13.096 TRACE : decode interaction for time 27.417 on client 0
2025-09-16 04:55:13.096 TRACE : decode interaction for time 27.500 on client 0
2025-09-16 04:55:13.096 TRACE : decode interaction for time 27.583 on client 0
2025-09-16 04:55:13.096 TRACE : decode interaction for time 27.667 on client 0
2025-09-16 04:55:13.096 TRACE : decode interaction for time 27.750 on client 0
2025-09-16 04:55:13.097 TRACE : decode interaction for time 27.833 on client 0
2025-09-16 04:55:13.097 TRACE : decode interaction for time 27.917 on client 0
2025-09-16 04:55:13.097 TRACE : decode interaction for time 28.000 on client 0
2025-09-16 04:55:13.097 TRACE : decode interaction for time 28.083 on client 0
2025-09-16 04:55:13.097 TRACE : decode interaction for time 28.167 on client 0
2025-09-16 04:55:13.097 TRACE : decode interaction for time 28.250 on client 0
2025-09-16 04:55:13.097 TRACE : decode interaction for time 28.333 on client 0
2025-09-16 04:55:13.097 TRACE : decode interaction for time 28.417 on client 0
2025-09-16 04:55:13.097 TRACE : decode interaction for time 28.500 on client 0
2025-09-16 04:55:13.097 TRACE : decode interaction for time 28.583 on client 0
2025-09-16 04:55:13.097 TRACE : decode interaction for time 28.667 on client 0
2025-09-16 04:55:13.097 TRACE : decode interaction for time 28.750 on client 0
2025-09-16 04:55:13.097 TRACE : decode interaction for time 28.833 on client 0
2025-09-16 04:55:13.097 TRACE : decode interaction for time 28.917 on client 0
2025-09-16 04:55:13.097 TRACE : decode interaction for time 29.000 on client 0
2025-09-16 04:55:13.097 TRACE : decode interaction for time 29.083 on client 0
2025-09-16 04:55:13.097 TRACE : decode interaction for time 29.167 on client 0
2025-09-16 04:55:13.097 TRACE : decode interaction for time 29.250 on client 0
2025-09-16 04:55:13.097 TRACE : decode interaction for time 29.333 on client 0
2025-09-16 04:55:13.097 TRACE : decode interaction for time 29.417 on client 0
2025-09-16 04:55:13.097 TRACE : decode interaction for time 29.500 on client 0
2025-09-16 04:55:13.097 TRACE : decode interaction for time 29.583 on client 0
2025-09-16 04:55:13.097 TRACE : decode interaction for time 29.667 on client 0
2025-09-16 04:55:13.097 TRACE : decode interaction for time 29.750 on client 0
2025-09-16 04:55:13.097 TRACE : decode interaction for time 29.833 on client 0
2025-09-16 04:55:13.097 TRACE : decode interaction for time 29.917 on client 0
2025-09-16 04:55:13.097 TRACE : decode interaction for time 30.000 on client 0
2025-09-16 04:55:13.097 TRACE : decode interaction for time 30.083 on client 0
2025-09-16 04:55:13.097 TRACE : decode interaction for time 30.167 on client 0
2025-09-16 04:55:13.097 TRACE : decode interaction for time 30.250 on client 0
2025-09-16 04:55:13.097 TRACE : decode interaction for time 30.333 on client 0
2025-09-16 04:55:13.097 TRACE : decode interaction for time 30.417 on client 0
2025-09-16 04:55:13.097 TRACE : decode interaction for time 30.500 on client 0
2025-09-16 04:55:13.097 TRACE : decode interaction for time 30.583 on client 0
2025-09-16 04:55:13.098 TRACE : decode interaction for time 30.667 on client 0
2025-09-16 04:55:13.098 TRACE : decode interaction for time 30.750 on client 0
2025-09-16 04:55:13.098 TRACE : decode interaction for time 30.833 on client 0
2025-09-16 04:55:13.098 TRACE : decode interaction for time 30.917 on client 0
2025-09-16 04:55:13.098 TRACE : decode interaction for time 31.000 on client 0
2025-09-16 04:55:13.098 TRACE : decode interaction for time 31.083 on client 0
2025-09-16 04:55:13.098 TRACE : decode interaction for time 31.167 on client 0
2025-09-16 04:55:13.098 TRACE : decode interaction for time 31.250 on client 0
2025-09-16 04:55:13.098 TRACE : decode interaction for time 31.333 on client 0
2025-09-16 04:55:13.098 TRACE : decode interaction for time 31.417 on client 0
2025-09-16 04:55:13.098 TRACE : decode interaction for time 31.500 on client 0
2025-09-16 04:55:13.098 TRACE : decode interaction for time 31.583 on client 0
2025-09-16 04:55:13.098 TRACE : decode interaction for time 31.667 on client 0
2025-09-16 04:55:13.098 TRACE : decode interaction for time 31.750 on client 0
2025-09-16 04:55:13.098 TRACE : decode interaction for time 31.833 on client 0
2025-09-16 04:55:13.098 TRACE : decode interaction for time 31.917 on client 0
2025-09-16 04:55:13.099 TRACE : decode interaction for time 32.000 on client 0
2025-09-16 04:55:13.099 TRACE : decode interaction for time 32.083 on client 0
2025-09-16 04:55:13.099 TRACE : decode interaction for time 32.167 on client 0
2025-09-16 04:55:13.099 TRACE : decode interaction for time 32.250 on client 0
2025-09-16 04:55:13.099 TRACE : decode interaction for time 32.333 on client 0
2025-09-16 04:55:13.099 TRACE : decode interaction for time 32.417 on client 0
2025-09-16 04:55:13.099 TRACE : decode interaction for time 32.500 on client 0
2025-09-16 04:55:13.099 TRACE : decode interaction for time 32.583 on client 0
2025-09-16 04:55:13.099 TRACE : decode interaction for time 32.667 on client 0
2025-09-16 04:55:13.099 TRACE : decode interaction for time 32.750 on client 0
2025-09-16 04:55:13.099 TRACE : decode interaction for time 32.833 on client 0
2025-09-16 04:55:13.099 TRACE : decode interaction for time 32.917 on client 0
2025-09-16 04:55:13.099 TRACE : decode interaction for time 33.000 on client 0
2025-09-16 04:55:13.099 TRACE : decode interaction for time 33.083 on client 0
2025-09-16 04:55:13.099 TRACE : decode interaction for time 33.167 on client 0
2025-09-16 04:55:13.099 TRACE : decode interaction for time 33.250 on client 0
2025-09-16 04:55:13.099 TRACE : decode interaction for time 33.333 on client 0
2025-09-16 04:55:13.100 TRACE : decode interaction for time 33.417 on client 0
2025-09-16 04:55:13.100 TRACE : decode interaction for time 33.500 on client 0
2025-09-16 04:55:13.100 TRACE : decode interaction for time 33.583 on client 0
2025-09-16 04:55:13.100 TRACE : decode interaction for time 33.667 on client 0
2025-09-16 04:55:13.100 TRACE : decode interaction for time 33.750 on client 0
2025-09-16 04:55:13.100 TRACE : decode interaction for time 33.833 on client 0
2025-09-16 04:55:13.100 TRACE : decode interaction for time 33.917 on client 0
2025-09-16 04:55:13.100 TRACE : decode interaction for time 34.000 on client 0
2025-09-16 04:55:13.100 TRACE : decode interaction for time 34.083 on client 0
2025-09-16 04:55:13.100 TRACE : decode interaction for time 34.167 on client 0
2025-09-16 04:55:13.100 TRACE : decode interaction for time 34.250 on client 0
2025-09-16 04:55:13.100 TRACE : decode interaction for time 34.333 on client 0
2025-09-16 04:55:13.100 TRACE : decode interaction for time 34.417 on client 0
2025-09-16 04:55:13.100 TRACE : decode interaction for time 34.500 on client 0
2025-09-16 04:55:13.100 TRACE : decode interaction for time 34.583 on client 0
2025-09-16 04:55:13.100 TRACE : decode interaction for time 34.667 on client 0
2025-09-16 04:55:13.100 TRACE : decode interaction for time 34.750 on client 0
2025-09-16 04:55:13.100 TRACE : decode interaction for time 34.833 on client 0
2025-09-16 04:55:13.100 TRACE : decode interaction for time 34.917 on client 0
2025-09-16 04:55:13.100 TRACE : decode interaction for time 35.000 on client 0
2025-09-16 04:55:13.100 TRACE : decode interaction for time 35.083 on client 0
2025-09-16 04:55:13.100 TRACE : decode interaction for time 35.167 on client 0
2025-09-16 04:55:13.100 TRACE : decode interaction for time 35.250 on client 0
2025-09-16 04:55:13.100 TRACE : decode interaction for time 35.333 on client 0
2025-09-16 04:55:13.100 TRACE : decode interaction for time 35.417 on client 0
2025-09-16 04:55:13.100 TRACE : decode interaction for time 35.500 on client 0
2025-09-16 04:55:13.100 TRACE : decode interaction for time 35.583 on client 0
2025-09-16 04:55:13.100 TRACE : decode interaction for time 35.667 on client 0
2025-09-16 04:55:13.100 TRACE : decode interaction for time 35.750 on client 0
2025-09-16 04:55:13.100 TRACE : decode interaction for time 35.833 on client 0
2025-09-16 04:55:13.100 TRACE : decode interaction for time 35.917 on client 0
2025-09-16 04:55:13.100 TRACE : decode interaction for time 36.000 on client 0
2025-09-16 04:55:13.100 TRACE : decode interaction for time 36.083 on client 0
2025-09-16 04:55:13.101 TRACE : decode interaction for time 36.167 on client 0
2025-09-16 04:55:13.101 TRACE : decode interaction for time 36.250 on client 0
2025-09-16 04:55:13.101 TRACE : decode interaction for time 36.333 on client 0
2025-09-16 04:55:13.101 TRACE : decode interaction for time 36.417 on client 0
2025-09-16 04:55:13.101 TRACE : decode interaction for time 36.500 on client 0
2025-09-16 04:55:13.101 TRACE : decode interaction for time 36.583 on client 0
2025-09-16 04:55:13.101 TRACE : decode interaction for time 36.667 on client 0
2025-09-16 04:55:13.101 TRACE : decode interaction for time 36.750 on client 0
2025-09-16 04:55:13.101 TRACE : decode interaction for time 36.833 on client 0
2025-09-16 04:55:13.101 TRACE : decode interaction for time 36.917 on client 0
2025-09-16 04:55:13.101 TRACE : decode interaction for time 37.000 on client 0
2025-09-16 04:55:13.101 TRACE : decode interaction for time 37.083 on client 0
2025-09-16 04:55:13.101 TRACE : decode interaction for time 37.167 on client 0
2025-09-16 04:55:13.101 TRACE : decode interaction for time 37.250 on client 0
2025-09-16 04:55:13.101 TRACE : decode interaction for time 37.333 on client 0
2025-09-16 04:55:13.101 TRACE : decode interaction for time 37.417 on client 0
2025-09-16 04:55:13.101 TRACE : decode interaction for time 37.500 on client 0
2025-09-16 04:55:13.101 TRACE : decode interaction for time 37.583 on client 0
2025-09-16 04:55:13.101 TRACE : decode interaction for time 37.667 on client 0
2025-09-16 04:55:13.101 TRACE : decode interaction for time 37.750 on client 0
2025-09-16 04:55:13.101 TRACE : decode interaction for time 37.833 on client 0
2025-09-16 04:55:13.101 TRACE : decode interaction for time 37.917 on client 0
2025-09-16 04:55:13.101 TRACE : decode interaction for time 38.000 on client 0
2025-09-16 04:55:13.101 TRACE : decode interaction for time 38.083 on client 0
2025-09-16 04:55:13.101 TRACE : decode interaction for time 38.167 on client 0
2025-09-16 04:55:13.101 TRACE : decode interaction for time 38.250 on client 0
2025-09-16 04:55:13.101 TRACE : decode interaction for time 38.333 on client 0
2025-09-16 04:55:13.101 TRACE : decode interaction for time 38.417 on client 0
2025-09-16 04:55:13.102 TRACE : decode interaction for time 38.500 on client 0
2025-09-16 04:55:13.102 TRACE : decode interaction for time 38.583 on client 0
2025-09-16 04:55:13.102 TRACE : decode interaction for time 38.667 on client 0
2025-09-16 04:55:13.102 TRACE : decode interaction for time 38.750 on client 0
2025-09-16 04:55:13.102 TRACE : decode interaction for time 38.833 on client 0
2025-09-16 04:55:13.102 TRACE : decode interaction for time 38.917 on client 0
2025-09-16 04:55:13.102 TRACE : decode interaction for time 39.000 on client 0
2025-09-16 04:55:13.102 TRACE : decode interaction for time 39.083 on client 0
2025-09-16 04:55:13.102 TRACE : decode interaction for time 39.167 on client 0
2025-09-16 04:55:13.102 TRACE : decode interaction for time 39.250 on client 0
2025-09-16 04:55:13.102 TRACE : decode interaction for time 39.333 on client 0
2025-09-16 04:55:13.102 TRACE : decode interaction for time 39.417 on client 0
2025-09-16 04:55:13.102 TRACE : decode interaction for time 39.500 on client 0
2025-09-16 04:55:13.102 TRACE : decode interaction for time 39.583 on client 0
2025-09-16 04:55:13.102 TRACE : decode interaction for time 39.667 on client 0
2025-09-16 04:55:13.102 TRACE : decode interaction for time 39.750 on client 0
2025-09-16 04:55:13.102 TRACE : decode interaction for time 39.833 on client 0
2025-09-16 04:55:13.102 TRACE : decode interaction for time 39.917 on client 0
2025-09-16 04:55:13.102 TRACE : decode interaction for time 40.000 on client 0
2025-09-16 04:55:13.102 TRACE : decode interaction for time 40.083 on client 0
2025-09-16 04:55:13.102 TRACE : decode interaction for time 40.167 on client 0
2025-09-16 04:55:13.102 TRACE : decode interaction for time 40.250 on client 0
2025-09-16 04:55:13.103 TRACE : decode interaction for time 40.333 on client 0
2025-09-16 04:55:13.103 TRACE : decode interaction for time 40.417 on client 0
2025-09-16 04:55:13.103 TRACE : decode interaction for time 40.500 on client 0
2025-09-16 04:55:13.103 TRACE : decode interaction for time 40.583 on client 0
2025-09-16 04:55:13.103 TRACE : decode interaction for time 40.667 on client 0
2025-09-16 04:55:13.103 TRACE : decode interaction for time 40.750 on client 0
2025-09-16 04:55:13.103 TRACE : decode interaction for time 40.833 on client 0
2025-09-16 04:55:13.103 TRACE : decode interaction for time 40.917 on client 0
2025-09-16 04:55:13.103 TRACE : decode interaction for time 41.000 on client 0
2025-09-16 04:55:13.103 TRACE : decode interaction for time 41.083 on client 0
2025-09-16 04:55:13.103 TRACE : decode interaction for time 41.167 on client 0
2025-09-16 04:55:13.103 TRACE : decode interaction for time 41.250 on client 0
2025-09-16 04:55:13.103 TRACE : decode interaction for time 41.333 on client 0
2025-09-16 04:55:13.103 TRACE : decode interaction for time 41.417 on client 0
2025-09-16 04:55:13.103 TRACE : decode interaction for time 41.500 on client 0
2025-09-16 04:55:13.103 TRACE : decode interaction for time 41.583 on client 0
2025-09-16 04:55:13.103 TRACE : decode interaction for time 41.667 on client 0
2025-09-16 04:55:13.104 TRACE : decode interaction for time 41.750 on client 0
2025-09-16 04:55:13.104 TRACE : decode interaction for time 41.833 on client 0
2025-09-16 04:55:13.104 TRACE : decode interaction for time 41.917 on client 0
2025-09-16 04:55:13.104 TRACE : decode interaction for time 42.000 on client 0
2025-09-16 04:55:13.104 TRACE : decode interaction for time 42.083 on client 0
2025-09-16 04:55:13.104 TRACE : decode interaction for time 42.167 on client 0
2025-09-16 04:55:13.104 TRACE : decode interaction for time 42.250 on client 0
2025-09-16 04:55:13.104 TRACE : decode interaction for time 42.333 on client 0
2025-09-16 04:55:13.104 TRACE : decode interaction for time 42.417 on client 0
2025-09-16 04:55:13.104 TRACE : decode interaction for time 42.500 on client 0
2025-09-16 04:55:13.104 TRACE : decode interaction for time 42.583 on client 0
2025-09-16 04:55:13.104 TRACE : decode interaction for time 42.667 on client 0
2025-09-16 04:55:13.104 TRACE : decode interaction for time 42.750 on client 0
2025-09-16 04:55:13.104 TRACE : decode interaction for time 42.833 on client 0
2025-09-16 04:55:13.104 TRACE : decode interaction for time 42.917 on client 0
2025-09-16 04:55:13.104 TRACE : decode interaction for time 43.000 on client 0
2025-09-16 04:55:13.104 TRACE : decode interaction for time 43.083 on client 0
2025-09-16 04:55:13.104 TRACE : decode interaction for time 43.167 on client 0
2025-09-16 04:55:13.104 TRACE : decode interaction for time 43.250 on client 0
2025-09-16 04:55:13.104 TRACE : decode interaction for time 43.333 on client 0
2025-09-16 04:55:13.104 TRACE : decode interaction for time 43.417 on client 0
2025-09-16 04:55:13.104 TRACE : decode interaction for time 43.500 on client 0
2025-09-16 04:55:13.104 TRACE : decode interaction for time 43.583 on client 0
2025-09-16 04:55:13.104 TRACE : decode interaction for time 43.667 on client 0
2025-09-16 04:55:13.104 TRACE : decode interaction for time 43.750 on client 0
2025-09-16 04:55:13.104 TRACE : decode interaction for time 43.833 on client 0
2025-09-16 04:55:13.104 TRACE : decode interaction for time 43.917 on client 0
2025-09-16 04:55:13.104 TRACE : decode interaction for time 44.000 on client 0
2025-09-16 04:55:13.105 TRACE : decode interaction for time 44.083 on client 0
2025-09-16 04:55:13.105 TRACE : decode interaction for time 44.167 on client 0
2025-09-16 04:55:13.105 TRACE : decode interaction for time 44.250 on client 0
2025-09-16 04:55:13.105 TRACE : decode interaction for time 44.333 on client 0
2025-09-16 04:55:13.105 TRACE : decode interaction for time 44.417 on client 0
2025-09-16 04:55:13.105 TRACE : decode interaction for time 44.500 on client 0
2025-09-16 04:55:13.105 TRACE : decode interaction for time 44.583 on client 0
2025-09-16 04:55:13.105 TRACE : decode interaction for time 44.667 on client 0
2025-09-16 04:55:13.105 TRACE : decode interaction for time 44.750 on client 0
2025-09-16 04:55:13.105 TRACE : decode interaction for time 44.833 on client 0
2025-09-16 04:55:13.105 TRACE : decode interaction for time 44.917 on client 0
2025-09-16 04:55:13.105 TRACE : decode interaction for time 45.000 on client 0
2025-09-16 04:55:13.105 TRACE : decode interaction for time 45.083 on client 0
2025-09-16 04:55:13.105 TRACE : decode interaction for time 45.167 on client 0
2025-09-16 04:55:13.105 TRACE : decode interaction for time 45.250 on client 0
2025-09-16 04:55:13.105 TRACE : decode interaction for time 45.333 on client 0
2025-09-16 04:55:13.105 TRACE : decode interaction for time 45.417 on client 0
2025-09-16 04:55:13.105 TRACE : decode interaction for time 45.500 on client 0
2025-09-16 04:55:13.105 TRACE : decode interaction for time 45.583 on client 0
2025-09-16 04:55:13.105 TRACE : decode interaction for time 45.667 on client 0
2025-09-16 04:55:13.105 TRACE : decode interaction for time 45.750 on client 0
2025-09-16 04:55:13.105 TRACE : decode interaction for time 45.833 on client 0
2025-09-16 04:55:13.106 TRACE : decode interaction for time 45.917 on client 0
2025-09-16 04:55:13.106 TRACE : decode interaction for time 46.000 on client 0
2025-09-16 04:55:13.106 TRACE : decode interaction for time 46.083 on client 0
2025-09-16 04:55:13.106 TRACE : decode interaction for time 46.167 on client 0
2025-09-16 04:55:13.106 TRACE : decode interaction for time 46.250 on client 0
2025-09-16 04:55:13.106 TRACE : decode interaction for time 46.333 on client 0
2025-09-16 04:55:13.106 TRACE : decode interaction for time 46.417 on client 0
2025-09-16 04:55:13.106 TRACE : decode interaction for time 46.500 on client 0
2025-09-16 04:55:13.106 TRACE : decode interaction for time 46.583 on client 0
2025-09-16 04:55:13.106 TRACE : decode interaction for time 46.667 on client 0
2025-09-16 04:55:13.106 TRACE : decode interaction for time 46.750 on client 0
2025-09-16 04:55:13.106 TRACE : decode interaction for time 46.833 on client 0
2025-09-16 04:55:13.106 TRACE : decode interaction for time 46.917 on client 0
2025-09-16 04:55:13.106 TRACE : decode interaction for time 47.000 on client 0
2025-09-16 04:55:13.106 TRACE : decode interaction for time 47.083 on client 0
2025-09-16 04:55:13.106 TRACE : decode interaction for time 47.167 on client 0
2025-09-16 04:55:13.106 TRACE : decode interaction for time 47.250 on client 0
2025-09-16 04:55:13.107 TRACE : decode interaction for time 47.333 on client 0
2025-09-16 04:55:13.107 TRACE : decode interaction for time 47.417 on client 0
2025-09-16 04:55:13.107 TRACE : decode interaction for time 47.500 on client 0
2025-09-16 04:55:13.107 TRACE : decode interaction for time 47.583 on client 0
2025-09-16 04:55:13.107 TRACE : decode interaction for time 47.667 on client 0
2025-09-16 04:55:13.107 TRACE : decode interaction for time 47.750 on client 0
2025-09-16 04:55:13.107 TRACE : decode interaction for time 47.833 on client 0
2025-09-16 04:55:13.107 TRACE : decode interaction for time 47.917 on client 0
2025-09-16 04:55:13.107 TRACE : decode interaction for time 48.000 on client 0
2025-09-16 04:55:13.107 TRACE : decode interaction for time 48.083 on client 0
2025-09-16 04:55:13.107 TRACE : decode interaction for time 48.167 on client 0
2025-09-16 04:55:13.107 TRACE : decode interaction for time 48.250 on client 0
2025-09-16 04:55:13.107 TRACE : decode interaction for time 48.333 on client 0
2025-09-16 04:55:13.107 TRACE : decode interaction for time 48.417 on client 0
2025-09-16 04:55:13.107 TRACE : decode interaction for time 48.500 on client 0
2025-09-16 04:55:13.107 TRACE : decode interaction for time 48.583 on client 0
2025-09-16 04:55:13.108 TRACE : decode interaction for time 48.667 on client 0
2025-09-16 04:55:13.108 TRACE : decode interaction for time 48.750 on client 0
2025-09-16 04:55:13.108 TRACE : decode interaction for time 48.833 on client 0
2025-09-16 04:55:13.108 TRACE : decode interaction for time 48.917 on client 0
2025-09-16 04:55:13.108 TRACE : decode interaction for time 49.000 on client 0
2025-09-16 04:55:13.108 TRACE : decode interaction for time 49.083 on client 0
2025-09-16 04:55:13.108 TRACE : decode interaction for time 49.167 on client 0
2025-09-16 04:55:13.108 TRACE : decode interaction for time 49.250 on client 0
2025-09-16 04:55:13.108 TRACE : decode interaction for time 49.333 on client 0
2025-09-16 04:55:13.108 TRACE : decode interaction for time 49.417 on client 0
2025-09-16 04:55:13.108 TRACE : decode interaction for time 49.500 on client 0
2025-09-16 04:55:13.108 TRACE : decode interaction for time 49.583 on client 0
2025-09-16 04:55:13.108 TRACE : decode interaction for time 49.667 on client 0
2025-09-16 04:55:13.108 TRACE : decode interaction for time 49.750 on client 0
2025-09-16 04:55:13.108 TRACE : decode interaction for time 49.833 on client 0
2025-09-16 04:55:13.108 TRACE : decode interaction for time 49.917 on client 0
2025-09-16 04:55:13.108 TRACE : decode interaction for time 50.000 on client 0
2025-09-16 04:55:13.108 TRACE : decode interaction for time 50.083 on client 0
2025-09-16 04:55:13.108 TRACE : decode interaction for time 50.167 on client 0
2025-09-16 04:55:13.108 TRACE : decode interaction for time 50.250 on client 0
2025-09-16 04:55:13.108 TRACE : decode interaction for time 50.333 on client 0
2025-09-16 04:55:13.108 TRACE : decode interaction for time 50.417 on client 0
2025-09-16 04:55:13.109 TRACE : decode interaction for time 50.500 on client 0
2025-09-16 04:55:13.109 TRACE : decode interaction for time 50.583 on client 0
2025-09-16 04:55:13.109 TRACE : decode interaction for time 50.667 on client 0
2025-09-16 04:55:13.109 TRACE : decode interaction for time 50.750 on client 0
2025-09-16 04:55:13.109 TRACE : decode interaction for time 50.833 on client 0
2025-09-16 04:55:13.109 TRACE : decode interaction for time 50.917 on client 0
2025-09-16 04:55:13.109 TRACE : decode interaction for time 51.000 on client 0
2025-09-16 04:55:13.109 TRACE : decode interaction for time 51.083 on client 0
2025-09-16 04:55:13.109 TRACE : decode interaction for time 51.167 on client 0
2025-09-16 04:55:13.109 TRACE : decode interaction for time 51.250 on client 0
2025-09-16 04:55:13.109 TRACE : decode interaction for time 51.333 on client 0
2025-09-16 04:55:13.109 TRACE : decode interaction for time 51.417 on client 0
2025-09-16 04:55:13.109 TRACE : decode interaction for time 51.500 on client 0
2025-09-16 04:55:13.109 TRACE : decode interaction for time 51.583 on client 0
2025-09-16 04:55:13.109 TRACE : decode interaction for time 51.667 on client 0
2025-09-16 04:55:13.109 TRACE : decode interaction for time 51.750 on client 0
2025-09-16 04:55:13.109 TRACE : decode interaction for time 51.833 on client 0
2025-09-16 04:55:13.109 TRACE : decode interaction for time 51.917 on client 0
2025-09-16 04:55:13.109 TRACE : decode interaction for time 52.000 on client 0
2025-09-16 04:55:13.109 TRACE : decode interaction for time 52.083 on client 0
2025-09-16 04:55:13.109 TRACE : decode interaction for time 52.167 on client 0
2025-09-16 04:55:13.109 TRACE : decode interaction for time 52.250 on client 0
2025-09-16 04:55:13.109 TRACE : decode interaction for time 52.333 on client 0
2025-09-16 04:55:13.109 TRACE : decode interaction for time 52.417 on client 0
2025-09-16 04:55:13.109 TRACE : decode interaction for time 52.500 on client 0
2025-09-16 04:55:13.109 TRACE : decode interaction for time 52.583 on client 0
2025-09-16 04:55:13.109 TRACE : decode interaction for time 52.667 on client 0
2025-09-16 04:55:13.109 TRACE : decode interaction for time 52.750 on client 0
2025-09-16 04:55:13.110 TRACE : decode interaction for time 52.833 on client 0
2025-09-16 04:55:13.110 TRACE : decode interaction for time 52.917 on client 0
2025-09-16 04:55:13.110 TRACE : decode interaction for time 53.000 on client 0
2025-09-16 04:55:13.110 TRACE : decode interaction for time 53.083 on client 0
2025-09-16 04:55:13.110 TRACE : decode interaction for time 53.167 on client 0
2025-09-16 04:55:13.110 TRACE : decode interaction for time 53.250 on client 0
2025-09-16 04:55:13.110 TRACE : decode interaction for time 53.333 on client 0
2025-09-16 04:55:13.110 TRACE : decode interaction for time 53.417 on client 0
2025-09-16 04:55:13.110 TRACE : decode interaction for time 53.500 on client 0
2025-09-16 04:55:13.110 TRACE : decode interaction for time 53.583 on client 0
2025-09-16 04:55:13.110 TRACE : decode interaction for time 53.667 on client 0
2025-09-16 04:55:13.110 TRACE : decode interaction for time 53.750 on client 0
2025-09-16 04:55:13.110 TRACE : decode interaction for time 53.833 on client 0
2025-09-16 04:55:13.110 TRACE : decode interaction for time 53.917 on client 0
2025-09-16 04:55:13.110 TRACE : decode interaction for time 54.000 on client 0
2025-09-16 04:55:13.110 TRACE : decode interaction for time 54.083 on client 0
2025-09-16 04:55:13.110 TRACE : decode interaction for time 54.167 on client 0
2025-09-16 04:55:13.110 TRACE : decode interaction for time 54.250 on client 0
2025-09-16 04:55:13.110 TRACE : decode interaction for time 54.333 on client 0
2025-09-16 04:55:13.110 TRACE : decode interaction for time 54.417 on client 0
2025-09-16 04:55:13.110 TRACE : decode interaction for time 54.500 on client 0
2025-09-16 04:55:13.110 TRACE : decode interaction for time 54.583 on client 0
2025-09-16 04:55:13.110 TRACE : decode interaction for time 54.667 on client 0
2025-09-16 04:55:13.110 TRACE : decode interaction for time 54.750 on client 0
2025-09-16 04:55:13.110 TRACE : decode interaction for time 54.833 on client 0
2025-09-16 04:55:13.110 TRACE : decode interaction for time 54.917 on client 0
2025-09-16 04:55:13.110 TRACE : decode interaction for time 55.000 on client 0
2025-09-16 04:55:13.110 TRACE : decode interaction for time 55.083 on client 0
2025-09-16 04:55:13.110 TRACE : decode interaction for time 55.167 on client 0
2025-09-16 04:55:13.110 TRACE : decode interaction for time 55.250 on client 0
2025-09-16 04:55:13.110 TRACE : decode interaction for time 55.333 on client 0
2025-09-16 04:55:13.110 TRACE : decode interaction for time 55.417 on client 0
2025-09-16 04:55:13.110 TRACE : decode interaction for time 55.500 on client 0
2025-09-16 04:55:13.110 TRACE : decode interaction for time 55.583 on client 0
2025-09-16 04:55:13.111 TRACE : decode interaction for time 55.667 on client 0
2025-09-16 04:55:13.111 TRACE : decode interaction for time 55.750 on client 0
2025-09-16 04:55:13.111 TRACE : decode interaction for time 55.833 on client 0
2025-09-16 04:55:13.111 TRACE : decode interaction for time 55.917 on client 0
2025-09-16 04:55:13.111 TRACE : decode interaction for time 56.000 on client 0
2025-09-16 04:55:13.111 TRACE : decode interaction for time 56.083 on client 0
2025-09-16 04:55:13.111 TRACE : decode interaction for time 56.167 on client 0
2025-09-16 04:55:13.111 TRACE : decode interaction for time 56.250 on client 0
2025-09-16 04:55:13.111 TRACE : decode interaction for time 56.333 on client 0
2025-09-16 04:55:13.111 TRACE : decode interaction for time 56.417 on client 0
2025-09-16 04:55:13.111 TRACE : decode interaction for time 56.500 on client 0
2025-09-16 04:55:13.111 TRACE : decode interaction for time 56.583 on client 0
2025-09-16 04:55:13.111 TRACE : decode interaction for time 56.667 on client 0
2025-09-16 04:55:13.111 TRACE : decode interaction for time 56.750 on client 0
2025-09-16 04:55:13.111 TRACE : decode interaction for time 56.833 on client 0
2025-09-16 04:55:13.111 TRACE : decode interaction for time 56.917 on client 0
2025-09-16 04:55:13.112 TRACE : decode interaction for time 57.000 on client 0
2025-09-16 04:55:13.112 TRACE : decode interaction for time 57.083 on client 0
2025-09-16 04:55:13.112 TRACE : decode interaction for time 57.167 on client 0
2025-09-16 04:55:13.112 TRACE : decode interaction for time 57.250 on client 0
2025-09-16 04:55:13.112 TRACE : decode interaction for time 57.333 on client 0
2025-09-16 04:55:13.112 TRACE : decode interaction for time 57.417 on client 0
2025-09-16 04:55:13.112 TRACE : decode interaction for time 57.500 on client 0
2025-09-16 04:55:13.112 TRACE : decode interaction for time 57.583 on client 0
2025-09-16 04:55:13.112 TRACE : decode interaction for time 57.667 on client 0
2025-09-16 04:55:13.112 TRACE : decode interaction for time 57.750 on client 0
2025-09-16 04:55:13.112 TRACE : decode interaction for time 57.833 on client 0
2025-09-16 04:55:13.112 TRACE : decode interaction for time 57.917 on client 0
2025-09-16 04:55:13.112 TRACE : decode interaction for time 58.000 on client 0
2025-09-16 04:55:13.112 TRACE : decode interaction for time 58.083 on client 0
2025-09-16 04:55:13.112 TRACE : decode interaction for time 58.167 on client 0
2025-09-16 04:55:13.112 TRACE : decode interaction for time 58.250 on client 0
2025-09-16 04:55:13.112 TRACE : decode interaction for time 58.333 on client 0
2025-09-16 04:55:13.113 TRACE : decode interaction for time 58.417 on client 0
2025-09-16 04:55:13.113 TRACE : decode interaction for time 58.500 on client 0
2025-09-16 04:55:13.113 TRACE : decode interaction for time 58.583 on client 0
2025-09-16 04:55:13.113 TRACE : decode interaction for time 58.667 on client 0
2025-09-16 04:55:13.113 TRACE : decode interaction for time 58.750 on client 0
2025-09-16 04:55:13.113 TRACE : decode interaction for time 58.833 on client 0
2025-09-16 04:55:13.113 TRACE : decode interaction for time 58.917 on client 0
2025-09-16 04:55:13.113 TRACE : decode interaction for time 59.000 on client 0
2025-09-16 04:55:13.113 TRACE : decode interaction for time 59.083 on client 0
2025-09-16 04:55:13.113 TRACE : decode interaction for time 59.167 on client 0
2025-09-16 04:55:13.113 TRACE : decode interaction for time 59.250 on client 0
2025-09-16 04:55:13.113 TRACE : decode interaction for time 59.333 on client 0
2025-09-16 04:55:13.113 TRACE : decode interaction for time 59.417 on client 0
2025-09-16 04:55:13.113 TRACE : decode interaction for time 59.500 on client 0
2025-09-16 04:55:13.113 TRACE : decode interaction for time 59.583 on client 0
2025-09-16 04:55:13.113 TRACE : decode interaction for time 59.667 on client 0
2025-09-16 04:55:13.113 TRACE : decode interaction for time 59.750 on client 0
2025-09-16 04:55:13.113 TRACE : decode interaction for time 59.833 on client 0
2025-09-16 04:55:13.113 TRACE : decode interaction for time 59.917 on client 0
2025-09-16 04:55:13.113 TRACE : decode interaction for time 60.000 on client 0
2025-09-16 04:55:13.113 TRACE : decode interaction for time 60.083 on client 0
2025-09-16 04:55:13.113 TRACE : decode interaction for time 60.167 on client 0
2025-09-16 04:55:13.113 TRACE : decode interaction for time 60.250 on client 0
2025-09-16 04:55:13.114 TRACE : decode interaction for time 60.333 on client 0
2025-09-16 04:55:13.114 TRACE : decode interaction for time 60.417 on client 0
2025-09-16 04:55:13.114 TRACE : decode interaction for time 60.500 on client 0
2025-09-16 04:55:13.114 TRACE : decode interaction for time 60.583 on client 0
2025-09-16 04:55:13.114 TRACE : decode interaction for time 60.667 on client 0
2025-09-16 04:55:13.114 TRACE : decode interaction for time 60.750 on client 0
2025-09-16 04:55:13.114 TRACE : decode interaction for time 60.833 on client 0
2025-09-16 04:55:13.114 TRACE : decode interaction for time 60.917 on client 0
2025-09-16 04:55:13.114 TRACE : decode interaction for time 61.000 on client 0
2025-09-16 04:55:13.114 TRACE : decode interaction for time 61.083 on client 0
2025-09-16 04:55:13.114 TRACE : decode interaction for time 61.167 on client 0
2025-09-16 04:55:13.114 TRACE : decode interaction for time 61.250 on client 0
2025-09-16 04:55:13.114 TRACE : decode interaction for time 61.333 on client 0
2025-09-16 04:55:13.114 TRACE : decode interaction for time 61.417 on client 0
2025-09-16 04:55:13.114 TRACE : decode interaction for time 61.500 on client 0
2025-09-16 04:55:13.114 TRACE : decode interaction for time 61.583 on client 0
2025-09-16 04:55:13.114 TRACE : decode interaction for time 61.667 on client 0
2025-09-16 04:55:13.114 TRACE : decode interaction for time 61.750 on client 0
2025-09-16 04:55:13.114 TRACE : decode interaction for time 61.833 on client 0
2025-09-16 04:55:13.114 TRACE : decode interaction for time 61.917 on client 0
2025-09-16 04:55:13.114 TRACE : decode interaction for time 62.000 on client 0
2025-09-16 04:55:13.114 TRACE : decode interaction for time 62.083 on client 0
2025-09-16 04:55:13.114 TRACE : decode interaction for time 62.167 on client 0
2025-09-16 04:55:13.114 TRACE : decode interaction for time 62.250 on client 0
2025-09-16 04:55:13.114 TRACE : decode interaction for time 62.333 on client 0
2025-09-16 04:55:13.114 TRACE : decode interaction for time 62.417 on client 0
2025-09-16 04:55:13.114 TRACE : decode interaction for time 62.500 on client 0
2025-09-16 04:55:13.115 TRACE : decode interaction for time 62.583 on client 0
2025-09-16 04:55:13.115 TRACE : decode interaction for time 62.667 on client 0
2025-09-16 04:55:13.115 TRACE : decode interaction for time 62.750 on client 0
2025-09-16 04:55:13.115 TRACE : decode interaction for time 62.833 on client 0
2025-09-16 04:55:13.115 TRACE : decode interaction for time 62.917 on client 0
2025-09-16 04:55:13.115 TRACE : decode interaction for time 63.000 on client 0
2025-09-16 04:55:13.115 TRACE : decode interaction for time 63.083 on client 0
2025-09-16 04:55:13.115 TRACE : decode interaction for time 63.167 on client 0
2025-09-16 04:55:13.115 TRACE : decode interaction for time 63.250 on client 0
2025-09-16 04:55:13.115 TRACE : decode interaction for time 63.333 on client 0
2025-09-16 04:55:13.115 TRACE : decode interaction for time 63.417 on client 0
2025-09-16 04:55:13.115 TRACE : decode interaction for time 63.500 on client 0
2025-09-16 04:55:13.115 TRACE : decode interaction for time 63.583 on client 0
2025-09-16 04:55:13.115 TRACE : decode interaction for time 63.667 on client 0
2025-09-16 04:55:13.115 TRACE : decode interaction for time 63.750 on client 0
2025-09-16 04:55:13.115 TRACE : decode interaction for time 63.833 on client 0
2025-09-16 04:55:13.115 TRACE : decode interaction for time 63.917 on client 0
2025-09-16 04:55:13.115 TRACE : decode interaction for time 64.000 on client 0
2025-09-16 04:55:13.115 TRACE : decode interaction for time 64.083 on client 0
2025-09-16 04:55:13.115 TRACE : decode interaction for time 64.167 on client 0
2025-09-16 04:55:13.115 TRACE : decode interaction for time 64.250 on client 0
2025-09-16 04:55:13.115 TRACE : decode interaction for time 64.333 on client 0
2025-09-16 04:55:13.115 TRACE : decode interaction for time 64.417 on client 0
2025-09-16 04:55:13.115 TRACE : decode interaction for time 64.500 on client 0
2025-09-16 04:55:13.115 TRACE : decode interaction for time 64.583 on client 0
2025-09-16 04:55:13.115 TRACE : decode interaction for time 64.667 on client 0
2025-09-16 04:55:13.115 TRACE : decode interaction for time 64.750 on client 0
2025-09-16 04:55:13.115 TRACE : decode interaction for time 64.833 on client 0
2025-09-16 04:55:13.115 TRACE : decode interaction for time 64.917 on client 0
2025-09-16 04:55:13.115 TRACE : decode interaction for time 65.000 on client 0
2025-09-16 04:55:13.115 TRACE : decode interaction for time 65.083 on client 0
2025-09-16 04:55:13.115 TRACE : decode interaction for time 65.167 on client 0
2025-09-16 04:55:13.115 TRACE : decode interaction for time 65.250 on client 0
2025-09-16 04:55:13.116 TRACE : decode interaction for time 65.333 on client 0
2025-09-16 04:55:13.116 TRACE : decode interaction for time 65.417 on client 0
2025-09-16 04:55:13.116 TRACE : decode interaction for time 65.500 on client 0
2025-09-16 04:55:13.116 TRACE : decode interaction for time 65.583 on client 0
2025-09-16 04:55:13.116 TRACE : decode interaction for time 65.667 on client 0
2025-09-16 04:55:13.116 TRACE : decode interaction for time 65.750 on client 0
2025-09-16 04:55:13.116 TRACE : decode interaction for time 65.833 on client 0
2025-09-16 04:55:13.116 TRACE : decode interaction for time 65.917 on client 0
2025-09-16 04:55:13.116 TRACE : decode interaction for time 66.000 on client 0
2025-09-16 04:55:13.116 TRACE : decode interaction for time 66.083 on client 0
2025-09-16 04:55:13.116 TRACE : decode interaction for time 66.167 on client 0
2025-09-16 04:55:13.116 TRACE : decode interaction for time 66.250 on client 0
2025-09-16 04:55:13.116 TRACE : decode interaction for time 66.333 on client 0
2025-09-16 04:55:13.116 TRACE : decode interaction for time 66.417 on client 0
2025-09-16 04:55:13.116 TRACE : decode interaction for time 66.500 on client 0
2025-09-16 04:55:13.116 TRACE : decode interaction for time 66.583 on client 0
2025-09-16 04:55:13.116 TRACE : decode interaction for time 66.667 on client 0
2025-09-16 04:55:13.117 TRACE : decode interaction for time 66.750 on client 0
2025-09-16 04:55:13.117 TRACE : decode interaction for time 66.833 on client 0
2025-09-16 04:55:13.117 TRACE : decode interaction for time 66.917 on client 0
2025-09-16 04:55:13.117 TRACE : decode interaction for time 67.000 on client 0
2025-09-16 04:55:13.117 TRACE : decode interaction for time 67.083 on client 0
2025-09-16 04:55:13.117 TRACE : decode interaction for time 67.167 on client 0
2025-09-16 04:55:13.117 TRACE : decode interaction for time 67.250 on client 0
2025-09-16 04:55:13.117 TRACE : decode interaction for time 67.333 on client 0
2025-09-16 04:55:13.117 TRACE : decode interaction for time 67.417 on client 0
2025-09-16 04:55:13.117 TRACE : decode interaction for time 67.500 on client 0
2025-09-16 04:55:13.117 TRACE : decode interaction for time 67.583 on client 0
2025-09-16 04:55:13.117 TRACE : decode interaction for time 67.667 on client 0
2025-09-16 04:55:13.117 TRACE : decode interaction for time 67.750 on client 0
2025-09-16 04:55:13.117 TRACE : decode interaction for time 67.833 on client 0
2025-09-16 04:55:13.117 TRACE : decode interaction for time 67.917 on client 0
2025-09-16 04:55:13.117 TRACE : decode interaction for time 68.000 on client 0
2025-09-16 04:55:13.117 TRACE : decode interaction for time 68.083 on client 0
2025-09-16 04:55:13.118 TRACE : decode interaction for time 68.167 on client 0
2025-09-16 04:55:13.118 TRACE : decode interaction for time 68.250 on client 0
2025-09-16 04:55:13.118 TRACE : decode interaction for time 68.333 on client 0
2025-09-16 04:55:13.118 TRACE : decode interaction for time 68.417 on client 0
2025-09-16 04:55:13.118 TRACE : decode interaction for time 68.500 on client 0
2025-09-16 04:55:13.118 TRACE : decode interaction for time 68.583 on client 0
2025-09-16 04:55:13.118 TRACE : decode interaction for time 68.667 on client 0
2025-09-16 04:55:13.118 TRACE : decode interaction for time 68.750 on client 0
2025-09-16 04:55:13.118 TRACE : decode interaction for time 68.833 on client 0
2025-09-16 04:55:13.118 TRACE : decode interaction for time 68.917 on client 0
2025-09-16 04:55:13.118 TRACE : decode interaction for time 69.000 on client 0
2025-09-16 04:55:13.118 TRACE : decode interaction for time 69.083 on client 0
2025-09-16 04:55:13.118 TRACE : decode interaction for time 69.167 on client 0
2025-09-16 04:55:13.118 TRACE : decode interaction for time 69.250 on client 0
2025-09-16 04:55:13.118 TRACE : decode interaction for time 69.333 on client 0
2025-09-16 04:55:13.118 TRACE : decode interaction for time 69.417 on client 0
2025-09-16 04:55:13.118 TRACE : decode interaction for time 69.500 on client 0
2025-09-16 04:55:13.118 TRACE : decode interaction for time 69.583 on client 0
2025-09-16 04:55:13.118 TRACE : decode interaction for time 69.667 on client 0
2025-09-16 04:55:13.118 TRACE : decode interaction for time 69.750 on client 0
2025-09-16 04:55:13.118 TRACE : decode interaction for time 69.833 on client 0
2025-09-16 04:55:13.118 TRACE : decode interaction for time 69.917 on client 0
2025-09-16 04:55:13.118 TRACE : decode interaction for time 70.000 on client 0
2025-09-16 04:55:13.118 TRACE : decode interaction for time 70.083 on client 0
2025-09-16 04:55:13.118 TRACE : decode interaction for time 70.167 on client 0
2025-09-16 04:55:13.118 TRACE : decode interaction for time 70.250 on client 0
2025-09-16 04:55:13.118 TRACE : decode interaction for time 70.333 on client 0
2025-09-16 04:55:13.118 TRACE : decode interaction for time 70.417 on client 0
2025-09-16 04:55:13.118 TRACE : decode interaction for time 70.500 on client 0
2025-09-16 04:55:13.118 TRACE : decode interaction for time 70.583 on client 0
2025-09-16 04:55:13.118 TRACE : decode interaction for time 70.667 on client 0
2025-09-16 04:55:13.118 TRACE : decode interaction for time 70.750 on client 0
2025-09-16 04:55:13.118 TRACE : decode interaction for time 70.833 on client 0
2025-09-16 04:55:13.119 TRACE : decode interaction for time 70.917 on client 0
2025-09-16 04:55:13.119 TRACE : decode interaction for time 71.000 on client 0
2025-09-16 04:55:13.119 TRACE : decode interaction for time 71.083 on client 0
2025-09-16 04:55:13.119 TRACE : decode interaction for time 71.167 on client 0
2025-09-16 04:55:13.119 TRACE : decode interaction for time 71.250 on client 0
2025-09-16 04:55:13.119 TRACE : decode interaction for time 71.333 on client 0
2025-09-16 04:55:13.119 TRACE : decode interaction for time 71.417 on client 0
2025-09-16 04:55:13.119 TRACE : decode interaction for time 71.500 on client 0
2025-09-16 04:55:13.119 TRACE : decode interaction for time 71.583 on client 0
2025-09-16 04:55:13.119 TRACE : decode interaction for time 71.667 on client 0
2025-09-16 04:55:13.119 TRACE : decode interaction for time 71.750 on client 0
2025-09-16 04:55:13.119 TRACE : decode interaction for time 71.833 on client 0
2025-09-16 04:55:13.119 TRACE : decode interaction for time 71.917 on client 0
2025-09-16 04:55:13.119 TRACE : decode interaction for time 72.000 on client 0
2025-09-16 04:55:13.119 TRACE : decode interaction for time 72.083 on client 0
2025-09-16 04:55:13.119 TRACE : decode interaction for time 72.167 on client 0
2025-09-16 04:55:13.119 TRACE : decode interaction for time 72.250 on client 0
2025-09-16 04:55:13.120 TRACE : decode interaction for time 72.333 on client 0
2025-09-16 04:55:13.120 TRACE : decode interaction for time 72.417 on client 0
2025-09-16 04:55:13.120 TRACE : decode interaction for time 72.500 on client 0
2025-09-16 04:55:13.120 TRACE : decode interaction for time 72.583 on client 0
2025-09-16 04:55:13.120 TRACE : decode interaction for time 72.667 on client 0
2025-09-16 04:55:13.120 TRACE : decode interaction for time 72.750 on client 0
2025-09-16 04:55:13.120 TRACE : decode interaction for time 72.833 on client 0
2025-09-16 04:55:13.120 TRACE : decode interaction for time 72.917 on client 0
2025-09-16 04:55:13.120 TRACE : decode interaction for time 73.000 on client 0
2025-09-16 04:55:13.120 TRACE : decode interaction for time 73.083 on client 0
2025-09-16 04:55:13.120 TRACE : decode interaction for time 73.167 on client 0
2025-09-16 04:55:13.120 TRACE : decode interaction for time 73.250 on client 0
2025-09-16 04:55:13.120 TRACE : decode interaction for time 73.333 on client 0
2025-09-16 04:55:13.120 TRACE : decode interaction for time 73.417 on client 0
2025-09-16 04:55:13.120 TRACE : decode interaction for time 73.500 on client 0
2025-09-16 04:55:13.120 TRACE : decode interaction for time 73.583 on client 0
2025-09-16 04:55:13.120 TRACE : decode interaction for time 73.667 on client 0
2025-09-16 04:55:13.120 TRACE : decode interaction for time 73.750 on client 0
2025-09-16 04:55:13.120 TRACE : decode interaction for time 73.833 on client 0
2025-09-16 04:55:13.120 TRACE : decode interaction for time 73.917 on client 0
2025-09-16 04:55:13.120 TRACE : decode interaction for time 74.000 on client 0
2025-09-16 04:55:13.120 TRACE : decode interaction for time 74.083 on client 0
2025-09-16 04:55:13.120 TRACE : decode interaction for time 74.167 on client 0
2025-09-16 04:55:13.120 TRACE : decode interaction for time 74.250 on client 0
2025-09-16 04:55:13.120 TRACE : decode interaction for time 74.333 on client 0
2025-09-16 04:55:13.120 TRACE : decode interaction for time 74.417 on client 0
2025-09-16 04:55:13.120 TRACE : decode interaction for time 74.500 on client 0
2025-09-16 04:55:13.120 TRACE : decode interaction for time 74.583 on client 0
2025-09-16 04:55:13.120 TRACE : decode interaction for time 74.667 on client 0
2025-09-16 04:55:13.120 TRACE : decode interaction for time 74.750 on client 0
2025-09-16 04:55:13.120 TRACE : decode interaction for time 74.833 on client 0
2025-09-16 04:55:13.120 TRACE : decode interaction for time 74.917 on client 0
2025-09-16 04:55:13.120 TRACE : decode interaction for time 75.000 on client 0
2025-09-16 04:55:13.121 TRACE : decode interaction for time 75.083 on client 0
2025-09-16 04:55:13.121 TRACE : decode interaction for time 75.167 on client 0
2025-09-16 04:55:13.121 TRACE : decode interaction for time 75.250 on client 0
2025-09-16 04:55:13.121 TRACE : decode interaction for time 75.333 on client 0
2025-09-16 04:55:13.121 TRACE : decode interaction for time 75.417 on client 0
2025-09-16 04:55:13.121 TRACE : decode interaction for time 75.500 on client 0
2025-09-16 04:55:13.121 TRACE : decode interaction for time 75.583 on client 0
2025-09-16 04:55:13.121 TRACE : decode interaction for time 75.667 on client 0
2025-09-16 04:55:13.121 TRACE : decode interaction for time 75.750 on client 0
2025-09-16 04:55:13.121 TRACE : decode interaction for time 75.833 on client 0
2025-09-16 04:55:13.121 TRACE : decode interaction for time 75.917 on client 0
2025-09-16 04:55:13.121 TRACE : decode interaction for time 76.000 on client 0
2025-09-16 04:55:13.121 TRACE : decode interaction for time 76.083 on client 0
2025-09-16 04:55:13.121 TRACE : decode interaction for time 76.167 on client 0
2025-09-16 04:55:13.121 TRACE : decode interaction for time 76.250 on client 0
2025-09-16 04:55:13.121 TRACE : decode interaction for time 76.333 on client 0
2025-09-16 04:55:13.121 TRACE : decode interaction for time 76.417 on client 0
2025-09-16 04:55:13.122 TRACE : decode interaction for time 76.500 on client 0
2025-09-16 04:55:13.122 TRACE : decode interaction for time 76.583 on client 0
2025-09-16 04:55:13.122 TRACE : decode interaction for time 76.667 on client 0
2025-09-16 04:55:13.122 TRACE : decode interaction for time 76.750 on client 0
2025-09-16 04:55:13.122 TRACE : decode interaction for time 76.833 on client 0
2025-09-16 04:55:13.122 TRACE : decode interaction for time 76.917 on client 0
2025-09-16 04:55:13.122 TRACE : decode interaction for time 77.000 on client 0
2025-09-16 04:55:13.122 TRACE : decode interaction for time 77.083 on client 0
2025-09-16 04:55:13.122 TRACE : decode interaction for time 77.167 on client 0
2025-09-16 04:55:13.122 TRACE : decode interaction for time 77.250 on client 0
2025-09-16 04:55:13.122 TRACE : decode interaction for time 77.333 on client 0
2025-09-16 04:55:13.122 TRACE : decode interaction for time 77.417 on client 0
2025-09-16 04:55:13.122 TRACE : decode interaction for time 77.500 on client 0
2025-09-16 04:55:13.122 TRACE : decode interaction for time 77.583 on client 0
2025-09-16 04:55:13.122 TRACE : decode interaction for time 77.667 on client 0
2025-09-16 04:55:13.122 TRACE : decode interaction for time 77.750 on client 0
2025-09-16 04:55:13.123 TRACE : decode interaction for time 77.833 on client 0
2025-09-16 04:55:13.123 TRACE : decode interaction for time 77.917 on client 0
2025-09-16 04:55:13.123 TRACE : decode interaction for time 78.000 on client 0
2025-09-16 04:55:13.123 TRACE : decode interaction for time 78.083 on client 0
2025-09-16 04:55:13.123 TRACE : decode interaction for time 78.167 on client 0
2025-09-16 04:55:13.123 TRACE : decode interaction for time 78.250 on client 0
2025-09-16 04:55:13.123 TRACE : decode interaction for time 78.333 on client 0
2025-09-16 04:55:13.123 TRACE : decode interaction for time 78.417 on client 0
2025-09-16 04:55:13.123 TRACE : decode interaction for time 78.500 on client 0
2025-09-16 04:55:13.123 TRACE : decode interaction for time 78.583 on client 0
2025-09-16 04:55:13.123 TRACE : decode interaction for time 78.667 on client 0
2025-09-16 04:55:13.123 TRACE : decode interaction for time 78.750 on client 0
2025-09-16 04:55:13.123 TRACE : decode interaction for time 78.833 on client 0
2025-09-16 04:55:13.123 TRACE : decode interaction for time 78.917 on client 0
2025-09-16 04:55:13.123 TRACE : decode interaction for time 79.000 on client 0
2025-09-16 04:55:13.123 TRACE : decode interaction for time 79.083 on client 0
2025-09-16 04:55:13.123 TRACE : decode interaction for time 79.167 on client 0
2025-09-16 04:55:13.123 TRACE : decode interaction for time 79.250 on client 0
2025-09-16 04:55:13.123 TRACE : decode interaction for time 79.333 on client 0
2025-09-16 04:55:13.123 TRACE : decode interaction for time 79.417 on client 0
2025-09-16 04:55:13.123 TRACE : decode interaction for time 79.500 on client 0
2025-09-16 04:55:13.123 TRACE : decode interaction for time 79.583 on client 0
2025-09-16 04:55:13.123 TRACE : decode interaction for time 79.667 on client 0
2025-09-16 04:55:13.123 TRACE : decode interaction for time 79.750 on client 0
2025-09-16 04:55:13.123 TRACE : decode interaction for time 79.833 on client 0
2025-09-16 04:55:13.123 TRACE : decode interaction for time 79.917 on client 0
2025-09-16 04:55:13.123 TRACE : decode interaction for time 80.000 on client 0
2025-09-16 04:55:13.123 TRACE : decode interaction for time 80.083 on client 0
2025-09-16 04:55:13.123 TRACE : decode interaction for time 80.167 on client 0
2025-09-16 04:55:13.123 TRACE : decode interaction for time 80.250 on client 0
2025-09-16 04:55:13.123 TRACE : decode interaction for time 80.333 on client 0
2025-09-16 04:55:13.123 TRACE : decode interaction for time 80.417 on client 0
2025-09-16 04:55:13.123 TRACE : decode interaction for time 80.500 on client 0
2025-09-16 04:55:13.123 TRACE : decode interaction for time 80.583 on client 0
2025-09-16 04:55:13.124 TRACE : decode interaction for time 80.667 on client 0
2025-09-16 04:55:13.124 TRACE : decode interaction for time 80.750 on client 0
2025-09-16 04:55:13.124 TRACE : decode interaction for time 80.833 on client 0
2025-09-16 04:55:13.124 TRACE : decode interaction for time 80.917 on client 0
2025-09-16 04:55:13.124 TRACE : decode interaction for time 81.000 on client 0
2025-09-16 04:55:13.124 TRACE : decode interaction for time 81.083 on client 0
2025-09-16 04:55:13.124 TRACE : decode interaction for time 81.167 on client 0
2025-09-16 04:55:13.124 TRACE : decode interaction for time 81.250 on client 0
2025-09-16 04:55:13.124 TRACE : decode interaction for time 81.333 on client 0
2025-09-16 04:55:13.124 TRACE : decode interaction for time 81.417 on client 0
2025-09-16 04:55:13.124 TRACE : decode interaction for time 81.500 on client 0
2025-09-16 04:55:13.124 TRACE : decode interaction for time 81.583 on client 0
2025-09-16 04:55:13.124 TRACE : decode interaction for time 81.667 on client 0
2025-09-16 04:55:13.124 TRACE : decode interaction for time 81.750 on client 0
2025-09-16 04:55:13.124 TRACE : decode interaction for time 81.833 on client 0
2025-09-16 04:55:13.124 TRACE : decode interaction for time 81.917 on client 0
2025-09-16 04:55:13.124 TRACE : decode interaction for time 82.000 on client 0
2025-09-16 04:55:13.124 TRACE : decode interaction for time 82.083 on client 0
2025-09-16 04:55:13.124 TRACE : decode interaction for time 82.167 on client 0
2025-09-16 04:55:13.124 TRACE : decode interaction for time 82.250 on client 0
2025-09-16 04:55:13.124 TRACE : decode interaction for time 82.333 on client 0
2025-09-16 04:55:13.125 TRACE : decode interaction for time 82.417 on client 0
2025-09-16 04:55:13.125 TRACE : decode interaction for time 82.500 on client 0
2025-09-16 04:55:13.125 TRACE : decode interaction for time 82.583 on client 0
2025-09-16 04:55:13.125 TRACE : decode interaction for time 82.667 on client 0
2025-09-16 04:55:13.125 TRACE : decode interaction for time 82.750 on client 0
2025-09-16 04:55:13.125 TRACE : decode interaction for time 82.833 on client 0
2025-09-16 04:55:13.125 TRACE : decode interaction for time 82.917 on client 0
2025-09-16 04:55:13.125 TRACE : decode interaction for time 83.000 on client 0
2025-09-16 04:55:13.125 TRACE : decode interaction for time 83.083 on client 0
2025-09-16 04:55:13.125 TRACE : decode interaction for time 83.167 on client 0
2025-09-16 04:55:13.125 TRACE : decode interaction for time 83.250 on client 0
2025-09-16 04:55:13.125 TRACE : decode interaction for time 83.333 on client 0
2025-09-16 04:55:13.125 TRACE : decode interaction for time 83.417 on client 0
2025-09-16 04:55:13.125 TRACE : decode interaction for time 83.500 on client 0
2025-09-16 04:55:13.125 TRACE : decode interaction for time 83.583 on client 0
2025-09-16 04:55:13.125 TRACE : decode interaction for time 83.667 on client 0
2025-09-16 04:55:13.125 TRACE : decode interaction for time 83.750 on client 0
2025-09-16 04:55:13.125 TRACE : decode interaction for time 83.833 on client 0
2025-09-16 04:55:13.125 TRACE : decode interaction for time 83.917 on client 0
2025-09-16 04:55:13.125 TRACE : decode interaction for time 84.000 on client 0
2025-09-16 04:55:13.125 TRACE : decode interaction for time 84.083 on client 0
2025-09-16 04:55:13.125 TRACE : decode interaction for time 84.167 on client 0
2025-09-16 04:55:13.125 TRACE : decode interaction for time 84.250 on client 0
2025-09-16 04:55:13.125 TRACE : decode interaction for time 84.333 on client 0
2025-09-16 04:55:13.125 TRACE : decode interaction for time 84.417 on client 0
2025-09-16 04:55:13.125 TRACE : decode interaction for time 84.500 on client 0
2025-09-16 04:55:13.125 TRACE : decode interaction for time 84.583 on client 0
2025-09-16 04:55:13.125 TRACE : decode interaction for time 84.667 on client 0
2025-09-16 04:55:13.125 TRACE : decode interaction for time 84.750 on client 0
2025-09-16 04:55:13.126 TRACE : decode interaction for time 84.833 on client 0
2025-09-16 04:55:13.126 TRACE : decode interaction for time 84.917 on client 0
2025-09-16 04:55:13.126 TRACE : decode interaction for time 85.000 on client 0
2025-09-16 04:55:13.126 TRACE : decode interaction for time 85.083 on client 0
2025-09-16 04:55:13.126 TRACE : decode interaction for time 85.167 on client 0
2025-09-16 04:55:13.126 TRACE : decode interaction for time 85.250 on client 0
2025-09-16 04:55:13.126 TRACE : decode interaction for time 85.333 on client 0
2025-09-16 04:55:13.126 TRACE : decode interaction for time 85.417 on client 0
2025-09-16 04:55:13.126 TRACE : decode interaction for time 85.500 on client 0
2025-09-16 04:55:13.126 TRACE : decode interaction for time 85.583 on client 0
2025-09-16 04:55:13.126 TRACE : decode interaction for time 85.667 on client 0
2025-09-16 04:55:13.126 TRACE : decode interaction for time 85.750 on client 0
2025-09-16 04:55:13.126 TRACE : decode interaction for time 85.833 on client 0
2025-09-16 04:55:13.126 TRACE : decode interaction for time 85.917 on client 0
2025-09-16 04:55:13.126 TRACE : decode interaction for time 86.000 on client 0
2025-09-16 04:55:13.126 TRACE : decode interaction for time 86.083 on client 0
2025-09-16 04:55:13.127 TRACE : decode interaction for time 86.167 on client 0
2025-09-16 04:55:13.127 TRACE : decode interaction for time 86.250 on client 0
2025-09-16 04:55:13.127 TRACE : decode interaction for time 86.333 on client 0
2025-09-16 04:55:13.127 TRACE : decode interaction for time 86.417 on client 0
2025-09-16 04:55:13.127 TRACE : decode interaction for time 86.500 on client 0
2025-09-16 04:55:13.127 TRACE : decode interaction for time 86.583 on client 0
2025-09-16 04:55:13.127 TRACE : decode interaction for time 86.667 on client 0
2025-09-16 04:55:13.127 TRACE : decode interaction for time 86.750 on client 0
2025-09-16 04:55:13.127 TRACE : decode interaction for time 86.833 on client 0
2025-09-16 04:55:13.127 TRACE : decode interaction for time 86.917 on client 0
2025-09-16 04:55:13.127 TRACE : decode interaction for time 87.000 on client 0
2025-09-16 04:55:13.127 TRACE : decode interaction for time 87.083 on client 0
2025-09-16 04:55:13.127 TRACE : decode interaction for time 87.167 on client 0
2025-09-16 04:55:13.127 TRACE : decode interaction for time 87.250 on client 0
2025-09-16 04:55:13.127 TRACE : decode interaction for time 87.333 on client 0
2025-09-16 04:55:13.127 TRACE : decode interaction for time 87.417 on client 0
2025-09-16 04:55:13.127 TRACE : decode interaction for time 87.500 on client 0
2025-09-16 04:55:13.127 TRACE : decode interaction for time 87.583 on client 0
2025-09-16 04:55:13.127 TRACE : decode interaction for time 87.667 on client 0
2025-09-16 04:55:13.127 TRACE : decode interaction for time 87.750 on client 0
2025-09-16 04:55:13.127 TRACE : decode interaction for time 87.833 on client 0
2025-09-16 04:55:13.127 TRACE : decode interaction for time 87.917 on client 0
2025-09-16 04:55:13.127 TRACE : decode interaction for time 88.000 on client 0
2025-09-16 04:55:13.127 TRACE : decode interaction for time 88.083 on client 0
2025-09-16 04:55:13.127 TRACE : decode interaction for time 88.167 on client 0
2025-09-16 04:55:13.127 TRACE : decode interaction for time 88.250 on client 0
2025-09-16 04:55:13.127 TRACE : decode interaction for time 88.333 on client 0
2025-09-16 04:55:13.127 TRACE : decode interaction for time 88.417 on client 0
2025-09-16 04:55:13.127 TRACE : decode interaction for time 88.500 on client 0
2025-09-16 04:55:13.127 TRACE : decode interaction for time 88.583 on client 0
2025-09-16 04:55:13.127 TRACE : decode interaction for time 88.667 on client 0
2025-09-16 04:55:13.127 TRACE : decode interaction for time 88.750 on client 0
2025-09-16 04:55:13.127 TRACE : decode interaction for time 88.833 on client 0
2025-09-16 04:55:13.127 TRACE : decode interaction for time 88.917 on client 0
2025-09-16 04:55:13.128 TRACE : decode interaction for time 89.000 on client 0
2025-09-16 04:55:13.128 TRACE : decode interaction for time 89.083 on client 0
2025-09-16 04:55:13.128 TRACE : decode interaction for time 89.167 on client 0
2025-09-16 04:55:13.128 TRACE : decode interaction for time 89.250 on client 0
2025-09-16 04:55:13.128 TRACE : decode interaction for time 89.333 on client 0
2025-09-16 04:55:13.128 TRACE : decode interaction for time 89.417 on client 0
2025-09-16 04:55:13.128 TRACE : decode interaction for time 89.500 on client 0
2025-09-16 04:55:13.128 TRACE : decode interaction for time 89.583 on client 0
2025-09-16 04:55:13.128 TRACE : decode interaction for time 89.667 on client 0
2025-09-16 04:55:13.128 TRACE : decode interaction for time 89.750 on client 0
2025-09-16 04:55:13.128 TRACE : decode interaction for time 89.833 on client 0
2025-09-16 04:55:13.128 TRACE : decode interaction for time 89.917 on client 0
2025-09-16 04:55:13.128 TRACE : decode interaction for time 90.000 on client 0
2025-09-16 04:55:13.128 TRACE : decode interaction for time 90.083 on client 0
2025-09-16 04:55:13.128 TRACE : decode interaction for time 90.167 on client 0
2025-09-16 04:55:13.128 TRACE : decode interaction for time 90.250 on client 0
2025-09-16 04:55:13.128 TRACE : decode interaction for time 90.333 on client 0
2025-09-16 04:55:13.129 TRACE : decode interaction for time 90.417 on client 0
2025-09-16 04:55:13.129 TRACE : decode interaction for time 90.500 on client 0
2025-09-16 04:55:13.129 TRACE : decode interaction for time 90.583 on client 0
2025-09-16 04:55:13.129 TRACE : decode interaction for time 90.667 on client 0
2025-09-16 04:55:13.129 TRACE : decode interaction for time 90.750 on client 0
2025-09-16 04:55:13.129 TRACE : decode interaction for time 90.833 on client 0
2025-09-16 04:55:13.129 TRACE : decode interaction for time 90.917 on client 0
2025-09-16 04:55:13.129 TRACE : decode interaction for time 91.000 on client 0
2025-09-16 04:55:13.129 TRACE : decode interaction for time 91.083 on client 0
2025-09-16 04:55:13.129 TRACE : decode interaction for time 91.167 on client 0
2025-09-16 04:55:13.129 TRACE : decode interaction for time 91.250 on client 0
2025-09-16 04:55:13.129 TRACE : decode interaction for time 91.333 on client 0
2025-09-16 04:55:13.129 TRACE : decode interaction for time 91.417 on client 0
2025-09-16 04:55:13.129 TRACE : decode interaction for time 91.500 on client 0
2025-09-16 04:55:13.129 TRACE : decode interaction for time 91.583 on client 0
2025-09-16 04:55:13.129 TRACE : decode interaction for time 91.667 on client 0
2025-09-16 04:55:13.129 TRACE : decode interaction for time 91.750 on client 0
2025-09-16 04:55:13.129 TRACE : decode interaction for time 91.833 on client 0
2025-09-16 04:55:13.129 TRACE : decode interaction for time 91.917 on client 0
2025-09-16 04:55:13.129 TRACE : decode interaction for time 92.000 on client 0
2025-09-16 04:55:13.129 TRACE : decode interaction for time 92.083 on client 0
2025-09-16 04:55:13.129 TRACE : decode interaction for time 92.167 on client 0
2025-09-16 04:55:13.129 TRACE : decode interaction for time 92.250 on client 0
2025-09-16 04:55:13.129 TRACE : decode interaction for time 92.333 on client 0
2025-09-16 04:55:13.129 TRACE : decode interaction for time 92.417 on client 0
2025-09-16 04:55:13.129 TRACE : decode interaction for time 92.500 on client 0
2025-09-16 04:55:13.129 TRACE : decode interaction for time 92.583 on client 0
2025-09-16 04:55:13.129 TRACE : decode interaction for time 92.667 on client 0
2025-09-16 04:55:13.129 TRACE : decode interaction for time 92.750 on client 0
2025-09-16 04:55:13.129 TRACE : decode interaction for time 92.833 on client 0
2025-09-16 04:55:13.129 TRACE : decode interaction for time 92.917 on client 0
2025-09-16 04:55:13.129 TRACE : decode interaction for time 93.000 on client 0
2025-09-16 04:55:13.129 TRACE : decode interaction for time 93.083 on client 0
2025-09-16 04:55:13.130 TRACE : decode interaction for time 93.167 on client 0
2025-09-16 04:55:13.130 TRACE : decode interaction for time 93.250 on client 0
2025-09-16 04:55:13.130 TRACE : decode interaction for time 93.333 on client 0
2025-09-16 04:55:13.130 TRACE : decode interaction for time 93.417 on client 0
2025-09-16 04:55:13.130 TRACE : decode interaction for time 93.500 on client 0
2025-09-16 04:55:13.130 TRACE : decode interaction for time 93.583 on client 0
2025-09-16 04:55:13.130 TRACE : decode interaction for time 93.667 on client 0
2025-09-16 04:55:13.130 TRACE : decode interaction for time 93.750 on client 0
2025-09-16 04:55:13.130 TRACE : decode interaction for time 93.833 on client 0
2025-09-16 04:55:13.130 TRACE : decode interaction for time 93.917 on client 0
2025-09-16 04:55:13.130 TRACE : decode interaction for time 94.000 on client 0
2025-09-16 04:55:13.130 TRACE : decode interaction for time 94.083 on client 0
2025-09-16 04:55:13.130 TRACE : decode interaction for time 94.167 on client 0
2025-09-16 04:55:13.130 TRACE : decode interaction for time 94.250 on client 0
2025-09-16 04:55:13.130 TRACE : decode interaction for time 94.333 on client 0
2025-09-16 04:55:13.130 TRACE : decode interaction for time 94.417 on client 0
2025-09-16 04:55:13.130 TRACE : decode interaction for time 94.500 on client 0
2025-09-16 04:55:13.130 TRACE : decode interaction for time 94.583 on client 0
2025-09-16 04:55:13.130 TRACE : decode interaction for time 94.667 on client 0
2025-09-16 04:55:13.130 TRACE : decode interaction for time 94.750 on client 0
2025-09-16 04:55:13.130 TRACE : decode interaction for time 94.833 on client 0
2025-09-16 04:55:13.130 TRACE : decode interaction for time 94.917 on client 0
2025-09-16 04:55:13.130 TRACE : decode interaction for time 95.000 on client 0
2025-09-16 04:55:13.130 TRACE : decode interaction for time 95.083 on client 0
2025-09-16 04:55:13.130 TRACE : decode interaction for time 95.167 on client 0
2025-09-16 04:55:13.130 TRACE : decode interaction for time 95.250 on client 0
2025-09-16 04:55:13.130 TRACE : decode interaction for time 95.333 on client 0
2025-09-16 04:55:13.130 TRACE : decode interaction for time 95.417 on client 0
2025-09-16 04:55:13.130 TRACE : decode interaction for time 95.500 on client 0
2025-09-16 04:55:13.130 TRACE : decode interaction for time 95.583 on client 0
2025-09-16 04:55:13.130 TRACE : decode interaction for time 95.667 on client 0
2025-09-16 04:55:13.130 TRACE : decode interaction for time 95.750 on client 0
2025-09-16 04:55:13.130 TRACE : decode interaction for time 95.833 on client 0
2025-09-16 04:55:13.132 TRACE : decode interaction for time 95.917 on client 0
2025-09-16 04:55:13.132 TRACE : decode interaction for time 96.000 on client 0
2025-09-16 04:55:13.132 TRACE : decode interaction for time 96.083 on client 0
2025-09-16 04:55:13.132 TRACE : decode interaction for time 96.167 on client 0
2025-09-16 04:55:13.132 TRACE : decode interaction for time 96.250 on client 0
2025-09-16 04:55:13.132 TRACE : decode interaction for time 96.333 on client 0
2025-09-16 04:55:13.132 TRACE : decode interaction for time 96.417 on client 0
2025-09-16 04:55:13.132 TRACE : decode interaction for time 96.500 on client 0
2025-09-16 04:55:13.132 TRACE : decode interaction for time 96.583 on client 0
2025-09-16 04:55:13.132 TRACE : decode interaction for time 96.667 on client 0
2025-09-16 04:55:13.132 TRACE : decode interaction for time 96.750 on client 0
2025-09-16 04:55:13.132 TRACE : decode interaction for time 96.833 on client 0
2025-09-16 04:55:13.132 TRACE : decode interaction for time 96.917 on client 0
2025-09-16 04:55:13.132 TRACE : decode interaction for time 97.000 on client 0
2025-09-16 04:55:13.132 TRACE : decode interaction for time 97.083 on client 0
2025-09-16 04:55:13.132 TRACE : decode interaction for time 97.167 on client 0
2025-09-16 04:55:13.132 TRACE : decode interaction for time 97.250 on client 0
2025-09-16 04:55:13.132 TRACE : decode interaction for time 97.333 on client 0
2025-09-16 04:55:13.132 TRACE : decode interaction for time 97.417 on client 0
2025-09-16 04:55:13.132 TRACE : decode interaction for time 97.500 on client 0
2025-09-16 04:55:13.132 TRACE : decode interaction for time 97.583 on client 0
2025-09-16 04:55:13.132 TRACE : decode interaction for time 97.667 on client 0
2025-09-16 04:55:13.132 TRACE : decode interaction for time 97.750 on client 0
2025-09-16 04:55:13.132 TRACE : decode interaction for time 97.833 on client 0
2025-09-16 04:55:13.132 TRACE : decode interaction for time 97.917 on client 0
2025-09-16 04:55:13.132 TRACE : decode interaction for time 98.000 on client 0
2025-09-16 04:55:13.132 TRACE : decode interaction for time 98.083 on client 0
2025-09-16 04:55:13.132 TRACE : decode interaction for time 98.167 on client 0
2025-09-16 04:55:13.132 TRACE : decode interaction for time 98.250 on client 0
2025-09-16 04:55:13.132 TRACE : decode interaction for time 98.333 on client 0
2025-09-16 04:55:13.132 TRACE : decode interaction for time 98.417 on client 0
2025-09-16 04:55:13.132 TRACE : decode interaction for time 98.500 on client 0
2025-09-16 04:55:13.132 TRACE : decode interaction for time 98.583 on client 0
2025-09-16 04:55:13.132 TRACE : decode interaction for time 98.667 on client 0
2025-09-16 04:55:13.133 TRACE : decode interaction for time 98.750 on client 0
2025-09-16 04:55:13.133 TRACE : decode interaction for time 98.833 on client 0
2025-09-16 04:55:13.133 TRACE : decode interaction for time 98.917 on client 0
2025-09-16 04:55:13.133 TRACE : decode interaction for time 99.000 on client 0
2025-09-16 04:55:13.133 TRACE : decode interaction for time 99.083 on client 0
2025-09-16 04:55:13.133 TRACE : decode interaction for time 99.167 on client 0
2025-09-16 04:55:13.133 TRACE : decode interaction for time 99.250 on client 0
2025-09-16 04:55:13.133 TRACE : decode interaction for time 99.333 on client 0
2025-09-16 04:55:13.133 TRACE : decode interaction for time 99.417 on client 0
2025-09-16 04:55:13.133 TRACE : decode interaction for time 99.500 on client 0
2025-09-16 04:55:13.133 TRACE : decode interaction for time 99.583 on client 0
2025-09-16 04:55:13.133 TRACE : decode interaction for time 99.667 on client 0
2025-09-16 04:55:13.133 TRACE : decode interaction for time 99.750 on client 0
2025-09-16 04:55:13.133 TRACE : decode interaction for time 99.833 on client 0
2025-09-16 04:55:13.133 TRACE : decode interaction for time 99.917 on client 0
2025-09-16 04:55:13.133 TRACE : decode interaction for time 100.000 on client 0
2025-09-16 04:55:13.133 DEBUG : runtime is ready
2025-09-16 04:55:13.133 DEBUG : numDecoded = 0
2025-09-16 04:55:13.133 TRACE : closed decode channel
2025-09-16 04:55:13.133 TRACE : sort interactions
2025-09-16 04:55:13.133 DEBUG : synchronize with primary
2025-09-16 04:55:13.133 TRACE : wait for primary start signal
2025-09-16 04:55:13.133 INFO  : run benchmark for 100.000 seconds
2025-09-16 04:55:13.217 TRACE : trigger interaction 0xc0000f4960 1/1200
[TRACE] Decoding transaction bytes of length: 229
[TRACE] Transaction type: 6
[TRACE] Successfully decoded transaction with hash: af8f4daa8981d4958e3e9aaec8444b3081d4be18678b739bb8187de32d06227c
2025-09-16 04:55:13.218 TRACE client[0]: Processing transaction with hash: af8f4daa8981d4958e3e9aaec8444b3081d4be18678b739bb8187de32d06227c
2025-09-16 04:55:13.218 DEBUG client[0]: Submitting transaction af8f4daa8981d4958e3e9aaec8444b3081d4be18678b739bb8187de32d06227c
2025-09-16 04:55:13.300 TRACE : trigger interaction 0xc0000f4a50 2/1200
[TRACE] Decoding transaction bytes of length: 229
[TRACE] Transaction type: 6
[TRACE] Successfully decoded transaction with hash: 91c1fef163e8b0a758e874a13fbb8edd3b886a846a668bf513166c19333944be
2025-09-16 04:55:13.301 TRACE client[0]: Processing transaction with hash: 91c1fef163e8b0a758e874a13fbb8edd3b886a846a668bf513166c19333944be
2025-09-16 04:55:13.301 DEBUG client[0]: Submitting transaction 91c1fef163e8b0a758e874a13fbb8edd3b886a846a668bf513166c19333944be
2025-09-16 04:55:13.384 TRACE : trigger interaction 0xc0000f4b40 3/1200
[TRACE] Decoding transaction bytes of length: 229
[TRACE] Transaction type: 6
[TRACE] Successfully decoded transaction with hash: 56204eeb70b2d42a31d0cc287d2ad46b5c89c8191d1be2db748d050182c20f50
2025-09-16 04:55:13.384 TRACE client[0]: Processing transaction with hash: 56204eeb70b2d42a31d0cc287d2ad46b5c89c8191d1be2db748d050182c20f50
2025-09-16 04:55:13.384 DEBUG client[0]: Submitting transaction 56204eeb70b2d42a31d0cc287d2ad46b5c89c8191d1be2db748d050182c20f50
2025-09-16 04:55:13.467 TRACE : trigger interaction 0xc0000f4c30 4/1200
[TRACE] Decoding transaction bytes of length: 229
[TRACE] Transaction type: 6
[TRACE] Successfully decoded transaction with hash: 942f898aee60b9c886ce69771efa41cf4cbcf6daf0cb08ebf5bd4b8ad63f5739
2025-09-16 04:55:13.467 TRACE client[0]: Processing transaction with hash: 942f898aee60b9c886ce69771efa41cf4cbcf6daf0cb08ebf5bd4b8ad63f5739
2025-09-16 04:55:13.467 DEBUG client[0]: Submitting transaction 942f898aee60b9c886ce69771efa41cf4cbcf6daf0cb08ebf5bd4b8ad63f5739
2025-09-16 04:55:13.550 TRACE : trigger interaction 0xc0000f4d20 5/1200
[TRACE] Decoding transaction bytes of length: 229
[TRACE] Transaction type: 6
[TRACE] Successfully decoded transaction with hash: 06cb8de6bf9c74a90296371ba550c63eccb07f48f04ed8dd9ef1095ee52201ff
2025-09-16 04:55:13.551 TRACE client[0]: Processing transaction with hash: 06cb8de6bf9c74a90296371ba550c63eccb07f48f04ed8dd9ef1095ee52201ff
2025-09-16 04:55:13.551 DEBUG client[0]: Submitting transaction 06cb8de6bf9c74a90296371ba550c63eccb07f48f04ed8dd9ef1095ee52201ff
2025-09-16 04:55:13.634 TRACE : trigger interaction 0xc0000f4e10 6/1200
[TRACE] Decoding transaction bytes of length: 229
[TRACE] Transaction type: 6
[TRACE] Successfully decoded transaction with hash: 6c14c1052c941ec57c957ddd5a514caf970f313b48bb9346b987a0176622d661
2025-09-16 04:55:13.634 TRACE client[0]: Processing transaction with hash: 6c14c1052c941ec57c957ddd5a514caf970f313b48bb9346b987a0176622d661
2025-09-16 04:55:13.634 DEBUG client[0]: Submitting transaction 6c14c1052c941ec57c957ddd5a514caf970f313b48bb9346b987a0176622d661
2025-09-16 04:55:13.717 TRACE : trigger interaction 0xc0000f4f00 7/1200
[TRACE] Decoding transaction bytes of length: 229
[TRACE] Transaction type: 6
[TRACE] Successfully decoded transaction with hash: 5bdcc261d9aba87112024cb4ec5262420b7f01c3b2be0131a61e1e1bd393e8f0
2025-09-16 04:55:13.717 TRACE client[0]: Processing transaction with hash: 5bdcc261d9aba87112024cb4ec5262420b7f01c3b2be0131a61e1e1bd393e8f0
2025-09-16 04:55:13.717 DEBUG client[0]: Submitting transaction 5bdcc261d9aba87112024cb4ec5262420b7f01c3b2be0131a61e1e1bd393e8f0
2025-09-16 04:55:13.800 TRACE : trigger interaction 0xc0000f4ff0 8/1200
[TRACE] Decoding transaction bytes of length: 229
[TRACE] Transaction type: 6
[TRACE] Successfully decoded transaction with hash: 3d18654c669ba4aaf45514bd77c51ab166f362e5d6da29059fa9f193243ef2ba
2025-09-16 04:55:13.801 TRACE client[0]: Processing transaction with hash: 3d18654c669ba4aaf45514bd77c51ab166f362e5d6da29059fa9f193243ef2ba
2025-09-16 04:55:13.801 DEBUG client[0]: Submitting transaction 3d18654c669ba4aaf45514bd77c51ab166f362e5d6da29059fa9f193243ef2ba
2025-09-16 04:55:13.884 TRACE : trigger interaction 0xc0000f50e0 9/1200
[TRACE] Decoding transaction bytes of length: 229
[TRACE] Transaction type: 6
[TRACE] Successfully decoded transaction with hash: 753040ec474ad58ab936898f08110ea444fb1f959dbd928efd0c580a376216b3
2025-09-16 04:55:13.884 TRACE client[0]: Processing transaction with hash: 753040ec474ad58ab936898f08110ea444fb1f959dbd928efd0c580a376216b3
2025-09-16 04:55:13.884 DEBUG client[0]: Submitting transaction 753040ec474ad58ab936898f08110ea444fb1f959dbd928efd0c580a376216b3
2025-09-16 04:55:13.967 TRACE : trigger interaction 0xc0000f51d0 10/1200
[TRACE] Decoding transaction bytes of length: 229
[TRACE] Transaction type: 6
[TRACE] Successfully decoded transaction with hash: 5cd555a87d31e71b2b72804ce2c3cc01b46b655b6926b5e4d078b076008a2919
2025-09-16 04:55:13.968 TRACE client[0]: Processing transaction with hash: 5cd555a87d31e71b2b72804ce2c3cc01b46b655b6926b5e4d078b076008a2919
2025-09-16 04:55:13.968 DEBUG client[0]: Submitting transaction 5cd555a87d31e71b2b72804ce2c3cc01b46b655b6926b5e4d078b076008a2919
2025-09-16 04:55:14.051 TRACE : trigger interaction 0xc0000f52c0 11/1200
[TRACE] Decoding transaction bytes of length: 229
[TRACE] Transaction type: 6
[TRACE] Successfully decoded transaction with hash: a5c7eb7d3316d92ddcdd6a0e80ef9f2e4ff14998d65bf4878024dcf72bfaa8c0
2025-09-16 04:55:14.051 TRACE client[0]: Processing transaction with hash: a5c7eb7d3316d92ddcdd6a0e80ef9f2e4ff14998d65bf4878024dcf72bfaa8c0
2025-09-16 04:55:14.051 DEBUG client[0]: Submitting transaction a5c7eb7d3316d92ddcdd6a0e80ef9f2e4ff14998d65bf4878024dcf72bfaa8c0
2025-09-16 04:55:14.134 TRACE : trigger interaction 0xc0000f53b0 12/1200
[TRACE] Decoding transaction bytes of length: 229
[TRACE] Transaction type: 6
[TRACE] Successfully decoded transaction with hash: 6b51963588bd64df22c9fb09e2a6475978abb6c6463f5e37a005421998038d00
2025-09-16 04:55:14.134 TRACE client[0]: Processing transaction with hash: 6b51963588bd64df22c9fb09e2a6475978abb6c6463f5e37a005421998038d00
2025-09-16 04:55:14.134 DEBUG client[0]: Submitting transaction 6b51963588bd64df22c9fb09e2a6475978abb6c6463f5e37a005421998038d00
2025-09-16 04:55:14.217 TRACE : trigger interaction 0xc0000f54a0 13/1200
[TRACE] Decoding transaction bytes of length: 229
[TRACE] Transaction type: 6
[TRACE] Successfully decoded transaction with hash: caf4008fa93769cee0875200fb602255dcba595d64496f465daaef18fdbbb2ea
2025-09-16 04:55:14.218 TRACE client[0]: Processing transaction with hash: caf4008fa93769cee0875200fb602255dcba595d64496f465daaef18fdbbb2ea
2025-09-16 04:55:14.218 DEBUG client[0]: Submitting transaction caf4008fa93769cee0875200fb602255dcba595d64496f465daaef18fdbbb2ea
2025-09-16 04:55:14.300 TRACE : trigger interaction 0xc0000f5590 14/1200
[TRACE] Decoding transaction bytes of length: 229
[TRACE] Transaction type: 6
[TRACE] Successfully decoded transaction with hash: de911fa8c90bba7b6045e54773d53b54c17df09b2cfb195a977548fca5464792
2025-09-16 04:55:14.300 TRACE client[0]: Processing transaction with hash: de911fa8c90bba7b6045e54773d53b54c17df09b2cfb195a977548fca5464792
2025-09-16 04:55:14.300 DEBUG client[0]: Submitting transaction de911fa8c90bba7b6045e54773d53b54c17df09b2cfb195a977548fca5464792
2025-09-16 04:55:14.384 TRACE : trigger interaction 0xc0000f5680 15/1200
[TRACE] Decoding transaction bytes of length: 229
[TRACE] Transaction type: 6
[TRACE] Successfully decoded transaction with hash: 71acf266bc75ddb9133388b418de6ec2a1456052eb408622a90f96a3b6f4f3fc
2025-09-16 04:55:14.385 TRACE client[0]: Processing transaction with hash: 71acf266bc75ddb9133388b418de6ec2a1456052eb408622a90f96a3b6f4f3fc
2025-09-16 04:55:14.385 DEBUG client[0]: Submitting transaction 71acf266bc75ddb9133388b418de6ec2a1456052eb408622a90f96a3b6f4f3fc
2025-09-16 04:55:14.467 TRACE : trigger interaction 0xc0000f5770 16/1200
[TRACE] Decoding transaction bytes of length: 229
[TRACE] Transaction type: 6
[TRACE] Successfully decoded transaction with hash: 78032ce49518c3dd2d7ab6a97e8d23cebfd9dbfbaa028ad9e1559ab43b1ef654
2025-09-16 04:55:14.468 TRACE client[0]: Processing transaction with hash: 78032ce49518c3dd2d7ab6a97e8d23cebfd9dbfbaa028ad9e1559ab43b1ef654
2025-09-16 04:55:14.468 DEBUG client[0]: Submitting transaction 78032ce49518c3dd2d7ab6a97e8d23cebfd9dbfbaa028ad9e1559ab43b1ef654
2025-09-16 04:55:14.550 TRACE : trigger interaction 0xc0000f5860 17/1200
[TRACE] Decoding transaction bytes of length: 229
[TRACE] Transaction type: 6
[TRACE] Successfully decoded transaction with hash: 2d5f6cac382d60ef34ae8cc8fdb537b5880101a2f5586d40f1ef2d3939e91462
2025-09-16 04:55:14.550 TRACE client[0]: Processing transaction with hash: 2d5f6cac382d60ef34ae8cc8fdb537b5880101a2f5586d40f1ef2d3939e91462
2025-09-16 04:55:14.550 DEBUG client[0]: Submitting transaction 2d5f6cac382d60ef34ae8cc8fdb537b5880101a2f5586d40f1ef2d3939e91462
2025-09-16 04:55:14.634 TRACE : trigger interaction 0xc0000f5950 18/1200
[TRACE] Decoding transaction bytes of length: 229
[TRACE] Transaction type: 6
[TRACE] Successfully decoded transaction with hash: f1ef4a2a6d7907fa9fd38092d9f0a4ac2a01b59feb25050e5fea85851b9820a1
2025-09-16 04:55:14.634 TRACE client[0]: Processing transaction with hash: f1ef4a2a6d7907fa9fd38092d9f0a4ac2a01b59feb25050e5fea85851b9820a1
2025-09-16 04:55:14.634 DEBUG client[0]: Submitting transaction f1ef4a2a6d7907fa9fd38092d9f0a4ac2a01b59feb25050e5fea85851b9820a1
2025-09-16 04:55:14.717 TRACE : trigger interaction 0xc0000f5a40 19/1200
[TRACE] Decoding transaction bytes of length: 229
[TRACE] Transaction type: 6
[TRACE] Successfully decoded transaction with hash: 009389a90cf6b6a5c6a564bf3bfd3a580f1662b90713a7f8ca9b4a45756a8b7c
2025-09-16 04:55:14.718 TRACE client[0]: Processing transaction with hash: 009389a90cf6b6a5c6a564bf3bfd3a580f1662b90713a7f8ca9b4a45756a8b7c
2025-09-16 04:55:14.718 DEBUG client[0]: Submitting transaction 009389a90cf6b6a5c6a564bf3bfd3a580f1662b90713a7f8ca9b4a45756a8b7c
2025-09-16 04:55:14.801 TRACE : trigger interaction 0xc0000f5b30 20/1200
[TRACE] Decoding transaction bytes of length: 229
[TRACE] Transaction type: 6
[TRACE] Successfully decoded transaction with hash: a1e5d68e2fb4360bcd08ee4c7576c6352e0622482deaf40a7f5cb3aca494a926
2025-09-16 04:55:14.801 TRACE client[0]: Processing transaction with hash: a1e5d68e2fb4360bcd08ee4c7576c6352e0622482deaf40a7f5cb3aca494a926
2025-09-16 04:55:14.801 DEBUG client[0]: Submitting transaction a1e5d68e2fb4360bcd08ee4c7576c6352e0622482deaf40a7f5cb3aca494a926
2025-09-16 04:55:14.884 TRACE : trigger interaction 0xc0000f5c20 21/1200
[TRACE] Decoding transaction bytes of length: 229
[TRACE] Transaction type: 6
[TRACE] Successfully decoded transaction with hash: ab93e291bc356d8080df5163a70d892521aeb7b39cc896bcdcca51a59556df51
2025-09-16 04:55:14.884 TRACE client[0]: Processing transaction with hash: ab93e291bc356d8080df5163a70d892521aeb7b39cc896bcdcca51a59556df51
2025-09-16 04:55:14.884 DEBUG client[0]: Submitting transaction ab93e291bc356d8080df5163a70d892521aeb7b39cc896bcdcca51a59556df51
2025-09-16 04:55:14.967 TRACE : trigger interaction 0xc0000f5d10 22/1200
[TRACE] Decoding transaction bytes of length: 229
[TRACE] Transaction type: 6
[TRACE] Successfully decoded transaction with hash: 6a4baec21a5ce666e25ae3c6fc1ab5266f53deee0239f32be52dbecd51fa7d90
2025-09-16 04:55:14.968 TRACE client[0]: Processing transaction with hash: 6a4baec21a5ce666e25ae3c6fc1ab5266f53deee0239f32be52dbecd51fa7d90
2025-09-16 04:55:14.968 DEBUG client[0]: Submitting transaction 6a4baec21a5ce666e25ae3c6fc1ab5266f53deee0239f32be52dbecd51fa7d90
2025-09-16 04:55:15.051 TRACE : trigger interaction 0xc0000f5e00 23/1200
[TRACE] Decoding transaction bytes of length: 229
[TRACE] Transaction type: 6
[TRACE] Successfully decoded transaction with hash: e043a36643fca6f0924920e8f9ff0112c96eab8203bad59db8c7a15154f39c32
2025-09-16 04:55:15.051 TRACE client[0]: Processing transaction with hash: e043a36643fca6f0924920e8f9ff0112c96eab8203bad59db8c7a15154f39c32
2025-09-16 04:55:15.051 DEBUG client[0]: Submitting transaction e043a36643fca6f0924920e8f9ff0112c96eab8203bad59db8c7a15154f39c32
2025-09-16 04:55:15.134 TRACE : trigger interaction 0xc0000f5ef0 24/1200
[TRACE] Decoding transaction bytes of length: 229
[TRACE] Transaction type: 6
[TRACE] Successfully decoded transaction with hash: 6ade9f3da863d80e1984663e541841e9932e3a97f21dd96c50b674ce54fcdbe8
2025-09-16 04:55:15.134 TRACE client[0]: Processing transaction with hash: 6ade9f3da863d80e1984663e541841e9932e3a97f21dd96c50b674ce54fcdbe8
2025-09-16 04:55:15.134 DEBUG client[0]: Submitting transaction 6ade9f3da863d80e1984663e541841e9932e3a97f21dd96c50b674ce54fcdbe8
2025-09-16 04:55:15.217 TRACE : trigger interaction 0xc00037c000 25/1200
[TRACE] Decoding transaction bytes of length: 229
[TRACE] Transaction type: 6
[TRACE] Successfully decoded transaction with hash: cb1fba783ae958c8a920d64b6fc1322740a905c49771bf986d8d705e11232039
2025-09-16 04:55:15.218 TRACE client[0]: Processing transaction with hash: cb1fba783ae958c8a920d64b6fc1322740a905c49771bf986d8d705e11232039
2025-09-16 04:55:15.218 DEBUG client[0]: Submitting transaction cb1fba783ae958c8a920d64b6fc1322740a905c49771bf986d8d705e11232039
2025-09-16 04:55:15.301 TRACE : trigger interaction 0xc00037c0f0 26/1200
[TRACE] Decoding transaction bytes of length: 229
[TRACE] Transaction type: 6
[TRACE] Successfully decoded transaction with hash: 8249323dee79bf94713f8515e9c97f96f65b23ea1a5433cb49afce25c3797ab0
2025-09-16 04:55:15.301 TRACE client[0]: Processing transaction with hash: 8249323dee79bf94713f8515e9c97f96f65b23ea1a5433cb49afce25c3797ab0
2025-09-16 04:55:15.301 DEBUG client[0]: Submitting transaction 8249323dee79bf94713f8515e9c97f96f65b23ea1a5433cb49afce25c3797ab0
2025-09-16 04:55:15.384 TRACE : trigger interaction 0xc00037c1e0 27/1200
[TRACE] Decoding transaction bytes of length: 229
[TRACE] Transaction type: 6
[TRACE] Successfully decoded transaction with hash: 867d52f65bfabf49fa6c36755d8702ac0e0a7a0335de7e6c94b69f01eec7bd57
2025-09-16 04:55:15.384 TRACE client[0]: Processing transaction with hash: 867d52f65bfabf49fa6c36755d8702ac0e0a7a0335de7e6c94b69f01eec7bd57
2025-09-16 04:55:15.384 DEBUG client[0]: Submitting transaction 867d52f65bfabf49fa6c36755d8702ac0e0a7a0335de7e6c94b69f01eec7bd57
2025-09-16 04:55:15.467 TRACE : trigger interaction 0xc00037c2d0 28/1200
[TRACE] Decoding transaction bytes of length: 229
[TRACE] Transaction type: 6
[TRACE] Successfully decoded transaction with hash: 852faa500dcbd1529e7107f859f69c7779124509b5bada28780504897e9bf6aa
2025-09-16 04:55:15.468 TRACE client[0]: Processing transaction with hash: 852faa500dcbd1529e7107f859f69c7779124509b5bada28780504897e9bf6aa
2025-09-16 04:55:15.468 DEBUG client[0]: Submitting transaction 852faa500dcbd1529e7107f859f69c7779124509b5bada28780504897e9bf6aa
2025-09-16 04:55:15.551 TRACE : trigger interaction 0xc00037c3c0 29/1200
[TRACE] Decoding transaction bytes of length: 229
[TRACE] Transaction type: 6
[TRACE] Successfully decoded transaction with hash: 759a256e30078ebd1e76ee8dbf01a6313a0525b60045a04d46d1e8817d2c390f
2025-09-16 04:55:15.551 TRACE client[0]: Processing transaction with hash: 759a256e30078ebd1e76ee8dbf01a6313a0525b60045a04d46d1e8817d2c390f
2025-09-16 04:55:15.551 DEBUG client[0]: Submitting transaction 759a256e30078ebd1e76ee8dbf01a6313a0525b60045a04d46d1e8817d2c390f
2025-09-16 04:55:15.634 TRACE : trigger interaction 0xc00037c4b0 30/1200
[TRACE] Decoding transaction bytes of length: 229
[TRACE] Transaction type: 6
[TRACE] Successfully decoded transaction with hash: def64a8537a104176c5191939885771b918448a601a0ac3785fda32c3a08c8bd
2025-09-16 04:55:15.634 TRACE client[0]: Processing transaction with hash: def64a8537a104176c5191939885771b918448a601a0ac3785fda32c3a08c8bd
2025-09-16 04:55:15.634 DEBUG client[0]: Submitting transaction def64a8537a104176c5191939885771b918448a601a0ac3785fda32c3a08c8bd
2025-09-16 04:55:15.717 TRACE : trigger interaction 0xc00037c5a0 31/1200
[TRACE] Decoding transaction bytes of length: 229
[TRACE] Transaction type: 6
[TRACE] Successfully decoded transaction with hash: 84b067bb04ec579d3dafa1e66f82f896a95b83ff68d89b4280be9e4de8af617b
2025-09-16 04:55:15.718 TRACE client[0]: Processing transaction with hash: 84b067bb04ec579d3dafa1e66f82f896a95b83ff68d89b4280be9e4de8af617b
2025-09-16 04:55:15.718 DEBUG client[0]: Submitting transaction 84b067bb04ec579d3dafa1e66f82f896a95b83ff68d89b4280be9e4de8af617b
2025-09-16 04:55:15.801 TRACE : trigger interaction 0xc00037c690 32/1200
[TRACE] Decoding transaction bytes of length: 229
[TRACE] Transaction type: 6
[TRACE] Successfully decoded transaction with hash: d4673167a4481d7c80c4ac9b7ba16da0ccf4d39772b4b481bdadd84406279ab4
2025-09-16 04:55:15.801 TRACE client[0]: Processing transaction with hash: d4673167a4481d7c80c4ac9b7ba16da0ccf4d39772b4b481bdadd84406279ab4
2025-09-16 04:55:15.801 DEBUG client[0]: Submitting transaction d4673167a4481d7c80c4ac9b7ba16da0ccf4d39772b4b481bdadd84406279ab4
2025-09-16 04:55:15.884 TRACE : trigger interaction 0xc00037c780 33/1200
[TRACE] Decoding transaction bytes of length: 229
[TRACE] Transaction type: 6
[TRACE] Successfully decoded transaction with hash: d15ba94119265b5f768060a92aa15342e192abe8cba40666eb0dca8d3b3b4e21
2025-09-16 04:55:15.884 TRACE client[0]: Processing transaction with hash: d15ba94119265b5f768060a92aa15342e192abe8cba40666eb0dca8d3b3b4e21
2025-09-16 04:55:15.884 DEBUG client[0]: Submitting transaction d15ba94119265b5f768060a92aa15342e192abe8cba40666eb0dca8d3b3b4e21
2025-09-16 04:55:15.967 TRACE : trigger interaction 0xc00037c870 34/1200
[TRACE] Decoding transaction bytes of length: 229
[TRACE] Transaction type: 6
[TRACE] Successfully decoded transaction with hash: 75afde41aabdb1c49310c02ef63f9128f22dee2c54cc22e29a303376b18506cb
2025-09-16 04:55:15.968 TRACE client[0]: Processing transaction with hash: 75afde41aabdb1c49310c02ef63f9128f22dee2c54cc22e29a303376b18506cb
2025-09-16 04:55:15.968 DEBUG client[0]: Submitting transaction 75afde41aabdb1c49310c02ef63f9128f22dee2c54cc22e29a303376b18506cb
2025-09-16 04:55:16.051 TRACE : trigger interaction 0xc00037c960 35/1200
[TRACE] Decoding transaction bytes of length: 229
[TRACE] Transaction type: 6
[TRACE] Successfully decoded transaction with hash: d3e96ad26bfc2785530cdf2c37e99ad3f4576e0b26b3a127ce01ae9cff68192d
2025-09-16 04:55:16.051 TRACE client[0]: Processing transaction with hash: d3e96ad26bfc2785530cdf2c37e99ad3f4576e0b26b3a127ce01ae9cff68192d
2025-09-16 04:55:16.051 DEBUG client[0]: Submitting transaction d3e96ad26bfc2785530cdf2c37e99ad3f4576e0b26b3a127ce01ae9cff68192d
2025-09-16 04:55:16.134 TRACE : trigger interaction 0xc00037ca50 36/1200
[TRACE] Decoding transaction bytes of length: 229
[TRACE] Transaction type: 6
[TRACE] Successfully decoded transaction with hash: 961f800da0016e9e861859531d47a88b9c878e46651fdb9ed84c807bf5b9ba7c
2025-09-16 04:55:16.134 TRACE client[0]: Processing transaction with hash: 961f800da0016e9e861859531d47a88b9c878e46651fdb9ed84c807bf5b9ba7c
2025-09-16 04:55:16.134 DEBUG client[0]: Submitting transaction 961f800da0016e9e861859531d47a88b9c878e46651fdb9ed84c807bf5b9ba7c
2025-09-16 04:55:16.217 TRACE : trigger interaction 0xc00037cb40 37/1200
[TRACE] Decoding transaction bytes of length: 229
[TRACE] Transaction type: 6
[TRACE] Successfully decoded transaction with hash: 73c1d09693c216a74de90f80823aa6168f6735460040dfd42b8b83e1720974ef
2025-09-16 04:55:16.218 TRACE client[0]: Processing transaction with hash: 73c1d09693c216a74de90f80823aa6168f6735460040dfd42b8b83e1720974ef
2025-09-16 04:55:16.218 DEBUG client[0]: Submitting transaction 73c1d09693c216a74de90f80823aa6168f6735460040dfd42b8b83e1720974ef
2025-09-16 04:55:16.300 TRACE : trigger interaction 0xc00037cc30 38/1200
[TRACE] Decoding transaction bytes of length: 229
[TRACE] Transaction type: 6
[TRACE] Successfully decoded transaction with hash: 6466f1e05df84f70876c4a9bf71c6e50f99590204b00fc6f44a7c591606dcfa3
2025-09-16 04:55:16.301 TRACE client[0]: Processing transaction with hash: 6466f1e05df84f70876c4a9bf71c6e50f99590204b00fc6f44a7c591606dcfa3
2025-09-16 04:55:16.301 DEBUG client[0]: Submitting transaction 6466f1e05df84f70876c4a9bf71c6e50f99590204b00fc6f44a7c591606dcfa3
2025-09-16 04:55:16.384 TRACE : trigger interaction 0xc00037cd20 39/1200
[TRACE] Decoding transaction bytes of length: 229
[TRACE] Transaction type: 6
[TRACE] Successfully decoded transaction with hash: a780742988c90c5d5a84706d8d69cf0d760326723dd5fbf7985dac94af6190c9
2025-09-16 04:55:16.384 TRACE client[0]: Processing transaction with hash: a780742988c90c5d5a84706d8d69cf0d760326723dd5fbf7985dac94af6190c9
2025-09-16 04:55:16.384 DEBUG client[0]: Submitting transaction a780742988c90c5d5a84706d8d69cf0d760326723dd5fbf7985dac94af6190c9
2025-09-16 04:55:16.467 TRACE : trigger interaction 0xc00037ce10 40/1200
[TRACE] Decoding transaction bytes of length: 229
[TRACE] Transaction type: 6
[TRACE] Successfully decoded transaction with hash: e04402bd015a9bbd87a7f7817e5bdc275bb5a68f8293260956e96b0c8fb6d03b
2025-09-16 04:55:16.468 TRACE client[0]: Processing transaction with hash: e04402bd015a9bbd87a7f7817e5bdc275bb5a68f8293260956e96b0c8fb6d03b
2025-09-16 04:55:16.468 DEBUG client[0]: Submitting transaction e04402bd015a9bbd87a7f7817e5bdc275bb5a68f8293260956e96b0c8fb6d03b
2025-09-16 04:55:16.551 TRACE : trigger interaction 0xc00037cf00 41/1200
[TRACE] Decoding transaction bytes of length: 229
[TRACE] Transaction type: 6
[TRACE] Successfully decoded transaction with hash: ab8ce51d7d38c73cbae3fb2d909106298890473e24e70c38781f845d14edd9d2
2025-09-16 04:55:16.551 TRACE client[0]: Processing transaction with hash: ab8ce51d7d38c73cbae3fb2d909106298890473e24e70c38781f845d14edd9d2
2025-09-16 04:55:16.551 DEBUG client[0]: Submitting transaction ab8ce51d7d38c73cbae3fb2d909106298890473e24e70c38781f845d14edd9d2
2025-09-16 04:55:16.634 TRACE : trigger interaction 0xc00037cff0 42/1200
[TRACE] Decoding transaction bytes of length: 229
[TRACE] Transaction type: 6
[TRACE] Successfully decoded transaction with hash: 4f35ee5d0bca6cd2dabdbf613334f90015759b331c8f9da8509c0d074499f485
2025-09-16 04:55:16.634 TRACE client[0]: Processing transaction with hash: 4f35ee5d0bca6cd2dabdbf613334f90015759b331c8f9da8509c0d074499f485
2025-09-16 04:55:16.634 DEBUG client[0]: Submitting transaction 4f35ee5d0bca6cd2dabdbf613334f90015759b331c8f9da8509c0d074499f485
2025-09-16 04:55:16.717 TRACE : trigger interaction 0xc00037d0e0 43/1200
[TRACE] Decoding transaction bytes of length: 229
[TRACE] Transaction type: 6
[TRACE] Successfully decoded transaction with hash: fa3de44a9b5610e50aaa8335bc2bc765fe5eb7038fc45555e3ac5647bcad76ae
2025-09-16 04:55:16.718 TRACE client[0]: Processing transaction with hash: fa3de44a9b5610e50aaa8335bc2bc765fe5eb7038fc45555e3ac5647bcad76ae
2025-09-16 04:55:16.718 DEBUG client[0]: Submitting transaction fa3de44a9b5610e50aaa8335bc2bc765fe5eb7038fc45555e3ac5647bcad76ae
2025-09-16 04:55:16.801 TRACE : trigger interaction 0xc00037d1d0 44/1200
[TRACE] Decoding transaction bytes of length: 229
[TRACE] Transaction type: 6
[TRACE] Successfully decoded transaction with hash: 2d7f0e91ea38060263fad3a2209f4092e76a1fa74bcd5cdaa192077a6fdeefc3
2025-09-16 04:55:16.801 TRACE client[0]: Processing transaction with hash: 2d7f0e91ea38060263fad3a2209f4092e76a1fa74bcd5cdaa192077a6fdeefc3
2025-09-16 04:55:16.801 DEBUG client[0]: Submitting transaction 2d7f0e91ea38060263fad3a2209f4092e76a1fa74bcd5cdaa192077a6fdeefc3
2025-09-16 04:55:16.883 TRACE : trigger interaction 0xc00037d2c0 45/1200
[TRACE] Decoding transaction bytes of length: 229
[TRACE] Transaction type: 6
[TRACE] Successfully decoded transaction with hash: 1368a4f7db4733bc9274ae4695091ba0997d0a3bef156576485e49423d4736ca
2025-09-16 04:55:16.884 TRACE client[0]: Processing transaction with hash: 1368a4f7db4733bc9274ae4695091ba0997d0a3bef156576485e49423d4736ca
2025-09-16 04:55:16.884 DEBUG client[0]: Submitting transaction 1368a4f7db4733bc9274ae4695091ba0997d0a3bef156576485e49423d4736ca
2025-09-16 04:55:16.967 TRACE : trigger interaction 0xc00037d3b0 46/1200
[TRACE] Decoding transaction bytes of length: 229
[TRACE] Transaction type: 6
[TRACE] Successfully decoded transaction with hash: 4b4e6e83a17a75ee9b0ba3163dcdf9c82f076a29f502028e9c67aef06879c6a9
2025-09-16 04:55:16.968 TRACE client[0]: Processing transaction with hash: 4b4e6e83a17a75ee9b0ba3163dcdf9c82f076a29f502028e9c67aef06879c6a9
2025-09-16 04:55:16.968 DEBUG client[0]: Submitting transaction 4b4e6e83a17a75ee9b0ba3163dcdf9c82f076a29f502028e9c67aef06879c6a9
2025-09-16 04:55:17.051 TRACE : trigger interaction 0xc00037d4a0 47/1200
[TRACE] Decoding transaction bytes of length: 229
[TRACE] Transaction type: 6
[TRACE] Successfully decoded transaction with hash: 0c570c6e06aceda6bc0343b52a47cd41a9d47af27207cc6addf43c935762f8d4
2025-09-16 04:55:17.051 TRACE client[0]: Processing transaction with hash: 0c570c6e06aceda6bc0343b52a47cd41a9d47af27207cc6addf43c935762f8d4
2025-09-16 04:55:17.051 DEBUG client[0]: Submitting transaction 0c570c6e06aceda6bc0343b52a47cd41a9d47af27207cc6addf43c935762f8d4
2025-09-16 04:55:17.134 TRACE : trigger interaction 0xc00037d590 48/1200
[TRACE] Decoding transaction bytes of length: 229
[TRACE] Transaction type: 6
[TRACE] Successfully decoded transaction with hash: 5f7e19072895a1b21247b9825053fc8f02896f78b3830b8e179577394d51ff10
2025-09-16 04:55:17.134 TRACE client[0]: Processing transaction with hash: 5f7e19072895a1b21247b9825053fc8f02896f78b3830b8e179577394d51ff10
2025-09-16 04:55:17.134 DEBUG client[0]: Submitting transaction 5f7e19072895a1b21247b9825053fc8f02896f78b3830b8e179577394d51ff10
2025-09-16 04:55:17.217 TRACE : trigger interaction 0xc00037d680 49/1200
[TRACE] Decoding transaction bytes of length: 229
[TRACE] Transaction type: 6
[TRACE] Successfully decoded transaction with hash: 13aa8cea27a6bb557abbabac9e30745e62bac85b6abeb08eafbf711339f0a8a9
2025-09-16 04:55:17.218 TRACE client[0]: Processing transaction with hash: 13aa8cea27a6bb557abbabac9e30745e62bac85b6abeb08eafbf711339f0a8a9
2025-09-16 04:55:17.218 DEBUG client[0]: Submitting transaction 13aa8cea27a6bb557abbabac9e30745e62bac85b6abeb08eafbf711339f0a8a9
2025-09-16 04:55:17.301 TRACE : trigger interaction 0xc00037d770 50/1200
[TRACE] Decoding transaction bytes of length: 229
[TRACE] Transaction type: 6
[TRACE] Successfully decoded transaction with hash: b5192763874ccdf255ff809f46f5d78e6e5b348a235656786ad39e88c3c49dd9
2025-09-16 04:55:17.301 TRACE client[0]: Processing transaction with hash: b5192763874ccdf255ff809f46f5d78e6e5b348a235656786ad39e88c3c49dd9
2025-09-16 04:55:17.301 DEBUG client[0]: Submitting transaction b5192763874ccdf255ff809f46f5d78e6e5b348a235656786ad39e88c3c49dd9
2025-09-16 04:55:17.384 TRACE : trigger interaction 0xc000146000 51/1200
[TRACE] Decoding transaction bytes of length: 229
[TRACE] Transaction type: 6
[TRACE] Successfully decoded transaction with hash: 53cfcde73afd92c6f38c31e69222294eced4c59a1e09d5e37740959c35b65b47
2025-09-16 04:55:17.384 TRACE client[0]: Processing transaction with hash: 53cfcde73afd92c6f38c31e69222294eced4c59a1e09d5e37740959c35b65b47
2025-09-16 04:55:17.384 DEBUG client[0]: Submitting transaction 53cfcde73afd92c6f38c31e69222294eced4c59a1e09d5e37740959c35b65b47
2025-09-16 04:55:17.467 TRACE : trigger interaction 0xc0001460f0 52/1200
[TRACE] Decoding transaction bytes of length: 229
[TRACE] Transaction type: 6
[TRACE] Successfully decoded transaction with hash: 67f4f4fe746480db71fb735669c61d42836091c08ae345facd07ec11943995e4
2025-09-16 04:55:17.468 TRACE client[0]: Processing transaction with hash: 67f4f4fe746480db71fb735669c61d42836091c08ae345facd07ec11943995e4
2025-09-16 04:55:17.468 DEBUG client[0]: Submitting transaction 67f4f4fe746480db71fb735669c61d42836091c08ae345facd07ec11943995e4
2025-09-16 04:55:17.551 TRACE : trigger interaction 0xc0001461e0 53/1200
[TRACE] Decoding transaction bytes of length: 229
[TRACE] Transaction type: 6
[TRACE] Successfully decoded transaction with hash: 7511cefb9834d51872df3bf2e61c2ce988d6efc5287caf962d3038013168d4ae
2025-09-16 04:55:17.551 TRACE client[0]: Processing transaction with hash: 7511cefb9834d51872df3bf2e61c2ce988d6efc5287caf962d3038013168d4ae
2025-09-16 04:55:17.551 DEBUG client[0]: Submitting transaction 7511cefb9834d51872df3bf2e61c2ce988d6efc5287caf962d3038013168d4ae
2025-09-16 04:55:17.634 TRACE : trigger interaction 0xc0001462d0 54/1200
[TRACE] Decoding transaction bytes of length: 229
[TRACE] Transaction type: 6
[TRACE] Successfully decoded transaction with hash: 02cd9b79d81233c3d414e5c3673866c76a19da9b05c1e82a3fc27a3efc80c299
2025-09-16 04:55:17.634 TRACE client[0]: Processing transaction with hash: 02cd9b79d81233c3d414e5c3673866c76a19da9b05c1e82a3fc27a3efc80c299
2025-09-16 04:55:17.634 DEBUG client[0]: Submitting transaction 02cd9b79d81233c3d414e5c3673866c76a19da9b05c1e82a3fc27a3efc80c299
2025-09-16 04:55:17.717 TRACE : trigger interaction 0xc0001463c0 55/1200
[TRACE] Decoding transaction bytes of length: 229
[TRACE] Transaction type: 6
[TRACE] Successfully decoded transaction with hash: 39b5ac950444d5c87f6b7d55d0644b06b605da71922a7dde9e099164a42a5106
2025-09-16 04:55:17.718 TRACE client[0]: Processing transaction with hash: 39b5ac950444d5c87f6b7d55d0644b06b605da71922a7dde9e099164a42a5106
2025-09-16 04:55:17.718 DEBUG client[0]: Submitting transaction 39b5ac950444d5c87f6b7d55d0644b06b605da71922a7dde9e099164a42a5106
2025-09-16 04:55:17.801 TRACE : trigger interaction 0xc0001464b0 56/1200
[TRACE] Decoding transaction bytes of length: 229
[TRACE] Transaction type: 6
[TRACE] Successfully decoded transaction with hash: 17fc934e996fca1991366976f18df5d4add697ed776fc24d57612b6bf183a651
2025-09-16 04:55:17.801 TRACE client[0]: Processing transaction with hash: 17fc934e996fca1991366976f18df5d4add697ed776fc24d57612b6bf183a651
2025-09-16 04:55:17.801 DEBUG client[0]: Submitting transaction 17fc934e996fca1991366976f18df5d4add697ed776fc24d57612b6bf183a651
2025-09-16 04:55:17.884 TRACE : trigger interaction 0xc0001465a0 57/1200
[TRACE] Decoding transaction bytes of length: 229
[TRACE] Transaction type: 6
[TRACE] Successfully decoded transaction with hash: 6ceb3c9a7bde41ed5e9d26df63eb708b173397ac5af2dc8dfb91def4ca7add21
2025-09-16 04:55:17.884 TRACE client[0]: Processing transaction with hash: 6ceb3c9a7bde41ed5e9d26df63eb708b173397ac5af2dc8dfb91def4ca7add21
2025-09-16 04:55:17.884 DEBUG client[0]: Submitting transaction 6ceb3c9a7bde41ed5e9d26df63eb708b173397ac5af2dc8dfb91def4ca7add21
2025-09-16 04:55:17.967 TRACE : trigger interaction 0xc000146690 58/1200
[TRACE] Decoding transaction bytes of length: 229
[TRACE] Transaction type: 6
[TRACE] Successfully decoded transaction with hash: c3fb2eeab1625754499f94f75e5d500571741e9280dbcc2cfbf3d8bae045cc34
2025-09-16 04:55:17.968 TRACE client[0]: Processing transaction with hash: c3fb2eeab1625754499f94f75e5d500571741e9280dbcc2cfbf3d8bae045cc34
2025-09-16 04:55:17.968 DEBUG client[0]: Submitting transaction c3fb2eeab1625754499f94f75e5d500571741e9280dbcc2cfbf3d8bae045cc34
2025-09-16 04:55:18.051 TRACE : trigger interaction 0xc000146780 59/1200
[TRACE] Decoding transaction bytes of length: 229
[TRACE] Transaction type: 6
[TRACE] Successfully decoded transaction with hash: dc3efc63b7d97f82ce61c28e8507aab99c74724efbdf2d90f7199dcdf0ac2cb2
2025-09-16 04:55:18.051 TRACE client[0]: Processing transaction with hash: dc3efc63b7d97f82ce61c28e8507aab99c74724efbdf2d90f7199dcdf0ac2cb2
2025-09-16 04:55:18.051 DEBUG client[0]: Submitting transaction dc3efc63b7d97f82ce61c28e8507aab99c74724efbdf2d90f7199dcdf0ac2cb2
2025-09-16 04:55:18.133 TRACE : trigger interaction 0xc000146870 60/1200
[TRACE] Decoding transaction bytes of length: 229
[TRACE] Transaction type: 6
[TRACE] Successfully decoded transaction with hash: 0e26745daa9fa9409e45909eaf6456fb9a5c2fb0c45ba29620fb05c394a80e2e
2025-09-16 04:55:18.134 TRACE client[0]: Processing transaction with hash: 0e26745daa9fa9409e45909eaf6456fb9a5c2fb0c45ba29620fb05c394a80e2e
2025-09-16 04:55:18.134 DEBUG client[0]: Submitting transaction 0e26745daa9fa9409e45909eaf6456fb9a5c2fb0c45ba29620fb05c394a80e2e
2025-09-16 04:55:18.217 TRACE : trigger interaction 0xc000146960 61/1200
[TRACE] Decoding transaction bytes of length: 229
[TRACE] Transaction type: 6
[TRACE] Successfully decoded transaction with hash: fa82934c8d80411c24fbc6c1fa059157781a09b02085cb2277a961ab9cb23c1b
2025-09-16 04:55:18.218 TRACE client[0]: Processing transaction with hash: fa82934c8d80411c24fbc6c1fa059157781a09b02085cb2277a961ab9cb23c1b
2025-09-16 04:55:18.218 DEBUG client[0]: Submitting transaction fa82934c8d80411c24fbc6c1fa059157781a09b02085cb2277a961ab9cb23c1b
2025-09-16 04:55:18.301 TRACE : trigger interaction 0xc000146a50 62/1200
[TRACE] Decoding transaction bytes of length: 229
[TRACE] Transaction type: 6
[TRACE] Successfully decoded transaction with hash: 7fb6340f159b52c26ab4cdef795f2a7e60ca0c5dbe70de5a21fa82587df3e7e3
2025-09-16 04:55:18.301 TRACE client[0]: Processing transaction with hash: 7fb6340f159b52c26ab4cdef795f2a7e60ca0c5dbe70de5a21fa82587df3e7e3
2025-09-16 04:55:18.301 DEBUG client[0]: Submitting transaction 7fb6340f159b52c26ab4cdef795f2a7e60ca0c5dbe70de5a21fa82587df3e7e3
2025-09-16 04:55:18.384 TRACE : trigger interaction 0xc000146b40 63/1200
[TRACE] Decoding transaction bytes of length: 229
[TRACE] Transaction type: 6
[TRACE] Successfully decoded transaction with hash: 4a814408f2a3a2e238f1358a3b018e55cb6d4cdd11ba3a1cfd18eae18288d734
2025-09-16 04:55:18.384 TRACE client[0]: Processing transaction with hash: 4a814408f2a3a2e238f1358a3b018e55cb6d4cdd11ba3a1cfd18eae18288d734
2025-09-16 04:55:18.384 DEBUG client[0]: Submitting transaction 4a814408f2a3a2e238f1358a3b018e55cb6d4cdd11ba3a1cfd18eae18288d734
2025-09-16 04:55:18.467 TRACE : trigger interaction 0xc000146c30 64/1200
[TRACE] Decoding transaction bytes of length: 229
[TRACE] Transaction type: 6
[TRACE] Successfully decoded transaction with hash: 047b8dc5873a954cfe980f3788c33557c11fc14c5d7125655b9a994cd5d604ae
2025-09-16 04:55:18.468 TRACE client[0]: Processing transaction with hash: 047b8dc5873a954cfe980f3788c33557c11fc14c5d7125655b9a994cd5d604ae
2025-09-16 04:55:18.468 DEBUG client[0]: Submitting transaction 047b8dc5873a954cfe980f3788c33557c11fc14c5d7125655b9a994cd5d604ae
2025-09-16 04:55:18.550 TRACE : trigger interaction 0xc000146d20 65/1200
[TRACE] Decoding transaction bytes of length: 229
[TRACE] Transaction type: 6
[TRACE] Successfully decoded transaction with hash: 93651021aa2ad313c0b1da24bc9d763fed9bfd81139b678a7b254b0acbc0f2bb
2025-09-16 04:55:18.550 TRACE client[0]: Processing transaction with hash: 93651021aa2ad313c0b1da24bc9d763fed9bfd81139b678a7b254b0acbc0f2bb
2025-09-16 04:55:18.550 DEBUG client[0]: Submitting transaction 93651021aa2ad313c0b1da24bc9d763fed9bfd81139b678a7b254b0acbc0f2bb
2025-09-16 04:55:18.633 TRACE : trigger interaction 0xc000146e10 66/1200
[TRACE] Decoding transaction bytes of length: 229
[TRACE] Transaction type: 6
[TRACE] Successfully decoded transaction with hash: 8c3443af1b6c4df714c8926d27c41f9739ab2ee3bedcacd6452e3f9d466630fa
2025-09-16 04:55:18.634 TRACE client[0]: Processing transaction with hash: 8c3443af1b6c4df714c8926d27c41f9739ab2ee3bedcacd6452e3f9d466630fa
2025-09-16 04:55:18.634 DEBUG client[0]: Submitting transaction 8c3443af1b6c4df714c8926d27c41f9739ab2ee3bedcacd6452e3f9d466630fa
2025-09-16 04:55:18.717 TRACE : trigger interaction 0xc000146f00 67/1200
[TRACE] Decoding transaction bytes of length: 229
[TRACE] Transaction type: 6
[TRACE] Successfully decoded transaction with hash: 3211cd087b9184a1e8edfad1d8ee02b84ca3f5e8e7e633656b185a4a0527ca93
2025-09-16 04:55:18.717 TRACE client[0]: Processing transaction with hash: 3211cd087b9184a1e8edfad1d8ee02b84ca3f5e8e7e633656b185a4a0527ca93
2025-09-16 04:55:18.717 DEBUG client[0]: Submitting transaction 3211cd087b9184a1e8edfad1d8ee02b84ca3f5e8e7e633656b185a4a0527ca93
2025-09-16 04:55:18.800 TRACE : trigger interaction 0xc00043e000 68/1200
[TRACE] Decoding transaction bytes of length: 229
[TRACE] Transaction type: 6
[TRACE] Successfully decoded transaction with hash: 094aaee585bbb1b905c118b6ad0167c28f61ae2ee11a378d002ada4321109d7b
2025-09-16 04:55:18.800 TRACE client[0]: Processing transaction with hash: 094aaee585bbb1b905c118b6ad0167c28f61ae2ee11a378d002ada4321109d7b
2025-09-16 04:55:18.800 DEBUG client[0]: Submitting transaction 094aaee585bbb1b905c118b6ad0167c28f61ae2ee11a378d002ada4321109d7b
2025-09-16 04:55:18.883 TRACE : trigger interaction 0xc00043e0f0 69/1200
[TRACE] Decoding transaction bytes of length: 229
[TRACE] Transaction type: 6
[TRACE] Successfully decoded transaction with hash: 4c98ee976c66279fa11680aa16b40ac146753d6bc5188d261eeeadfc15e28a2f
2025-09-16 04:55:18.883 TRACE client[0]: Processing transaction with hash: 4c98ee976c66279fa11680aa16b40ac146753d6bc5188d261eeeadfc15e28a2f
2025-09-16 04:55:18.883 DEBUG client[0]: Submitting transaction 4c98ee976c66279fa11680aa16b40ac146753d6bc5188d261eeeadfc15e28a2f
2025-09-16 04:55:18.967 TRACE : trigger interaction 0xc00043e1e0 70/1200
[TRACE] Decoding transaction bytes of length: 229
[TRACE] Transaction type: 6
[TRACE] Successfully decoded transaction with hash: 3f6b06b85df9862ab1cc65186cbd031b02babbe33afacb7cec1455ae7b4c2635
2025-09-16 04:55:18.968 TRACE client[0]: Processing transaction with hash: 3f6b06b85df9862ab1cc65186cbd031b02babbe33afacb7cec1455ae7b4c2635
2025-09-16 04:55:18.968 DEBUG client[0]: Submitting transaction 3f6b06b85df9862ab1cc65186cbd031b02babbe33afacb7cec1455ae7b4c2635
2025-09-16 04:55:19.051 TRACE : trigger interaction 0xc00043e2d0 71/1200
[TRACE] Decoding transaction bytes of length: 229
[TRACE] Transaction type: 6
[TRACE] Successfully decoded transaction with hash: 61f7a3d38ca377eec071e0a8d914dcb594d9b2dd9f04d99034f3e1bcdb051ca0
2025-09-16 04:55:19.051 TRACE client[0]: Processing transaction with hash: 61f7a3d38ca377eec071e0a8d914dcb594d9b2dd9f04d99034f3e1bcdb051ca0
2025-09-16 04:55:19.051 DEBUG client[0]: Submitting transaction 61f7a3d38ca377eec071e0a8d914dcb594d9b2dd9f04d99034f3e1bcdb051ca0
2025-09-16 04:55:19.134 TRACE : trigger interaction 0xc00043e3c0 72/1200
[TRACE] Decoding transaction bytes of length: 229
[TRACE] Transaction type: 6
[TRACE] Successfully decoded transaction with hash: 157c86fddd6232b94073458ec5526400ec991828ac149a0a8e4887ca878af492
2025-09-16 04:55:19.134 TRACE client[0]: Processing transaction with hash: 157c86fddd6232b94073458ec5526400ec991828ac149a0a8e4887ca878af492
2025-09-16 04:55:19.134 DEBUG client[0]: Submitting transaction 157c86fddd6232b94073458ec5526400ec991828ac149a0a8e4887ca878af492
2025-09-16 04:55:19.217 TRACE : trigger interaction 0xc00043e4b0 73/1200
[TRACE] Decoding transaction bytes of length: 229
[TRACE] Transaction type: 6
[TRACE] Successfully decoded transaction with hash: 417782c44b75d068ce38c92441650a31cd3647dfd3ddc9a9e13bd88c4be3c0a8
2025-09-16 04:55:19.218 TRACE client[0]: Processing transaction with hash: 417782c44b75d068ce38c92441650a31cd3647dfd3ddc9a9e13bd88c4be3c0a8
2025-09-16 04:55:19.218 DEBUG client[0]: Submitting transaction 417782c44b75d068ce38c92441650a31cd3647dfd3ddc9a9e13bd88c4be3c0a8
2025-09-16 04:55:19.300 TRACE : trigger interaction 0xc00043e5a0 74/1200
[TRACE] Decoding transaction bytes of length: 229
[TRACE] Transaction type: 6
[TRACE] Successfully decoded transaction with hash: 09a1eb11fb515c966ecd1fcdc1f7570a62b75ae9b13d8a0bd682cb303d50cc03
2025-09-16 04:55:19.301 TRACE client[0]: Processing transaction with hash: 09a1eb11fb515c966ecd1fcdc1f7570a62b75ae9b13d8a0bd682cb303d50cc03
2025-09-16 04:55:19.301 DEBUG client[0]: Submitting transaction 09a1eb11fb515c966ecd1fcdc1f7570a62b75ae9b13d8a0bd682cb303d50cc03
2025-09-16 04:55:19.384 TRACE : trigger interaction 0xc00043e690 75/1200
[TRACE] Decoding transaction bytes of length: 229
[TRACE] Transaction type: 6
[TRACE] Successfully decoded transaction with hash: 181a47d3cc26d5e79398a7ec7431ea63dcc8a4ad5e64d763ec753a338bc67117
2025-09-16 04:55:19.384 TRACE client[0]: Processing transaction with hash: 181a47d3cc26d5e79398a7ec7431ea63dcc8a4ad5e64d763ec753a338bc67117
2025-09-16 04:55:19.384 DEBUG client[0]: Submitting transaction 181a47d3cc26d5e79398a7ec7431ea63dcc8a4ad5e64d763ec753a338bc67117
2025-09-16 04:55:19.467 TRACE : trigger interaction 0xc00043e780 76/1200
[TRACE] Decoding transaction bytes of length: 229
[TRACE] Transaction type: 6
[TRACE] Successfully decoded transaction with hash: 275ee4c909e15e01dcaa3b1790b9f9eb67ceb080210e034ea1a1fdec235e3c87
2025-09-16 04:55:19.468 TRACE client[0]: Processing transaction with hash: 275ee4c909e15e01dcaa3b1790b9f9eb67ceb080210e034ea1a1fdec235e3c87
2025-09-16 04:55:19.468 DEBUG client[0]: Submitting transaction 275ee4c909e15e01dcaa3b1790b9f9eb67ceb080210e034ea1a1fdec235e3c87
2025-09-16 04:55:19.551 TRACE : trigger interaction 0xc00043e870 77/1200
[TRACE] Decoding transaction bytes of length: 229
[TRACE] Transaction type: 6
[TRACE] Successfully decoded transaction with hash: 492e62a9243f409dddc6085ee0b310a905e267a98ba8f0c7bc1647e3bd8c1274
2025-09-16 04:55:19.551 TRACE client[0]: Processing transaction with hash: 492e62a9243f409dddc6085ee0b310a905e267a98ba8f0c7bc1647e3bd8c1274
2025-09-16 04:55:19.551 DEBUG client[0]: Submitting transaction 492e62a9243f409dddc6085ee0b310a905e267a98ba8f0c7bc1647e3bd8c1274
2025-09-16 04:55:19.634 TRACE : trigger interaction 0xc00043e960 78/1200
[TRACE] Decoding transaction bytes of length: 229
[TRACE] Transaction type: 6
[TRACE] Successfully decoded transaction with hash: 2e9b75a8c34c758b894c95449ad8a8eadf75d48ff99923fe38d1dec70b4da31e
2025-09-16 04:55:19.634 TRACE client[0]: Processing transaction with hash: 2e9b75a8c34c758b894c95449ad8a8eadf75d48ff99923fe38d1dec70b4da31e
2025-09-16 04:55:19.634 DEBUG client[0]: Submitting transaction 2e9b75a8c34c758b894c95449ad8a8eadf75d48ff99923fe38d1dec70b4da31e
2025-09-16 04:55:19.717 TRACE : trigger interaction 0xc00043ea50 79/1200
[TRACE] Decoding transaction bytes of length: 229
[TRACE] Transaction type: 6
[TRACE] Successfully decoded transaction with hash: 4aa8ee3b47200462b81bc71bb81e029526055329856d86f3cc5a9105a0f0f44c
2025-09-16 04:55:19.718 TRACE client[0]: Processing transaction with hash: 4aa8ee3b47200462b81bc71bb81e029526055329856d86f3cc5a9105a0f0f44c
2025-09-16 04:55:19.718 DEBUG client[0]: Submitting transaction 4aa8ee3b47200462b81bc71bb81e029526055329856d86f3cc5a9105a0f0f44c
2025-09-16 04:55:19.801 TRACE : trigger interaction 0xc00043eb40 80/1200
[TRACE] Decoding transaction bytes of length: 229
[TRACE] Transaction type: 6
[TRACE] Successfully decoded transaction with hash: b74bbfdb4eec220dab03918472480c565c74cf0d1c975424529651281c9d9b5d
2025-09-16 04:55:19.801 TRACE client[0]: Processing transaction with hash: b74bbfdb4eec220dab03918472480c565c74cf0d1c975424529651281c9d9b5d
2025-09-16 04:55:19.801 DEBUG client[0]: Submitting transaction b74bbfdb4eec220dab03918472480c565c74cf0d1c975424529651281c9d9b5d
2025-09-16 04:55:19.884 TRACE : trigger interaction 0xc00043ec30 81/1200
[TRACE] Decoding transaction bytes of length: 229
[TRACE] Transaction type: 6
[TRACE] Successfully decoded transaction with hash: 1de953e005b3a4b2e67ee746c546054f34e4c5305434172f164143a24b33d010
2025-09-16 04:55:19.884 TRACE client[0]: Processing transaction with hash: 1de953e005b3a4b2e67ee746c546054f34e4c5305434172f164143a24b33d010
2025-09-16 04:55:19.884 DEBUG client[0]: Submitting transaction 1de953e005b3a4b2e67ee746c546054f34e4c5305434172f164143a24b33d010
2025-09-16 04:55:19.967 TRACE : trigger interaction 0xc00043ed20 82/1200
[TRACE] Decoding transaction bytes of length: 229
[TRACE] Transaction type: 6
[TRACE] Successfully decoded transaction with hash: d38ff515c9a9ea47ec604c883e68ba7d75b32765f05fded670630e5fc2f8863e
2025-09-16 04:55:19.968 TRACE client[0]: Processing transaction with hash: d38ff515c9a9ea47ec604c883e68ba7d75b32765f05fded670630e5fc2f8863e
2025-09-16 04:55:19.968 DEBUG client[0]: Submitting transaction d38ff515c9a9ea47ec604c883e68ba7d75b32765f05fded670630e5fc2f8863e
2025-09-16 04:55:20.051 TRACE : trigger interaction 0xc00043ee10 83/1200
[TRACE] Decoding transaction bytes of length: 229
[TRACE] Transaction type: 6
[TRACE] Successfully decoded transaction with hash: 7b3d7e056e2344b88372ac15da3cd44bd72d7a6d5a0d3c848f5a3d6ad37d2d02
2025-09-16 04:55:20.051 TRACE client[0]: Processing transaction with hash: 7b3d7e056e2344b88372ac15da3cd44bd72d7a6d5a0d3c848f5a3d6ad37d2d02
2025-09-16 04:55:20.051 DEBUG client[0]: Submitting transaction 7b3d7e056e2344b88372ac15da3cd44bd72d7a6d5a0d3c848f5a3d6ad37d2d02
2025-09-16 04:55:20.134 TRACE : trigger interaction 0xc00043ef00 84/1200
[TRACE] Decoding transaction bytes of length: 229
[TRACE] Transaction type: 6
[TRACE] Successfully decoded transaction with hash: ea5a603ff70db6ea0e57659d641d8473f131e000f4b0f10e229e0f2cf9643a77
2025-09-16 04:55:20.134 TRACE client[0]: Processing transaction with hash: ea5a603ff70db6ea0e57659d641d8473f131e000f4b0f10e229e0f2cf9643a77
2025-09-16 04:55:20.134 DEBUG client[0]: Submitting transaction ea5a603ff70db6ea0e57659d641d8473f131e000f4b0f10e229e0f2cf9643a77
2025-09-16 04:55:20.217 TRACE : trigger interaction 0xc000146ff0 85/1200
[TRACE] Decoding transaction bytes of length: 229
[TRACE] Transaction type: 6
[TRACE] Successfully decoded transaction with hash: a74a32b9ff100c994618f203e79df63d8fbc70b27f0fc75a7e40ae9d99eda809
2025-09-16 04:55:20.218 TRACE client[0]: Processing transaction with hash: a74a32b9ff100c994618f203e79df63d8fbc70b27f0fc75a7e40ae9d99eda809
2025-09-16 04:55:20.218 DEBUG client[0]: Submitting transaction a74a32b9ff100c994618f203e79df63d8fbc70b27f0fc75a7e40ae9d99eda809
2025-09-16 04:55:20.301 TRACE : trigger interaction 0xc0001470e0 86/1200
[TRACE] Decoding transaction bytes of length: 229
[TRACE] Transaction type: 6
[TRACE] Successfully decoded transaction with hash: 621c2735c23bb43d4dc0726c2258a4a6c03518cafbb02a0147d7533f6b61e5b9
2025-09-16 04:55:20.301 TRACE client[0]: Processing transaction with hash: 621c2735c23bb43d4dc0726c2258a4a6c03518cafbb02a0147d7533f6b61e5b9
2025-09-16 04:55:20.301 DEBUG client[0]: Submitting transaction 621c2735c23bb43d4dc0726c2258a4a6c03518cafbb02a0147d7533f6b61e5b9
2025-09-16 04:55:20.384 TRACE : trigger interaction 0xc0001471d0 87/1200
[TRACE] Decoding transaction bytes of length: 229
[TRACE] Transaction type: 6
[TRACE] Successfully decoded transaction with hash: 1af93e8e8abce18046d157d7e773a84f4be458b046f4028ae81120eefdb5eb95
2025-09-16 04:55:20.384 TRACE client[0]: Processing transaction with hash: 1af93e8e8abce18046d157d7e773a84f4be458b046f4028ae81120eefdb5eb95
2025-09-16 04:55:20.384 DEBUG client[0]: Submitting transaction 1af93e8e8abce18046d157d7e773a84f4be458b046f4028ae81120eefdb5eb95
2025-09-16 04:55:20.467 TRACE : trigger interaction 0xc0001472c0 88/1200
[TRACE] Decoding transaction bytes of length: 229
[TRACE] Transaction type: 6
[TRACE] Successfully decoded transaction with hash: db87bd4e5e5450d8118453c3589a79ada1570a67a6bbad7e976c75ab0dac1e04
2025-09-16 04:55:20.468 TRACE client[0]: Processing transaction with hash: db87bd4e5e5450d8118453c3589a79ada1570a67a6bbad7e976c75ab0dac1e04
2025-09-16 04:55:20.468 DEBUG client[0]: Submitting transaction db87bd4e5e5450d8118453c3589a79ada1570a67a6bbad7e976c75ab0dac1e04
2025-09-16 04:55:20.551 TRACE : trigger interaction 0xc0001473b0 89/1200
[TRACE] Decoding transaction bytes of length: 229
[TRACE] Transaction type: 6
[TRACE] Successfully decoded transaction with hash: bf64f7152002461a8d5c4bbeff8d210cab3924cc87fa69f1df1a9cbf53349efa
2025-09-16 04:55:20.551 TRACE client[0]: Processing transaction with hash: bf64f7152002461a8d5c4bbeff8d210cab3924cc87fa69f1df1a9cbf53349efa
2025-09-16 04:55:20.551 DEBUG client[0]: Submitting transaction bf64f7152002461a8d5c4bbeff8d210cab3924cc87fa69f1df1a9cbf53349efa
2025-09-16 04:55:20.634 TRACE : trigger interaction 0xc0001474a0 90/1200
[TRACE] Decoding transaction bytes of length: 229
[TRACE] Transaction type: 6
[TRACE] Successfully decoded transaction with hash: a179af7a33f03cbd2f87840d3dea8ee2f8f27aecf169064d658b12f34501264c
2025-09-16 04:55:20.634 TRACE client[0]: Processing transaction with hash: a179af7a33f03cbd2f87840d3dea8ee2f8f27aecf169064d658b12f34501264c
2025-09-16 04:55:20.634 DEBUG client[0]: Submitting transaction a179af7a33f03cbd2f87840d3dea8ee2f8f27aecf169064d658b12f34501264c
2025-09-16 04:55:20.717 TRACE : trigger interaction 0xc000147590 91/1200
[TRACE] Decoding transaction bytes of length: 229
[TRACE] Transaction type: 6
[TRACE] Successfully decoded transaction with hash: a1a28b46d8b65d6d2adf77f43dd61ed78813650927da57d7d0486d0a40333318
2025-09-16 04:55:20.718 TRACE client[0]: Processing transaction with hash: a1a28b46d8b65d6d2adf77f43dd61ed78813650927da57d7d0486d0a40333318
2025-09-16 04:55:20.718 DEBUG client[0]: Submitting transaction a1a28b46d8b65d6d2adf77f43dd61ed78813650927da57d7d0486d0a40333318
2025-09-16 04:55:20.801 TRACE : trigger interaction 0xc000147680 92/1200
[TRACE] Decoding transaction bytes of length: 229
[TRACE] Transaction type: 6
[TRACE] Successfully decoded transaction with hash: d62c7b3d3b934505cd6d08bd4c55b2fa107d7fcfe2cfb379a21234a1af878597
2025-09-16 04:55:20.801 TRACE client[0]: Processing transaction with hash: d62c7b3d3b934505cd6d08bd4c55b2fa107d7fcfe2cfb379a21234a1af878597
2025-09-16 04:55:20.801 DEBUG client[0]: Submitting transaction d62c7b3d3b934505cd6d08bd4c55b2fa107d7fcfe2cfb379a21234a1af878597
2025-09-16 04:55:20.884 TRACE : trigger interaction 0xc000147770 93/1200
[TRACE] Decoding transaction bytes of length: 229
[TRACE] Transaction type: 6
[TRACE] Successfully decoded transaction with hash: e3e1807ae2cbf4e9f4c6ba393c3cb66651a2046622a600c0c615329888bc4835
2025-09-16 04:55:20.885 TRACE client[0]: Processing transaction with hash: e3e1807ae2cbf4e9f4c6ba393c3cb66651a2046622a600c0c615329888bc4835
2025-09-16 04:55:20.885 DEBUG client[0]: Submitting transaction e3e1807ae2cbf4e9f4c6ba393c3cb66651a2046622a600c0c615329888bc4835
2025-09-16 04:55:20.967 TRACE : trigger interaction 0xc000147860 94/1200
[TRACE] Decoding transaction bytes of length: 229
[TRACE] Transaction type: 6
[TRACE] Successfully decoded transaction with hash: 4b90fe08953eab44c5138d20ff396fdb38e1d7e1598ab04309dd772b4aab341b
2025-09-16 04:55:20.968 TRACE client[0]: Processing transaction with hash: 4b90fe08953eab44c5138d20ff396fdb38e1d7e1598ab04309dd772b4aab341b
2025-09-16 04:55:20.968 DEBUG client[0]: Submitting transaction 4b90fe08953eab44c5138d20ff396fdb38e1d7e1598ab04309dd772b4aab341b
2025-09-16 04:55:21.051 TRACE : trigger interaction 0xc000147950 95/1200
[TRACE] Decoding transaction bytes of length: 229
[TRACE] Transaction type: 6
[TRACE] Successfully decoded transaction with hash: d2ed6e64b8140cf88853de2a259c0ef49199d6dc8f86176f41eb091c977b423d
2025-09-16 04:55:21.051 TRACE client[0]: Processing transaction with hash: d2ed6e64b8140cf88853de2a259c0ef49199d6dc8f86176f41eb091c977b423d
2025-09-16 04:55:21.051 DEBUG client[0]: Submitting transaction d2ed6e64b8140cf88853de2a259c0ef49199d6dc8f86176f41eb091c977b423d
2025-09-16 04:55:21.134 TRACE : trigger interaction 0xc000147a40 96/1200
[TRACE] Decoding transaction bytes of length: 229
[TRACE] Transaction type: 6
[TRACE] Successfully decoded transaction with hash: 47d03d0c6d17938195b60cc53193e2db9f2879065197519c6c80d866a8b40162
2025-09-16 04:55:21.134 TRACE client[0]: Processing transaction with hash: 47d03d0c6d17938195b60cc53193e2db9f2879065197519c6c80d866a8b40162
2025-09-16 04:55:21.134 DEBUG client[0]: Submitting transaction 47d03d0c6d17938195b60cc53193e2db9f2879065197519c6c80d866a8b40162
2025-09-16 04:55:21.217 TRACE : trigger interaction 0xc000147b30 97/1200
[TRACE] Decoding transaction bytes of length: 229
[TRACE] Transaction type: 6
[TRACE] Successfully decoded transaction with hash: 9ba92e1d291e480799bcd81884d2967e947501c8a7bb663d47b9f5ab8d666e19
2025-09-16 04:55:21.218 TRACE client[0]: Processing transaction with hash: 9ba92e1d291e480799bcd81884d2967e947501c8a7bb663d47b9f5ab8d666e19
2025-09-16 04:55:21.218 DEBUG client[0]: Submitting transaction 9ba92e1d291e480799bcd81884d2967e947501c8a7bb663d47b9f5ab8d666e19
2025-09-16 04:55:21.301 TRACE : trigger interaction 0xc000147c20 98/1200
[TRACE] Decoding transaction bytes of length: 229
[TRACE] Transaction type: 6
[TRACE] Successfully decoded transaction with hash: 192c4170d58c44289c6bd061ae5c9a14fbe1730476c96602265540e662c68eb9
2025-09-16 04:55:21.301 TRACE client[0]: Processing transaction with hash: 192c4170d58c44289c6bd061ae5c9a14fbe1730476c96602265540e662c68eb9
2025-09-16 04:55:21.301 DEBUG client[0]: Submitting transaction 192c4170d58c44289c6bd061ae5c9a14fbe1730476c96602265540e662c68eb9
2025-09-16 04:55:21.384 TRACE : trigger interaction 0xc000147d10 99/1200
[TRACE] Decoding transaction bytes of length: 229
[TRACE] Transaction type: 6
[TRACE] Successfully decoded transaction with hash: bb23b5b0d2b4b0ea68e5f6ebd5a99a7bbbb12505db9d009f98b9b326a23e8e3a
2025-09-16 04:55:21.385 TRACE client[0]: Processing transaction with hash: bb23b5b0d2b4b0ea68e5f6ebd5a99a7bbbb12505db9d009f98b9b326a23e8e3a
2025-09-16 04:55:21.385 DEBUG client[0]: Submitting transaction bb23b5b0d2b4b0ea68e5f6ebd5a99a7bbbb12505db9d009f98b9b326a23e8e3a
2025-09-16 04:55:21.467 TRACE : trigger interaction 0xc000147e00 100/1200
[TRACE] Decoding transaction bytes of length: 229
[TRACE] Transaction type: 6
[TRACE] Successfully decoded transaction with hash: 265de6026cd297205910f6212d41dcb065c00b655c7c97486e6ebcbc14bc97ae
2025-09-16 04:55:21.468 TRACE client[0]: Processing transaction with hash: 265de6026cd297205910f6212d41dcb065c00b655c7c97486e6ebcbc14bc97ae
2025-09-16 04:55:21.468 DEBUG client[0]: Submitting transaction 265de6026cd297205910f6212d41dcb065c00b655c7c97486e6ebcbc14bc97ae
2025-09-16 04:55:21.550 TRACE : trigger interaction 0xc00043eff0 101/1200
[TRACE] Decoding transaction bytes of length: 229
[TRACE] Transaction type: 6
[TRACE] Successfully decoded transaction with hash: 2ee2fe88293601b88622b154c54eb84c0abf33eef2ad341b1a384f2981e1ea50
2025-09-16 04:55:21.550 TRACE client[0]: Processing transaction with hash: 2ee2fe88293601b88622b154c54eb84c0abf33eef2ad341b1a384f2981e1ea50
2025-09-16 04:55:21.550 DEBUG client[0]: Submitting transaction 2ee2fe88293601b88622b154c54eb84c0abf33eef2ad341b1a384f2981e1ea50
2025-09-16 04:55:21.633 TRACE : trigger interaction 0xc00043f0e0 102/1200
[TRACE] Decoding transaction bytes of length: 229
[TRACE] Transaction type: 6
[TRACE] Successfully decoded transaction with hash: 1d173f8a86ea7e2f8a637ca6ccb5e67e03060d0f538b163f8c18f296d83fbf14
2025-09-16 04:55:21.634 TRACE client[0]: Processing transaction with hash: 1d173f8a86ea7e2f8a637ca6ccb5e67e03060d0f538b163f8c18f296d83fbf14
2025-09-16 04:55:21.634 DEBUG client[0]: Submitting transaction 1d173f8a86ea7e2f8a637ca6ccb5e67e03060d0f538b163f8c18f296d83fbf14
2025-09-16 04:55:21.717 TRACE : trigger interaction 0xc00043f1d0 103/1200
[TRACE] Decoding transaction bytes of length: 229
[TRACE] Transaction type: 6
[TRACE] Successfully decoded transaction with hash: 099b4038013ca679414c3e52ae79ae596ee034002fddc91184307e91ab8da617
2025-09-16 04:55:21.717 TRACE client[0]: Processing transaction with hash: 099b4038013ca679414c3e52ae79ae596ee034002fddc91184307e91ab8da617
2025-09-16 04:55:21.717 DEBUG client[0]: Submitting transaction 099b4038013ca679414c3e52ae79ae596ee034002fddc91184307e91ab8da617
2025-09-16 04:55:21.800 TRACE : trigger interaction 0xc00043f2c0 104/1200
[TRACE] Decoding transaction bytes of length: 229
[TRACE] Transaction type: 6
[TRACE] Successfully decoded transaction with hash: 86573366ed82dc6b3c8cf2224229d331083a8cb9e8731fc70dc9522ac31bd81b
2025-09-16 04:55:21.800 TRACE client[0]: Processing transaction with hash: 86573366ed82dc6b3c8cf2224229d331083a8cb9e8731fc70dc9522ac31bd81b
2025-09-16 04:55:21.800 DEBUG client[0]: Submitting transaction 86573366ed82dc6b3c8cf2224229d331083a8cb9e8731fc70dc9522ac31bd81b
2025-09-16 04:55:21.883 TRACE : trigger interaction 0xc00043f3b0 105/1200
[TRACE] Decoding transaction bytes of length: 229
[TRACE] Transaction type: 6
[TRACE] Successfully decoded transaction with hash: fbb9a88e2c45493bb6e03b8944499c2e24cc105bce28f8d2f5be4426c6c63b02
2025-09-16 04:55:21.884 TRACE client[0]: Processing transaction with hash: fbb9a88e2c45493bb6e03b8944499c2e24cc105bce28f8d2f5be4426c6c63b02
2025-09-16 04:55:21.884 DEBUG client[0]: Submitting transaction fbb9a88e2c45493bb6e03b8944499c2e24cc105bce28f8d2f5be4426c6c63b02
2025-09-16 04:55:21.967 TRACE : trigger interaction 0xc00043f4a0 106/1200
[TRACE] Decoding transaction bytes of length: 229
[TRACE] Transaction type: 6
[TRACE] Successfully decoded transaction with hash: 40b6aaa3dfd165c36d5ff6f9860491b69a36c3880149ae068d34682ecdc9dc89
2025-09-16 04:55:21.967 TRACE client[0]: Processing transaction with hash: 40b6aaa3dfd165c36d5ff6f9860491b69a36c3880149ae068d34682ecdc9dc89
2025-09-16 04:55:21.967 DEBUG client[0]: Submitting transaction 40b6aaa3dfd165c36d5ff6f9860491b69a36c3880149ae068d34682ecdc9dc89
2025-09-16 04:55:22.050 TRACE : trigger interaction 0xc00043f590 107/1200
[TRACE] Decoding transaction bytes of length: 229
[TRACE] Transaction type: 6
[TRACE] Successfully decoded transaction with hash: a71b8fffe9ed7c0d79739ef6ba7005b33bcf444bd7e5db292842721fd56271d3
2025-09-16 04:55:22.050 TRACE client[0]: Processing transaction with hash: a71b8fffe9ed7c0d79739ef6ba7005b33bcf444bd7e5db292842721fd56271d3
2025-09-16 04:55:22.050 DEBUG client[0]: Submitting transaction a71b8fffe9ed7c0d79739ef6ba7005b33bcf444bd7e5db292842721fd56271d3
2025-09-16 04:55:22.133 TRACE : trigger interaction 0xc00043f680 108/1200
[TRACE] Decoding transaction bytes of length: 229
[TRACE] Transaction type: 6
[TRACE] Successfully decoded transaction with hash: 75eb96c8ea3c2cb0a16ffd8247425eb4d6ed277c5adece90bbed99529b191ff3
2025-09-16 04:55:22.134 TRACE client[0]: Processing transaction with hash: 75eb96c8ea3c2cb0a16ffd8247425eb4d6ed277c5adece90bbed99529b191ff3
2025-09-16 04:55:22.134 DEBUG client[0]: Submitting transaction 75eb96c8ea3c2cb0a16ffd8247425eb4d6ed277c5adece90bbed99529b191ff3
2025-09-16 04:55:22.217 TRACE : trigger interaction 0xc00043f770 109/1200
[TRACE] Decoding transaction bytes of length: 229
[TRACE] Transaction type: 6
[TRACE] Successfully decoded transaction with hash: e535a25ebb5ba4e5d75044463ca121f3b255f0e11bd8985fc0ea26ef4ced18f7
2025-09-16 04:55:22.217 TRACE client[0]: Processing transaction with hash: e535a25ebb5ba4e5d75044463ca121f3b255f0e11bd8985fc0ea26ef4ced18f7
2025-09-16 04:55:22.217 DEBUG client[0]: Submitting transaction e535a25ebb5ba4e5d75044463ca121f3b255f0e11bd8985fc0ea26ef4ced18f7
2025-09-16 04:55:22.300 TRACE : trigger interaction 0xc00043f860 110/1200
[TRACE] Decoding transaction bytes of length: 229
[TRACE] Transaction type: 6
[TRACE] Successfully decoded transaction with hash: 3aba1ad0d2f4636d39c1be7d1345fef2d6c07aec758125fff0501c9082662287
2025-09-16 04:55:22.300 TRACE client[0]: Processing transaction with hash: 3aba1ad0d2f4636d39c1be7d1345fef2d6c07aec758125fff0501c9082662287
2025-09-16 04:55:22.300 DEBUG client[0]: Submitting transaction 3aba1ad0d2f4636d39c1be7d1345fef2d6c07aec758125fff0501c9082662287
2025-09-16 04:55:22.383 TRACE : trigger interaction 0xc00043f950 111/1200
[TRACE] Decoding transaction bytes of length: 229
[TRACE] Transaction type: 6
[TRACE] Successfully decoded transaction with hash: e2f749e34e4b8599157c8ba95ca85bdef89eb802fc885f664c101c83700e2f61
2025-09-16 04:55:22.384 TRACE client[0]: Processing transaction with hash: e2f749e34e4b8599157c8ba95ca85bdef89eb802fc885f664c101c83700e2f61
2025-09-16 04:55:22.384 DEBUG client[0]: Submitting transaction e2f749e34e4b8599157c8ba95ca85bdef89eb802fc885f664c101c83700e2f61
2025-09-16 04:55:22.467 TRACE : trigger interaction 0xc00043fa40 112/1200
[TRACE] Decoding transaction bytes of length: 229
[TRACE] Transaction type: 6
[TRACE] Successfully decoded transaction with hash: deb8f83b30c688c3d91b8f92a7625f8a3120347bc749292ea4dc16490738c701
2025-09-16 04:55:22.467 TRACE client[0]: Processing transaction with hash: deb8f83b30c688c3d91b8f92a7625f8a3120347bc749292ea4dc16490738c701
2025-09-16 04:55:22.467 DEBUG client[0]: Submitting transaction deb8f83b30c688c3d91b8f92a7625f8a3120347bc749292ea4dc16490738c701
2025-09-16 04:55:22.550 TRACE : trigger interaction 0xc00043fb30 113/1200
[TRACE] Decoding transaction bytes of length: 229
[TRACE] Transaction type: 6
[TRACE] Successfully decoded transaction with hash: 2de85139e1b216a8407a6853f4c9f1486036f811b1fa373c9628fca5c6ac26a3
2025-09-16 04:55:22.550 TRACE client[0]: Processing transaction with hash: 2de85139e1b216a8407a6853f4c9f1486036f811b1fa373c9628fca5c6ac26a3
2025-09-16 04:55:22.550 DEBUG client[0]: Submitting transaction 2de85139e1b216a8407a6853f4c9f1486036f811b1fa373c9628fca5c6ac26a3
2025-09-16 04:55:22.634 TRACE : trigger interaction 0xc00043fc20 114/1200
[TRACE] Decoding transaction bytes of length: 229
[TRACE] Transaction type: 6
[TRACE] Successfully decoded transaction with hash: 7c7a95f21f80ab4789a57d91bb8f9af94814fcc56264c666b230e4ca94b0c897
2025-09-16 04:55:22.634 TRACE client[0]: Processing transaction with hash: 7c7a95f21f80ab4789a57d91bb8f9af94814fcc56264c666b230e4ca94b0c897
2025-09-16 04:55:22.634 DEBUG client[0]: Submitting transaction 7c7a95f21f80ab4789a57d91bb8f9af94814fcc56264c666b230e4ca94b0c897
2025-09-16 04:55:22.717 TRACE : trigger interaction 0xc00043fd10 115/1200
[TRACE] Decoding transaction bytes of length: 229
[TRACE] Transaction type: 6
[TRACE] Successfully decoded transaction with hash: b44480d927aca0ba83a73e0d5f07189d915ce73268baceda207ca66e593596f4
2025-09-16 04:55:22.718 TRACE client[0]: Processing transaction with hash: b44480d927aca0ba83a73e0d5f07189d915ce73268baceda207ca66e593596f4
2025-09-16 04:55:22.718 DEBUG client[0]: Submitting transaction b44480d927aca0ba83a73e0d5f07189d915ce73268baceda207ca66e593596f4
2025-09-16 04:55:22.800 TRACE : trigger interaction 0xc00043fe00 116/1200
[TRACE] Decoding transaction bytes of length: 229
[TRACE] Transaction type: 6
[TRACE] Successfully decoded transaction with hash: ba99158972db431269ce932b09c4e632c34ba96065e38e7acac8c5878913386a
2025-09-16 04:55:22.801 TRACE client[0]: Processing transaction with hash: ba99158972db431269ce932b09c4e632c34ba96065e38e7acac8c5878913386a
2025-09-16 04:55:22.801 DEBUG client[0]: Submitting transaction ba99158972db431269ce932b09c4e632c34ba96065e38e7acac8c5878913386a
2025-09-16 04:55:22.884 TRACE : trigger interaction 0xc00043fef0 117/1200
[TRACE] Decoding transaction bytes of length: 229
[TRACE] Transaction type: 6
[TRACE] Successfully decoded transaction with hash: 478675edc3f7192c4bf7973cb4d7f5480eb70de819b4392153101dfd22d328d2
2025-09-16 04:55:22.884 TRACE client[0]: Processing transaction with hash: 478675edc3f7192c4bf7973cb4d7f5480eb70de819b4392153101dfd22d328d2
2025-09-16 04:55:22.884 DEBUG client[0]: Submitting transaction 478675edc3f7192c4bf7973cb4d7f5480eb70de819b4392153101dfd22d328d2
2025-09-16 04:55:22.967 TRACE : trigger interaction 0xc000147ef0 118/1200
[TRACE] Decoding transaction bytes of length: 229
[TRACE] Transaction type: 6
[TRACE] Successfully decoded transaction with hash: 1b81ec1bd8fe5fcf581aa49f84e866038eff08dd667ad289e6066958ed591d08
2025-09-16 04:55:22.968 TRACE client[0]: Processing transaction with hash: 1b81ec1bd8fe5fcf581aa49f84e866038eff08dd667ad289e6066958ed591d08
2025-09-16 04:55:22.968 DEBUG client[0]: Submitting transaction 1b81ec1bd8fe5fcf581aa49f84e866038eff08dd667ad289e6066958ed591d08
2025-09-16 04:55:23.050 TRACE : trigger interaction 0xc000162000 119/1200
[TRACE] Decoding transaction bytes of length: 229
[TRACE] Transaction type: 6
[TRACE] Successfully decoded transaction with hash: df1fbc84d342ce5554cc3bd14a9766db013add2970056cf18a28b02e8520d6b5
2025-09-16 04:55:23.051 TRACE client[0]: Processing transaction with hash: df1fbc84d342ce5554cc3bd14a9766db013add2970056cf18a28b02e8520d6b5
2025-09-16 04:55:23.051 DEBUG client[0]: Submitting transaction df1fbc84d342ce5554cc3bd14a9766db013add2970056cf18a28b02e8520d6b5
2025-09-16 04:55:23.134 TRACE : trigger interaction 0xc0001620f0 120/1200
[TRACE] Decoding transaction bytes of length: 229
[TRACE] Transaction type: 6
[TRACE] Successfully decoded transaction with hash: 9221837fbca960a6267673e4101c12e2388f68c6cb83709e735765358f664142
2025-09-16 04:55:23.134 TRACE client[0]: Processing transaction with hash: 9221837fbca960a6267673e4101c12e2388f68c6cb83709e735765358f664142
2025-09-16 04:55:23.134 DEBUG client[0]: Submitting transaction 9221837fbca960a6267673e4101c12e2388f68c6cb83709e735765358f664142
2025-09-16 04:55:23.217 TRACE : trigger interaction 0xc0001621e0 121/1200
[TRACE] Decoding transaction bytes of length: 229
[TRACE] Transaction type: 6
[TRACE] Successfully decoded transaction with hash: da5b379fb39b2d5a4fa984690ce226f6f96c675544853db2ed2dd6ef226272dd
2025-09-16 04:55:23.218 TRACE client[0]: Processing transaction with hash: da5b379fb39b2d5a4fa984690ce226f6f96c675544853db2ed2dd6ef226272dd
2025-09-16 04:55:23.218 DEBUG client[0]: Submitting transaction da5b379fb39b2d5a4fa984690ce226f6f96c675544853db2ed2dd6ef226272dd
2025-09-16 04:55:23.301 TRACE : trigger interaction 0xc0001622d0 122/1200
[TRACE] Decoding transaction bytes of length: 229
[TRACE] Transaction type: 6
[TRACE] Successfully decoded transaction with hash: 8859db87fa9964edbfe384f00dded2dc0f59c4722b7d6fc7ee4142b870dc17e2
2025-09-16 04:55:23.301 TRACE client[0]: Processing transaction with hash: 8859db87fa9964edbfe384f00dded2dc0f59c4722b7d6fc7ee4142b870dc17e2
2025-09-16 04:55:23.301 DEBUG client[0]: Submitting transaction 8859db87fa9964edbfe384f00dded2dc0f59c4722b7d6fc7ee4142b870dc17e2
2025-09-16 04:55:23.384 TRACE : trigger interaction 0xc0001623c0 123/1200
[TRACE] Decoding transaction bytes of length: 229
[TRACE] Transaction type: 6
[TRACE] Successfully decoded transaction with hash: e4b0fc959d81af95255d1a5d5ecde20a6c19077461a23ca6420f87b51da146b3
2025-09-16 04:55:23.384 TRACE client[0]: Processing transaction with hash: e4b0fc959d81af95255d1a5d5ecde20a6c19077461a23ca6420f87b51da146b3
2025-09-16 04:55:23.384 DEBUG client[0]: Submitting transaction e4b0fc959d81af95255d1a5d5ecde20a6c19077461a23ca6420f87b51da146b3
2025-09-16 04:55:23.467 TRACE : trigger interaction 0xc0001624b0 124/1200
[TRACE] Decoding transaction bytes of length: 229
[TRACE] Transaction type: 6
[TRACE] Successfully decoded transaction with hash: d3bf1d7ff5ce775fbd68231610bf841b174cb118f18de75860ba3fe4bf26bd27
2025-09-16 04:55:23.468 TRACE client[0]: Processing transaction with hash: d3bf1d7ff5ce775fbd68231610bf841b174cb118f18de75860ba3fe4bf26bd27
2025-09-16 04:55:23.468 DEBUG client[0]: Submitting transaction d3bf1d7ff5ce775fbd68231610bf841b174cb118f18de75860ba3fe4bf26bd27
2025-09-16 04:55:23.550 TRACE : trigger interaction 0xc0001625a0 125/1200
[TRACE] Decoding transaction bytes of length: 229
[TRACE] Transaction type: 6
[TRACE] Successfully decoded transaction with hash: d2a1a9c9559176d00dadac43e92cfbdf5d8ca5270a922b31e1e29c257f98cf46
2025-09-16 04:55:23.550 TRACE client[0]: Processing transaction with hash: d2a1a9c9559176d00dadac43e92cfbdf5d8ca5270a922b31e1e29c257f98cf46
2025-09-16 04:55:23.550 DEBUG client[0]: Submitting transaction d2a1a9c9559176d00dadac43e92cfbdf5d8ca5270a922b31e1e29c257f98cf46
2025-09-16 04:55:23.633 TRACE : trigger interaction 0xc000162690 126/1200
[TRACE] Decoding transaction bytes of length: 229
[TRACE] Transaction type: 6
[TRACE] Successfully decoded transaction with hash: 6c34403ea196aa84a5654bb259d872d3060be4ca7e06959e17572006bca14db0
2025-09-16 04:55:23.634 TRACE client[0]: Processing transaction with hash: 6c34403ea196aa84a5654bb259d872d3060be4ca7e06959e17572006bca14db0
2025-09-16 04:55:23.634 DEBUG client[0]: Submitting transaction 6c34403ea196aa84a5654bb259d872d3060be4ca7e06959e17572006bca14db0
2025-09-16 04:55:23.716 TRACE : trigger interaction 0xc000162780 127/1200
[TRACE] Decoding transaction bytes of length: 229
[TRACE] Transaction type: 6
[TRACE] Successfully decoded transaction with hash: 95a750f6224182696197bd429be7f522d6961661d521240db30618eb04992aac
2025-09-16 04:55:23.717 TRACE client[0]: Processing transaction with hash: 95a750f6224182696197bd429be7f522d6961661d521240db30618eb04992aac
2025-09-16 04:55:23.717 DEBUG client[0]: Submitting transaction 95a750f6224182696197bd429be7f522d6961661d521240db30618eb04992aac
2025-09-16 04:55:23.801 TRACE : trigger interaction 0xc000162870 128/1200
[TRACE] Decoding transaction bytes of length: 229
[TRACE] Transaction type: 6
[TRACE] Successfully decoded transaction with hash: a974eae3828ec16ed593119bf10f21e69133bcdfe57042ef0e516148b2f2f406
2025-09-16 04:55:23.801 TRACE client[0]: Processing transaction with hash: a974eae3828ec16ed593119bf10f21e69133bcdfe57042ef0e516148b2f2f406
2025-09-16 04:55:23.801 DEBUG client[0]: Submitting transaction a974eae3828ec16ed593119bf10f21e69133bcdfe57042ef0e516148b2f2f406
2025-09-16 04:55:23.884 TRACE : trigger interaction 0xc000162960 129/1200
[TRACE] Decoding transaction bytes of length: 229
[TRACE] Transaction type: 6
[TRACE] Successfully decoded transaction with hash: 84d335d45cc84c798c5f23cf2f2c05091609b09e51e6d41390c8a7594b021bc2
2025-09-16 04:55:23.884 TRACE client[0]: Processing transaction with hash: 84d335d45cc84c798c5f23cf2f2c05091609b09e51e6d41390c8a7594b021bc2
2025-09-16 04:55:23.884 DEBUG client[0]: Submitting transaction 84d335d45cc84c798c5f23cf2f2c05091609b09e51e6d41390c8a7594b021bc2
2025-09-16 04:55:23.967 TRACE : trigger interaction 0xc000162a50 130/1200
[TRACE] Decoding transaction bytes of length: 229
[TRACE] Transaction type: 6
[TRACE] Successfully decoded transaction with hash: 44de8c5f98d5d859986cec106c67105cd5c2cfbe03051cf1581e1ba9f964911c
2025-09-16 04:55:23.967 TRACE client[0]: Processing transaction with hash: 44de8c5f98d5d859986cec106c67105cd5c2cfbe03051cf1581e1ba9f964911c
2025-09-16 04:55:23.967 DEBUG client[0]: Submitting transaction 44de8c5f98d5d859986cec106c67105cd5c2cfbe03051cf1581e1ba9f964911c
2025-09-16 04:55:24.051 TRACE : trigger interaction 0xc000162b40 131/1200
[TRACE] Decoding transaction bytes of length: 229
[TRACE] Transaction type: 6
[TRACE] Successfully decoded transaction with hash: 1df5d3c5a9bf06f96caf4b6c6f668e7cbad6bc98d8b8d0df3352a1f4c42e5d31
2025-09-16 04:55:24.051 TRACE client[0]: Processing transaction with hash: 1df5d3c5a9bf06f96caf4b6c6f668e7cbad6bc98d8b8d0df3352a1f4c42e5d31
2025-09-16 04:55:24.051 DEBUG client[0]: Submitting transaction 1df5d3c5a9bf06f96caf4b6c6f668e7cbad6bc98d8b8d0df3352a1f4c42e5d31
2025-09-16 04:55:24.134 TRACE : trigger interaction 0xc000162c30 132/1200
[TRACE] Decoding transaction bytes of length: 229
[TRACE] Transaction type: 6
[TRACE] Successfully decoded transaction with hash: 5c9856fc1552a16c4cc995ed96b1547b826942cd9937d04a6e1c06d1219ea2b0
2025-09-16 04:55:24.134 TRACE client[0]: Processing transaction with hash: 5c9856fc1552a16c4cc995ed96b1547b826942cd9937d04a6e1c06d1219ea2b0
2025-09-16 04:55:24.134 DEBUG client[0]: Submitting transaction 5c9856fc1552a16c4cc995ed96b1547b826942cd9937d04a6e1c06d1219ea2b0
2025-09-16 04:55:24.217 TRACE : trigger interaction 0xc000162d20 133/1200
[TRACE] Decoding transaction bytes of length: 229
[TRACE] Transaction type: 6
[TRACE] Successfully decoded transaction with hash: 8a908bbfe988e77af27a74cf9240d30410fdae9681e5a3565b0fdd12048c9812
2025-09-16 04:55:24.217 TRACE client[0]: Processing transaction with hash: 8a908bbfe988e77af27a74cf9240d30410fdae9681e5a3565b0fdd12048c9812
2025-09-16 04:55:24.217 DEBUG client[0]: Submitting transaction 8a908bbfe988e77af27a74cf9240d30410fdae9681e5a3565b0fdd12048c9812
2025-09-16 04:55:24.301 TRACE : trigger interaction 0xc000162e10 134/1200
[TRACE] Decoding transaction bytes of length: 229
[TRACE] Transaction type: 6
[TRACE] Successfully decoded transaction with hash: 0f5c1709ae726cd15e9dc0785f5daeab82a378a20f48914a2b40a0621b7ee167
2025-09-16 04:55:24.301 TRACE client[0]: Processing transaction with hash: 0f5c1709ae726cd15e9dc0785f5daeab82a378a20f48914a2b40a0621b7ee167
2025-09-16 04:55:24.301 DEBUG client[0]: Submitting transaction 0f5c1709ae726cd15e9dc0785f5daeab82a378a20f48914a2b40a0621b7ee167
2025-09-16 04:55:24.384 TRACE : trigger interaction 0xc0003c8000 135/1200
[TRACE] Decoding transaction bytes of length: 229
[TRACE] Transaction type: 6
[TRACE] Successfully decoded transaction with hash: a2884a3d9aa2e77ae42581fd42a1f69318443c15076a3af920d31b1cfaa3aece
2025-09-16 04:55:24.384 TRACE client[0]: Processing transaction with hash: a2884a3d9aa2e77ae42581fd42a1f69318443c15076a3af920d31b1cfaa3aece
2025-09-16 04:55:24.385 DEBUG client[0]: Submitting transaction a2884a3d9aa2e77ae42581fd42a1f69318443c15076a3af920d31b1cfaa3aece
2025-09-16 04:55:24.467 TRACE : trigger interaction 0xc0003c80f0 136/1200
[TRACE] Decoding transaction bytes of length: 229
[TRACE] Transaction type: 6
[TRACE] Successfully decoded transaction with hash: 410f3b8d46316a018291974e10f2fa5fabe0d246ac6e636f454781fd96e3d0d6
2025-09-16 04:55:24.468 TRACE client[0]: Processing transaction with hash: 410f3b8d46316a018291974e10f2fa5fabe0d246ac6e636f454781fd96e3d0d6
2025-09-16 04:55:24.468 DEBUG client[0]: Submitting transaction 410f3b8d46316a018291974e10f2fa5fabe0d246ac6e636f454781fd96e3d0d6
2025-09-16 04:55:24.551 TRACE : trigger interaction 0xc0003c81e0 137/1200
[TRACE] Decoding transaction bytes of length: 229
[TRACE] Transaction type: 6
[TRACE] Successfully decoded transaction with hash: 9ec62745f54018371333dcb2de2a24334fbd5fcc6e0b985b1fda1cb0647ee6da
2025-09-16 04:55:24.551 TRACE client[0]: Processing transaction with hash: 9ec62745f54018371333dcb2de2a24334fbd5fcc6e0b985b1fda1cb0647ee6da
2025-09-16 04:55:24.551 DEBUG client[0]: Submitting transaction 9ec62745f54018371333dcb2de2a24334fbd5fcc6e0b985b1fda1cb0647ee6da
2025-09-16 04:55:24.633 TRACE : trigger interaction 0xc0003c82d0 138/1200
[TRACE] Decoding transaction bytes of length: 229
[TRACE] Transaction type: 6
[TRACE] Successfully decoded transaction with hash: 57b1c8fe700b78944567b4849d5fb905731394ca15ce2e0576e4b978b913bc7a
2025-09-16 04:55:24.633 TRACE client[0]: Processing transaction with hash: 57b1c8fe700b78944567b4849d5fb905731394ca15ce2e0576e4b978b913bc7a
2025-09-16 04:55:24.633 DEBUG client[0]: Submitting transaction 57b1c8fe700b78944567b4849d5fb905731394ca15ce2e0576e4b978b913bc7a
2025-09-16 04:55:24.717 TRACE : trigger interaction 0xc0003c83c0 139/1200
[TRACE] Decoding transaction bytes of length: 229
[TRACE] Transaction type: 6
[TRACE] Successfully decoded transaction with hash: 46c50f3976d515a54642da32a035983b945eda371cbc26249ae2c8855dc133de
2025-09-16 04:55:24.718 TRACE client[0]: Processing transaction with hash: 46c50f3976d515a54642da32a035983b945eda371cbc26249ae2c8855dc133de
2025-09-16 04:55:24.718 DEBUG client[0]: Submitting transaction 46c50f3976d515a54642da32a035983b945eda371cbc26249ae2c8855dc133de
2025-09-16 04:55:24.801 TRACE : trigger interaction 0xc0003c84b0 140/1200
[TRACE] Decoding transaction bytes of length: 229
[TRACE] Transaction type: 6
[TRACE] Successfully decoded transaction with hash: 8424619bfb1ef6e8daf8284d3c0b9248162e8dd7563b94bc773db61f4f283126
2025-09-16 04:55:24.801 TRACE client[0]: Processing transaction with hash: 8424619bfb1ef6e8daf8284d3c0b9248162e8dd7563b94bc773db61f4f283126
2025-09-16 04:55:24.801 DEBUG client[0]: Submitting transaction 8424619bfb1ef6e8daf8284d3c0b9248162e8dd7563b94bc773db61f4f283126
2025-09-16 04:55:24.884 TRACE : trigger interaction 0xc0003c85a0 141/1200
[TRACE] Decoding transaction bytes of length: 229
[TRACE] Transaction type: 6
[TRACE] Successfully decoded transaction with hash: 366a6c1f6aee792fac4e1e2c4a88a477d0425773910eb85e57f08967ab080fdc
2025-09-16 04:55:24.885 TRACE client[0]: Processing transaction with hash: 366a6c1f6aee792fac4e1e2c4a88a477d0425773910eb85e57f08967ab080fdc
2025-09-16 04:55:24.885 DEBUG client[0]: Submitting transaction 366a6c1f6aee792fac4e1e2c4a88a477d0425773910eb85e57f08967ab080fdc
2025-09-16 04:55:24.967 TRACE : trigger interaction 0xc0003c8690 142/1200
[TRACE] Decoding transaction bytes of length: 229
[TRACE] Transaction type: 6
[TRACE] Successfully decoded transaction with hash: 422e6335689f5ac035e3c5b2b52489bc5644855a62843f15c1023f011cdc67bc
2025-09-16 04:55:24.968 TRACE client[0]: Processing transaction with hash: 422e6335689f5ac035e3c5b2b52489bc5644855a62843f15c1023f011cdc67bc
2025-09-16 04:55:24.968 DEBUG client[0]: Submitting transaction 422e6335689f5ac035e3c5b2b52489bc5644855a62843f15c1023f011cdc67bc
2025-09-16 04:55:25.051 TRACE : trigger interaction 0xc0003c8780 143/1200
[TRACE] Decoding transaction bytes of length: 229
[TRACE] Transaction type: 6
[TRACE] Successfully decoded transaction with hash: e1994345c0545f6921ca5b82187013fa20f66f31e3739d2df8794532c539810f
2025-09-16 04:55:25.051 TRACE client[0]: Processing transaction with hash: e1994345c0545f6921ca5b82187013fa20f66f31e3739d2df8794532c539810f
2025-09-16 04:55:25.051 DEBUG client[0]: Submitting transaction e1994345c0545f6921ca5b82187013fa20f66f31e3739d2df8794532c539810f
2025-09-16 04:55:25.133 TRACE : trigger interaction 0xc0003c8870 144/1200
[TRACE] Decoding transaction bytes of length: 229
[TRACE] Transaction type: 6
[TRACE] Successfully decoded transaction with hash: 16906003a5b90722d6332917b744f4edbea40aa9b5cf9aaad2cd284b4c3a3655
2025-09-16 04:55:25.134 TRACE client[0]: Processing transaction with hash: 16906003a5b90722d6332917b744f4edbea40aa9b5cf9aaad2cd284b4c3a3655
2025-09-16 04:55:25.134 DEBUG client[0]: Submitting transaction 16906003a5b90722d6332917b744f4edbea40aa9b5cf9aaad2cd284b4c3a3655
2025-09-16 04:55:25.217 TRACE : trigger interaction 0xc0003c8960 145/1200
[TRACE] Decoding transaction bytes of length: 229
[TRACE] Transaction type: 6
[TRACE] Successfully decoded transaction with hash: 7e3d6731cbc95832979c71f8242a94f9c4bbc4fa723f8c3f1303461a3b4fc570
2025-09-16 04:55:25.218 TRACE client[0]: Processing transaction with hash: 7e3d6731cbc95832979c71f8242a94f9c4bbc4fa723f8c3f1303461a3b4fc570
2025-09-16 04:55:25.218 DEBUG client[0]: Submitting transaction 7e3d6731cbc95832979c71f8242a94f9c4bbc4fa723f8c3f1303461a3b4fc570
2025-09-16 04:55:25.301 TRACE : trigger interaction 0xc0003c8a50 146/1200
[TRACE] Decoding transaction bytes of length: 229
[TRACE] Transaction type: 6
[TRACE] Successfully decoded transaction with hash: 7dbd948af5307111259f71caff2d7136f0bd7706f0d17102ebf18e85082ab693
2025-09-16 04:55:25.301 TRACE client[0]: Processing transaction with hash: 7dbd948af5307111259f71caff2d7136f0bd7706f0d17102ebf18e85082ab693
2025-09-16 04:55:25.301 DEBUG client[0]: Submitting transaction 7dbd948af5307111259f71caff2d7136f0bd7706f0d17102ebf18e85082ab693
2025-09-16 04:55:25.384 TRACE : trigger interaction 0xc0003c8b40 147/1200
[TRACE] Decoding transaction bytes of length: 229
[TRACE] Transaction type: 6
[TRACE] Successfully decoded transaction with hash: f97bc5bcbb431638b265c2976634f6824447d37f3b760547509e269495170c29
2025-09-16 04:55:25.384 TRACE client[0]: Processing transaction with hash: f97bc5bcbb431638b265c2976634f6824447d37f3b760547509e269495170c29
2025-09-16 04:55:25.384 DEBUG client[0]: Submitting transaction f97bc5bcbb431638b265c2976634f6824447d37f3b760547509e269495170c29
2025-09-16 04:55:25.467 TRACE : trigger interaction 0xc0003c8c30 148/1200
[TRACE] Decoding transaction bytes of length: 229
[TRACE] Transaction type: 6
[TRACE] Successfully decoded transaction with hash: f1da00ef3600f4e7b16e6c15716d3c3af05ade1936694867ada8027e723a8a6a
2025-09-16 04:55:25.467 TRACE client[0]: Processing transaction with hash: f1da00ef3600f4e7b16e6c15716d3c3af05ade1936694867ada8027e723a8a6a
2025-09-16 04:55:25.467 DEBUG client[0]: Submitting transaction f1da00ef3600f4e7b16e6c15716d3c3af05ade1936694867ada8027e723a8a6a
2025-09-16 04:55:25.551 TRACE : trigger interaction 0xc0003c8d20 149/1200
[TRACE] Decoding transaction bytes of length: 229
[TRACE] Transaction type: 6
[TRACE] Successfully decoded transaction with hash: fc6acc95e0061d8c1879eb5f89e0c81bf91d439ccfabd0de3f79b93709766ab6
2025-09-16 04:55:25.551 TRACE client[0]: Processing transaction with hash: fc6acc95e0061d8c1879eb5f89e0c81bf91d439ccfabd0de3f79b93709766ab6
2025-09-16 04:55:25.551 DEBUG client[0]: Submitting transaction fc6acc95e0061d8c1879eb5f89e0c81bf91d439ccfabd0de3f79b93709766ab6
2025-09-16 04:55:25.634 TRACE : trigger interaction 0xc0003c8e10 150/1200
[TRACE] Decoding transaction bytes of length: 229
[TRACE] Transaction type: 6
[TRACE] Successfully decoded transaction with hash: fb6c9f547b020a3b46d7b824482dbf1972731fc52e8b1bfe57363cf7de92b5e2
2025-09-16 04:55:25.634 TRACE client[0]: Processing transaction with hash: fb6c9f547b020a3b46d7b824482dbf1972731fc52e8b1bfe57363cf7de92b5e2
2025-09-16 04:55:25.634 DEBUG client[0]: Submitting transaction fb6c9f547b020a3b46d7b824482dbf1972731fc52e8b1bfe57363cf7de92b5e2
2025-09-16 04:55:25.717 TRACE : trigger interaction 0xc0003c8f00 151/1200
[TRACE] Decoding transaction bytes of length: 229
[TRACE] Transaction type: 6
[TRACE] Successfully decoded transaction with hash: 983a978927eca76b65e2ebb7db98054bc313662b1a702d913110440496ee2c6a
2025-09-16 04:55:25.717 TRACE client[0]: Processing transaction with hash: 983a978927eca76b65e2ebb7db98054bc313662b1a702d913110440496ee2c6a
2025-09-16 04:55:25.717 DEBUG client[0]: Submitting transaction 983a978927eca76b65e2ebb7db98054bc313662b1a702d913110440496ee2c6a
2025-09-16 04:55:25.801 TRACE : trigger interaction 0xc000162f00 152/1200
[TRACE] Decoding transaction bytes of length: 229
[TRACE] Transaction type: 6
[TRACE] Successfully decoded transaction with hash: c737aee2d93e9673d6a8dbe0c8bb9730b5bb1027459558328dfa5be67f19ff86
2025-09-16 04:55:25.801 TRACE client[0]: Processing transaction with hash: c737aee2d93e9673d6a8dbe0c8bb9730b5bb1027459558328dfa5be67f19ff86
2025-09-16 04:55:25.801 DEBUG client[0]: Submitting transaction c737aee2d93e9673d6a8dbe0c8bb9730b5bb1027459558328dfa5be67f19ff86
2025-09-16 04:55:25.884 TRACE : trigger interaction 0xc000162ff0 153/1200
[TRACE] Decoding transaction bytes of length: 229
[TRACE] Transaction type: 6
[TRACE] Successfully decoded transaction with hash: 6b70c294ec4777f20e0cfef20f3dc400c95a1c0ea9f293d5e120d4b84353a9d3
2025-09-16 04:55:25.885 TRACE client[0]: Processing transaction with hash: 6b70c294ec4777f20e0cfef20f3dc400c95a1c0ea9f293d5e120d4b84353a9d3
2025-09-16 04:55:25.885 DEBUG client[0]: Submitting transaction 6b70c294ec4777f20e0cfef20f3dc400c95a1c0ea9f293d5e120d4b84353a9d3
2025-09-16 04:55:25.967 TRACE : trigger interaction 0xc0001630e0 154/1200
[TRACE] Decoding transaction bytes of length: 229
[TRACE] Transaction type: 6
[TRACE] Successfully decoded transaction with hash: 4e2261b0ce0831455af702726abe3c4f47309d9715641ce8178f12483de025e8
2025-09-16 04:55:25.968 TRACE client[0]: Processing transaction with hash: 4e2261b0ce0831455af702726abe3c4f47309d9715641ce8178f12483de025e8
2025-09-16 04:55:25.968 DEBUG client[0]: Submitting transaction 4e2261b0ce0831455af702726abe3c4f47309d9715641ce8178f12483de025e8
2025-09-16 04:55:26.051 TRACE : trigger interaction 0xc0001631d0 155/1200
[TRACE] Decoding transaction bytes of length: 229
[TRACE] Transaction type: 6
[TRACE] Successfully decoded transaction with hash: 643d65d15de71af2ce90e9f91870f3dd5b8fcc39d02295b7ced6963555fbc640
2025-09-16 04:55:26.051 TRACE client[0]: Processing transaction with hash: 643d65d15de71af2ce90e9f91870f3dd5b8fcc39d02295b7ced6963555fbc640
2025-09-16 04:55:26.051 DEBUG client[0]: Submitting transaction 643d65d15de71af2ce90e9f91870f3dd5b8fcc39d02295b7ced6963555fbc640
2025-09-16 04:55:26.133 TRACE : trigger interaction 0xc0001632c0 156/1200
[TRACE] Decoding transaction bytes of length: 229
[TRACE] Transaction type: 6
[TRACE] Successfully decoded transaction with hash: dfe3edf4cf400cf07c4002563ac78cc603993f3a288a80b00b75fb09c0d0f336
2025-09-16 04:55:26.134 TRACE client[0]: Processing transaction with hash: dfe3edf4cf400cf07c4002563ac78cc603993f3a288a80b00b75fb09c0d0f336
2025-09-16 04:55:26.134 DEBUG client[0]: Submitting transaction dfe3edf4cf400cf07c4002563ac78cc603993f3a288a80b00b75fb09c0d0f336
2025-09-16 04:55:26.217 TRACE : trigger interaction 0xc0001633b0 157/1200
[TRACE] Decoding transaction bytes of length: 229
[TRACE] Transaction type: 6
[TRACE] Successfully decoded transaction with hash: 1663d9acda977a8b8e5fdd6cc0e303cdb58fa7e58f9c35dda5865544e779d324
2025-09-16 04:55:26.218 TRACE client[0]: Processing transaction with hash: 1663d9acda977a8b8e5fdd6cc0e303cdb58fa7e58f9c35dda5865544e779d324
2025-09-16 04:55:26.218 DEBUG client[0]: Submitting transaction 1663d9acda977a8b8e5fdd6cc0e303cdb58fa7e58f9c35dda5865544e779d324
2025-09-16 04:55:26.300 TRACE : trigger interaction 0xc0001634a0 158/1200
[TRACE] Decoding transaction bytes of length: 229
[TRACE] Transaction type: 6
[TRACE] Successfully decoded transaction with hash: f76cc8ef214309d8bfbb0f7dff4b042083712ff9ac84f60f2086d376340c12a7
2025-09-16 04:55:26.300 TRACE client[0]: Processing transaction with hash: f76cc8ef214309d8bfbb0f7dff4b042083712ff9ac84f60f2086d376340c12a7
2025-09-16 04:55:26.300 DEBUG client[0]: Submitting transaction f76cc8ef214309d8bfbb0f7dff4b042083712ff9ac84f60f2086d376340c12a7
2025-09-16 04:55:26.384 TRACE : trigger interaction 0xc000163590 159/1200
[TRACE] Decoding transaction bytes of length: 229
[TRACE] Transaction type: 6
[TRACE] Successfully decoded transaction with hash: 74d6ff94e5b37d3813f9545a12ce51cf65651e5505243e09df1ee13ddf183a87
2025-09-16 04:55:26.384 TRACE client[0]: Processing transaction with hash: 74d6ff94e5b37d3813f9545a12ce51cf65651e5505243e09df1ee13ddf183a87
2025-09-16 04:55:26.384 DEBUG client[0]: Submitting transaction 74d6ff94e5b37d3813f9545a12ce51cf65651e5505243e09df1ee13ddf183a87
2025-09-16 04:55:26.467 TRACE : trigger interaction 0xc000163680 160/1200
[TRACE] Decoding transaction bytes of length: 229
[TRACE] Transaction type: 6
[TRACE] Successfully decoded transaction with hash: fc2108a4c0f74690f10119adbc3d07d74a03d3bb746b31ead308f2be7960b022
2025-09-16 04:55:26.468 TRACE client[0]: Processing transaction with hash: fc2108a4c0f74690f10119adbc3d07d74a03d3bb746b31ead308f2be7960b022
2025-09-16 04:55:26.468 DEBUG client[0]: Submitting transaction fc2108a4c0f74690f10119adbc3d07d74a03d3bb746b31ead308f2be7960b022
2025-09-16 04:55:26.550 TRACE : trigger interaction 0xc000163770 161/1200
[TRACE] Decoding transaction bytes of length: 229
[TRACE] Transaction type: 6
[TRACE] Successfully decoded transaction with hash: 9cb751af030bf2c96a93783c081fcad6479a3e62ad7bf2e6facc50e613ed9077
2025-09-16 04:55:26.550 TRACE client[0]: Processing transaction with hash: 9cb751af030bf2c96a93783c081fcad6479a3e62ad7bf2e6facc50e613ed9077
2025-09-16 04:55:26.550 DEBUG client[0]: Submitting transaction 9cb751af030bf2c96a93783c081fcad6479a3e62ad7bf2e6facc50e613ed9077
2025-09-16 04:55:26.634 TRACE : trigger interaction 0xc000163860 162/1200
[TRACE] Decoding transaction bytes of length: 229
[TRACE] Transaction type: 6
[TRACE] Successfully decoded transaction with hash: d523a860d293dc94660c0f0c9083ebffd8626dd4240ce6b38bb5ac254e0c2d32
2025-09-16 04:55:26.634 TRACE client[0]: Processing transaction with hash: d523a860d293dc94660c0f0c9083ebffd8626dd4240ce6b38bb5ac254e0c2d32
2025-09-16 04:55:26.634 DEBUG client[0]: Submitting transaction d523a860d293dc94660c0f0c9083ebffd8626dd4240ce6b38bb5ac254e0c2d32
2025-09-16 04:55:26.717 TRACE : trigger interaction 0xc000163950 163/1200
[TRACE] Decoding transaction bytes of length: 229
[TRACE] Transaction type: 6
[TRACE] Successfully decoded transaction with hash: 922a69a8e498a48845f97d09aa902bd17c409a7a682f32e840865bfdc8bfc02b
2025-09-16 04:55:26.718 TRACE client[0]: Processing transaction with hash: 922a69a8e498a48845f97d09aa902bd17c409a7a682f32e840865bfdc8bfc02b
2025-09-16 04:55:26.718 DEBUG client[0]: Submitting transaction 922a69a8e498a48845f97d09aa902bd17c409a7a682f32e840865bfdc8bfc02b
2025-09-16 04:55:26.801 TRACE : trigger interaction 0xc000163a40 164/1200
[TRACE] Decoding transaction bytes of length: 229
[TRACE] Transaction type: 6
[TRACE] Successfully decoded transaction with hash: bd19aa6626d6529bf7d62fbc339e5c4eca78026b36f88527b6f53f23db0b6e08
2025-09-16 04:55:26.801 TRACE client[0]: Processing transaction with hash: bd19aa6626d6529bf7d62fbc339e5c4eca78026b36f88527b6f53f23db0b6e08
2025-09-16 04:55:26.801 DEBUG client[0]: Submitting transaction bd19aa6626d6529bf7d62fbc339e5c4eca78026b36f88527b6f53f23db0b6e08
2025-09-16 04:55:26.883 TRACE : trigger interaction 0xc000163b30 165/1200
[TRACE] Decoding transaction bytes of length: 229
[TRACE] Transaction type: 6
[TRACE] Successfully decoded transaction with hash: 7c12dce37ec93405db1717c583c3253e642a2f0f237bc0a333d42575cd1711c0
2025-09-16 04:55:26.884 TRACE client[0]: Processing transaction with hash: 7c12dce37ec93405db1717c583c3253e642a2f0f237bc0a333d42575cd1711c0
2025-09-16 04:55:26.884 DEBUG client[0]: Submitting transaction 7c12dce37ec93405db1717c583c3253e642a2f0f237bc0a333d42575cd1711c0
2025-09-16 04:55:26.967 TRACE : trigger interaction 0xc000163c20 166/1200
[TRACE] Decoding transaction bytes of length: 229
[TRACE] Transaction type: 6
[TRACE] Successfully decoded transaction with hash: 2cfebeb5accfd08761a8597de9d8efdec27366b88535ae68c14af3ee92ead106
2025-09-16 04:55:26.968 TRACE client[0]: Processing transaction with hash: 2cfebeb5accfd08761a8597de9d8efdec27366b88535ae68c14af3ee92ead106
2025-09-16 04:55:26.968 DEBUG client[0]: Submitting transaction 2cfebeb5accfd08761a8597de9d8efdec27366b88535ae68c14af3ee92ead106
2025-09-16 04:55:27.051 TRACE : trigger interaction 0xc000163d10 167/1200
[TRACE] Decoding transaction bytes of length: 229
[TRACE] Transaction type: 6
[TRACE] Successfully decoded transaction with hash: 5ed13822746117849afcc89cd1397a01275cdf83d2518cb786652c68598ead50
2025-09-16 04:55:27.051 TRACE client[0]: Processing transaction with hash: 5ed13822746117849afcc89cd1397a01275cdf83d2518cb786652c68598ead50
2025-09-16 04:55:27.051 DEBUG client[0]: Submitting transaction 5ed13822746117849afcc89cd1397a01275cdf83d2518cb786652c68598ead50
2025-09-16 04:55:27.134 TRACE : trigger interaction 0xc000163e00 168/1200
[TRACE] Decoding transaction bytes of length: 229
[TRACE] Transaction type: 6
[TRACE] Successfully decoded transaction with hash: 4d98e4c439137b42a65c60f74846d5a1b41ec372ea885042b1ff7baf21218486
2025-09-16 04:55:27.134 TRACE client[0]: Processing transaction with hash: 4d98e4c439137b42a65c60f74846d5a1b41ec372ea885042b1ff7baf21218486
2025-09-16 04:55:27.134 DEBUG client[0]: Submitting transaction 4d98e4c439137b42a65c60f74846d5a1b41ec372ea885042b1ff7baf21218486
2025-09-16 04:55:27.217 TRACE : trigger interaction 0xc000163ef0 169/1200
[TRACE] Decoding transaction bytes of length: 229
[TRACE] Transaction type: 6
[TRACE] Successfully decoded transaction with hash: 919f56032673cd7d3326119f74c83c9a85bdd514fd89f533bbbb167b9a263baf
2025-09-16 04:55:27.218 TRACE client[0]: Processing transaction with hash: 919f56032673cd7d3326119f74c83c9a85bdd514fd89f533bbbb167b9a263baf
2025-09-16 04:55:27.218 DEBUG client[0]: Submitting transaction 919f56032673cd7d3326119f74c83c9a85bdd514fd89f533bbbb167b9a263baf
2025-09-16 04:55:27.301 TRACE : trigger interaction 0xc000178000 170/1200
[TRACE] Decoding transaction bytes of length: 229
[TRACE] Transaction type: 6
[TRACE] Successfully decoded transaction with hash: 5f3d2c4bf759c77d932ed855ba766af91bd01f68e4590587ce76b70d47d66962
2025-09-16 04:55:27.301 TRACE client[0]: Processing transaction with hash: 5f3d2c4bf759c77d932ed855ba766af91bd01f68e4590587ce76b70d47d66962
2025-09-16 04:55:27.301 DEBUG client[0]: Submitting transaction 5f3d2c4bf759c77d932ed855ba766af91bd01f68e4590587ce76b70d47d66962
2025-09-16 04:55:27.383 TRACE : trigger interaction 0xc0001780f0 171/1200
[TRACE] Decoding transaction bytes of length: 229
[TRACE] Transaction type: 6
[TRACE] Successfully decoded transaction with hash: 1f4085f26e56bdbc81c45da9e295efc84b9b9372bed46c45332f3bf6d61c688c
2025-09-16 04:55:27.383 TRACE client[0]: Processing transaction with hash: 1f4085f26e56bdbc81c45da9e295efc84b9b9372bed46c45332f3bf6d61c688c
2025-09-16 04:55:27.383 DEBUG client[0]: Submitting transaction 1f4085f26e56bdbc81c45da9e295efc84b9b9372bed46c45332f3bf6d61c688c
2025-09-16 04:55:27.467 TRACE : trigger interaction 0xc0001781e0 172/1200
[TRACE] Decoding transaction bytes of length: 229
[TRACE] Transaction type: 6
[TRACE] Successfully decoded transaction with hash: 5f8d1e67b2196d6247f1876efcbeb632b0cfa6b1899a0ed59b0942e9c681734b
2025-09-16 04:55:27.468 TRACE client[0]: Processing transaction with hash: 5f8d1e67b2196d6247f1876efcbeb632b0cfa6b1899a0ed59b0942e9c681734b
2025-09-16 04:55:27.468 DEBUG client[0]: Submitting transaction 5f8d1e67b2196d6247f1876efcbeb632b0cfa6b1899a0ed59b0942e9c681734b
2025-09-16 04:55:27.551 TRACE : trigger interaction 0xc0001782d0 173/1200
[TRACE] Decoding transaction bytes of length: 229
[TRACE] Transaction type: 6
[TRACE] Successfully decoded transaction with hash: 89ce1bb2d734b649a54ed5bcc9c93ccbff7bb8dec6c64d88ce0e7785a8518325
2025-09-16 04:55:27.551 TRACE client[0]: Processing transaction with hash: 89ce1bb2d734b649a54ed5bcc9c93ccbff7bb8dec6c64d88ce0e7785a8518325
2025-09-16 04:55:27.551 DEBUG client[0]: Submitting transaction 89ce1bb2d734b649a54ed5bcc9c93ccbff7bb8dec6c64d88ce0e7785a8518325
2025-09-16 04:55:27.634 TRACE : trigger interaction 0xc0001783c0 174/1200
[TRACE] Decoding transaction bytes of length: 229
[TRACE] Transaction type: 6
[TRACE] Successfully decoded transaction with hash: fc7862e48b2b133dc80ba92cecbd09fa631da68e6369c760ec50abc7eb77e55b
2025-09-16 04:55:27.634 TRACE client[0]: Processing transaction with hash: fc7862e48b2b133dc80ba92cecbd09fa631da68e6369c760ec50abc7eb77e55b
2025-09-16 04:55:27.634 DEBUG client[0]: Submitting transaction fc7862e48b2b133dc80ba92cecbd09fa631da68e6369c760ec50abc7eb77e55b
2025-09-16 04:55:27.717 TRACE : trigger interaction 0xc0001784b0 175/1200
[TRACE] Decoding transaction bytes of length: 229
[TRACE] Transaction type: 6
[TRACE] Successfully decoded transaction with hash: c2e43f59934d97693e8a7d11dd23027f30cecf4a87aba8bbe840ff35cbce5b4d
2025-09-16 04:55:27.718 TRACE client[0]: Processing transaction with hash: c2e43f59934d97693e8a7d11dd23027f30cecf4a87aba8bbe840ff35cbce5b4d
2025-09-16 04:55:27.718 DEBUG client[0]: Submitting transaction c2e43f59934d97693e8a7d11dd23027f30cecf4a87aba8bbe840ff35cbce5b4d
2025-09-16 04:55:27.801 TRACE : trigger interaction 0xc0001785a0 176/1200
[TRACE] Decoding transaction bytes of length: 229
[TRACE] Transaction type: 6
[TRACE] Successfully decoded transaction with hash: 83dd1b5e98e4fb35deed8956c346243f2e951509c9c90ac782b330d73af9c8cf
2025-09-16 04:55:27.801 TRACE client[0]: Processing transaction with hash: 83dd1b5e98e4fb35deed8956c346243f2e951509c9c90ac782b330d73af9c8cf
2025-09-16 04:55:27.801 DEBUG client[0]: Submitting transaction 83dd1b5e98e4fb35deed8956c346243f2e951509c9c90ac782b330d73af9c8cf
2025-09-16 04:55:27.884 TRACE : trigger interaction 0xc000178690 177/1200
[TRACE] Decoding transaction bytes of length: 229
[TRACE] Transaction type: 6
[TRACE] Successfully decoded transaction with hash: e83e8a13d8a179da051ba02d6b895e1a595b650d8dcc6232d60368a9279f56b2
2025-09-16 04:55:27.884 TRACE client[0]: Processing transaction with hash: e83e8a13d8a179da051ba02d6b895e1a595b650d8dcc6232d60368a9279f56b2
2025-09-16 04:55:27.884 DEBUG client[0]: Submitting transaction e83e8a13d8a179da051ba02d6b895e1a595b650d8dcc6232d60368a9279f56b2
2025-09-16 04:55:27.967 TRACE : trigger interaction 0xc000178780 178/1200
[TRACE] Decoding transaction bytes of length: 229
[TRACE] Transaction type: 6
[TRACE] Successfully decoded transaction with hash: 0250b74879046934814a9669ff1ef030ea2640e13c6b39b9ad148bb92864d5b8
2025-09-16 04:55:27.968 TRACE client[0]: Processing transaction with hash: 0250b74879046934814a9669ff1ef030ea2640e13c6b39b9ad148bb92864d5b8
2025-09-16 04:55:27.968 DEBUG client[0]: Submitting transaction 0250b74879046934814a9669ff1ef030ea2640e13c6b39b9ad148bb92864d5b8
2025-09-16 04:55:28.051 TRACE : trigger interaction 0xc000178870 179/1200
[TRACE] Decoding transaction bytes of length: 229
[TRACE] Transaction type: 6
[TRACE] Successfully decoded transaction with hash: da62234c471c28c60183b26758b5e4b1aea005df6b74c0d377aeda766a0b42c5
2025-09-16 04:55:28.051 TRACE client[0]: Processing transaction with hash: da62234c471c28c60183b26758b5e4b1aea005df6b74c0d377aeda766a0b42c5
2025-09-16 04:55:28.051 DEBUG client[0]: Submitting transaction da62234c471c28c60183b26758b5e4b1aea005df6b74c0d377aeda766a0b42c5
2025-09-16 04:55:28.133 TRACE : trigger interaction 0xc000178960 180/1200
[TRACE] Decoding transaction bytes of length: 229
[TRACE] Transaction type: 6
[TRACE] Successfully decoded transaction with hash: ff2260d28406221c314fa2aeb88bdad18e47d48a55f2781a6451d7311322119b
2025-09-16 04:55:28.134 TRACE client[0]: Processing transaction with hash: ff2260d28406221c314fa2aeb88bdad18e47d48a55f2781a6451d7311322119b
2025-09-16 04:55:28.134 DEBUG client[0]: Submitting transaction ff2260d28406221c314fa2aeb88bdad18e47d48a55f2781a6451d7311322119b
2025-09-16 04:55:28.217 TRACE : trigger interaction 0xc000178a50 181/1200
[TRACE] Decoding transaction bytes of length: 229
[TRACE] Transaction type: 6
[TRACE] Successfully decoded transaction with hash: fad45dfcc24d6b4569e750921edffc4499058d47baad3dad7a0dcb14b41396dc
2025-09-16 04:55:28.217 TRACE client[0]: Processing transaction with hash: fad45dfcc24d6b4569e750921edffc4499058d47baad3dad7a0dcb14b41396dc
2025-09-16 04:55:28.217 DEBUG client[0]: Submitting transaction fad45dfcc24d6b4569e750921edffc4499058d47baad3dad7a0dcb14b41396dc
2025-09-16 04:55:28.300 TRACE : trigger interaction 0xc000178b40 182/1200
[TRACE] Decoding transaction bytes of length: 229
[TRACE] Transaction type: 6
[TRACE] Successfully decoded transaction with hash: 36fe37b0b7bc7f524ff556c3007775d7d95dd3821c2467637a1a9d3582fdbf42
2025-09-16 04:55:28.300 TRACE client[0]: Processing transaction with hash: 36fe37b0b7bc7f524ff556c3007775d7d95dd3821c2467637a1a9d3582fdbf42
2025-09-16 04:55:28.300 DEBUG client[0]: Submitting transaction 36fe37b0b7bc7f524ff556c3007775d7d95dd3821c2467637a1a9d3582fdbf42
2025-09-16 04:55:28.383 TRACE : trigger interaction 0xc000178c30 183/1200
[TRACE] Decoding transaction bytes of length: 229
[TRACE] Transaction type: 6
[TRACE] Successfully decoded transaction with hash: adba3dd021e4cfe4b6780d45c9d5c12dd959384b8a348b6b8a081b1f52d28ee5
2025-09-16 04:55:28.384 TRACE client[0]: Processing transaction with hash: adba3dd021e4cfe4b6780d45c9d5c12dd959384b8a348b6b8a081b1f52d28ee5
2025-09-16 04:55:28.384 DEBUG client[0]: Submitting transaction adba3dd021e4cfe4b6780d45c9d5c12dd959384b8a348b6b8a081b1f52d28ee5
2025-09-16 04:55:28.466 TRACE : trigger interaction 0xc000178d20 184/1200
[TRACE] Decoding transaction bytes of length: 229
[TRACE] Transaction type: 6
[TRACE] Successfully decoded transaction with hash: e8f1dd13674d8cac328d683dbf7645eafc70f47c3ee4b588a1243e74e4db2255
2025-09-16 04:55:28.467 TRACE client[0]: Processing transaction with hash: e8f1dd13674d8cac328d683dbf7645eafc70f47c3ee4b588a1243e74e4db2255
2025-09-16 04:55:28.467 DEBUG client[0]: Submitting transaction e8f1dd13674d8cac328d683dbf7645eafc70f47c3ee4b588a1243e74e4db2255
2025-09-16 04:55:28.551 TRACE : trigger interaction 0xc000458000 185/1200
[TRACE] Decoding transaction bytes of length: 229
[TRACE] Transaction type: 6
[TRACE] Successfully decoded transaction with hash: a3f3fd937c2129a6fa1872384ad8cfc9562186cbb1b0cd784965a7bc2cb2baa6
2025-09-16 04:55:28.551 TRACE client[0]: Processing transaction with hash: a3f3fd937c2129a6fa1872384ad8cfc9562186cbb1b0cd784965a7bc2cb2baa6
2025-09-16 04:55:28.551 DEBUG client[0]: Submitting transaction a3f3fd937c2129a6fa1872384ad8cfc9562186cbb1b0cd784965a7bc2cb2baa6
2025-09-16 04:55:28.634 TRACE : trigger interaction 0xc0004580f0 186/1200
[TRACE] Decoding transaction bytes of length: 229
[TRACE] Transaction type: 6
[TRACE] Successfully decoded transaction with hash: fe609ded57deda073c690bc52d266bdda841bb964a4fd3496d3eb1d74d085d09
2025-09-16 04:55:28.634 TRACE client[0]: Processing transaction with hash: fe609ded57deda073c690bc52d266bdda841bb964a4fd3496d3eb1d74d085d09
2025-09-16 04:55:28.634 DEBUG client[0]: Submitting transaction fe609ded57deda073c690bc52d266bdda841bb964a4fd3496d3eb1d74d085d09
2025-09-16 04:55:28.717 TRACE : trigger interaction 0xc0004581e0 187/1200
[TRACE] Decoding transaction bytes of length: 229
[TRACE] Transaction type: 6
[TRACE] Successfully decoded transaction with hash: 582079a6c7493e8a0ddc460223a48cb711a872c99e00949739fcf017d6545b16
2025-09-16 04:55:28.717 TRACE client[0]: Processing transaction with hash: 582079a6c7493e8a0ddc460223a48cb711a872c99e00949739fcf017d6545b16
2025-09-16 04:55:28.717 DEBUG client[0]: Submitting transaction 582079a6c7493e8a0ddc460223a48cb711a872c99e00949739fcf017d6545b16
2025-09-16 04:55:28.801 TRACE : trigger interaction 0xc0004582d0 188/1200
[TRACE] Decoding transaction bytes of length: 229
[TRACE] Transaction type: 6
[TRACE] Successfully decoded transaction with hash: df20ddbafc0c13eecc612246a85360c09166d8689e6a64352cf87b2e0eef27b0
2025-09-16 04:55:28.801 TRACE client[0]: Processing transaction with hash: df20ddbafc0c13eecc612246a85360c09166d8689e6a64352cf87b2e0eef27b0
2025-09-16 04:55:28.801 DEBUG client[0]: Submitting transaction df20ddbafc0c13eecc612246a85360c09166d8689e6a64352cf87b2e0eef27b0
2025-09-16 04:55:28.884 TRACE : trigger interaction 0xc0004583c0 189/1200
[TRACE] Decoding transaction bytes of length: 229
[TRACE] Transaction type: 6
[TRACE] Successfully decoded transaction with hash: f9c2c6d1dcdb75af6e555e1bc0cf9b38bcd8321ec07892f2016a36033174f2ff
2025-09-16 04:55:28.884 TRACE client[0]: Processing transaction with hash: f9c2c6d1dcdb75af6e555e1bc0cf9b38bcd8321ec07892f2016a36033174f2ff
2025-09-16 04:55:28.884 DEBUG client[0]: Submitting transaction f9c2c6d1dcdb75af6e555e1bc0cf9b38bcd8321ec07892f2016a36033174f2ff
2025-09-16 04:55:28.967 TRACE : trigger interaction 0xc0004584b0 190/1200
[TRACE] Decoding transaction bytes of length: 229
[TRACE] Transaction type: 6
[TRACE] Successfully decoded transaction with hash: 086bb9558d40c7025905539ec3a39772e9b8b77ec2052ed7694c20f26c4ac42b
2025-09-16 04:55:28.968 TRACE client[0]: Processing transaction with hash: 086bb9558d40c7025905539ec3a39772e9b8b77ec2052ed7694c20f26c4ac42b
2025-09-16 04:55:28.968 DEBUG client[0]: Submitting transaction 086bb9558d40c7025905539ec3a39772e9b8b77ec2052ed7694c20f26c4ac42b
2025-09-16 04:55:29.050 TRACE : trigger interaction 0xc0004585a0 191/1200
[TRACE] Decoding transaction bytes of length: 229
[TRACE] Transaction type: 6
[TRACE] Successfully decoded transaction with hash: 26946b025d758a6c4ed6c566f7033300ff287725cb290a17e47d068d5cdabd87
2025-09-16 04:55:29.051 TRACE client[0]: Processing transaction with hash: 26946b025d758a6c4ed6c566f7033300ff287725cb290a17e47d068d5cdabd87
2025-09-16 04:55:29.051 DEBUG client[0]: Submitting transaction 26946b025d758a6c4ed6c566f7033300ff287725cb290a17e47d068d5cdabd87
2025-09-16 04:55:29.134 TRACE : trigger interaction 0xc000458690 192/1200
[TRACE] Decoding transaction bytes of length: 229
[TRACE] Transaction type: 6
[TRACE] Successfully decoded transaction with hash: 13636d321661b9451450e84baf728f6239d759c15f7b8f49197a144d67a5cd36
2025-09-16 04:55:29.134 TRACE client[0]: Processing transaction with hash: 13636d321661b9451450e84baf728f6239d759c15f7b8f49197a144d67a5cd36
2025-09-16 04:55:29.134 DEBUG client[0]: Submitting transaction 13636d321661b9451450e84baf728f6239d759c15f7b8f49197a144d67a5cd36
2025-09-16 04:55:29.217 TRACE : trigger interaction 0xc000458780 193/1200
[TRACE] Decoding transaction bytes of length: 229
[TRACE] Transaction type: 6
[TRACE] Successfully decoded transaction with hash: 4ad0817e91dfdfe83f72250e364d6b42feac9eda133ba93cd6eacf8ea1f93189
2025-09-16 04:55:29.218 TRACE client[0]: Processing transaction with hash: 4ad0817e91dfdfe83f72250e364d6b42feac9eda133ba93cd6eacf8ea1f93189
2025-09-16 04:55:29.218 DEBUG client[0]: Submitting transaction 4ad0817e91dfdfe83f72250e364d6b42feac9eda133ba93cd6eacf8ea1f93189
2025-09-16 04:55:29.301 TRACE : trigger interaction 0xc000458870 194/1200
[TRACE] Decoding transaction bytes of length: 229
[TRACE] Transaction type: 6
[TRACE] Successfully decoded transaction with hash: 8714b481166b67dafd891925629796cb11a3fea46670ff31c0ea8ff1634b560e
2025-09-16 04:55:29.301 TRACE client[0]: Processing transaction with hash: 8714b481166b67dafd891925629796cb11a3fea46670ff31c0ea8ff1634b560e
2025-09-16 04:55:29.301 DEBUG client[0]: Submitting transaction 8714b481166b67dafd891925629796cb11a3fea46670ff31c0ea8ff1634b560e
2025-09-16 04:55:29.384 TRACE : trigger interaction 0xc000458960 195/1200
[TRACE] Decoding transaction bytes of length: 229
[TRACE] Transaction type: 6
[TRACE] Successfully decoded transaction with hash: 8e7a78293d5ea345bcf2de54bc5ce4d9abe380417147bd5f92caff74d2d47fc0
2025-09-16 04:55:29.384 TRACE client[0]: Processing transaction with hash: 8e7a78293d5ea345bcf2de54bc5ce4d9abe380417147bd5f92caff74d2d47fc0
2025-09-16 04:55:29.384 DEBUG client[0]: Submitting transaction 8e7a78293d5ea345bcf2de54bc5ce4d9abe380417147bd5f92caff74d2d47fc0
2025-09-16 04:55:29.467 TRACE : trigger interaction 0xc000458a50 196/1200
[TRACE] Decoding transaction bytes of length: 229
[TRACE] Transaction type: 6
[TRACE] Successfully decoded transaction with hash: 7fb3d74970221447cf34c401c59937bd6989fd7b800aa13722f813d0381b1979
2025-09-16 04:55:29.468 TRACE client[0]: Processing transaction with hash: 7fb3d74970221447cf34c401c59937bd6989fd7b800aa13722f813d0381b1979
2025-09-16 04:55:29.468 DEBUG client[0]: Submitting transaction 7fb3d74970221447cf34c401c59937bd6989fd7b800aa13722f813d0381b1979
2025-09-16 04:55:29.551 TRACE : trigger interaction 0xc000458b40 197/1200
[TRACE] Decoding transaction bytes of length: 229
[TRACE] Transaction type: 6
[TRACE] Successfully decoded transaction with hash: 09eb1ede12fa1ee9ff3ecd84822aeb8ea1892a3e4982b85dd3330ac234bffed4
2025-09-16 04:55:29.551 TRACE client[0]: Processing transaction with hash: 09eb1ede12fa1ee9ff3ecd84822aeb8ea1892a3e4982b85dd3330ac234bffed4
2025-09-16 04:55:29.551 DEBUG client[0]: Submitting transaction 09eb1ede12fa1ee9ff3ecd84822aeb8ea1892a3e4982b85dd3330ac234bffed4
2025-09-16 04:55:29.634 TRACE : trigger interaction 0xc000458c30 198/1200
[TRACE] Decoding transaction bytes of length: 229
[TRACE] Transaction type: 6
[TRACE] Successfully decoded transaction with hash: c275360b74e9551f2dabdbacb79e32e75a8aae1c63b60a2a2f9b6ee0eaa38f8b
2025-09-16 04:55:29.635 TRACE client[0]: Processing transaction with hash: c275360b74e9551f2dabdbacb79e32e75a8aae1c63b60a2a2f9b6ee0eaa38f8b
2025-09-16 04:55:29.635 DEBUG client[0]: Submitting transaction c275360b74e9551f2dabdbacb79e32e75a8aae1c63b60a2a2f9b6ee0eaa38f8b
2025-09-16 04:55:29.717 TRACE : trigger interaction 0xc000458d20 199/1200
[TRACE] Decoding transaction bytes of length: 229
[TRACE] Transaction type: 6
[TRACE] Successfully decoded transaction with hash: 3c8d11ab7f03aab8972101df52d31e98ad8d2bc279f399e5e4bf725c5bd730e1
2025-09-16 04:55:29.718 TRACE client[0]: Processing transaction with hash: 3c8d11ab7f03aab8972101df52d31e98ad8d2bc279f399e5e4bf725c5bd730e1
2025-09-16 04:55:29.718 DEBUG client[0]: Submitting transaction 3c8d11ab7f03aab8972101df52d31e98ad8d2bc279f399e5e4bf725c5bd730e1
2025-09-16 04:55:29.801 TRACE : trigger interaction 0xc000458e10 200/1200
[TRACE] Decoding transaction bytes of length: 229
[TRACE] Transaction type: 6
[TRACE] Successfully decoded transaction with hash: 9d31184ce0f6fc9da18e88059a186664c5a4466cca448516d0107f17da7c615a
2025-09-16 04:55:29.801 TRACE client[0]: Processing transaction with hash: 9d31184ce0f6fc9da18e88059a186664c5a4466cca448516d0107f17da7c615a
2025-09-16 04:55:29.801 DEBUG client[0]: Submitting transaction 9d31184ce0f6fc9da18e88059a186664c5a4466cca448516d0107f17da7c615a
2025-09-16 04:55:29.884 TRACE : trigger interaction 0xc000458f00 201/1200
[TRACE] Decoding transaction bytes of length: 229
[TRACE] Transaction type: 6
[TRACE] Successfully decoded transaction with hash: 3617e5bfca177639af8f853783161af8e89f89cb540c680cb37b9d45dcab4079
2025-09-16 04:55:29.884 TRACE client[0]: Processing transaction with hash: 3617e5bfca177639af8f853783161af8e89f89cb540c680cb37b9d45dcab4079
2025-09-16 04:55:29.884 DEBUG client[0]: Submitting transaction 3617e5bfca177639af8f853783161af8e89f89cb540c680cb37b9d45dcab4079
2025-09-16 04:55:29.967 TRACE : trigger interaction 0xc000178e10 202/1200
[TRACE] Decoding transaction bytes of length: 229
[TRACE] Transaction type: 6
[TRACE] Successfully decoded transaction with hash: baf73be83412c1bc2e1e6ea11de437dfe10e9b9ac2ed038093a344ae29435d3f
2025-09-16 04:55:29.968 TRACE client[0]: Processing transaction with hash: baf73be83412c1bc2e1e6ea11de437dfe10e9b9ac2ed038093a344ae29435d3f
2025-09-16 04:55:29.968 DEBUG client[0]: Submitting transaction baf73be83412c1bc2e1e6ea11de437dfe10e9b9ac2ed038093a344ae29435d3f
2025-09-16 04:55:30.050 TRACE : trigger interaction 0xc000178f00 203/1200
[TRACE] Decoding transaction bytes of length: 229
[TRACE] Transaction type: 6
[TRACE] Successfully decoded transaction with hash: bac5df0305dc58fbe545c4e40aa3561be9484d253c635b74a38f3afa1d2555eb
2025-09-16 04:55:30.050 TRACE client[0]: Processing transaction with hash: bac5df0305dc58fbe545c4e40aa3561be9484d253c635b74a38f3afa1d2555eb
2025-09-16 04:55:30.050 DEBUG client[0]: Submitting transaction bac5df0305dc58fbe545c4e40aa3561be9484d253c635b74a38f3afa1d2555eb
2025-09-16 04:55:30.133 TRACE : trigger interaction 0xc000178ff0 204/1200
[TRACE] Decoding transaction bytes of length: 229
[TRACE] Transaction type: 6
[TRACE] Successfully decoded transaction with hash: d511fff2e4130687a36a6d8b8ab488e228ab4ba2532b7c847c18f2342a85f166
2025-09-16 04:55:30.133 TRACE client[0]: Processing transaction with hash: d511fff2e4130687a36a6d8b8ab488e228ab4ba2532b7c847c18f2342a85f166
2025-09-16 04:55:30.133 DEBUG client[0]: Submitting transaction d511fff2e4130687a36a6d8b8ab488e228ab4ba2532b7c847c18f2342a85f166
2025-09-16 04:55:30.217 TRACE : trigger interaction 0xc0001790e0 205/1200
[TRACE] Decoding transaction bytes of length: 229
[TRACE] Transaction type: 6
[TRACE] Successfully decoded transaction with hash: 4cece2d65b13c946f796959800230e217853e66dfa46b8255bde0e75b45234c4
2025-09-16 04:55:30.217 TRACE client[0]: Processing transaction with hash: 4cece2d65b13c946f796959800230e217853e66dfa46b8255bde0e75b45234c4
2025-09-16 04:55:30.217 DEBUG client[0]: Submitting transaction 4cece2d65b13c946f796959800230e217853e66dfa46b8255bde0e75b45234c4
2025-09-16 04:55:30.301 TRACE : trigger interaction 0xc0001791d0 206/1200
[TRACE] Decoding transaction bytes of length: 229
[TRACE] Transaction type: 6
[TRACE] Successfully decoded transaction with hash: 25f9f305a513079b3e5297e37c98820187a693aea88d1dedbf9b7fea48f126de
2025-09-16 04:55:30.301 TRACE client[0]: Processing transaction with hash: 25f9f305a513079b3e5297e37c98820187a693aea88d1dedbf9b7fea48f126de
2025-09-16 04:55:30.301 DEBUG client[0]: Submitting transaction 25f9f305a513079b3e5297e37c98820187a693aea88d1dedbf9b7fea48f126de
2025-09-16 04:55:30.384 TRACE : trigger interaction 0xc0001792c0 207/1200
[TRACE] Decoding transaction bytes of length: 229
[TRACE] Transaction type: 6
[TRACE] Successfully decoded transaction with hash: 059842f9caba21555ad77e97ae8412cfb2f749df37e9cca879f92486197771c2
2025-09-16 04:55:30.384 TRACE client[0]: Processing transaction with hash: 059842f9caba21555ad77e97ae8412cfb2f749df37e9cca879f92486197771c2
2025-09-16 04:55:30.384 DEBUG client[0]: Submitting transaction 059842f9caba21555ad77e97ae8412cfb2f749df37e9cca879f92486197771c2
2025-09-16 04:55:30.467 TRACE : trigger interaction 0xc0001793b0 208/1200
[TRACE] Decoding transaction bytes of length: 229
[TRACE] Transaction type: 6
[TRACE] Successfully decoded transaction with hash: c7743225fca36bcf0678a149c3279706ea4b6541bbbd9672b8413ac24cc236a8
2025-09-16 04:55:30.468 TRACE client[0]: Processing transaction with hash: c7743225fca36bcf0678a149c3279706ea4b6541bbbd9672b8413ac24cc236a8
2025-09-16 04:55:30.468 DEBUG client[0]: Submitting transaction c7743225fca36bcf0678a149c3279706ea4b6541bbbd9672b8413ac24cc236a8
2025-09-16 04:55:30.551 TRACE : trigger interaction 0xc0001794a0 209/1200
[TRACE] Decoding transaction bytes of length: 229
[TRACE] Transaction type: 6
[TRACE] Successfully decoded transaction with hash: 332e69c4c901c6278d609e4ab8da060aa8126732a41d5f4aed713abb02b4db93
2025-09-16 04:55:30.551 TRACE client[0]: Processing transaction with hash: 332e69c4c901c6278d609e4ab8da060aa8126732a41d5f4aed713abb02b4db93
2025-09-16 04:55:30.551 DEBUG client[0]: Submitting transaction 332e69c4c901c6278d609e4ab8da060aa8126732a41d5f4aed713abb02b4db93
2025-09-16 04:55:30.634 TRACE : trigger interaction 0xc000179590 210/1200
[TRACE] Decoding transaction bytes of length: 229
[TRACE] Transaction type: 6
[TRACE] Successfully decoded transaction with hash: 87b6858b134ab6400a32ffa0d6adb4c224f87daa6a893bd307b528d44437bee6
2025-09-16 04:55:30.635 TRACE client[0]: Processing transaction with hash: 87b6858b134ab6400a32ffa0d6adb4c224f87daa6a893bd307b528d44437bee6
2025-09-16 04:55:30.635 DEBUG client[0]: Submitting transaction 87b6858b134ab6400a32ffa0d6adb4c224f87daa6a893bd307b528d44437bee6
2025-09-16 04:55:30.717 TRACE : trigger interaction 0xc000179680 211/1200
[TRACE] Decoding transaction bytes of length: 229
[TRACE] Transaction type: 6
[TRACE] Successfully decoded transaction with hash: 9edfc4b43930d2c11cf12d4c37df108ac1979087a9a27992b4f30f529ca3d9b1
2025-09-16 04:55:30.718 TRACE client[0]: Processing transaction with hash: 9edfc4b43930d2c11cf12d4c37df108ac1979087a9a27992b4f30f529ca3d9b1
2025-09-16 04:55:30.718 DEBUG client[0]: Submitting transaction 9edfc4b43930d2c11cf12d4c37df108ac1979087a9a27992b4f30f529ca3d9b1
2025-09-16 04:55:30.800 TRACE : trigger interaction 0xc000179770 212/1200
[TRACE] Decoding transaction bytes of length: 229
[TRACE] Transaction type: 6
[TRACE] Successfully decoded transaction with hash: ad940ea0fe0823fc95c8de33fdf4094b364a2fbcaa80909ef83bf30a3386c033
2025-09-16 04:55:30.800 TRACE client[0]: Processing transaction with hash: ad940ea0fe0823fc95c8de33fdf4094b364a2fbcaa80909ef83bf30a3386c033
2025-09-16 04:55:30.800 DEBUG client[0]: Submitting transaction ad940ea0fe0823fc95c8de33fdf4094b364a2fbcaa80909ef83bf30a3386c033
2025-09-16 04:55:30.884 TRACE : trigger interaction 0xc000179860 213/1200
[TRACE] Decoding transaction bytes of length: 229
[TRACE] Transaction type: 6
[TRACE] Successfully decoded transaction with hash: 578d2d5d9967e9f92ef0617e117eb11d3f8181974819fe2752898a3174a67e6f
2025-09-16 04:55:30.884 TRACE client[0]: Processing transaction with hash: 578d2d5d9967e9f92ef0617e117eb11d3f8181974819fe2752898a3174a67e6f
2025-09-16 04:55:30.884 DEBUG client[0]: Submitting transaction 578d2d5d9967e9f92ef0617e117eb11d3f8181974819fe2752898a3174a67e6f
2025-09-16 04:55:30.967 TRACE : trigger interaction 0xc000179950 214/1200
[TRACE] Decoding transaction bytes of length: 229
[TRACE] Transaction type: 6
[TRACE] Successfully decoded transaction with hash: b6466d1c58466d8dcc48efe1bcb3272bde56f2e3028583dd6e3f1cea921f538e
2025-09-16 04:55:30.967 TRACE client[0]: Processing transaction with hash: b6466d1c58466d8dcc48efe1bcb3272bde56f2e3028583dd6e3f1cea921f538e
2025-09-16 04:55:30.967 DEBUG client[0]: Submitting transaction b6466d1c58466d8dcc48efe1bcb3272bde56f2e3028583dd6e3f1cea921f538e
2025-09-16 04:55:31.051 TRACE : trigger interaction 0xc000179a40 215/1200
[TRACE] Decoding transaction bytes of length: 229
[TRACE] Transaction type: 6
[TRACE] Successfully decoded transaction with hash: 26065abd8a79c0805e075b2aecc3509d3475b8ed356fcbd22859d27f0949c392
2025-09-16 04:55:31.051 TRACE client[0]: Processing transaction with hash: 26065abd8a79c0805e075b2aecc3509d3475b8ed356fcbd22859d27f0949c392
2025-09-16 04:55:31.051 DEBUG client[0]: Submitting transaction 26065abd8a79c0805e075b2aecc3509d3475b8ed356fcbd22859d27f0949c392
2025-09-16 04:55:31.134 TRACE : trigger interaction 0xc000179b30 216/1200
[TRACE] Decoding transaction bytes of length: 229
[TRACE] Transaction type: 6
[TRACE] Successfully decoded transaction with hash: 78b113549b9c5178cc0babc89307ee4c3a52f95a85bf40c39361fd07c42a4194
2025-09-16 04:55:31.134 TRACE client[0]: Processing transaction with hash: 78b113549b9c5178cc0babc89307ee4c3a52f95a85bf40c39361fd07c42a4194
2025-09-16 04:55:31.134 DEBUG client[0]: Submitting transaction 78b113549b9c5178cc0babc89307ee4c3a52f95a85bf40c39361fd07c42a4194
2025-09-16 04:55:31.217 TRACE : trigger interaction 0xc000179c20 217/1200
[TRACE] Decoding transaction bytes of length: 229
[TRACE] Transaction type: 6
[TRACE] Successfully decoded transaction with hash: cbcce887ab095b7cdc22c51f11766f5be422f38955698bb9efcc496bd3cc472a
2025-09-16 04:55:31.218 TRACE client[0]: Processing transaction with hash: cbcce887ab095b7cdc22c51f11766f5be422f38955698bb9efcc496bd3cc472a
2025-09-16 04:55:31.218 DEBUG client[0]: Submitting transaction cbcce887ab095b7cdc22c51f11766f5be422f38955698bb9efcc496bd3cc472a
2025-09-16 04:55:31.301 TRACE : trigger interaction 0xc0003c8ff0 218/1200
[TRACE] Decoding transaction bytes of length: 229
[TRACE] Transaction type: 6
[TRACE] Successfully decoded transaction with hash: bba4d024bccf2a5dce7a95e6bc7565c91d5ba4838aa8adbd2badfd390dd11e23
2025-09-16 04:55:31.301 TRACE client[0]: Processing transaction with hash: bba4d024bccf2a5dce7a95e6bc7565c91d5ba4838aa8adbd2badfd390dd11e23
2025-09-16 04:55:31.301 DEBUG client[0]: Submitting transaction bba4d024bccf2a5dce7a95e6bc7565c91d5ba4838aa8adbd2badfd390dd11e23
2025-09-16 04:55:31.384 TRACE : trigger interaction 0xc0003c90e0 219/1200
[TRACE] Decoding transaction bytes of length: 229
[TRACE] Transaction type: 6
[TRACE] Successfully decoded transaction with hash: d1f22ade24d9bf9b1721c24550ada2b000a0fe62c3b075e4a5194bc030224614
2025-09-16 04:55:31.384 TRACE client[0]: Processing transaction with hash: d1f22ade24d9bf9b1721c24550ada2b000a0fe62c3b075e4a5194bc030224614
2025-09-16 04:55:31.384 DEBUG client[0]: Submitting transaction d1f22ade24d9bf9b1721c24550ada2b000a0fe62c3b075e4a5194bc030224614
2025-09-16 04:55:31.467 TRACE : trigger interaction 0xc0003c91d0 220/1200
[TRACE] Decoding transaction bytes of length: 229
[TRACE] Transaction type: 6
[TRACE] Successfully decoded transaction with hash: c8102650e86f38d9f71e6829758af20dcd92d4168bdc8471605873b076229ef9
2025-09-16 04:55:31.468 TRACE client[0]: Processing transaction with hash: c8102650e86f38d9f71e6829758af20dcd92d4168bdc8471605873b076229ef9
2025-09-16 04:55:31.468 DEBUG client[0]: Submitting transaction c8102650e86f38d9f71e6829758af20dcd92d4168bdc8471605873b076229ef9
2025-09-16 04:55:31.551 TRACE : trigger interaction 0xc0003c92c0 221/1200
[TRACE] Decoding transaction bytes of length: 229
[TRACE] Transaction type: 6
[TRACE] Successfully decoded transaction with hash: 748190f2cce347345f6d680fdc7b41bbc446938fabd35bafe18a1732c9b226c4
2025-09-16 04:55:31.551 TRACE client[0]: Processing transaction with hash: 748190f2cce347345f6d680fdc7b41bbc446938fabd35bafe18a1732c9b226c4
2025-09-16 04:55:31.551 DEBUG client[0]: Submitting transaction 748190f2cce347345f6d680fdc7b41bbc446938fabd35bafe18a1732c9b226c4
2025-09-16 04:55:31.634 TRACE : trigger interaction 0xc0003c93b0 222/1200
[TRACE] Decoding transaction bytes of length: 229
[TRACE] Transaction type: 6
[TRACE] Successfully decoded transaction with hash: fc79b782e638b14811f7cab1c69c475e9fd5c8a531e081c2b40f6c3371e87094
2025-09-16 04:55:31.635 TRACE client[0]: Processing transaction with hash: fc79b782e638b14811f7cab1c69c475e9fd5c8a531e081c2b40f6c3371e87094
2025-09-16 04:55:31.635 DEBUG client[0]: Submitting transaction fc79b782e638b14811f7cab1c69c475e9fd5c8a531e081c2b40f6c3371e87094
2025-09-16 04:55:31.716 TRACE : trigger interaction 0xc0003c94a0 223/1200
[TRACE] Decoding transaction bytes of length: 229
[TRACE] Transaction type: 6
[TRACE] Successfully decoded transaction with hash: d25dc546185736832b5c12af66b339abf97f9c6ada537b6a2f20944e4b71c0c4
2025-09-16 04:55:31.717 TRACE client[0]: Processing transaction with hash: d25dc546185736832b5c12af66b339abf97f9c6ada537b6a2f20944e4b71c0c4
2025-09-16 04:55:31.717 DEBUG client[0]: Submitting transaction d25dc546185736832b5c12af66b339abf97f9c6ada537b6a2f20944e4b71c0c4
2025-09-16 04:55:31.801 TRACE : trigger interaction 0xc0003c9590 224/1200
[TRACE] Decoding transaction bytes of length: 229
[TRACE] Transaction type: 6
[TRACE] Successfully decoded transaction with hash: fb3227b07f7ef12d9349bc1a512c126ee9d4cf1ebc7b442b3b2d8e555062075a
2025-09-16 04:55:31.801 TRACE client[0]: Processing transaction with hash: fb3227b07f7ef12d9349bc1a512c126ee9d4cf1ebc7b442b3b2d8e555062075a
2025-09-16 04:55:31.801 DEBUG client[0]: Submitting transaction fb3227b07f7ef12d9349bc1a512c126ee9d4cf1ebc7b442b3b2d8e555062075a
2025-09-16 04:55:31.883 TRACE : trigger interaction 0xc0003c9680 225/1200
[TRACE] Decoding transaction bytes of length: 229
[TRACE] Transaction type: 6
[TRACE] Successfully decoded transaction with hash: 1b23d80607599b3107cf56baf107d1c731a1524141bc4fc719e8b401b51dbadd
2025-09-16 04:55:31.883 TRACE client[0]: Processing transaction with hash: 1b23d80607599b3107cf56baf107d1c731a1524141bc4fc719e8b401b51dbadd
2025-09-16 04:55:31.883 DEBUG client[0]: Submitting transaction 1b23d80607599b3107cf56baf107d1c731a1524141bc4fc719e8b401b51dbadd
2025-09-16 04:55:31.967 TRACE : trigger interaction 0xc0003c9770 226/1200
[TRACE] Decoding transaction bytes of length: 229
[TRACE] Transaction type: 6
[TRACE] Successfully decoded transaction with hash: 3f2c89cf7cea21b260532a84eff0ef1d287e68a555cd6412133ffa37514e2bb7
2025-09-16 04:55:31.968 TRACE client[0]: Processing transaction with hash: 3f2c89cf7cea21b260532a84eff0ef1d287e68a555cd6412133ffa37514e2bb7
2025-09-16 04:55:31.968 DEBUG client[0]: Submitting transaction 3f2c89cf7cea21b260532a84eff0ef1d287e68a555cd6412133ffa37514e2bb7
2025-09-16 04:55:32.051 TRACE : trigger interaction 0xc0003c9860 227/1200
[TRACE] Decoding transaction bytes of length: 229
[TRACE] Transaction type: 6
[TRACE] Successfully decoded transaction with hash: bf470e0a68bb99a7226a6248461ffa448ae7faeb1a6146e67ca581c422870a7a
2025-09-16 04:55:32.051 TRACE client[0]: Processing transaction with hash: bf470e0a68bb99a7226a6248461ffa448ae7faeb1a6146e67ca581c422870a7a
2025-09-16 04:55:32.051 DEBUG client[0]: Submitting transaction bf470e0a68bb99a7226a6248461ffa448ae7faeb1a6146e67ca581c422870a7a
2025-09-16 04:55:32.134 TRACE : trigger interaction 0xc0003c9950 228/1200
[TRACE] Decoding transaction bytes of length: 229
[TRACE] Transaction type: 6
[TRACE] Successfully decoded transaction with hash: 4177cc8d3f2eb887a0d7dda0dcbc75a9cb7ec1242b1d15db856ae0645be4719b
2025-09-16 04:55:32.134 TRACE client[0]: Processing transaction with hash: 4177cc8d3f2eb887a0d7dda0dcbc75a9cb7ec1242b1d15db856ae0645be4719b
2025-09-16 04:55:32.134 DEBUG client[0]: Submitting transaction 4177cc8d3f2eb887a0d7dda0dcbc75a9cb7ec1242b1d15db856ae0645be4719b
2025-09-16 04:55:32.217 TRACE : trigger interaction 0xc0003c9a40 229/1200
[TRACE] Decoding transaction bytes of length: 229
[TRACE] Transaction type: 6
[TRACE] Successfully decoded transaction with hash: 868d5a9b0ae281d7b0dedc69cd378df21042306a5a18a141d604c8eec3c0dfb0
2025-09-16 04:55:32.217 TRACE client[0]: Processing transaction with hash: 868d5a9b0ae281d7b0dedc69cd378df21042306a5a18a141d604c8eec3c0dfb0
2025-09-16 04:55:32.217 DEBUG client[0]: Submitting transaction 868d5a9b0ae281d7b0dedc69cd378df21042306a5a18a141d604c8eec3c0dfb0
2025-09-16 04:55:32.300 TRACE : trigger interaction 0xc0003c9b30 230/1200
[TRACE] Decoding transaction bytes of length: 229
[TRACE] Transaction type: 6
[TRACE] Successfully decoded transaction with hash: 301ecd3dbb4e226f50930afe72f903ea7f4351a45d2e8ae40a7583caa08f0fa1
2025-09-16 04:55:32.301 TRACE client[0]: Processing transaction with hash: 301ecd3dbb4e226f50930afe72f903ea7f4351a45d2e8ae40a7583caa08f0fa1
2025-09-16 04:55:32.301 DEBUG client[0]: Submitting transaction 301ecd3dbb4e226f50930afe72f903ea7f4351a45d2e8ae40a7583caa08f0fa1
2025-09-16 04:55:32.384 TRACE : trigger interaction 0xc0003c9c20 231/1200
[TRACE] Decoding transaction bytes of length: 229
[TRACE] Transaction type: 6
[TRACE] Successfully decoded transaction with hash: b6fc08da4bced6b3f4924ecb3df32117059edbefcd5a5594d0ea3c1585dca3c5
2025-09-16 04:55:32.384 TRACE client[0]: Processing transaction with hash: b6fc08da4bced6b3f4924ecb3df32117059edbefcd5a5594d0ea3c1585dca3c5
2025-09-16 04:55:32.384 DEBUG client[0]: Submitting transaction b6fc08da4bced6b3f4924ecb3df32117059edbefcd5a5594d0ea3c1585dca3c5
2025-09-16 04:55:32.467 TRACE : trigger interaction 0xc0003c9d10 232/1200
[TRACE] Decoding transaction bytes of length: 229
[TRACE] Transaction type: 6
[TRACE] Successfully decoded transaction with hash: 7a4f9fe56fd0a058007b24ac5e9e315d63825291c68cea622c455a55a24afc32
2025-09-16 04:55:32.467 TRACE client[0]: Processing transaction with hash: 7a4f9fe56fd0a058007b24ac5e9e315d63825291c68cea622c455a55a24afc32
2025-09-16 04:55:32.467 DEBUG client[0]: Submitting transaction 7a4f9fe56fd0a058007b24ac5e9e315d63825291c68cea622c455a55a24afc32
2025-09-16 04:55:32.550 TRACE : trigger interaction 0xc0003c9e00 233/1200
[TRACE] Decoding transaction bytes of length: 229
[TRACE] Transaction type: 6
[TRACE] Successfully decoded transaction with hash: c94c7e575a599e4b8baa212eeda9e2892d78691baf39c962db21388b7cdd0a93
2025-09-16 04:55:32.550 TRACE client[0]: Processing transaction with hash: c94c7e575a599e4b8baa212eeda9e2892d78691baf39c962db21388b7cdd0a93
2025-09-16 04:55:32.550 DEBUG client[0]: Submitting transaction c94c7e575a599e4b8baa212eeda9e2892d78691baf39c962db21388b7cdd0a93
2025-09-16 04:55:32.634 TRACE : trigger interaction 0xc0003c9ef0 234/1200
[TRACE] Decoding transaction bytes of length: 229
[TRACE] Transaction type: 6
[TRACE] Successfully decoded transaction with hash: ea7ddbef7f16fa20b4db4654f352fc769c43c80f5743cca1abef3a843a9e2594
2025-09-16 04:55:32.634 TRACE client[0]: Processing transaction with hash: ea7ddbef7f16fa20b4db4654f352fc769c43c80f5743cca1abef3a843a9e2594
2025-09-16 04:55:32.634 DEBUG client[0]: Submitting transaction ea7ddbef7f16fa20b4db4654f352fc769c43c80f5743cca1abef3a843a9e2594
2025-09-16 04:55:32.717 TRACE : trigger interaction 0xc000179d10 235/1200
[TRACE] Decoding transaction bytes of length: 229
[TRACE] Transaction type: 6
[TRACE] Successfully decoded transaction with hash: 467c721276281abdb1568d982df886d68cc3192c7c8174e9313fbb98be454ef6
2025-09-16 04:55:32.717 TRACE client[0]: Processing transaction with hash: 467c721276281abdb1568d982df886d68cc3192c7c8174e9313fbb98be454ef6
2025-09-16 04:55:32.717 DEBUG client[0]: Submitting transaction 467c721276281abdb1568d982df886d68cc3192c7c8174e9313fbb98be454ef6
2025-09-16 04:55:32.800 TRACE : trigger interaction 0xc000179e00 236/1200
[TRACE] Decoding transaction bytes of length: 229
[TRACE] Transaction type: 6
[TRACE] Successfully decoded transaction with hash: 1cedc20433f8839c74684cffe62580170400a0e55096cc90916241364d9f183e
2025-09-16 04:55:32.800 TRACE client[0]: Processing transaction with hash: 1cedc20433f8839c74684cffe62580170400a0e55096cc90916241364d9f183e
2025-09-16 04:55:32.800 DEBUG client[0]: Submitting transaction 1cedc20433f8839c74684cffe62580170400a0e55096cc90916241364d9f183e
2025-09-16 04:55:32.883 TRACE : trigger interaction 0xc000179ef0 237/1200
[TRACE] Decoding transaction bytes of length: 229
[TRACE] Transaction type: 6
[TRACE] Successfully decoded transaction with hash: b87a62744077ba2060bf16899d197ef407432045a9fd770818df78120e79504f
2025-09-16 04:55:32.884 TRACE client[0]: Processing transaction with hash: b87a62744077ba2060bf16899d197ef407432045a9fd770818df78120e79504f
2025-09-16 04:55:32.884 DEBUG client[0]: Submitting transaction b87a62744077ba2060bf16899d197ef407432045a9fd770818df78120e79504f
2025-09-16 04:55:32.967 TRACE : trigger interaction 0xc000512000 238/1200
[TRACE] Decoding transaction bytes of length: 229
[TRACE] Transaction type: 6
[TRACE] Successfully decoded transaction with hash: a9aeb60bb0ffc12a4ec0667bba6ed7f593c4900b10372d05b1a8e3bbf246f3ad
2025-09-16 04:55:32.967 TRACE client[0]: Processing transaction with hash: a9aeb60bb0ffc12a4ec0667bba6ed7f593c4900b10372d05b1a8e3bbf246f3ad
2025-09-16 04:55:32.967 DEBUG client[0]: Submitting transaction a9aeb60bb0ffc12a4ec0667bba6ed7f593c4900b10372d05b1a8e3bbf246f3ad
2025-09-16 04:55:33.050 TRACE : trigger interaction 0xc0005120f0 239/1200
[TRACE] Decoding transaction bytes of length: 229
[TRACE] Transaction type: 6
[TRACE] Successfully decoded transaction with hash: f483ba2e037b30b421dc1434225072d0e2fe290b47100fcaf5080d0cf1e8cadd
2025-09-16 04:55:33.050 TRACE client[0]: Processing transaction with hash: f483ba2e037b30b421dc1434225072d0e2fe290b47100fcaf5080d0cf1e8cadd
2025-09-16 04:55:33.050 DEBUG client[0]: Submitting transaction f483ba2e037b30b421dc1434225072d0e2fe290b47100fcaf5080d0cf1e8cadd
2025-09-16 04:55:33.133 TRACE : trigger interaction 0xc0005121e0 240/1200
[TRACE] Decoding transaction bytes of length: 229
[TRACE] Transaction type: 6
[TRACE] Successfully decoded transaction with hash: 62c73fbd1b7e6d548df410d5d497009cc329d3bfed1ce7a0c3e9a349024937ce
2025-09-16 04:55:33.134 TRACE client[0]: Processing transaction with hash: 62c73fbd1b7e6d548df410d5d497009cc329d3bfed1ce7a0c3e9a349024937ce
2025-09-16 04:55:33.134 DEBUG client[0]: Submitting transaction 62c73fbd1b7e6d548df410d5d497009cc329d3bfed1ce7a0c3e9a349024937ce
2025-09-16 04:55:33.217 TRACE : trigger interaction 0xc0005122d0 241/1200
[TRACE] Decoding transaction bytes of length: 229
[TRACE] Transaction type: 6
[TRACE] Successfully decoded transaction with hash: 1af71d827f13a557125c4f82261e95c15e930f7bc1629221fc221c89b445bc22
2025-09-16 04:55:33.217 TRACE client[0]: Processing transaction with hash: 1af71d827f13a557125c4f82261e95c15e930f7bc1629221fc221c89b445bc22
2025-09-16 04:55:33.217 DEBUG client[0]: Submitting transaction 1af71d827f13a557125c4f82261e95c15e930f7bc1629221fc221c89b445bc22
2025-09-16 04:55:33.300 TRACE : trigger interaction 0xc0005123c0 242/1200
[TRACE] Decoding transaction bytes of length: 229
[TRACE] Transaction type: 6
[TRACE] Successfully decoded transaction with hash: 2d255059a8d27deaebeae8ff08d8aaf07cdf8b7517a9ea82f259d18b63289cd7
2025-09-16 04:55:33.300 TRACE client[0]: Processing transaction with hash: 2d255059a8d27deaebeae8ff08d8aaf07cdf8b7517a9ea82f259d18b63289cd7
2025-09-16 04:55:33.300 DEBUG client[0]: Submitting transaction 2d255059a8d27deaebeae8ff08d8aaf07cdf8b7517a9ea82f259d18b63289cd7
2025-09-16 04:55:33.383 TRACE : trigger interaction 0xc0005124b0 243/1200
[TRACE] Decoding transaction bytes of length: 229
[TRACE] Transaction type: 6
[TRACE] Successfully decoded transaction with hash: 29006e427f0ba187a66c8b489a6218621b0ed0210fa3169d1f806b8ee10f7dec
2025-09-16 04:55:33.384 TRACE client[0]: Processing transaction with hash: 29006e427f0ba187a66c8b489a6218621b0ed0210fa3169d1f806b8ee10f7dec
2025-09-16 04:55:33.384 DEBUG client[0]: Submitting transaction 29006e427f0ba187a66c8b489a6218621b0ed0210fa3169d1f806b8ee10f7dec
2025-09-16 04:55:33.467 TRACE : trigger interaction 0xc0005125a0 244/1200
[TRACE] Decoding transaction bytes of length: 229
[TRACE] Transaction type: 6
[TRACE] Successfully decoded transaction with hash: f86bc557396d84b57ca0fcbaf371a7b69937b026dabf579330afc74e97bccc3c
2025-09-16 04:55:33.467 TRACE client[0]: Processing transaction with hash: f86bc557396d84b57ca0fcbaf371a7b69937b026dabf579330afc74e97bccc3c
2025-09-16 04:55:33.467 DEBUG client[0]: Submitting transaction f86bc557396d84b57ca0fcbaf371a7b69937b026dabf579330afc74e97bccc3c
2025-09-16 04:55:33.550 TRACE : trigger interaction 0xc000512690 245/1200
[TRACE] Decoding transaction bytes of length: 229
[TRACE] Transaction type: 6
[TRACE] Successfully decoded transaction with hash: 525d1b35d642b644bacaa7818a2461f66f8aaf71ca143d0412e6c4cf0904b613
2025-09-16 04:55:33.551 TRACE client[0]: Processing transaction with hash: 525d1b35d642b644bacaa7818a2461f66f8aaf71ca143d0412e6c4cf0904b613
2025-09-16 04:55:33.551 DEBUG client[0]: Submitting transaction 525d1b35d642b644bacaa7818a2461f66f8aaf71ca143d0412e6c4cf0904b613
2025-09-16 04:55:33.634 TRACE : trigger interaction 0xc000512780 246/1200
[TRACE] Decoding transaction bytes of length: 229
[TRACE] Transaction type: 6
[TRACE] Successfully decoded transaction with hash: b8cb97749489078ee4240a28a21faa1e286cee3700c3e234f85165241be79ea1
2025-09-16 04:55:33.634 TRACE client[0]: Processing transaction with hash: b8cb97749489078ee4240a28a21faa1e286cee3700c3e234f85165241be79ea1
2025-09-16 04:55:33.634 DEBUG client[0]: Submitting transaction b8cb97749489078ee4240a28a21faa1e286cee3700c3e234f85165241be79ea1
2025-09-16 04:55:33.717 TRACE : trigger interaction 0xc000512870 247/1200
[TRACE] Decoding transaction bytes of length: 229
[TRACE] Transaction type: 6
[TRACE] Successfully decoded transaction with hash: 1c799cf94ec1102ff5da4d02864b051d5f66c20c91383a27626fcf9ec5420af6
2025-09-16 04:55:33.717 TRACE client[0]: Processing transaction with hash: 1c799cf94ec1102ff5da4d02864b051d5f66c20c91383a27626fcf9ec5420af6
2025-09-16 04:55:33.717 DEBUG client[0]: Submitting transaction 1c799cf94ec1102ff5da4d02864b051d5f66c20c91383a27626fcf9ec5420af6
2025-09-16 04:55:33.800 TRACE : trigger interaction 0xc000512960 248/1200
[TRACE] Decoding transaction bytes of length: 229
[TRACE] Transaction type: 6
[TRACE] Successfully decoded transaction with hash: 0f930e86a6730292bb15f352f80947889c89973f1bd82e0851890ff4a2bd13c8
2025-09-16 04:55:33.801 TRACE client[0]: Processing transaction with hash: 0f930e86a6730292bb15f352f80947889c89973f1bd82e0851890ff4a2bd13c8
2025-09-16 04:55:33.801 DEBUG client[0]: Submitting transaction 0f930e86a6730292bb15f352f80947889c89973f1bd82e0851890ff4a2bd13c8
2025-09-16 04:55:33.884 TRACE : trigger interaction 0xc000512a50 249/1200
[TRACE] Decoding transaction bytes of length: 229
[TRACE] Transaction type: 6
[TRACE] Successfully decoded transaction with hash: 2188b1219b9c303c92abccc2d9206e5d59928aba1b1c712aac634315c835fd35
2025-09-16 04:55:33.884 TRACE client[0]: Processing transaction with hash: 2188b1219b9c303c92abccc2d9206e5d59928aba1b1c712aac634315c835fd35
2025-09-16 04:55:33.884 DEBUG client[0]: Submitting transaction 2188b1219b9c303c92abccc2d9206e5d59928aba1b1c712aac634315c835fd35
2025-09-16 04:55:33.967 TRACE : trigger interaction 0xc000512b40 250/1200
[TRACE] Decoding transaction bytes of length: 229
[TRACE] Transaction type: 6
[TRACE] Successfully decoded transaction with hash: f17b54b70d3b15a57ca113a3603260e7235e8e73ea95545fdbeeff3ad58bb96e
2025-09-16 04:55:33.968 TRACE client[0]: Processing transaction with hash: f17b54b70d3b15a57ca113a3603260e7235e8e73ea95545fdbeeff3ad58bb96e
2025-09-16 04:55:33.968 DEBUG client[0]: Submitting transaction f17b54b70d3b15a57ca113a3603260e7235e8e73ea95545fdbeeff3ad58bb96e
2025-09-16 04:55:34.051 TRACE : trigger interaction 0xc000512c30 251/1200
[TRACE] Decoding transaction bytes of length: 229
[TRACE] Transaction type: 6
[TRACE] Successfully decoded transaction with hash: 0347c4161881ab61591169d494832ffd030e483ff7c98a440d867fafb9e84db5
2025-09-16 04:55:34.051 TRACE client[0]: Processing transaction with hash: 0347c4161881ab61591169d494832ffd030e483ff7c98a440d867fafb9e84db5
2025-09-16 04:55:34.051 DEBUG client[0]: Submitting transaction 0347c4161881ab61591169d494832ffd030e483ff7c98a440d867fafb9e84db5
2025-09-16 04:55:34.134 TRACE : trigger interaction 0xc000458ff0 252/1200
[TRACE] Decoding transaction bytes of length: 229
[TRACE] Transaction type: 6
[TRACE] Successfully decoded transaction with hash: 77cfb5e828795c116a1714d9c38f26458fb01fa4923c7cd5385487cde99d58dc
2025-09-16 04:55:34.134 TRACE client[0]: Processing transaction with hash: 77cfb5e828795c116a1714d9c38f26458fb01fa4923c7cd5385487cde99d58dc
2025-09-16 04:55:34.134 DEBUG client[0]: Submitting transaction 77cfb5e828795c116a1714d9c38f26458fb01fa4923c7cd5385487cde99d58dc
2025-09-16 04:55:34.217 TRACE : trigger interaction 0xc0004590e0 253/1200
[TRACE] Decoding transaction bytes of length: 229
[TRACE] Transaction type: 6
[TRACE] Successfully decoded transaction with hash: bf013d27f1210f65e55eb5cf804b9ce1a83a525b096ce93c802a86126cb935da
2025-09-16 04:55:34.218 TRACE client[0]: Processing transaction with hash: bf013d27f1210f65e55eb5cf804b9ce1a83a525b096ce93c802a86126cb935da
2025-09-16 04:55:34.218 DEBUG client[0]: Submitting transaction bf013d27f1210f65e55eb5cf804b9ce1a83a525b096ce93c802a86126cb935da
2025-09-16 04:55:34.301 TRACE : trigger interaction 0xc0004591d0 254/1200
[TRACE] Decoding transaction bytes of length: 229
[TRACE] Transaction type: 6
[TRACE] Successfully decoded transaction with hash: a5e4db4aa7a091e647534fe8db0cf12b5129a96f9ca531c0dfbd1ff6585d6f86
2025-09-16 04:55:34.301 TRACE client[0]: Processing transaction with hash: a5e4db4aa7a091e647534fe8db0cf12b5129a96f9ca531c0dfbd1ff6585d6f86
2025-09-16 04:55:34.301 DEBUG client[0]: Submitting transaction a5e4db4aa7a091e647534fe8db0cf12b5129a96f9ca531c0dfbd1ff6585d6f86
2025-09-16 04:55:34.384 TRACE : trigger interaction 0xc0004592c0 255/1200
[TRACE] Decoding transaction bytes of length: 229
[TRACE] Transaction type: 6
[TRACE] Successfully decoded transaction with hash: 1d7e053fc179ff95d9abc08b991ca49d16f890a5e4285724bd4e7c2d75893d67
2025-09-16 04:55:34.384 TRACE client[0]: Processing transaction with hash: 1d7e053fc179ff95d9abc08b991ca49d16f890a5e4285724bd4e7c2d75893d67
2025-09-16 04:55:34.384 DEBUG client[0]: Submitting transaction 1d7e053fc179ff95d9abc08b991ca49d16f890a5e4285724bd4e7c2d75893d67
2025-09-16 04:55:34.467 TRACE : trigger interaction 0xc0004593b0 256/1200
[TRACE] Decoding transaction bytes of length: 229
[TRACE] Transaction type: 6
[TRACE] Successfully decoded transaction with hash: 05b28cdaced4c5ad72160c57a0da6f0b594091c124ebbfb0e6920aee52b987e3
2025-09-16 04:55:34.468 TRACE client[0]: Processing transaction with hash: 05b28cdaced4c5ad72160c57a0da6f0b594091c124ebbfb0e6920aee52b987e3
2025-09-16 04:55:34.468 DEBUG client[0]: Submitting transaction 05b28cdaced4c5ad72160c57a0da6f0b594091c124ebbfb0e6920aee52b987e3
2025-09-16 04:55:34.551 TRACE : trigger interaction 0xc0004594a0 257/1200
[TRACE] Decoding transaction bytes of length: 229
[TRACE] Transaction type: 6
[TRACE] Successfully decoded transaction with hash: 636e7298fb73407be4799b7c028d2514f4a57ef9de1a9c97c6419c1a9eefd36e
2025-09-16 04:55:34.551 TRACE client[0]: Processing transaction with hash: 636e7298fb73407be4799b7c028d2514f4a57ef9de1a9c97c6419c1a9eefd36e
2025-09-16 04:55:34.551 DEBUG client[0]: Submitting transaction 636e7298fb73407be4799b7c028d2514f4a57ef9de1a9c97c6419c1a9eefd36e
2025-09-16 04:55:34.633 TRACE : trigger interaction 0xc000459590 258/1200
[TRACE] Decoding transaction bytes of length: 229
[TRACE] Transaction type: 6
[TRACE] Successfully decoded transaction with hash: 035120407d3edf97351de9baa258c5e559e0aac6ad11a2852c608c309c16594c
2025-09-16 04:55:34.634 TRACE client[0]: Processing transaction with hash: 035120407d3edf97351de9baa258c5e559e0aac6ad11a2852c608c309c16594c
2025-09-16 04:55:34.634 DEBUG client[0]: Submitting transaction 035120407d3edf97351de9baa258c5e559e0aac6ad11a2852c608c309c16594c
2025-09-16 04:55:34.716 TRACE : trigger interaction 0xc000459680 259/1200
[TRACE] Decoding transaction bytes of length: 229
[TRACE] Transaction type: 6
[TRACE] Successfully decoded transaction with hash: d79346feaf75861174353f31beaecb73b1ce8fecc0adc12f276af2e374e3d81b
2025-09-16 04:55:34.717 TRACE client[0]: Processing transaction with hash: d79346feaf75861174353f31beaecb73b1ce8fecc0adc12f276af2e374e3d81b
2025-09-16 04:55:34.717 DEBUG client[0]: Submitting transaction d79346feaf75861174353f31beaecb73b1ce8fecc0adc12f276af2e374e3d81b
2025-09-16 04:55:34.801 TRACE : trigger interaction 0xc000459770 260/1200
[TRACE] Decoding transaction bytes of length: 229
[TRACE] Transaction type: 6
[TRACE] Successfully decoded transaction with hash: 3983f63b6d93ce9892792975c7d09661e4e8f05aba2e0a24caa7874d8c187747
2025-09-16 04:55:34.801 TRACE client[0]: Processing transaction with hash: 3983f63b6d93ce9892792975c7d09661e4e8f05aba2e0a24caa7874d8c187747
2025-09-16 04:55:34.801 DEBUG client[0]: Submitting transaction 3983f63b6d93ce9892792975c7d09661e4e8f05aba2e0a24caa7874d8c187747
2025-09-16 04:55:34.884 TRACE : trigger interaction 0xc000459860 261/1200
[TRACE] Decoding transaction bytes of length: 229
[TRACE] Transaction type: 6
[TRACE] Successfully decoded transaction with hash: 682126389bfeed3fd82c0b771048e35d4fbbd81f547d4acbfe5f9341b6e5056e
2025-09-16 04:55:34.884 TRACE client[0]: Processing transaction with hash: 682126389bfeed3fd82c0b771048e35d4fbbd81f547d4acbfe5f9341b6e5056e
2025-09-16 04:55:34.884 DEBUG client[0]: Submitting transaction 682126389bfeed3fd82c0b771048e35d4fbbd81f547d4acbfe5f9341b6e5056e
2025-09-16 04:55:34.967 TRACE : trigger interaction 0xc000459950 262/1200
[TRACE] Decoding transaction bytes of length: 229
[TRACE] Transaction type: 6
[TRACE] Successfully decoded transaction with hash: 5a8c59e0747a41f3251fe62dec6c9b6d41803a4fefbbd85f7caf1d6cb6d783f8
2025-09-16 04:55:34.967 TRACE client[0]: Processing transaction with hash: 5a8c59e0747a41f3251fe62dec6c9b6d41803a4fefbbd85f7caf1d6cb6d783f8
2025-09-16 04:55:34.967 DEBUG client[0]: Submitting transaction 5a8c59e0747a41f3251fe62dec6c9b6d41803a4fefbbd85f7caf1d6cb6d783f8
2025-09-16 04:55:35.051 TRACE : trigger interaction 0xc000459a40 263/1200
[TRACE] Decoding transaction bytes of length: 229
[TRACE] Transaction type: 6
[TRACE] Successfully decoded transaction with hash: 33bb638dcb7dedb794e66142c6cd97ae3564ef2a5092a8d9ba12fe4fe97745a2
2025-09-16 04:55:35.051 TRACE client[0]: Processing transaction with hash: 33bb638dcb7dedb794e66142c6cd97ae3564ef2a5092a8d9ba12fe4fe97745a2
2025-09-16 04:55:35.051 DEBUG client[0]: Submitting transaction 33bb638dcb7dedb794e66142c6cd97ae3564ef2a5092a8d9ba12fe4fe97745a2
2025-09-16 04:55:35.134 TRACE : trigger interaction 0xc000459b30 264/1200
[TRACE] Decoding transaction bytes of length: 229
[TRACE] Transaction type: 6
[TRACE] Successfully decoded transaction with hash: 990e4bdd8640a595397229389e36c5d5b19bea1ade84b52a9801f558b0508c96
2025-09-16 04:55:35.134 TRACE client[0]: Processing transaction with hash: 990e4bdd8640a595397229389e36c5d5b19bea1ade84b52a9801f558b0508c96
2025-09-16 04:55:35.134 DEBUG client[0]: Submitting transaction 990e4bdd8640a595397229389e36c5d5b19bea1ade84b52a9801f558b0508c96
2025-09-16 04:55:35.217 TRACE : trigger interaction 0xc000459c20 265/1200
[TRACE] Decoding transaction bytes of length: 229
[TRACE] Transaction type: 6
[TRACE] Successfully decoded transaction with hash: 8cf568e55e28a2422071d9e64a47968a2fe4c39b0adc7a3d9cc2e24e619b33ad
2025-09-16 04:55:35.217 TRACE client[0]: Processing transaction with hash: 8cf568e55e28a2422071d9e64a47968a2fe4c39b0adc7a3d9cc2e24e619b33ad
2025-09-16 04:55:35.217 DEBUG client[0]: Submitting transaction 8cf568e55e28a2422071d9e64a47968a2fe4c39b0adc7a3d9cc2e24e619b33ad
2025-09-16 04:55:35.301 TRACE : trigger interaction 0xc000459d10 266/1200
[TRACE] Decoding transaction bytes of length: 229
[TRACE] Transaction type: 6
[TRACE] Successfully decoded transaction with hash: d03411cc899a1dafe57c2320218b20a27ddbf2765266f3886096e90c50f01578
2025-09-16 04:55:35.301 TRACE client[0]: Processing transaction with hash: d03411cc899a1dafe57c2320218b20a27ddbf2765266f3886096e90c50f01578
2025-09-16 04:55:35.301 DEBUG client[0]: Submitting transaction d03411cc899a1dafe57c2320218b20a27ddbf2765266f3886096e90c50f01578
2025-09-16 04:55:35.384 TRACE : trigger interaction 0xc000459e00 267/1200
[TRACE] Decoding transaction bytes of length: 229
[TRACE] Transaction type: 6
[TRACE] Successfully decoded transaction with hash: 101178e2306c914ab518dd9fcf7378e77db4ac6957919aa71b48699debdf0b0a
2025-09-16 04:55:35.384 TRACE client[0]: Processing transaction with hash: 101178e2306c914ab518dd9fcf7378e77db4ac6957919aa71b48699debdf0b0a
2025-09-16 04:55:35.384 DEBUG client[0]: Submitting transaction 101178e2306c914ab518dd9fcf7378e77db4ac6957919aa71b48699debdf0b0a
2025-09-16 04:55:35.467 TRACE : trigger interaction 0xc000459ef0 268/1200
[TRACE] Decoding transaction bytes of length: 229
[TRACE] Transaction type: 6
[TRACE] Successfully decoded transaction with hash: 418ebc0cc515efef7c73ea14f09a272770e9cdc1f7c84e5c3809d4f7e2bacb6a
2025-09-16 04:55:35.467 TRACE client[0]: Processing transaction with hash: 418ebc0cc515efef7c73ea14f09a272770e9cdc1f7c84e5c3809d4f7e2bacb6a
2025-09-16 04:55:35.467 DEBUG client[0]: Submitting transaction 418ebc0cc515efef7c73ea14f09a272770e9cdc1f7c84e5c3809d4f7e2bacb6a
2025-09-16 04:55:35.551 TRACE : trigger interaction 0xc0003e0000 269/1200
[TRACE] Decoding transaction bytes of length: 229
[TRACE] Transaction type: 6
[TRACE] Successfully decoded transaction with hash: 6edc83fcc96ab061177afad7dd2ee7c7d0ee6bdef665346b690fe5ce59365639
2025-09-16 04:55:35.551 TRACE client[0]: Processing transaction with hash: 6edc83fcc96ab061177afad7dd2ee7c7d0ee6bdef665346b690fe5ce59365639
2025-09-16 04:55:35.551 DEBUG client[0]: Submitting transaction 6edc83fcc96ab061177afad7dd2ee7c7d0ee6bdef665346b690fe5ce59365639
2025-09-16 04:55:35.634 TRACE : trigger interaction 0xc0003e00f0 270/1200
[TRACE] Decoding transaction bytes of length: 229
[TRACE] Transaction type: 6
[TRACE] Successfully decoded transaction with hash: 1aac0f6d491ee6bc73df16713769eeaa5cdf7efe4d9c4ecbbd54ef2692e1ac9a
2025-09-16 04:55:35.634 TRACE client[0]: Processing transaction with hash: 1aac0f6d491ee6bc73df16713769eeaa5cdf7efe4d9c4ecbbd54ef2692e1ac9a
2025-09-16 04:55:35.634 DEBUG client[0]: Submitting transaction 1aac0f6d491ee6bc73df16713769eeaa5cdf7efe4d9c4ecbbd54ef2692e1ac9a
2025-09-16 04:55:35.717 TRACE : trigger interaction 0xc0003e01e0 271/1200
[TRACE] Decoding transaction bytes of length: 229
[TRACE] Transaction type: 6
[TRACE] Successfully decoded transaction with hash: 12910dc6c04d354ae06bc9357e87699563f2eafba6bf30c16360e9a0c44c2592
2025-09-16 04:55:35.718 TRACE client[0]: Processing transaction with hash: 12910dc6c04d354ae06bc9357e87699563f2eafba6bf30c16360e9a0c44c2592
2025-09-16 04:55:35.718 DEBUG client[0]: Submitting transaction 12910dc6c04d354ae06bc9357e87699563f2eafba6bf30c16360e9a0c44c2592
2025-09-16 04:55:35.801 TRACE : trigger interaction 0xc0003e02d0 272/1200
[TRACE] Decoding transaction bytes of length: 229
[TRACE] Transaction type: 6
[TRACE] Successfully decoded transaction with hash: 2da3f3e32cd3ea10ab4aa8bb96fc2e5990b7fdc75a01216a726190e084e7b070
2025-09-16 04:55:35.801 TRACE client[0]: Processing transaction with hash: 2da3f3e32cd3ea10ab4aa8bb96fc2e5990b7fdc75a01216a726190e084e7b070
2025-09-16 04:55:35.801 DEBUG client[0]: Submitting transaction 2da3f3e32cd3ea10ab4aa8bb96fc2e5990b7fdc75a01216a726190e084e7b070
2025-09-16 04:55:35.884 TRACE : trigger interaction 0xc0003e03c0 273/1200
[TRACE] Decoding transaction bytes of length: 229
[TRACE] Transaction type: 6
[TRACE] Successfully decoded transaction with hash: e979b6f172e65384887fbd00fe1170f0990a2b81639aaaaa7a01821860ed26da
2025-09-16 04:55:35.884 TRACE client[0]: Processing transaction with hash: e979b6f172e65384887fbd00fe1170f0990a2b81639aaaaa7a01821860ed26da
2025-09-16 04:55:35.884 DEBUG client[0]: Submitting transaction e979b6f172e65384887fbd00fe1170f0990a2b81639aaaaa7a01821860ed26da
2025-09-16 04:55:35.966 TRACE : trigger interaction 0xc0003e04b0 274/1200
[TRACE] Decoding transaction bytes of length: 229
[TRACE] Transaction type: 6
[TRACE] Successfully decoded transaction with hash: 3f5b37b5804ce1d8a5155a8cc7862b58cce71a15c0ff259f2e597be6d90d8fd2
2025-09-16 04:55:35.967 TRACE client[0]: Processing transaction with hash: 3f5b37b5804ce1d8a5155a8cc7862b58cce71a15c0ff259f2e597be6d90d8fd2
2025-09-16 04:55:35.967 DEBUG client[0]: Submitting transaction 3f5b37b5804ce1d8a5155a8cc7862b58cce71a15c0ff259f2e597be6d90d8fd2
2025-09-16 04:55:36.051 TRACE : trigger interaction 0xc0003e05a0 275/1200
[TRACE] Decoding transaction bytes of length: 229
[TRACE] Transaction type: 6
[TRACE] Successfully decoded transaction with hash: ceb4fb7ff03495e03e8abab31ffaa6cc7ef677f4d450fd23c99da03c2c82eca5
2025-09-16 04:55:36.051 TRACE client[0]: Processing transaction with hash: ceb4fb7ff03495e03e8abab31ffaa6cc7ef677f4d450fd23c99da03c2c82eca5
2025-09-16 04:55:36.051 DEBUG client[0]: Submitting transaction ceb4fb7ff03495e03e8abab31ffaa6cc7ef677f4d450fd23c99da03c2c82eca5
2025-09-16 04:55:36.134 TRACE : trigger interaction 0xc0003e0690 276/1200
[TRACE] Decoding transaction bytes of length: 229
[TRACE] Transaction type: 6
[TRACE] Successfully decoded transaction with hash: c2ad88ff27ed5b9e0f837b1b95d2714882f95f0fd633ed66de1e13fecc1be442
2025-09-16 04:55:36.134 TRACE client[0]: Processing transaction with hash: c2ad88ff27ed5b9e0f837b1b95d2714882f95f0fd633ed66de1e13fecc1be442
2025-09-16 04:55:36.134 DEBUG client[0]: Submitting transaction c2ad88ff27ed5b9e0f837b1b95d2714882f95f0fd633ed66de1e13fecc1be442
2025-09-16 04:55:36.217 TRACE : trigger interaction 0xc0003e0780 277/1200
[TRACE] Decoding transaction bytes of length: 230
[TRACE] Transaction type: 6
[TRACE] Successfully decoded transaction with hash: c2fad163817571e9bd48f0ac6729df06ed70c1c58dbd5b1de10389e4950d5424
2025-09-16 04:55:36.218 TRACE client[0]: Processing transaction with hash: c2fad163817571e9bd48f0ac6729df06ed70c1c58dbd5b1de10389e4950d5424
2025-09-16 04:55:36.218 DEBUG client[0]: Submitting transaction c2fad163817571e9bd48f0ac6729df06ed70c1c58dbd5b1de10389e4950d5424
2025-09-16 04:55:36.301 TRACE : trigger interaction 0xc0003e0870 278/1200
[TRACE] Decoding transaction bytes of length: 230
[TRACE] Transaction type: 6
[TRACE] Successfully decoded transaction with hash: e625ce5ffbbdabfde324b8e00c528b56c3a32b586bc575439cae9630795dd3f4
2025-09-16 04:55:36.301 TRACE client[0]: Processing transaction with hash: e625ce5ffbbdabfde324b8e00c528b56c3a32b586bc575439cae9630795dd3f4
2025-09-16 04:55:36.301 DEBUG client[0]: Submitting transaction e625ce5ffbbdabfde324b8e00c528b56c3a32b586bc575439cae9630795dd3f4
2025-09-16 04:55:36.384 TRACE : trigger interaction 0xc0003e0960 279/1200
[TRACE] Decoding transaction bytes of length: 230
[TRACE] Transaction type: 6
[TRACE] Successfully decoded transaction with hash: 3a0df1eb77a3ff4b17bb42898a7bc0962ad882a4ed2a277eec0fb06a9b7f25ad
2025-09-16 04:55:36.384 TRACE client[0]: Processing transaction with hash: 3a0df1eb77a3ff4b17bb42898a7bc0962ad882a4ed2a277eec0fb06a9b7f25ad
2025-09-16 04:55:36.384 DEBUG client[0]: Submitting transaction 3a0df1eb77a3ff4b17bb42898a7bc0962ad882a4ed2a277eec0fb06a9b7f25ad
2025-09-16 04:55:36.467 TRACE : trigger interaction 0xc0003e0a50 280/1200
[TRACE] Decoding transaction bytes of length: 230
[TRACE] Transaction type: 6
[TRACE] Successfully decoded transaction with hash: bb3b6bd2bb1133898d0c218c0648c1611afaa764ae20ca185b9b4fc6ae601ec8
2025-09-16 04:55:36.468 TRACE client[0]: Processing transaction with hash: bb3b6bd2bb1133898d0c218c0648c1611afaa764ae20ca185b9b4fc6ae601ec8
2025-09-16 04:55:36.468 DEBUG client[0]: Submitting transaction bb3b6bd2bb1133898d0c218c0648c1611afaa764ae20ca185b9b4fc6ae601ec8
2025-09-16 04:55:36.551 TRACE : trigger interaction 0xc0003e0b40 281/1200
[TRACE] Decoding transaction bytes of length: 230
[TRACE] Transaction type: 6
[TRACE] Successfully decoded transaction with hash: bcfb01c3f67a7ed66457e55386fdf9db0b7efd986bae6412bd43dc7c415114a1
2025-09-16 04:55:36.551 TRACE client[0]: Processing transaction with hash: bcfb01c3f67a7ed66457e55386fdf9db0b7efd986bae6412bd43dc7c415114a1
2025-09-16 04:55:36.551 DEBUG client[0]: Submitting transaction bcfb01c3f67a7ed66457e55386fdf9db0b7efd986bae6412bd43dc7c415114a1
2025-09-16 04:55:36.634 TRACE : trigger interaction 0xc0003e0c30 282/1200
[TRACE] Decoding transaction bytes of length: 230
[TRACE] Transaction type: 6
[TRACE] Successfully decoded transaction with hash: 0b3c7e13a3feb3a6668a0b5aeacbb173e362a5ead6d95b6adb7872a142cffa8e
2025-09-16 04:55:36.634 TRACE client[0]: Processing transaction with hash: 0b3c7e13a3feb3a6668a0b5aeacbb173e362a5ead6d95b6adb7872a142cffa8e
2025-09-16 04:55:36.634 DEBUG client[0]: Submitting transaction 0b3c7e13a3feb3a6668a0b5aeacbb173e362a5ead6d95b6adb7872a142cffa8e
2025-09-16 04:55:36.716 TRACE : trigger interaction 0xc0003e0d20 283/1200
[TRACE] Decoding transaction bytes of length: 230
[TRACE] Transaction type: 6
[TRACE] Successfully decoded transaction with hash: 5de2c9f27fadf1a39587281fabe52a69e6b9188c11272d5cef4903239cf57ada
2025-09-16 04:55:36.717 TRACE client[0]: Processing transaction with hash: 5de2c9f27fadf1a39587281fabe52a69e6b9188c11272d5cef4903239cf57ada
2025-09-16 04:55:36.717 DEBUG client[0]: Submitting transaction 5de2c9f27fadf1a39587281fabe52a69e6b9188c11272d5cef4903239cf57ada
2025-09-16 04:55:36.801 TRACE : trigger interaction 0xc0003e0e10 284/1200
[TRACE] Decoding transaction bytes of length: 230
[TRACE] Transaction type: 6
[TRACE] Successfully decoded transaction with hash: b4d0015c15e3ff4580f68599e688f904aafdbc13333e5d1c3a3bb7f49fa087dc
2025-09-16 04:55:36.801 TRACE client[0]: Processing transaction with hash: b4d0015c15e3ff4580f68599e688f904aafdbc13333e5d1c3a3bb7f49fa087dc
2025-09-16 04:55:36.801 DEBUG client[0]: Submitting transaction b4d0015c15e3ff4580f68599e688f904aafdbc13333e5d1c3a3bb7f49fa087dc
2025-09-16 04:55:36.884 TRACE : trigger interaction 0xc000474000 285/1200
[TRACE] Decoding transaction bytes of length: 230
[TRACE] Transaction type: 6
[TRACE] Successfully decoded transaction with hash: b29205691211d54c7010282c999b7f6069482dacaaf810731ee17e9f000c9866
2025-09-16 04:55:36.884 TRACE client[0]: Processing transaction with hash: b29205691211d54c7010282c999b7f6069482dacaaf810731ee17e9f000c9866
2025-09-16 04:55:36.884 DEBUG client[0]: Submitting transaction b29205691211d54c7010282c999b7f6069482dacaaf810731ee17e9f000c9866
2025-09-16 04:55:36.967 TRACE : trigger interaction 0xc0004740f0 286/1200
[TRACE] Decoding transaction bytes of length: 230
[TRACE] Transaction type: 6
[TRACE] Successfully decoded transaction with hash: 0b482f1ce03be2ed14c8f9586eedcff74e4f0736f0b560f1bbb6f1d82b9845de
2025-09-16 04:55:36.968 TRACE client[0]: Processing transaction with hash: 0b482f1ce03be2ed14c8f9586eedcff74e4f0736f0b560f1bbb6f1d82b9845de
2025-09-16 04:55:36.968 DEBUG client[0]: Submitting transaction 0b482f1ce03be2ed14c8f9586eedcff74e4f0736f0b560f1bbb6f1d82b9845de
2025-09-16 04:55:37.051 TRACE : trigger interaction 0xc0004741e0 287/1200
[TRACE] Decoding transaction bytes of length: 230
[TRACE] Transaction type: 6
[TRACE] Successfully decoded transaction with hash: d5ed97afd58c9fb89d75a8c65b5362c9abc395396fd8486c881adb0a011fdf09
2025-09-16 04:55:37.051 TRACE client[0]: Processing transaction with hash: d5ed97afd58c9fb89d75a8c65b5362c9abc395396fd8486c881adb0a011fdf09
2025-09-16 04:55:37.051 DEBUG client[0]: Submitting transaction d5ed97afd58c9fb89d75a8c65b5362c9abc395396fd8486c881adb0a011fdf09
2025-09-16 04:55:37.134 TRACE : trigger interaction 0xc0004742d0 288/1200
[TRACE] Decoding transaction bytes of length: 230
[TRACE] Transaction type: 6
[TRACE] Successfully decoded transaction with hash: e001440e717260ad7c123e3194dc81f31f749f2299e5e22e00bc2b21e1ecaa57
2025-09-16 04:55:37.134 TRACE client[0]: Processing transaction with hash: e001440e717260ad7c123e3194dc81f31f749f2299e5e22e00bc2b21e1ecaa57
2025-09-16 04:55:37.134 DEBUG client[0]: Submitting transaction e001440e717260ad7c123e3194dc81f31f749f2299e5e22e00bc2b21e1ecaa57
2025-09-16 04:55:37.217 TRACE : trigger interaction 0xc0004743c0 289/1200
[TRACE] Decoding transaction bytes of length: 230
[TRACE] Transaction type: 6
[TRACE] Successfully decoded transaction with hash: 02e0d2e33bcf5529072f81e56449b25d5e36c182659debe0134a4d9e0562969a
2025-09-16 04:55:37.218 TRACE client[0]: Processing transaction with hash: 02e0d2e33bcf5529072f81e56449b25d5e36c182659debe0134a4d9e0562969a
2025-09-16 04:55:37.218 DEBUG client[0]: Submitting transaction 02e0d2e33bcf5529072f81e56449b25d5e36c182659debe0134a4d9e0562969a
2025-09-16 04:55:37.301 TRACE : trigger interaction 0xc0004744b0 290/1200
[TRACE] Decoding transaction bytes of length: 230
[TRACE] Transaction type: 6
[TRACE] Successfully decoded transaction with hash: 9b4469ffc9d8241b59a498b3cb28064b0ea661d41aeb9f1e6b2665f4e709c75c
2025-09-16 04:55:37.301 TRACE client[0]: Processing transaction with hash: 9b4469ffc9d8241b59a498b3cb28064b0ea661d41aeb9f1e6b2665f4e709c75c
2025-09-16 04:55:37.301 DEBUG client[0]: Submitting transaction 9b4469ffc9d8241b59a498b3cb28064b0ea661d41aeb9f1e6b2665f4e709c75c
2025-09-16 04:55:37.384 TRACE : trigger interaction 0xc0004745a0 291/1200
[TRACE] Decoding transaction bytes of length: 230
[TRACE] Transaction type: 6
[TRACE] Successfully decoded transaction with hash: ee2eb9a3d72aa914d15d4d52cdc58fca4fdc30c56a0b2dd61509ddaa89180757
2025-09-16 04:55:37.384 TRACE client[0]: Processing transaction with hash: ee2eb9a3d72aa914d15d4d52cdc58fca4fdc30c56a0b2dd61509ddaa89180757
2025-09-16 04:55:37.384 DEBUG client[0]: Submitting transaction ee2eb9a3d72aa914d15d4d52cdc58fca4fdc30c56a0b2dd61509ddaa89180757
2025-09-16 04:55:37.467 TRACE : trigger interaction 0xc000474690 292/1200
[TRACE] Decoding transaction bytes of length: 230
[TRACE] Transaction type: 6
[TRACE] Successfully decoded transaction with hash: d6d83f612f4094653d903bb976938f20bfc82a39997c9daa5f0ef7e0b7378194
2025-09-16 04:55:37.468 TRACE client[0]: Processing transaction with hash: d6d83f612f4094653d903bb976938f20bfc82a39997c9daa5f0ef7e0b7378194
2025-09-16 04:55:37.468 DEBUG client[0]: Submitting transaction d6d83f612f4094653d903bb976938f20bfc82a39997c9daa5f0ef7e0b7378194
2025-09-16 04:55:37.551 TRACE : trigger interaction 0xc000474780 293/1200
[TRACE] Decoding transaction bytes of length: 230
[TRACE] Transaction type: 6
[TRACE] Successfully decoded transaction with hash: 5c746735532ad1085a3aa34a8128db387c072af51ecf92f110d15b39a3a0e38f
2025-09-16 04:55:37.551 TRACE client[0]: Processing transaction with hash: 5c746735532ad1085a3aa34a8128db387c072af51ecf92f110d15b39a3a0e38f
2025-09-16 04:55:37.551 DEBUG client[0]: Submitting transaction 5c746735532ad1085a3aa34a8128db387c072af51ecf92f110d15b39a3a0e38f
2025-09-16 04:55:37.634 TRACE : trigger interaction 0xc000474870 294/1200
[TRACE] Decoding transaction bytes of length: 230
[TRACE] Transaction type: 6
[TRACE] Successfully decoded transaction with hash: c20284ebacc0c3681a059d2d6402c01104fad0505707a482daf851de57898af5
2025-09-16 04:55:37.634 TRACE client[0]: Processing transaction with hash: c20284ebacc0c3681a059d2d6402c01104fad0505707a482daf851de57898af5
2025-09-16 04:55:37.634 DEBUG client[0]: Submitting transaction c20284ebacc0c3681a059d2d6402c01104fad0505707a482daf851de57898af5
2025-09-16 04:55:37.717 TRACE : trigger interaction 0xc000474960 295/1200
[TRACE] Decoding transaction bytes of length: 230
[TRACE] Transaction type: 6
[TRACE] Successfully decoded transaction with hash: 0cae8e132428f0080bd9d721667ac335b1c3139402a4cdb04f7f66b0739eee46
2025-09-16 04:55:37.718 TRACE client[0]: Processing transaction with hash: 0cae8e132428f0080bd9d721667ac335b1c3139402a4cdb04f7f66b0739eee46
2025-09-16 04:55:37.718 DEBUG client[0]: Submitting transaction 0cae8e132428f0080bd9d721667ac335b1c3139402a4cdb04f7f66b0739eee46
2025-09-16 04:55:37.801 TRACE : trigger interaction 0xc000474a50 296/1200
[TRACE] Decoding transaction bytes of length: 230
[TRACE] Transaction type: 6
[TRACE] Successfully decoded transaction with hash: 842f6afb4633d646ef9aaf61fcdb9048d4f1d9c65181f010030ff6d8e1abfabf
2025-09-16 04:55:37.801 TRACE client[0]: Processing transaction with hash: 842f6afb4633d646ef9aaf61fcdb9048d4f1d9c65181f010030ff6d8e1abfabf
2025-09-16 04:55:37.801 DEBUG client[0]: Submitting transaction 842f6afb4633d646ef9aaf61fcdb9048d4f1d9c65181f010030ff6d8e1abfabf
2025-09-16 04:55:37.884 TRACE : trigger interaction 0xc000474b40 297/1200
[TRACE] Decoding transaction bytes of length: 230
[TRACE] Transaction type: 6
[TRACE] Successfully decoded transaction with hash: 86f57f4cd8c9d23da6a88f246ee8a8e2e9161096f6d69651128402f9a23f3e8a
2025-09-16 04:55:37.884 TRACE client[0]: Processing transaction with hash: 86f57f4cd8c9d23da6a88f246ee8a8e2e9161096f6d69651128402f9a23f3e8a
2025-09-16 04:55:37.884 DEBUG client[0]: Submitting transaction 86f57f4cd8c9d23da6a88f246ee8a8e2e9161096f6d69651128402f9a23f3e8a
2025-09-16 04:55:37.967 TRACE : trigger interaction 0xc000474c30 298/1200
[TRACE] Decoding transaction bytes of length: 230
[TRACE] Transaction type: 6
[TRACE] Successfully decoded transaction with hash: 8d3f17cabbe758039f503f9845eb20243a6f87ec293141c09d158139d1112e7e
2025-09-16 04:55:37.968 TRACE client[0]: Processing transaction with hash: 8d3f17cabbe758039f503f9845eb20243a6f87ec293141c09d158139d1112e7e
2025-09-16 04:55:37.968 DEBUG client[0]: Submitting transaction 8d3f17cabbe758039f503f9845eb20243a6f87ec293141c09d158139d1112e7e
2025-09-16 04:55:38.051 TRACE : trigger interaction 0xc000474d20 299/1200
[TRACE] Decoding transaction bytes of length: 230
[TRACE] Transaction type: 6
[TRACE] Successfully decoded transaction with hash: 99a007ecbfcbb77e3fb247ccac01a4b600c3c40526d6ca53edd8479f3bf8f2f1
2025-09-16 04:55:38.051 TRACE client[0]: Processing transaction with hash: 99a007ecbfcbb77e3fb247ccac01a4b600c3c40526d6ca53edd8479f3bf8f2f1
2025-09-16 04:55:38.051 DEBUG client[0]: Submitting transaction 99a007ecbfcbb77e3fb247ccac01a4b600c3c40526d6ca53edd8479f3bf8f2f1
2025-09-16 04:55:38.134 TRACE : trigger interaction 0xc000474e10 300/1200
[TRACE] Decoding transaction bytes of length: 230
[TRACE] Transaction type: 6
[TRACE] Successfully decoded transaction with hash: 08519a238a029273e8220c2c406042c7ecb9779a7c5a2452520879a3587f3e1e
2025-09-16 04:55:38.135 TRACE client[0]: Processing transaction with hash: 08519a238a029273e8220c2c406042c7ecb9779a7c5a2452520879a3587f3e1e
2025-09-16 04:55:38.135 DEBUG client[0]: Submitting transaction 08519a238a029273e8220c2c406042c7ecb9779a7c5a2452520879a3587f3e1e
2025-09-16 04:55:38.216 TRACE : trigger interaction 0xc000474f00 301/1200
[TRACE] Decoding transaction bytes of length: 230
[TRACE] Transaction type: 6
[TRACE] Successfully decoded transaction with hash: 12c69f088e3b5a75723780ffc3d907cb135d99f48b6cb188e0c6eb14131a4c64
2025-09-16 04:55:38.217 TRACE client[0]: Processing transaction with hash: 12c69f088e3b5a75723780ffc3d907cb135d99f48b6cb188e0c6eb14131a4c64
2025-09-16 04:55:38.217 DEBUG client[0]: Submitting transaction 12c69f088e3b5a75723780ffc3d907cb135d99f48b6cb188e0c6eb14131a4c64
2025-09-16 04:55:38.300 TRACE : trigger interaction 0xc000512d20 302/1200
[TRACE] Decoding transaction bytes of length: 230
[TRACE] Transaction type: 6
[TRACE] Successfully decoded transaction with hash: 3ab093df4b1bca4618bb616072bac5cc38341e0685468990e198bc783ad4c258
2025-09-16 04:55:38.300 TRACE client[0]: Processing transaction with hash: 3ab093df4b1bca4618bb616072bac5cc38341e0685468990e198bc783ad4c258
2025-09-16 04:55:38.300 DEBUG client[0]: Submitting transaction 3ab093df4b1bca4618bb616072bac5cc38341e0685468990e198bc783ad4c258
2025-09-16 04:55:38.384 TRACE : trigger interaction 0xc000512e10 303/1200
[TRACE] Decoding transaction bytes of length: 230
[TRACE] Transaction type: 6
[TRACE] Successfully decoded transaction with hash: a92995074012e7c666725a7b54771749284c40b4b69ff2285ee80619698a50f5
2025-09-16 04:55:38.384 TRACE client[0]: Processing transaction with hash: a92995074012e7c666725a7b54771749284c40b4b69ff2285ee80619698a50f5
2025-09-16 04:55:38.384 DEBUG client[0]: Submitting transaction a92995074012e7c666725a7b54771749284c40b4b69ff2285ee80619698a50f5
2025-09-16 04:55:38.467 TRACE : trigger interaction 0xc000512f00 304/1200
[TRACE] Decoding transaction bytes of length: 230
[TRACE] Transaction type: 6
[TRACE] Successfully decoded transaction with hash: 9b32c9a6ae0dad03e0a1557489b404289d4e6e762777efe20b9b08c68f3e9661
2025-09-16 04:55:38.468 TRACE client[0]: Processing transaction with hash: 9b32c9a6ae0dad03e0a1557489b404289d4e6e762777efe20b9b08c68f3e9661
2025-09-16 04:55:38.468 DEBUG client[0]: Submitting transaction 9b32c9a6ae0dad03e0a1557489b404289d4e6e762777efe20b9b08c68f3e9661
2025-09-16 04:55:38.551 TRACE : trigger interaction 0xc000512ff0 305/1200
[TRACE] Decoding transaction bytes of length: 230
[TRACE] Transaction type: 6
[TRACE] Successfully decoded transaction with hash: 5e5bdde7faea8f617387d5ebc06c81b0a2626a05d07e658445d409c8e3b58490
2025-09-16 04:55:38.551 TRACE client[0]: Processing transaction with hash: 5e5bdde7faea8f617387d5ebc06c81b0a2626a05d07e658445d409c8e3b58490
2025-09-16 04:55:38.551 DEBUG client[0]: Submitting transaction 5e5bdde7faea8f617387d5ebc06c81b0a2626a05d07e658445d409c8e3b58490
2025-09-16 04:55:38.634 TRACE : trigger interaction 0xc0005130e0 306/1200
[TRACE] Decoding transaction bytes of length: 230
[TRACE] Transaction type: 6
[TRACE] Successfully decoded transaction with hash: a264455e92b91e19db894ac02a986fff29fe4c1acc8bbc1c2a90972b16a23ebc
2025-09-16 04:55:38.634 TRACE client[0]: Processing transaction with hash: a264455e92b91e19db894ac02a986fff29fe4c1acc8bbc1c2a90972b16a23ebc
2025-09-16 04:55:38.634 DEBUG client[0]: Submitting transaction a264455e92b91e19db894ac02a986fff29fe4c1acc8bbc1c2a90972b16a23ebc
2025-09-16 04:55:38.717 TRACE : trigger interaction 0xc0005131d0 307/1200
[TRACE] Decoding transaction bytes of length: 230
[TRACE] Transaction type: 6
[TRACE] Successfully decoded transaction with hash: 8bac91507286ff902bd17036e757fd1159430653a9cfab255d0ec51a290087ee
2025-09-16 04:55:38.717 TRACE client[0]: Processing transaction with hash: 8bac91507286ff902bd17036e757fd1159430653a9cfab255d0ec51a290087ee
2025-09-16 04:55:38.717 DEBUG client[0]: Submitting transaction 8bac91507286ff902bd17036e757fd1159430653a9cfab255d0ec51a290087ee
2025-09-16 04:55:38.801 TRACE : trigger interaction 0xc0005132c0 308/1200
[TRACE] Decoding transaction bytes of length: 230
[TRACE] Transaction type: 6
[TRACE] Successfully decoded transaction with hash: 253cd02245749b9714deff550116db10986294b8b70b11cf447389aefeb357f9
2025-09-16 04:55:38.801 TRACE client[0]: Processing transaction with hash: 253cd02245749b9714deff550116db10986294b8b70b11cf447389aefeb357f9
2025-09-16 04:55:38.801 DEBUG client[0]: Submitting transaction 253cd02245749b9714deff550116db10986294b8b70b11cf447389aefeb357f9
2025-09-16 04:55:38.884 TRACE : trigger interaction 0xc0005133b0 309/1200
[TRACE] Decoding transaction bytes of length: 230
[TRACE] Transaction type: 6
[TRACE] Successfully decoded transaction with hash: c31043f075f843bd463d46c707f6d20fdc3a3c7bc80347d83006d2d410c8a4c7
2025-09-16 04:55:38.884 TRACE client[0]: Processing transaction with hash: c31043f075f843bd463d46c707f6d20fdc3a3c7bc80347d83006d2d410c8a4c7
2025-09-16 04:55:38.884 DEBUG client[0]: Submitting transaction c31043f075f843bd463d46c707f6d20fdc3a3c7bc80347d83006d2d410c8a4c7
2025-09-16 04:55:38.967 TRACE : trigger interaction 0xc0005134a0 310/1200
[TRACE] Decoding transaction bytes of length: 230
[TRACE] Transaction type: 6
[TRACE] Successfully decoded transaction with hash: a392faa746d3ca82f1e57605c4fb520a968bd93a8efb1bd07e3bb281b9234f5c
2025-09-16 04:55:38.967 TRACE client[0]: Processing transaction with hash: a392faa746d3ca82f1e57605c4fb520a968bd93a8efb1bd07e3bb281b9234f5c
2025-09-16 04:55:38.967 DEBUG client[0]: Submitting transaction a392faa746d3ca82f1e57605c4fb520a968bd93a8efb1bd07e3bb281b9234f5c
2025-09-16 04:55:39.050 TRACE : trigger interaction 0xc000513590 311/1200
[TRACE] Decoding transaction bytes of length: 230
[TRACE] Transaction type: 6
[TRACE] Successfully decoded transaction with hash: 9073a2a1de8bd1add8e4dd99556bc0de5af6800abe7261113368589142e4142e
2025-09-16 04:55:39.050 TRACE client[0]: Processing transaction with hash: 9073a2a1de8bd1add8e4dd99556bc0de5af6800abe7261113368589142e4142e
2025-09-16 04:55:39.050 DEBUG client[0]: Submitting transaction 9073a2a1de8bd1add8e4dd99556bc0de5af6800abe7261113368589142e4142e
2025-09-16 04:55:39.133 TRACE : trigger interaction 0xc000513680 312/1200
[TRACE] Decoding transaction bytes of length: 230
[TRACE] Transaction type: 6
[TRACE] Successfully decoded transaction with hash: 164c3ff227361a9ebb4dc206c4a4bb0aa496645f5d7d53ff9dfe0fdc58c508b9
2025-09-16 04:55:39.134 TRACE client[0]: Processing transaction with hash: 164c3ff227361a9ebb4dc206c4a4bb0aa496645f5d7d53ff9dfe0fdc58c508b9
2025-09-16 04:55:39.134 DEBUG client[0]: Submitting transaction 164c3ff227361a9ebb4dc206c4a4bb0aa496645f5d7d53ff9dfe0fdc58c508b9
2025-09-16 04:55:39.217 TRACE : trigger interaction 0xc000513770 313/1200
[TRACE] Decoding transaction bytes of length: 230
[TRACE] Transaction type: 6
[TRACE] Successfully decoded transaction with hash: c16382c135ed34b0604005a87dab84b9f866dd26802a1d58d898177d8f6cd3c2
2025-09-16 04:55:39.218 TRACE client[0]: Processing transaction with hash: c16382c135ed34b0604005a87dab84b9f866dd26802a1d58d898177d8f6cd3c2
2025-09-16 04:55:39.218 DEBUG client[0]: Submitting transaction c16382c135ed34b0604005a87dab84b9f866dd26802a1d58d898177d8f6cd3c2
2025-09-16 04:55:39.300 TRACE : trigger interaction 0xc000513860 314/1200
[TRACE] Decoding transaction bytes of length: 230
[TRACE] Transaction type: 6
[TRACE] Successfully decoded transaction with hash: 314e7c67b217bbaaee4bf71da0b8520b817e92233d14976eb8429e3f80b056f5
2025-09-16 04:55:39.301 TRACE client[0]: Processing transaction with hash: 314e7c67b217bbaaee4bf71da0b8520b817e92233d14976eb8429e3f80b056f5
2025-09-16 04:55:39.301 DEBUG client[0]: Submitting transaction 314e7c67b217bbaaee4bf71da0b8520b817e92233d14976eb8429e3f80b056f5
2025-09-16 04:55:39.384 TRACE : trigger interaction 0xc000513950 315/1200
[TRACE] Decoding transaction bytes of length: 230
[TRACE] Transaction type: 6
[TRACE] Successfully decoded transaction with hash: 49e7d3bff0a79ba2b48424f40b50bac5b527d22843bad2fa1675bfcb68b2ac39
2025-09-16 04:55:39.384 TRACE client[0]: Processing transaction with hash: 49e7d3bff0a79ba2b48424f40b50bac5b527d22843bad2fa1675bfcb68b2ac39
2025-09-16 04:55:39.384 DEBUG client[0]: Submitting transaction 49e7d3bff0a79ba2b48424f40b50bac5b527d22843bad2fa1675bfcb68b2ac39
2025-09-16 04:55:39.467 TRACE : trigger interaction 0xc000513a40 316/1200
[TRACE] Decoding transaction bytes of length: 230
[TRACE] Transaction type: 6
[TRACE] Successfully decoded transaction with hash: eab858466f27ac31e07dfe0b326d7ab37d890397192343f02c35ef1fffda9a8d
2025-09-16 04:55:39.468 TRACE client[0]: Processing transaction with hash: eab858466f27ac31e07dfe0b326d7ab37d890397192343f02c35ef1fffda9a8d
2025-09-16 04:55:39.468 DEBUG client[0]: Submitting transaction eab858466f27ac31e07dfe0b326d7ab37d890397192343f02c35ef1fffda9a8d
2025-09-16 04:55:39.550 TRACE : trigger interaction 0xc000513b30 317/1200
[TRACE] Decoding transaction bytes of length: 230
[TRACE] Transaction type: 6
[TRACE] Successfully decoded transaction with hash: ed87e37929f4072299e0778189ccf5c560e1b87d8710a5dd581be99d631a405e
2025-09-16 04:55:39.551 TRACE client[0]: Processing transaction with hash: ed87e37929f4072299e0778189ccf5c560e1b87d8710a5dd581be99d631a405e
2025-09-16 04:55:39.551 DEBUG client[0]: Submitting transaction ed87e37929f4072299e0778189ccf5c560e1b87d8710a5dd581be99d631a405e
2025-09-16 04:55:39.634 TRACE : trigger interaction 0xc000513c20 318/1200
[TRACE] Decoding transaction bytes of length: 230
[TRACE] Transaction type: 6
[TRACE] Successfully decoded transaction with hash: c586343fe6036e35eb82ed3b2bd0db230b0f7206e0771beaac772948a9330df4
2025-09-16 04:55:39.634 TRACE client[0]: Processing transaction with hash: c586343fe6036e35eb82ed3b2bd0db230b0f7206e0771beaac772948a9330df4
2025-09-16 04:55:39.634 DEBUG client[0]: Submitting transaction c586343fe6036e35eb82ed3b2bd0db230b0f7206e0771beaac772948a9330df4
2025-09-16 04:55:39.717 TRACE : trigger interaction 0xc0003e0f00 319/1200
[TRACE] Decoding transaction bytes of length: 230
[TRACE] Transaction type: 6
[TRACE] Successfully decoded transaction with hash: 25775e8afe319019e4e082eff0faa74dde66786378b36b9602b1e26290a2c7f8
2025-09-16 04:55:39.717 TRACE client[0]: Processing transaction with hash: 25775e8afe319019e4e082eff0faa74dde66786378b36b9602b1e26290a2c7f8
2025-09-16 04:55:39.717 DEBUG client[0]: Submitting transaction 25775e8afe319019e4e082eff0faa74dde66786378b36b9602b1e26290a2c7f8
2025-09-16 04:55:39.800 TRACE : trigger interaction 0xc0003e0ff0 320/1200
[TRACE] Decoding transaction bytes of length: 230
[TRACE] Transaction type: 6
[TRACE] Successfully decoded transaction with hash: d5a03c4df3fc8b6f8fc60149dc9930e4e10230c577805780d46a5aa48b7d613f
2025-09-16 04:55:39.801 TRACE client[0]: Processing transaction with hash: d5a03c4df3fc8b6f8fc60149dc9930e4e10230c577805780d46a5aa48b7d613f
2025-09-16 04:55:39.801 DEBUG client[0]: Submitting transaction d5a03c4df3fc8b6f8fc60149dc9930e4e10230c577805780d46a5aa48b7d613f
2025-09-16 04:55:39.884 TRACE : trigger interaction 0xc0003e10e0 321/1200
[TRACE] Decoding transaction bytes of length: 230
[TRACE] Transaction type: 6
[TRACE] Successfully decoded transaction with hash: d524579992f12c8320aa9baabef7da7ae5dad03316ebdf14435c9831e232c3c3
2025-09-16 04:55:39.884 TRACE client[0]: Processing transaction with hash: d524579992f12c8320aa9baabef7da7ae5dad03316ebdf14435c9831e232c3c3
2025-09-16 04:55:39.884 DEBUG client[0]: Submitting transaction d524579992f12c8320aa9baabef7da7ae5dad03316ebdf14435c9831e232c3c3
2025-09-16 04:55:39.967 TRACE : trigger interaction 0xc0003e11d0 322/1200
[TRACE] Decoding transaction bytes of length: 230
[TRACE] Transaction type: 6
[TRACE] Successfully decoded transaction with hash: ef233a82379ee89c701f49a4ee19e92671153873937e5b9f9e9bc4abde92cab4
2025-09-16 04:55:39.968 TRACE client[0]: Processing transaction with hash: ef233a82379ee89c701f49a4ee19e92671153873937e5b9f9e9bc4abde92cab4
2025-09-16 04:55:39.968 DEBUG client[0]: Submitting transaction ef233a82379ee89c701f49a4ee19e92671153873937e5b9f9e9bc4abde92cab4
2025-09-16 04:55:40.051 TRACE : trigger interaction 0xc0003e12c0 323/1200
[TRACE] Decoding transaction bytes of length: 230
[TRACE] Transaction type: 6
[TRACE] Successfully decoded transaction with hash: 64dff1b463a09cc578427c78e1c035ef13a36ca51c460005e0312c720f20e73f
2025-09-16 04:55:40.051 TRACE client[0]: Processing transaction with hash: 64dff1b463a09cc578427c78e1c035ef13a36ca51c460005e0312c720f20e73f
2025-09-16 04:55:40.051 DEBUG client[0]: Submitting transaction 64dff1b463a09cc578427c78e1c035ef13a36ca51c460005e0312c720f20e73f
2025-09-16 04:55:40.134 TRACE : trigger interaction 0xc0003e13b0 324/1200
[TRACE] Decoding transaction bytes of length: 230
[TRACE] Transaction type: 6
[TRACE] Successfully decoded transaction with hash: fc832b6a3d0d11c6d30248c362ce158c9aea787ac92ab18df3c190540feca61a
2025-09-16 04:55:40.134 TRACE client[0]: Processing transaction with hash: fc832b6a3d0d11c6d30248c362ce158c9aea787ac92ab18df3c190540feca61a
2025-09-16 04:55:40.134 DEBUG client[0]: Submitting transaction fc832b6a3d0d11c6d30248c362ce158c9aea787ac92ab18df3c190540feca61a
2025-09-16 04:55:40.217 TRACE : trigger interaction 0xc0003e14a0 325/1200
[TRACE] Decoding transaction bytes of length: 230
[TRACE] Transaction type: 6
[TRACE] Successfully decoded transaction with hash: 47545567703132ab7abcf6e46e4b229c6b862f57c5416195c75dfbc666d9eed4
2025-09-16 04:55:40.218 TRACE client[0]: Processing transaction with hash: 47545567703132ab7abcf6e46e4b229c6b862f57c5416195c75dfbc666d9eed4
2025-09-16 04:55:40.218 DEBUG client[0]: Submitting transaction 47545567703132ab7abcf6e46e4b229c6b862f57c5416195c75dfbc666d9eed4
2025-09-16 04:55:40.301 TRACE : trigger interaction 0xc0003e1590 326/1200
[TRACE] Decoding transaction bytes of length: 230
[TRACE] Transaction type: 6
[TRACE] Successfully decoded transaction with hash: a24404aa061913224afb6c3e14340d53092000ac6c02652867d60d4327498f50
2025-09-16 04:55:40.301 TRACE client[0]: Processing transaction with hash: a24404aa061913224afb6c3e14340d53092000ac6c02652867d60d4327498f50
2025-09-16 04:55:40.301 DEBUG client[0]: Submitting transaction a24404aa061913224afb6c3e14340d53092000ac6c02652867d60d4327498f50
2025-09-16 04:55:40.384 TRACE : trigger interaction 0xc0003e1680 327/1200
[TRACE] Decoding transaction bytes of length: 230
[TRACE] Transaction type: 6
[TRACE] Successfully decoded transaction with hash: c20c67f65773aa8e4d8e99e061a0078329e1a954e8898930c538b4346f2116db
2025-09-16 04:55:40.384 TRACE client[0]: Processing transaction with hash: c20c67f65773aa8e4d8e99e061a0078329e1a954e8898930c538b4346f2116db
2025-09-16 04:55:40.384 DEBUG client[0]: Submitting transaction c20c67f65773aa8e4d8e99e061a0078329e1a954e8898930c538b4346f2116db
2025-09-16 04:55:40.467 TRACE : trigger interaction 0xc0003e1770 328/1200
[TRACE] Decoding transaction bytes of length: 230
[TRACE] Transaction type: 6
[TRACE] Successfully decoded transaction with hash: 3bd2ed729db35004a0ce79ef865d90511e4da7e8875c51518d2aab0c632d76fa
2025-09-16 04:55:40.468 TRACE client[0]: Processing transaction with hash: 3bd2ed729db35004a0ce79ef865d90511e4da7e8875c51518d2aab0c632d76fa
2025-09-16 04:55:40.468 DEBUG client[0]: Submitting transaction 3bd2ed729db35004a0ce79ef865d90511e4da7e8875c51518d2aab0c632d76fa
2025-09-16 04:55:40.551 TRACE : trigger interaction 0xc0003e1860 329/1200
[TRACE] Decoding transaction bytes of length: 230
[TRACE] Transaction type: 6
[TRACE] Successfully decoded transaction with hash: e07280e74361b0c87a46a14d8b5bd7c071545c4d72568c55eedbe8996a1b8a64
2025-09-16 04:55:40.551 TRACE client[0]: Processing transaction with hash: e07280e74361b0c87a46a14d8b5bd7c071545c4d72568c55eedbe8996a1b8a64
2025-09-16 04:55:40.551 DEBUG client[0]: Submitting transaction e07280e74361b0c87a46a14d8b5bd7c071545c4d72568c55eedbe8996a1b8a64
2025-09-16 04:55:40.634 TRACE : trigger interaction 0xc0003e1950 330/1200
[TRACE] Decoding transaction bytes of length: 230
[TRACE] Transaction type: 6
[TRACE] Successfully decoded transaction with hash: e0b7b213523a3e0e360986e46f5e34944319d556650dd7e0fe1f2288a5fc2b1b
2025-09-16 04:55:40.634 TRACE client[0]: Processing transaction with hash: e0b7b213523a3e0e360986e46f5e34944319d556650dd7e0fe1f2288a5fc2b1b
2025-09-16 04:55:40.634 DEBUG client[0]: Submitting transaction e0b7b213523a3e0e360986e46f5e34944319d556650dd7e0fe1f2288a5fc2b1b
2025-09-16 04:55:40.717 TRACE : trigger interaction 0xc0003e1a40 331/1200
[TRACE] Decoding transaction bytes of length: 230
[TRACE] Transaction type: 6
[TRACE] Successfully decoded transaction with hash: d5e19d25c8c372393fcfdaaa30111c4d8d100b6bbac57c387abfec64adcc35b2
2025-09-16 04:55:40.718 TRACE client[0]: Processing transaction with hash: d5e19d25c8c372393fcfdaaa30111c4d8d100b6bbac57c387abfec64adcc35b2
2025-09-16 04:55:40.718 DEBUG client[0]: Submitting transaction d5e19d25c8c372393fcfdaaa30111c4d8d100b6bbac57c387abfec64adcc35b2
2025-09-16 04:55:40.801 TRACE : trigger interaction 0xc0003e1b30 332/1200
[TRACE] Decoding transaction bytes of length: 230
[TRACE] Transaction type: 6
[TRACE] Successfully decoded transaction with hash: 495091faaeff9e8eb861594b230efb800d69520a4b1fee05c4bc6186528f66be
2025-09-16 04:55:40.801 TRACE client[0]: Processing transaction with hash: 495091faaeff9e8eb861594b230efb800d69520a4b1fee05c4bc6186528f66be
2025-09-16 04:55:40.801 DEBUG client[0]: Submitting transaction 495091faaeff9e8eb861594b230efb800d69520a4b1fee05c4bc6186528f66be
2025-09-16 04:55:40.884 TRACE : trigger interaction 0xc0003e1c20 333/1200
[TRACE] Decoding transaction bytes of length: 230
[TRACE] Transaction type: 6
[TRACE] Successfully decoded transaction with hash: 99a53468118423bdda3620cb8a942a93a0bf5808e7f87363d4d0cfbc6e5ac6e2
2025-09-16 04:55:40.884 TRACE client[0]: Processing transaction with hash: 99a53468118423bdda3620cb8a942a93a0bf5808e7f87363d4d0cfbc6e5ac6e2
2025-09-16 04:55:40.884 DEBUG client[0]: Submitting transaction 99a53468118423bdda3620cb8a942a93a0bf5808e7f87363d4d0cfbc6e5ac6e2
2025-09-16 04:55:40.967 TRACE : trigger interaction 0xc0003e1d10 334/1200
[TRACE] Decoding transaction bytes of length: 230
[TRACE] Transaction type: 6
[TRACE] Successfully decoded transaction with hash: 459e2855f1a72eb1946df32f5d62cf75b7b056ab5d5083f1f185e042970be80c
2025-09-16 04:55:40.968 TRACE client[0]: Processing transaction with hash: 459e2855f1a72eb1946df32f5d62cf75b7b056ab5d5083f1f185e042970be80c
2025-09-16 04:55:40.968 DEBUG client[0]: Submitting transaction 459e2855f1a72eb1946df32f5d62cf75b7b056ab5d5083f1f185e042970be80c
2025-09-16 04:55:41.051 TRACE : trigger interaction 0xc000513d10 335/1200
[TRACE] Decoding transaction bytes of length: 230
[TRACE] Transaction type: 6
[TRACE] Successfully decoded transaction with hash: f7597628e384f5e5a438591e49c98ab975e06dca0cb25a6f2e5aa6c09047630b
2025-09-16 04:55:41.051 TRACE client[0]: Processing transaction with hash: f7597628e384f5e5a438591e49c98ab975e06dca0cb25a6f2e5aa6c09047630b
2025-09-16 04:55:41.051 DEBUG client[0]: Submitting transaction f7597628e384f5e5a438591e49c98ab975e06dca0cb25a6f2e5aa6c09047630b
2025-09-16 04:55:41.134 TRACE : trigger interaction 0xc000513e00 336/1200
[TRACE] Decoding transaction bytes of length: 230
[TRACE] Transaction type: 6
[TRACE] Successfully decoded transaction with hash: 1c4173f72bc17638a54fe8204b8a2dae695ccc6090d5fcf5d33e97f6f1c86ca8
2025-09-16 04:55:41.134 TRACE client[0]: Processing transaction with hash: 1c4173f72bc17638a54fe8204b8a2dae695ccc6090d5fcf5d33e97f6f1c86ca8
2025-09-16 04:55:41.134 DEBUG client[0]: Submitting transaction 1c4173f72bc17638a54fe8204b8a2dae695ccc6090d5fcf5d33e97f6f1c86ca8
2025-09-16 04:55:41.217 TRACE : trigger interaction 0xc000513ef0 337/1200
[TRACE] Decoding transaction bytes of length: 230
[TRACE] Transaction type: 6
[TRACE] Successfully decoded transaction with hash: 432e21912c8ca0cd48b73b18d076b074a827198b28904f90c1f19c535d3325d0
2025-09-16 04:55:41.218 TRACE client[0]: Processing transaction with hash: 432e21912c8ca0cd48b73b18d076b074a827198b28904f90c1f19c535d3325d0
2025-09-16 04:55:41.218 DEBUG client[0]: Submitting transaction 432e21912c8ca0cd48b73b18d076b074a827198b28904f90c1f19c535d3325d0
2025-09-16 04:55:41.301 TRACE : trigger interaction 0xc000538000 338/1200
[TRACE] Decoding transaction bytes of length: 230
[TRACE] Transaction type: 6
[TRACE] Successfully decoded transaction with hash: 131177595f7694f4c7b9d16837e2effe51c5dc790c656347a4a50494d17a2eb4
2025-09-16 04:55:41.301 TRACE client[0]: Processing transaction with hash: 131177595f7694f4c7b9d16837e2effe51c5dc790c656347a4a50494d17a2eb4
2025-09-16 04:55:41.301 DEBUG client[0]: Submitting transaction 131177595f7694f4c7b9d16837e2effe51c5dc790c656347a4a50494d17a2eb4
2025-09-16 04:55:41.384 TRACE : trigger interaction 0xc0005380f0 339/1200
[TRACE] Decoding transaction bytes of length: 230
[TRACE] Transaction type: 6
[TRACE] Successfully decoded transaction with hash: a39492fff5c6f8618ff3601ed89ceba06e272a9c34371cb0ed39a894f6c7a8e3
2025-09-16 04:55:41.384 TRACE client[0]: Processing transaction with hash: a39492fff5c6f8618ff3601ed89ceba06e272a9c34371cb0ed39a894f6c7a8e3
2025-09-16 04:55:41.384 DEBUG client[0]: Submitting transaction a39492fff5c6f8618ff3601ed89ceba06e272a9c34371cb0ed39a894f6c7a8e3
2025-09-16 04:55:41.467 TRACE : trigger interaction 0xc0005381e0 340/1200
[TRACE] Decoding transaction bytes of length: 230
[TRACE] Transaction type: 6
[TRACE] Successfully decoded transaction with hash: 9a40118604f02053afb63b25b7a36e47e08e5d65803046e94d7228eba44eb924
2025-09-16 04:55:41.468 TRACE client[0]: Processing transaction with hash: 9a40118604f02053afb63b25b7a36e47e08e5d65803046e94d7228eba44eb924
2025-09-16 04:55:41.468 DEBUG client[0]: Submitting transaction 9a40118604f02053afb63b25b7a36e47e08e5d65803046e94d7228eba44eb924
2025-09-16 04:55:41.551 TRACE : trigger interaction 0xc0005382d0 341/1200
[TRACE] Decoding transaction bytes of length: 230
[TRACE] Transaction type: 6
[TRACE] Successfully decoded transaction with hash: 510e13c402fbeaa89bc9c4374e9d7287324fb26badf1441eb3e2810e0ddf04be
2025-09-16 04:55:41.551 TRACE client[0]: Processing transaction with hash: 510e13c402fbeaa89bc9c4374e9d7287324fb26badf1441eb3e2810e0ddf04be
2025-09-16 04:55:41.551 DEBUG client[0]: Submitting transaction 510e13c402fbeaa89bc9c4374e9d7287324fb26badf1441eb3e2810e0ddf04be
2025-09-16 04:55:41.634 TRACE : trigger interaction 0xc0005383c0 342/1200
[TRACE] Decoding transaction bytes of length: 230
[TRACE] Transaction type: 6
[TRACE] Successfully decoded transaction with hash: c57a8f1bddb7fd617c8f4362c3e23c272cb01dc05102b74427ce5f47a300b39d
2025-09-16 04:55:41.634 TRACE client[0]: Processing transaction with hash: c57a8f1bddb7fd617c8f4362c3e23c272cb01dc05102b74427ce5f47a300b39d
2025-09-16 04:55:41.634 DEBUG client[0]: Submitting transaction c57a8f1bddb7fd617c8f4362c3e23c272cb01dc05102b74427ce5f47a300b39d
2025-09-16 04:55:41.717 TRACE : trigger interaction 0xc0005384b0 343/1200
[TRACE] Decoding transaction bytes of length: 230
[TRACE] Transaction type: 6
[TRACE] Successfully decoded transaction with hash: d185a68f0b89cd71c6cd0745c9f23bc13a2e4badacfbcb8038cbfd1eea345173
2025-09-16 04:55:41.718 TRACE client[0]: Processing transaction with hash: d185a68f0b89cd71c6cd0745c9f23bc13a2e4badacfbcb8038cbfd1eea345173
2025-09-16 04:55:41.718 DEBUG client[0]: Submitting transaction d185a68f0b89cd71c6cd0745c9f23bc13a2e4badacfbcb8038cbfd1eea345173
2025-09-16 04:55:41.801 TRACE : trigger interaction 0xc0005385a0 344/1200
[TRACE] Decoding transaction bytes of length: 230
[TRACE] Transaction type: 6
[TRACE] Successfully decoded transaction with hash: a64e1473938818b09b14cb84725b97cf0c19588e2a993fb2ba93e2ecc44fba3d
2025-09-16 04:55:41.801 TRACE client[0]: Processing transaction with hash: a64e1473938818b09b14cb84725b97cf0c19588e2a993fb2ba93e2ecc44fba3d
2025-09-16 04:55:41.801 DEBUG client[0]: Submitting transaction a64e1473938818b09b14cb84725b97cf0c19588e2a993fb2ba93e2ecc44fba3d
2025-09-16 04:55:41.884 TRACE : trigger interaction 0xc000538690 345/1200
[TRACE] Decoding transaction bytes of length: 230
[TRACE] Transaction type: 6
[TRACE] Successfully decoded transaction with hash: 200dc3f82bac78722675a49a42c1f5082041f0299f883c359b957be3e4b684d4
2025-09-16 04:55:41.884 TRACE client[0]: Processing transaction with hash: 200dc3f82bac78722675a49a42c1f5082041f0299f883c359b957be3e4b684d4
2025-09-16 04:55:41.884 DEBUG client[0]: Submitting transaction 200dc3f82bac78722675a49a42c1f5082041f0299f883c359b957be3e4b684d4
2025-09-16 04:55:41.967 TRACE : trigger interaction 0xc000538780 346/1200
[TRACE] Decoding transaction bytes of length: 230
[TRACE] Transaction type: 6
[TRACE] Successfully decoded transaction with hash: f22cefed43c65044560ff77e8e33c1ba2e44d852aa2fd0ab024a17c5d5f278a2
2025-09-16 04:55:41.968 TRACE client[0]: Processing transaction with hash: f22cefed43c65044560ff77e8e33c1ba2e44d852aa2fd0ab024a17c5d5f278a2
2025-09-16 04:55:41.968 DEBUG client[0]: Submitting transaction f22cefed43c65044560ff77e8e33c1ba2e44d852aa2fd0ab024a17c5d5f278a2
2025-09-16 04:55:42.051 TRACE : trigger interaction 0xc000538870 347/1200
[TRACE] Decoding transaction bytes of length: 230
[TRACE] Transaction type: 6
[TRACE] Successfully decoded transaction with hash: e784c9649bbed4bddf04710e1e5740ba71abc10cbcb0719a9f71843d77a7af18
2025-09-16 04:55:42.051 TRACE client[0]: Processing transaction with hash: e784c9649bbed4bddf04710e1e5740ba71abc10cbcb0719a9f71843d77a7af18
2025-09-16 04:55:42.051 DEBUG client[0]: Submitting transaction e784c9649bbed4bddf04710e1e5740ba71abc10cbcb0719a9f71843d77a7af18
2025-09-16 04:55:42.134 TRACE : trigger interaction 0xc000538960 348/1200
[TRACE] Decoding transaction bytes of length: 230
[TRACE] Transaction type: 6
[TRACE] Successfully decoded transaction with hash: 2c68c5245407bd706754707c64c242e2c3006cc2d20fb06667a483573a0cb5a1
2025-09-16 04:55:42.134 TRACE client[0]: Processing transaction with hash: 2c68c5245407bd706754707c64c242e2c3006cc2d20fb06667a483573a0cb5a1
2025-09-16 04:55:42.134 DEBUG client[0]: Submitting transaction 2c68c5245407bd706754707c64c242e2c3006cc2d20fb06667a483573a0cb5a1
2025-09-16 04:55:42.217 TRACE : trigger interaction 0xc000538a50 349/1200
[TRACE] Decoding transaction bytes of length: 230
[TRACE] Transaction type: 6
[TRACE] Successfully decoded transaction with hash: 5a320d3836997cf50c34e777de38b800599daf089a0e27d4d8e8da794260d1cd
2025-09-16 04:55:42.218 TRACE client[0]: Processing transaction with hash: 5a320d3836997cf50c34e777de38b800599daf089a0e27d4d8e8da794260d1cd
2025-09-16 04:55:42.218 DEBUG client[0]: Submitting transaction 5a320d3836997cf50c34e777de38b800599daf089a0e27d4d8e8da794260d1cd
2025-09-16 04:55:42.301 TRACE : trigger interaction 0xc000538b40 350/1200
[TRACE] Decoding transaction bytes of length: 230
[TRACE] Transaction type: 6
[TRACE] Successfully decoded transaction with hash: 5e1492673e22731260700b41688d72e8d7e2ee955a8a11d38caa51c2719876ce
2025-09-16 04:55:42.301 TRACE client[0]: Processing transaction with hash: 5e1492673e22731260700b41688d72e8d7e2ee955a8a11d38caa51c2719876ce
2025-09-16 04:55:42.301 DEBUG client[0]: Submitting transaction 5e1492673e22731260700b41688d72e8d7e2ee955a8a11d38caa51c2719876ce
2025-09-16 04:55:42.384 TRACE : trigger interaction 0xc000538c30 351/1200
[TRACE] Decoding transaction bytes of length: 230
[TRACE] Transaction type: 6
[TRACE] Successfully decoded transaction with hash: 2c2900a8ad5d9eb09d8ad8358a56973264bf26ca5922d531370de935b348866c
2025-09-16 04:55:42.386 TRACE client[0]: Processing transaction with hash: 2c2900a8ad5d9eb09d8ad8358a56973264bf26ca5922d531370de935b348866c
2025-09-16 04:55:42.386 DEBUG client[0]: Submitting transaction 2c2900a8ad5d9eb09d8ad8358a56973264bf26ca5922d531370de935b348866c
2025-09-16 04:55:42.467 TRACE : trigger interaction 0xc00037d860 352/1200
[TRACE] Decoding transaction bytes of length: 230
[TRACE] Transaction type: 6
[TRACE] Successfully decoded transaction with hash: 4aae40db7f7592fb6c8807d4c6529d0e462012bc20ba93f00b8e1884380a57dd
2025-09-16 04:55:42.467 TRACE client[0]: Processing transaction with hash: 4aae40db7f7592fb6c8807d4c6529d0e462012bc20ba93f00b8e1884380a57dd
2025-09-16 04:55:42.467 DEBUG client[0]: Submitting transaction 4aae40db7f7592fb6c8807d4c6529d0e462012bc20ba93f00b8e1884380a57dd
2025-09-16 04:55:42.551 TRACE : trigger interaction 0xc00037d950 353/1200
[TRACE] Decoding transaction bytes of length: 230
[TRACE] Transaction type: 6
[TRACE] Successfully decoded transaction with hash: d06cf9b8661bd3331768bca002448584e3554eef55c74b27ddd068ab4921dc26
2025-09-16 04:55:42.551 TRACE client[0]: Processing transaction with hash: d06cf9b8661bd3331768bca002448584e3554eef55c74b27ddd068ab4921dc26
2025-09-16 04:55:42.551 DEBUG client[0]: Submitting transaction d06cf9b8661bd3331768bca002448584e3554eef55c74b27ddd068ab4921dc26
2025-09-16 04:55:42.634 TRACE : trigger interaction 0xc00037da40 354/1200
[TRACE] Decoding transaction bytes of length: 230
[TRACE] Transaction type: 6
[TRACE] Successfully decoded transaction with hash: 97822b9b2a48eca6c54d714785a75c8cc2b6b448f7cc8bdcd1d46163fb45aee3
2025-09-16 04:55:42.635 TRACE client[0]: Processing transaction with hash: 97822b9b2a48eca6c54d714785a75c8cc2b6b448f7cc8bdcd1d46163fb45aee3
2025-09-16 04:55:42.635 DEBUG client[0]: Submitting transaction 97822b9b2a48eca6c54d714785a75c8cc2b6b448f7cc8bdcd1d46163fb45aee3
2025-09-16 04:55:42.716 TRACE : trigger interaction 0xc00037db30 355/1200
[TRACE] Decoding transaction bytes of length: 230
[TRACE] Transaction type: 6
[TRACE] Successfully decoded transaction with hash: c5805344e8ff0e5785da12395dafa0731a86329e6ffd367772ca9ff2368c9e8e
2025-09-16 04:55:42.717 TRACE client[0]: Processing transaction with hash: c5805344e8ff0e5785da12395dafa0731a86329e6ffd367772ca9ff2368c9e8e
2025-09-16 04:55:42.717 DEBUG client[0]: Submitting transaction c5805344e8ff0e5785da12395dafa0731a86329e6ffd367772ca9ff2368c9e8e
2025-09-16 04:55:42.800 TRACE : trigger interaction 0xc00037dc20 356/1200
[TRACE] Decoding transaction bytes of length: 230
[TRACE] Transaction type: 6
[TRACE] Successfully decoded transaction with hash: 25b26ade996121138c8f1b5b48ded832bd2b0817147cc697727586f673099955
2025-09-16 04:55:42.800 TRACE client[0]: Processing transaction with hash: 25b26ade996121138c8f1b5b48ded832bd2b0817147cc697727586f673099955
2025-09-16 04:55:42.800 DEBUG client[0]: Submitting transaction 25b26ade996121138c8f1b5b48ded832bd2b0817147cc697727586f673099955
2025-09-16 04:55:42.883 TRACE : trigger interaction 0xc00037dd10 357/1200
[TRACE] Decoding transaction bytes of length: 230
[TRACE] Transaction type: 6
[TRACE] Successfully decoded transaction with hash: 65db797e4afff94dc4a52c1334f7d7c8b5bf83386cefd599450fed84afd01463
2025-09-16 04:55:42.884 TRACE client[0]: Processing transaction with hash: 65db797e4afff94dc4a52c1334f7d7c8b5bf83386cefd599450fed84afd01463
2025-09-16 04:55:42.884 DEBUG client[0]: Submitting transaction 65db797e4afff94dc4a52c1334f7d7c8b5bf83386cefd599450fed84afd01463
2025-09-16 04:55:42.966 TRACE : trigger interaction 0xc00037de00 358/1200
[TRACE] Decoding transaction bytes of length: 230
[TRACE] Transaction type: 6
[TRACE] Successfully decoded transaction with hash: 417eced8a9ba0461dd75363d0fc1b9ec984212fb2e96d655f7df3c408e3b5fc6
2025-09-16 04:55:42.967 TRACE client[0]: Processing transaction with hash: 417eced8a9ba0461dd75363d0fc1b9ec984212fb2e96d655f7df3c408e3b5fc6
2025-09-16 04:55:42.967 DEBUG client[0]: Submitting transaction 417eced8a9ba0461dd75363d0fc1b9ec984212fb2e96d655f7df3c408e3b5fc6
2025-09-16 04:55:43.051 TRACE : trigger interaction 0xc00037def0 359/1200
[TRACE] Decoding transaction bytes of length: 230
[TRACE] Transaction type: 6
[TRACE] Successfully decoded transaction with hash: 7f92182b09e388ae0e267839509fd313beb22f03aa5801dd47bc53180bb14d72
2025-09-16 04:55:43.051 TRACE client[0]: Processing transaction with hash: 7f92182b09e388ae0e267839509fd313beb22f03aa5801dd47bc53180bb14d72
2025-09-16 04:55:43.051 DEBUG client[0]: Submitting transaction 7f92182b09e388ae0e267839509fd313beb22f03aa5801dd47bc53180bb14d72
2025-09-16 04:55:43.133 TRACE : trigger interaction 0xc000490000 360/1200
[TRACE] Decoding transaction bytes of length: 230
[TRACE] Transaction type: 6
[TRACE] Successfully decoded transaction with hash: d4360dba136f5ada6a8a19f74a42fcfcd2caf7ed53c315251235180586e2de3f
2025-09-16 04:55:43.133 TRACE client[0]: Processing transaction with hash: d4360dba136f5ada6a8a19f74a42fcfcd2caf7ed53c315251235180586e2de3f
2025-09-16 04:55:43.133 DEBUG client[0]: Submitting transaction d4360dba136f5ada6a8a19f74a42fcfcd2caf7ed53c315251235180586e2de3f
2025-09-16 04:55:43.217 TRACE : trigger interaction 0xc0004900f0 361/1200
[TRACE] Decoding transaction bytes of length: 230
[TRACE] Transaction type: 6
[TRACE] Successfully decoded transaction with hash: 143aa7e198d45694614869186bc92fe5bbc9b043ee9056adbc333bc647ce1b0a
2025-09-16 04:55:43.218 TRACE client[0]: Processing transaction with hash: 143aa7e198d45694614869186bc92fe5bbc9b043ee9056adbc333bc647ce1b0a
2025-09-16 04:55:43.218 DEBUG client[0]: Submitting transaction 143aa7e198d45694614869186bc92fe5bbc9b043ee9056adbc333bc647ce1b0a
2025-09-16 04:55:43.219 ERROR client[0]: Connection error: protocol error: local-tx-submission: timeout waiting on transition from protocol state Busy
